version 2
JvmtiExport can_access_local_variables 0
JvmtiExport can_hotswap_or_post_breakpoint 0
JvmtiExport can_post_on_exceptions 0
# 428 ciObject found
instanceKlass com/naqqa/elasticsearch/codec/docvalues/SortedSetDocValuesWriter
ciInstanceKlass java/lang/Cloneable 1 0 7 100 1 100 1 1 1
instanceKlass  @bci com/naqqa/elasticsearch/index/engine/EngineMergeConcurrencyStressTest concurrentIndexingRefreshFlushMergeAndSearchProducesNoRefCountErrorsOrLostDocs ()V 283 <appendix> member <vmtarget> ; # com/naqqa/elasticsearch/index/engine/EngineMergeConcurrencyStressTest$$Lambda+0x000001f5183c56f8
instanceKlass  @bci com/naqqa/elasticsearch/index/engine/EngineMergeConcurrencyStressTest concurrentIndexingRefreshFlushMergeAndSearchProducesNoRefCountErrorsOrLostDocs ()V 245 <appendix> member <vmtarget> ; # com/naqqa/elasticsearch/index/engine/EngineMergeConcurrencyStressTest$$Lambda+0x000001f5183c54d8
instanceKlass  @bci com/naqqa/elasticsearch/index/engine/EngineMergeConcurrencyStressTest concurrentIndexingRefreshFlushMergeAndSearchProducesNoRefCountErrorsOrLostDocs ()V 221 <appendix> member <vmtarget> ; # com/naqqa/elasticsearch/index/engine/EngineMergeConcurrencyStressTest$$Lambda+0x000001f5183c52b8
instanceKlass  @bci com/naqqa/elasticsearch/index/engine/EngineMergeConcurrencyStressTest concurrentIndexingRefreshFlushMergeAndSearchProducesNoRefCountErrorsOrLostDocs ()V 197 <appendix> member <vmtarget> ; # com/naqqa/elasticsearch/index/engine/EngineMergeConcurrencyStressTest$$Lambda+0x000001f5183c5098
instanceKlass  @bci com/naqqa/elasticsearch/index/engine/EngineMergeConcurrencyStressTest startLoop (Ljava/lang/String;Ljava/util/concurrent/atomic/AtomicBoolean;Ljava/util/List;Lcom/naqqa/elasticsearch/index/engine/EngineMergeConcurrencyStressTest$Op;)Ljava/lang/Thread; 7 <appendix> member <vmtarget> ; # com/naqqa/elasticsearch/index/engine/EngineMergeConcurrencyStressTest$$Lambda+0x000001f5183c4e78
instanceKlass  @bci com/naqqa/elasticsearch/index/engine/EngineMergeConcurrencyStressTest concurrentIndexingRefreshFlushMergeAndSearchProducesNoRefCountErrorsOrLostDocs ()V 167 <appendix> member <vmtarget> ; # com/naqqa/elasticsearch/index/engine/EngineMergeConcurrencyStressTest$$Lambda+0x000001f5183c4c58
instanceKlass  @bci com/naqqa/elasticsearch/index/translog/Translog <init> (Ljava/nio/file/Path;Lcom/naqqa/elasticsearch/index/translog/TranslogConfig;)V 257 <appendix> member <vmtarget> ; # com/naqqa/elasticsearch/index/translog/Translog$$Lambda+0x000001f5183c4a38
instanceKlass  @bci com/naqqa/elasticsearch/index/translog/Translog <init> (Ljava/nio/file/Path;Lcom/naqqa/elasticsearch/index/translog/TranslogConfig;)V 228 <appendix> argL0 ; # com/naqqa/elasticsearch/index/translog/Translog$$Lambda+0x000001f5183c4820
instanceKlass com/naqqa/elasticsearch/index/engine/EngineTestSupport
instanceKlass com/naqqa/elasticsearch/index/engine/EngineMergeConcurrencyStressTest$Op
instanceKlass com/naqqa/elasticsearch/index/engine/EngineMergeConcurrencyStressTest
instanceKlass sun/security/ssl/Alert$AlertConsumer
instanceKlass com/naqqa/elasticsearch/http/nio/TlsConnectionHandler$SyncChannel
instanceKlass com/naqqa/elasticsearch/http/nio/TlsConnectionHandler$1
instanceKlass sun/security/ssl/SessionTicketExtension$StatelessKey
instanceKlass sun/security/ssl/SessionTicketExtension$KeyState
instanceKlass sun/security/ssl/SessionTicketExtension$SessionTicketSpec
instanceKlass sun/security/ssl/X509Authentication$X509Credentials
instanceKlass java/security/cert/PKIXCertPathChecker
instanceKlass java/security/cert/CertPathChecker
instanceKlass sun/security/ssl/SSLAlgorithmConstraints$SupportedSignatureAlgorithmConstraints
instanceKlass com/sun/crypto/provider/GaloisCounterMode$DecryptOp
instanceKlass sun/security/ssl/CipherSuite$1
instanceKlass com/sun/crypto/provider/GaloisCounterMode$EncryptOp
instanceKlass com/sun/crypto/provider/GaloisCounterMode$GCMOperation
instanceKlass com/sun/crypto/provider/GHASH
instanceKlass com/sun/crypto/provider/GCM
instanceKlass com/sun/crypto/provider/GaloisCounterMode$GCMEngine
instanceKlass javax/crypto/spec/GCMParameterSpec
instanceKlass sun/security/ssl/Ciphertext
instanceKlass sun/security/ssl/SSLBasicKeyDerivation$SecretSizeSpec
instanceKlass sun/security/ssl/SSLBasicKeyDerivation
instanceKlass sun/security/ssl/Finished$1
instanceKlass sun/security/ssl/Finished$T13VerifyDataGenerator
instanceKlass sun/security/ssl/Finished$T12VerifyDataGenerator
instanceKlass sun/security/ssl/Finished$T10VerifyDataGenerator
instanceKlass sun/security/ssl/Finished$S30VerifyDataGenerator
instanceKlass sun/security/ssl/Finished$VerifyDataGenerator
instanceKlass sun/security/rsa/RSACore$BlindingRandomPair
instanceKlass sun/security/rsa/RSACore$BlindingParameters
instanceKlass  @bci sun/security/rsa/RSACore getBlindingRandomPair (Ljava/math/BigInteger;Ljava/math/BigInteger;Ljava/math/BigInteger;)Lsun/security/rsa/RSACore$BlindingRandomPair; 10 <appendix> argL0 ; # sun/security/rsa/RSACore$$Lambda+0x000001f51839c790
instanceKlass sun/security/rsa/MGF1
instanceKlass sun/security/ssl/StatusResponseManager
instanceKlass sun/security/ssl/CertificateMessage$CertificateEntry
instanceKlass sun/security/ssl/X509Authentication$X509Possession
instanceKlass sun/security/ssl/SSLAuthentication
instanceKlass java/util/stream/AbstractSpinedBuffer
instanceKlass  @bci sun/security/ssl/CertificateMessage$T13CertificateProducer choosePossession (Lsun/security/ssl/HandshakeContext;Lsun/security/ssl/ClientHello$ClientHelloMessage;)Lsun/security/ssl/SSLPossession; 89 <appendix> argL0 ; # sun/security/ssl/CertificateMessage$T13CertificateProducer$$Lambda+0x000001f51839a328
instanceKlass  @bci sun/security/ssl/CertificateMessage$T13CertificateProducer choosePossession (Lsun/security/ssl/HandshakeContext;Lsun/security/ssl/ClientHello$ClientHelloMessage;)Lsun/security/ssl/SSLPossession; 79 <appendix> argL0 ; # sun/security/ssl/CertificateMessage$T13CertificateProducer$$Lambda+0x000001f51839a0e0
instanceKlass  @bci sun/security/ssl/CertificateMessage$T13CertificateProducer choosePossession (Lsun/security/ssl/HandshakeContext;Lsun/security/ssl/ClientHello$ClientHelloMessage;)Lsun/security/ssl/SSLPossession; 69 <appendix> member <vmtarget> ; # sun/security/ssl/CertificateMessage$T13CertificateProducer$$Lambda+0x000001f518399e90
instanceKlass java/util/stream/DistinctOps
instanceKlass  @bci sun/security/ssl/CertificateMessage$T13CertificateProducer choosePossession (Lsun/security/ssl/HandshakeContext;Lsun/security/ssl/ClientHello$ClientHelloMessage;)Lsun/security/ssl/SSLPossession; 53 <appendix> argL0 ; # sun/security/ssl/CertificateMessage$T13CertificateProducer$$Lambda+0x000001f518399548
instanceKlass sun/security/ssl/SSLTrafficKeyDerivation$T13TrafficKeyDerivation
instanceKlass sun/security/ssl/SSLTrafficKeyDerivation$1
instanceKlass sun/security/ssl/SSLTrafficKeyDerivation$T13TrafficKeyDerivationGenerator
instanceKlass sun/security/ssl/SSLTrafficKeyDerivation$T12TrafficKeyDerivationGenerator
instanceKlass sun/security/ssl/SSLTrafficKeyDerivation$T10TrafficKeyDerivationGenerator
instanceKlass sun/security/ssl/SSLTrafficKeyDerivation$S30TrafficKeyDerivationGenerator
instanceKlass sun/security/ssl/SSLKeyDerivationGenerator
instanceKlass sun/security/ssl/SSLSecretDerivation
instanceKlass sun/security/ssl/HKDF
instanceKlass  @bci sun/security/ec/XDHKeyAgreement engineDoPhase (Ljava/security/Key;Z)Ljava/security/Key; 70 <appendix> argL0 ; # sun/security/ec/XDHKeyAgreement$$Lambda+0x000001f5183c1938
instanceKlass  @bci sun/security/ec/XDHKeyAgreement initImpl (Ljava/security/Key;)V 66 <appendix> argL0 ; # sun/security/ec/XDHKeyAgreement$$Lambda+0x000001f5183c1720
instanceKlass  @bci sun/security/ec/XDHKeyAgreement initImpl (Ljava/security/Key;)V 38 <appendix> argL0 ; # sun/security/ec/XDHKeyAgreement$$Lambda+0x000001f5183c14e8
instanceKlass  @bci sun/security/ec/XDHKeyAgreement initImpl (Ljava/security/Key;)V 22 <appendix> argL0 ; # sun/security/ec/XDHKeyAgreement$$Lambda+0x000001f5183c12b0
instanceKlass javax/crypto/KeyAgreementSpi
instanceKlass sun/security/ssl/KAKeyDerivation
instanceKlass sun/security/ssl/XDHKeyExchange$XDHEKAGenerator
instanceKlass sun/security/ssl/XDHKeyExchange
instanceKlass sun/security/ssl/SSLEngineOutputRecord$RecordMemo
instanceKlass sun/security/ssl/SSLEngineOutputRecord$HandshakeFragment
instanceKlass sun/security/ssl/KeyShareExtension$SHKeyShareSpec
instanceKlass sun/security/ssl/SupportedVersionsExtension$SHSupportedVersionsSpec
instanceKlass sun/security/ssl/HandshakeHash$CloneableHash
instanceKlass sun/security/ssl/HandshakeHash$T13HandshakeHash
instanceKlass sun/security/util/Length
instanceKlass java/security/spec/ECPublicKeySpec
instanceKlass sun/security/ssl/ECDHKeyExchange$ECDHECredentials
instanceKlass  @bci sun/security/ec/XDHKeyFactory generatePublicImpl (Ljava/security/spec/KeySpec;)Ljava/security/PublicKey; 65 <appendix> argL0 ; # sun/security/ec/XDHKeyFactory$$Lambda+0x000001f5183c0e40
instanceKlass  @bci sun/security/ec/XDHKeyFactory generatePublicImpl (Ljava/security/spec/KeySpec;)Ljava/security/PublicKey; 51 <appendix> argL0 ; # sun/security/ec/XDHKeyFactory$$Lambda+0x000001f5183c0c08
instanceKlass java/security/spec/XECPublicKeySpec
instanceKlass sun/security/ssl/XDHKeyExchange$XDHECredentials
instanceKlass sun/security/ssl/NamedGroupCredentials
instanceKlass sun/security/ssl/ChangeCipherSpec$T13ChangeCipherSpecConsumer
instanceKlass sun/security/ssl/ChangeCipherSpec$T10ChangeCipherSpecProducer
instanceKlass sun/security/ssl/ChangeCipherSpec$T10ChangeCipherSpecConsumer
instanceKlass sun/security/ssl/ChangeCipherSpec
instanceKlass sun/security/ssl/SSLExtension$ServerExtensions
instanceKlass sun/security/ssl/SSLEngineImpl$DelegatedTask$DelegatedAction
instanceKlass sun/security/ssl/SSLEngineImpl$DelegatedTask
instanceKlass javax/net/ssl/SSLEngineResult
instanceKlass sun/security/ssl/TransportContext$1
instanceKlass sun/security/ssl/Plaintext
instanceKlass sun/security/ssl/OutputRecord$T13PaddingHolder
instanceKlass sun/security/ssl/KeyShareExtension$CHKeyShareSpec
instanceKlass sun/security/util/math/IntegerModuloP$MultiplicativeInverser$Secp256R1
instanceKlass sun/security/ec/ECOperations$PointMultiplier$Default
instanceKlass sun/security/ec/ECOperations$PointMultiplier$Secp256R1GeneratorMultiplier$P256
instanceKlass sun/security/ec/ECOperations$PointMultiplier$Secp256R1GeneratorMultiplier
instanceKlass sun/security/ec/ECOperations$PointMultiplier
instanceKlass  @bci sun/security/ec/ECPrivateKeyImpl calculatePublicKey ()Ljava/security/PublicKey; 9 <appendix> argL0 ; # sun/security/ec/ECPrivateKeyImpl$$Lambda+0x000001f518316c60
instanceKlass java/security/interfaces/ECPrivateKey
instanceKlass sun/security/ec/ECOperations
instanceKlass sun/security/ssl/ECDHKeyExchange$ECDHEPossession
instanceKlass sun/security/ssl/KeyShareExtension$KeyShareEntry
instanceKlass sun/security/ssl/XDHKeyExchange$1
instanceKlass java/security/interfaces/XECPrivateKey
instanceKlass java/security/interfaces/XECPublicKey
instanceKlass java/security/interfaces/XECKey
instanceKlass java/security/KeyPair
instanceKlass sun/security/util/math/IntegerModuloP$MultiplicativeInverser$Default
instanceKlass sun/security/util/math/IntegerModuloP$MultiplicativeInverser
instanceKlass sun/security/util/math/MutableIntegerModuloP
instanceKlass sun/security/jca/JCAUtil$CachedSecureRandomHolder
instanceKlass sun/security/ec/XECOperations
instanceKlass sun/security/ec/XECParameters
instanceKlass  @bci sun/security/ec/XDHKeyPairGenerator initialize (Ljava/security/spec/AlgorithmParameterSpec;Ljava/security/SecureRandom;)V 0 <appendix> argL0 ; # sun/security/ec/XDHKeyPairGenerator$$Lambda+0x000001f518315a28
instanceKlass sun/security/ssl/XDHKeyExchange$XDHEPossession
instanceKlass sun/security/ssl/ECDHKeyExchange$ECDHEXDHKAGenerator
instanceKlass sun/security/ssl/ECDHKeyExchange$ECDHEKAGenerator
instanceKlass sun/security/ssl/ECDHKeyExchange$ECDHKAGenerator
instanceKlass sun/security/ssl/ECDHKeyExchange$ECDHEPossessionGenerator
instanceKlass sun/security/ssl/ECDHKeyExchange
instanceKlass sun/security/ssl/DHKeyExchange$DHEKAGenerator
instanceKlass sun/security/ssl/DHKeyExchange$DHEPossessionGenerator
instanceKlass sun/security/ssl/DHKeyExchange
instanceKlass sun/security/ssl/RSAKeyExchange$RSAKAGenerator
instanceKlass sun/security/ssl/RSAKeyExchange$EphemeralRSAPossessionGenerator
instanceKlass sun/security/ssl/RSAKeyExchange
instanceKlass sun/security/ssl/SSLKeyExchange$T13KeyAgreement
instanceKlass sun/security/ssl/SSLKeyAgreement
instanceKlass sun/security/ssl/SSLPossessionGenerator
instanceKlass sun/security/ssl/SSLKeyExchange
instanceKlass sun/security/ssl/SSLHandshakeBinding
instanceKlass sun/security/ssl/SSLKeyAgreementGenerator
instanceKlass sun/security/ssl/PskKeyExchangeModesExtension$PskKeyExchangeModesSpec
instanceKlass sun/security/ssl/SupportedVersionsExtension$CHSupportedVersionsSpec
instanceKlass sun/security/ssl/SignatureAlgorithmsExtension$SignatureSchemesSpec
instanceKlass sun/security/ssl/ExtendedMasterSecretExtension$ExtendedMasterSecretSpec
instanceKlass sun/security/ssl/CertStatusExtension$CertStatusRequestV2Spec
instanceKlass sun/security/ssl/ECPointFormatsExtension$ECPointFormatsSpec
instanceKlass sun/security/ssl/SupportedGroupsExtension$SupportedGroupsSpec
instanceKlass sun/security/ssl/CertStatusExtension$CertStatusRequest
instanceKlass sun/security/ssl/CertStatusExtension$CertStatusRequestSpec
instanceKlass sun/security/ssl/SSLExtension$SSLExtensionSpec
instanceKlass sun/security/ssl/SSLExtension$ClientExtensions
instanceKlass sun/security/ssl/PreSharedKeyExtension$SHPreSharedKeyStringizer
instanceKlass sun/security/ssl/PreSharedKeyExtension$SHPreSharedKeyAbsence
instanceKlass sun/security/ssl/PreSharedKeyExtension$SHPreSharedKeyConsumer
instanceKlass sun/security/ssl/PreSharedKeyExtension$SHPreSharedKeyProducer
instanceKlass sun/security/ssl/PreSharedKeyExtension$CHPreSharedKeyStringizer
instanceKlass sun/security/ssl/PreSharedKeyExtension$CHPreSharedKeyOnTradeAbsence
instanceKlass sun/security/ssl/PreSharedKeyExtension$CHPreSharedKeyUpdate
instanceKlass sun/security/ssl/PreSharedKeyExtension$CHPreSharedKeyOnLoadAbsence
instanceKlass sun/security/ssl/PreSharedKeyExtension$CHPreSharedKeyConsumer
instanceKlass sun/security/ssl/PreSharedKeyExtension$CHPreSharedKeyProducer
instanceKlass sun/security/ssl/PreSharedKeyExtension
instanceKlass sun/security/ssl/RenegoInfoExtension$RenegotiationInfoStringizer
instanceKlass sun/security/ssl/RenegoInfoExtension$SHRenegotiationInfoAbsence
instanceKlass sun/security/ssl/RenegoInfoExtension$SHRenegotiationInfoConsumer
instanceKlass sun/security/ssl/RenegoInfoExtension$SHRenegotiationInfoProducer
instanceKlass sun/security/ssl/RenegoInfoExtension$CHRenegotiationInfoAbsence
instanceKlass sun/security/ssl/RenegoInfoExtension$CHRenegotiationInfoConsumer
instanceKlass sun/security/ssl/RenegoInfoExtension$CHRenegotiationInfoProducer
instanceKlass sun/security/ssl/RenegoInfoExtension
instanceKlass sun/security/ssl/KeyShareExtension$HRRKeyShareStringizer
instanceKlass sun/security/ssl/KeyShareExtension$HRRKeyShareReproducer
instanceKlass sun/security/ssl/KeyShareExtension$HRRKeyShareConsumer
instanceKlass sun/security/ssl/KeyShareExtension$HRRKeyShareProducer
instanceKlass sun/security/ssl/KeyShareExtension$SHKeyShareStringizer
instanceKlass sun/security/ssl/KeyShareExtension$SHKeyShareAbsence
instanceKlass sun/security/ssl/KeyShareExtension$SHKeyShareConsumer
instanceKlass sun/security/ssl/KeyShareExtension$SHKeyShareProducer
instanceKlass sun/security/ssl/KeyShareExtension$CHKeyShareStringizer
instanceKlass sun/security/ssl/KeyShareExtension$CHKeyShareOnTradeAbsence
instanceKlass sun/security/ssl/KeyShareExtension$CHKeyShareConsumer
instanceKlass sun/security/ssl/KeyShareExtension$CHKeyShareProducer
instanceKlass sun/security/ssl/KeyShareExtension
instanceKlass sun/security/ssl/CertSignAlgsExtension$CertSignatureSchemesStringizer
instanceKlass sun/security/ssl/CertSignAlgsExtension$CRCertSignatureSchemesUpdate
instanceKlass sun/security/ssl/CertSignAlgsExtension$CRCertSignatureSchemesConsumer
instanceKlass sun/security/ssl/CertSignAlgsExtension$CRCertSignatureSchemesProducer
instanceKlass sun/security/ssl/CertSignAlgsExtension$CHCertSignatureSchemesUpdate
instanceKlass sun/security/ssl/CertSignAlgsExtension$CHCertSignatureSchemesConsumer
instanceKlass sun/security/ssl/CertSignAlgsExtension$CHCertSignatureSchemesProducer
instanceKlass sun/security/ssl/CertSignAlgsExtension
instanceKlass sun/security/ssl/CertificateAuthoritiesExtension$CertificateAuthoritiesStringizer
instanceKlass sun/security/ssl/CertificateAuthoritiesExtension$CRCertificateAuthoritiesConsumer
instanceKlass sun/security/ssl/CertificateAuthoritiesExtension$CRCertificateAuthoritiesProducer
instanceKlass sun/security/ssl/CertificateAuthoritiesExtension$CHCertificateAuthoritiesConsumer
instanceKlass sun/security/ssl/CertificateAuthoritiesExtension$CHCertificateAuthoritiesProducer
instanceKlass sun/security/ssl/CertificateAuthoritiesExtension
instanceKlass sun/security/ssl/PskKeyExchangeModesExtension$PskKeyExchangeModesStringizer
instanceKlass sun/security/ssl/PskKeyExchangeModesExtension$PskKeyExchangeModesOnTradeAbsence
instanceKlass sun/security/ssl/PskKeyExchangeModesExtension$PskKeyExchangeModesOnLoadAbsence
instanceKlass sun/security/ssl/PskKeyExchangeModesExtension$PskKeyExchangeModesConsumer
instanceKlass sun/security/ssl/PskKeyExchangeModesExtension$PskKeyExchangeModesProducer
instanceKlass sun/security/ssl/PskKeyExchangeModesExtension
instanceKlass sun/security/ssl/CookieExtension$CookieStringizer
instanceKlass sun/security/ssl/CookieExtension$HRRCookieReproducer
instanceKlass sun/security/ssl/CookieExtension$HRRCookieConsumer
instanceKlass sun/security/ssl/CookieExtension$HRRCookieProducer
instanceKlass sun/security/ssl/CookieExtension$CHCookieUpdate
instanceKlass sun/security/ssl/CookieExtension$CHCookieConsumer
instanceKlass sun/security/ssl/CookieExtension$CHCookieProducer
instanceKlass sun/security/ssl/CookieExtension
instanceKlass sun/security/ssl/SupportedVersionsExtension$HRRSupportedVersionsReproducer
instanceKlass sun/security/ssl/SupportedVersionsExtension$HRRSupportedVersionsConsumer
instanceKlass sun/security/ssl/SupportedVersionsExtension$HRRSupportedVersionsProducer
instanceKlass sun/security/ssl/SupportedVersionsExtension$SHSupportedVersionsStringizer
instanceKlass sun/security/ssl/SupportedVersionsExtension$SHSupportedVersionsConsumer
instanceKlass sun/security/ssl/SupportedVersionsExtension$SHSupportedVersionsProducer
instanceKlass sun/security/ssl/SupportedVersionsExtension$CHSupportedVersionsStringizer
instanceKlass sun/security/ssl/SupportedVersionsExtension$CHSupportedVersionsConsumer
instanceKlass sun/security/ssl/SupportedVersionsExtension$CHSupportedVersionsProducer
instanceKlass sun/security/ssl/SupportedVersionsExtension
instanceKlass sun/security/ssl/SignatureAlgorithmsExtension$SignatureSchemesStringizer
instanceKlass sun/security/ssl/SignatureAlgorithmsExtension$CRSignatureSchemesUpdate
instanceKlass sun/security/ssl/SignatureAlgorithmsExtension$CRSignatureSchemesAbsence
instanceKlass sun/security/ssl/SignatureAlgorithmsExtension$CRSignatureSchemesConsumer
instanceKlass sun/security/ssl/SignatureAlgorithmsExtension$CRSignatureSchemesProducer
instanceKlass sun/security/ssl/SignatureAlgorithmsExtension$CHSignatureSchemesOnTradeAbsence
instanceKlass sun/security/ssl/SignatureAlgorithmsExtension$CHSignatureSchemesUpdate
instanceKlass sun/security/ssl/SignatureAlgorithmsExtension$CHSignatureSchemesOnLoadAbsence
instanceKlass sun/security/ssl/SignatureAlgorithmsExtension$CHSignatureSchemesConsumer
instanceKlass sun/security/ssl/SignatureAlgorithmsExtension$CHSignatureSchemesProducer
instanceKlass sun/security/ssl/SignatureAlgorithmsExtension
instanceKlass sun/security/ssl/SessionTicketExtension$SessionTicketStringizer
instanceKlass sun/security/ssl/SessionTicketExtension$T12SHSessionTicketConsumer
instanceKlass sun/security/ssl/SessionTicketExtension$T12SHSessionTicketProducer
instanceKlass sun/security/ssl/SessionTicketExtension$T12CHSessionTicketConsumer
instanceKlass sun/security/ssl/SessionTicketExtension$T12CHSessionTicketProducer
instanceKlass sun/security/ssl/SessionTicketExtension
instanceKlass sun/security/ssl/ExtendedMasterSecretExtension$ExtendedMasterSecretStringizer
instanceKlass sun/security/ssl/ExtendedMasterSecretExtension$SHExtendedMasterSecretAbsence
instanceKlass sun/security/ssl/ExtendedMasterSecretExtension$SHExtendedMasterSecretConsumer
instanceKlass sun/security/ssl/ExtendedMasterSecretExtension$SHExtendedMasterSecretProducer
instanceKlass sun/security/ssl/ExtendedMasterSecretExtension$CHExtendedMasterSecretAbsence
instanceKlass sun/security/ssl/ExtendedMasterSecretExtension$CHExtendedMasterSecretConsumer
instanceKlass sun/security/ssl/ExtendedMasterSecretExtension$CHExtendedMasterSecretProducer
instanceKlass sun/security/ssl/ExtendedMasterSecretExtension
instanceKlass  @bci sun/security/ssl/AlpnExtension <clinit> ()V 100 <appendix> argL0 ; # sun/security/ssl/AlpnExtension$$Lambda+0x000001f5183754d8
instanceKlass sun/security/ssl/AlpnExtension$AlpnStringizer
instanceKlass sun/security/ssl/AlpnExtension$SHAlpnAbsence
instanceKlass sun/security/ssl/AlpnExtension$SHAlpnConsumer
instanceKlass sun/security/ssl/AlpnExtension$SHAlpnProducer
instanceKlass sun/security/ssl/AlpnExtension$CHAlpnAbsence
instanceKlass sun/security/ssl/AlpnExtension$CHAlpnConsumer
instanceKlass sun/security/ssl/AlpnExtension$CHAlpnProducer
instanceKlass sun/security/ssl/AlpnExtension
instanceKlass sun/security/ssl/ECPointFormatsExtension$ECPointFormatsStringizer
instanceKlass sun/security/ssl/ECPointFormatsExtension$SHECPointFormatsConsumer
instanceKlass sun/security/ssl/ECPointFormatsExtension$CHECPointFormatsConsumer
instanceKlass sun/security/ssl/ECPointFormatsExtension$CHECPointFormatsProducer
instanceKlass sun/security/ssl/ECPointFormatsExtension
instanceKlass sun/security/ssl/SupportedGroupsExtension$EESupportedGroupsConsumer
instanceKlass sun/security/ssl/SupportedGroupsExtension$EESupportedGroupsProducer
instanceKlass sun/security/ssl/SupportedGroupsExtension$SupportedGroupsStringizer
instanceKlass sun/security/ssl/SupportedGroupsExtension$CHSupportedGroupsOnTradeAbsence
instanceKlass sun/security/ssl/SupportedGroupsExtension$CHSupportedGroupsConsumer
instanceKlass sun/security/ssl/SupportedGroupsExtension$CHSupportedGroupsProducer
instanceKlass sun/security/ssl/SupportedGroupsExtension
instanceKlass sun/security/ssl/CertStatusExtension$CertStatusRespStringizer
instanceKlass sun/security/ssl/CertStatusExtension$CertStatusRequestsStringizer
instanceKlass sun/security/ssl/CertStatusExtension$SHCertStatusReqV2Consumer
instanceKlass sun/security/ssl/CertStatusExtension$SHCertStatusReqV2Producer
instanceKlass sun/security/ssl/CertStatusExtension$CHCertStatusReqV2Consumer
instanceKlass sun/security/ssl/CertStatusExtension$CHCertStatusReqV2Producer
instanceKlass sun/security/ssl/CertStatusExtension$CertStatusRequestStringizer
instanceKlass sun/security/ssl/CertStatusExtension$CTCertStatusResponseConsumer
instanceKlass sun/security/ssl/CertStatusExtension$CTCertStatusResponseProducer
instanceKlass sun/security/ssl/CertStatusExtension$SHCertStatusReqConsumer
instanceKlass sun/security/ssl/CertStatusExtension$SHCertStatusReqProducer
instanceKlass sun/security/ssl/CertStatusExtension$CHCertStatusReqConsumer
instanceKlass sun/security/ssl/CertStatusExtension$CHCertStatusReqProducer
instanceKlass sun/security/ssl/CertStatusExtension
instanceKlass sun/security/ssl/MaxFragExtension$MaxFragLenStringizer
instanceKlass sun/security/ssl/MaxFragExtension$EEMaxFragmentLengthUpdate
instanceKlass sun/security/ssl/MaxFragExtension$EEMaxFragmentLengthConsumer
instanceKlass sun/security/ssl/MaxFragExtension$EEMaxFragmentLengthProducer
instanceKlass sun/security/ssl/MaxFragExtension$SHMaxFragmentLengthUpdate
instanceKlass sun/security/ssl/MaxFragExtension$SHMaxFragmentLengthConsumer
instanceKlass sun/security/ssl/MaxFragExtension$SHMaxFragmentLengthProducer
instanceKlass sun/security/ssl/MaxFragExtension$CHMaxFragmentLengthConsumer
instanceKlass sun/security/ssl/MaxFragExtension$CHMaxFragmentLengthProducer
instanceKlass sun/security/ssl/MaxFragExtension
instanceKlass sun/security/ssl/ServerNameExtension$EEServerNameConsumer
instanceKlass sun/security/ssl/ServerNameExtension$EEServerNameProducer
instanceKlass sun/security/ssl/ServerNameExtension$SHServerNamesStringizer
instanceKlass sun/security/ssl/ServerNameExtension$SHServerNameConsumer
instanceKlass sun/security/ssl/ServerNameExtension$SHServerNameProducer
instanceKlass sun/security/ssl/ServerNameExtension$CHServerNamesStringizer
instanceKlass sun/security/ssl/ServerNameExtension$CHServerNameConsumer
instanceKlass sun/security/ssl/SSLExtension$ExtensionConsumer
instanceKlass sun/security/ssl/ServerNameExtension$CHServerNameProducer
instanceKlass sun/security/ssl/ServerNameExtension
instanceKlass sun/security/ssl/SSLStringizer
instanceKlass sun/security/ssl/SSLExtensions
instanceKlass sun/security/ssl/SSLHandshake$HandshakeMessage
instanceKlass sun/security/ssl/RandomCookie
instanceKlass com/naqqa/elasticsearch/http/tls/TlsSession$1
instanceKlass sun/security/action/GetLongAction
instanceKlass sun/security/util/KeyUtil
instanceKlass sun/security/ssl/SSLKeyDerivation
instanceKlass com/naqqa/elasticsearch/http/tls/TlsSession
instanceKlass sun/security/ssl/SSLConfiguration$CustomizedServerSignatureSchemes
instanceKlass javax/net/ssl/SSLEngine
instanceKlass sun/security/ssl/SSLCredentials
instanceKlass com/naqqa/elasticsearch/http/nio/TlsConnectionHandler
instanceKlass sun/security/ssl/NamedGroupPossession
instanceKlass sun/security/ssl/SSLPossession
instanceKlass sun/security/ssl/HandshakeContext
instanceKlass com/naqqa/elasticsearch/http/tls/TlsRoundTripTest$1
instanceKlass  @bci com/naqqa/elasticsearch/http/tls/TlsRoundTripTest httpsRequestOverNioTransportRoundTrips ()V 65 <appendix> argL0 ; # com/naqqa/elasticsearch/http/tls/TlsRoundTripTest$$Lambda+0x000001f51836f2e8
instanceKlass sun/security/ssl/SunX509KeyManagerImpl$X509Credentials
instanceKlass  @bci sun/security/pkcs12/PKCS12KeyStore engineGetKey (Ljava/lang/String;[C)Ljava/security/Key; 248 <adapter> ; # java/lang/invoke/LambdaForm$MH+0x000001f518372400
# instanceKlass java/lang/invoke/LambdaForm$DMH+0x000001f518372000
instanceKlass  @bci sun/security/pkcs12/PKCS12KeyStore engineGetKey (Ljava/lang/String;[C)Ljava/security/Key; 248 <appendix> form vmentry <vmtarget> ; # java/lang/invoke/LambdaForm$DMH+0x000001f518371c00
instanceKlass  @bci sun/security/pkcs12/PKCS12KeyStore engineGetKey (Ljava/lang/String;[C)Ljava/security/Key; 248 <appendix> member <vmtarget> ; # sun/security/pkcs12/PKCS12KeyStore$$Lambda+0x000001f5182fd8b8
instanceKlass  @cpi sun/security/pkcs12/PKCS12KeyStore 1779 form vmentry <vmtarget> ; # java/lang/invoke/LambdaForm$DMH+0x000001f518371800
instanceKlass sun/security/pkcs/EncryptedPrivateKeyInfo
instanceKlass java/math/MutableBigInteger
instanceKlass sun/security/rsa/RSAPadding
instanceKlass sun/security/rsa/RSACore
instanceKlass java/security/interfaces/RSAPrivateCrtKey
instanceKlass sun/security/pkcs/PKCS8Key
instanceKlass sun/security/util/InternalPrivateKey
instanceKlass java/security/interfaces/RSAPrivateKey
instanceKlass sun/security/util/SignatureUtil
instanceKlass jdk/internal/icu/util/CodePointTrie$Data
instanceKlass jdk/internal/icu/util/CodePointMap
instanceKlass jdk/internal/icu/util/VersionInfo
instanceKlass jdk/internal/icu/impl/ICUBinary$1
instanceKlass jdk/internal/icu/impl/ICUBinary
instanceKlass jdk/internal/icu/impl/NormalizerImpl$IsAcceptable
instanceKlass jdk/internal/icu/impl/ICUBinary$Authenticate
instanceKlass jdk/internal/icu/impl/NormalizerImpl
instanceKlass jdk/internal/icu/impl/Norm2AllModes$Norm2AllModesSingleton
instanceKlass jdk/internal/icu/impl/Norm2AllModes$NFKCSingleton
instanceKlass jdk/internal/icu/impl/Norm2AllModes
instanceKlass jdk/internal/icu/text/Normalizer2
instanceKlass jdk/internal/icu/text/NormalizerBase$ModeImpl
instanceKlass jdk/internal/icu/text/NormalizerBase$NFKDModeImpl
instanceKlass jdk/internal/icu/text/NormalizerBase$1
instanceKlass jdk/internal/icu/text/NormalizerBase$Mode
instanceKlass jdk/internal/icu/text/NormalizerBase
instanceKlass java/text/Normalizer
instanceKlass sun/security/pkcs/SignerInfo
instanceKlass sun/security/pkcs/PKCS9Attribute
instanceKlass sun/security/x509/AVAKeyword
instanceKlass sun/security/tools/KeyStoreUtil
instanceKlass com/sun/crypto/provider/PKCS12PBECipherCore
instanceKlass sun/security/util/PBEUtil
instanceKlass  @bci sun/security/pkcs12/PKCS12KeyStore engineLoad (Ljava/io/InputStream;[C)V 844 <adapter> ; # java/lang/invoke/LambdaForm$MH+0x000001f518371400
# instanceKlass java/lang/invoke/LambdaForm$DMH+0x000001f518371000
instanceKlass  @bci sun/security/pkcs12/PKCS12KeyStore engineLoad (Ljava/io/InputStream;[C)V 844 <appendix> form vmentry <vmtarget> ; # java/lang/invoke/LambdaForm$DMH+0x000001f518370c00
instanceKlass  @bci sun/security/pkcs12/PKCS12KeyStore engineLoad (Ljava/io/InputStream;[C)V 844 <appendix> member <vmtarget> ; # sun/security/pkcs12/PKCS12KeyStore$$Lambda+0x000001f5182f4fc8
instanceKlass  @cpi sun/security/pkcs12/PKCS12KeyStore 1787 form vmentry <vmtarget> ; # java/lang/invoke/LambdaForm$DMH+0x000001f518370800
instanceKlass sun/security/pkcs12/MacData
instanceKlass sun/security/util/ArrayUtil
instanceKlass  @bci javax/crypto/spec/SecretKeySpec <clinit> ()V 0 <appendix> argL0 ; # javax/crypto/spec/SecretKeySpec$$Lambda+0x000001f5182f4770
instanceKlass jdk/internal/access/JavaxCryptoSpecAccess
instanceKlass javax/crypto/spec/SecretKeySpec
instanceKlass  @bci com/sun/crypto/provider/PBKDF2KeyImpl <init> (Ljavax/crypto/spec/PBEKeySpec;Ljava/lang/String;)V 237 <appendix> member <vmtarget> ; # com/sun/crypto/provider/PBKDF2KeyImpl$$Lambda+0x000001f5182f40b0
instanceKlass com/sun/crypto/provider/PBKDF2KeyImpl$1
instanceKlass javax/crypto/MacSpi
instanceKlass javax/crypto/Mac
instanceKlass sun/nio/cs/ThreadLocalCoders$Cache
instanceKlass sun/nio/cs/ThreadLocalCoders
instanceKlass com/sun/crypto/provider/PBKDF2KeyImpl
instanceKlass javax/crypto/interfaces/PBEKey
instanceKlass  @bci com/sun/crypto/provider/PBEKey <init> (Ljavax/crypto/spec/PBEKeySpec;Ljava/lang/String;Z)V 150 <appendix> member <vmtarget> ; # com/sun/crypto/provider/PBEKey$$Lambda+0x000001f5182f2388
instanceKlass com/sun/crypto/provider/PBEKey
instanceKlass javax/crypto/SecretKey
instanceKlass javax/crypto/SecretKeyFactory
instanceKlass javax/crypto/spec/PBEKeySpec
instanceKlass javax/crypto/SecretKeyFactorySpi
instanceKlass sun/security/util/PBEUtil$PBES2Params
instanceKlass  @bci sun/security/pkcs12/PKCS12KeyStore engineLoad (Ljava/io/InputStream;[C)V 592 <appendix> member <vmtarget> ; # sun/security/pkcs12/PKCS12KeyStore$$Lambda+0x000001f5182f0498
instanceKlass sun/security/pkcs12/PKCS12KeyStore$RetryWithZero
instanceKlass javax/crypto/spec/PBEParameterSpec
instanceKlass javax/crypto/spec/IvParameterSpec
instanceKlass  @bci sun/security/util/DerInputStream checkNextTag (B)Z 2 <appendix> member <vmtarget> ; # sun/security/util/DerInputStream$$Lambda+0x000001f5182efc28
instanceKlass com/naqqa/elasticsearch/http/tls/KeyStores
instanceKlass java/lang/ProcessImpl$2
instanceKlass  @bci java/lang/ProcessHandleImpl lambda$static$1 ()Ljava/util/concurrent/Executor; 45 <appendix> member <vmtarget> ; # java/lang/ProcessHandleImpl$$Lambda+0x000001f5182ee990
instanceKlass  @cpi java/lang/ProcessHandleImpl 436 form vmentry <vmtarget> ; # java/lang/invoke/LambdaForm$DMH+0x000001f518370400
instanceKlass  @bci java/lang/ProcessHandleImpl <clinit> ()V 32 <appendix> argL0 ; # java/lang/ProcessHandleImpl$$Lambda+0x000001f5182ee778
instanceKlass java/lang/ProcessHandleImpl
instanceKlass java/lang/ProcessHandle
instanceKlass  @bci java/lang/ProcessImpl <init> ([Ljava/lang/String;Ljava/lang/String;Ljava/lang/String;[JZZ)V 286 <appendix> member <vmtarget> ; # java/lang/ProcessImpl$$Lambda+0x000001f5182ee0d0
instanceKlass  @cpi java/lang/ProcessImpl 625 form vmentry <vmtarget> ; # java/lang/invoke/LambdaForm$DMH+0x000001f518370000
instanceKlass java/lang/Process
instanceKlass java/lang/ProcessBuilder
instanceKlass com/naqqa/elasticsearch/http/tls/TlsRoundTripTest
instanceKlass  @bci com/naqqa/elasticsearch/http/nio/NioHttpServerTransportTest oversizedBodyReturns413AndClosesConnection ()V 14 <appendix> argL0 ; # com/naqqa/elasticsearch/http/nio/NioHttpServerTransportTest$$Lambda+0x000001f51836ecd0
instanceKlass  @bci java/lang/VirtualThread parkNanos (J)V 52 <appendix> member <vmtarget> ; # java/lang/VirtualThread$$Lambda+0x000001f5182ed790
instanceKlass  @bci com/naqqa/elasticsearch/http/nio/NioHttpServerTransportTest keepAlivePipeliningOrderIsPreserved ()V 28 <appendix> argL0 ; # com/naqqa/elasticsearch/http/nio/NioHttpServerTransportTest$$Lambda+0x000001f51836eab8
instanceKlass  @bci com/naqqa/elasticsearch/http/nio/NioHttpServerTransportTest keepAlivePipeliningOrderIsPreserved ()V 14 <appendix> argL0 ; # com/naqqa/elasticsearch/http/nio/NioHttpServerTransportTest$$Lambda+0x000001f51836e8a0
instanceKlass  @bci com/naqqa/elasticsearch/http/nio/NioHttpServerTransportTest gzipResponseAndRequestCompressionRoundTrip ()V 38 <appendix> argL0 ; # com/naqqa/elasticsearch/http/nio/NioHttpServerTransportTest$$Lambda+0x000001f51836e688
instanceKlass  @bci com/naqqa/elasticsearch/http/nio/NioHttpServerTransportTest gzipResponseAndRequestCompressionRoundTrip ()V 24 <appendix> member <vmtarget> ; # com/naqqa/elasticsearch/http/nio/NioHttpServerTransportTest$$Lambda+0x000001f51836e468
instanceKlass com/naqqa/elasticsearch/http/nio/HttpStatusPhrases
instanceKlass com/naqqa/elasticsearch/http/nio/HttpResponseEncoder
instanceKlass com/naqqa/elasticsearch/http/nio/ResponseBuilder
instanceKlass com/naqqa/elasticsearch/http/nio/NioHttpServerTransport$1
instanceKlass com/naqqa/elasticsearch/http/nio/NioRestChannel
instanceKlass com/naqqa/elasticsearch/http/nio/RequestFactory
instanceKlass  @bci com/naqqa/elasticsearch/http/nio/NioHttpServerTransport dispatch (Lcom/naqqa/elasticsearch/http/nio/Connection;Lcom/naqqa/elasticsearch/http/nio/ParsedRequest;)V 27 <appendix> member <vmtarget> ; # com/naqqa/elasticsearch/http/nio/NioHttpServerTransport$$Lambda+0x000001f51836d418
instanceKlass com/naqqa/elasticsearch/http/nio/ResponseSlot
instanceKlass com/naqqa/elasticsearch/http/nio/ParsedRequest
instanceKlass com/naqqa/elasticsearch/http/nio/HttpRequestParser
instanceKlass com/naqqa/elasticsearch/http/nio/Connection
instanceKlass java/net/SocksSocketImpl$3
instanceKlass  @bci sun/nio/ch/NioSocketImpl closerFor (Ljava/io/FileDescriptor;Z)Ljava/lang/Runnable; 5 <appendix> member <vmtarget> ; # sun/nio/ch/NioSocketImpl$$Lambda+0x000001f5182ec908
instanceKlass  @bci com/naqqa/elasticsearch/http/nio/NioHttpServerTransport start ()V 108 <appendix> member <vmtarget> ; # com/naqqa/elasticsearch/http/nio/NioHttpServerTransport$$Lambda+0x000001f51836c7d8
instanceKlass com/naqqa/elasticsearch/http/nio/NioHttpServerTransport
instanceKlass  @bci com/naqqa/elasticsearch/http/nio/NioHttpServerTransportTest chunkedRequestBodyIsDecoded ()V 14 <appendix> argL0 ; # com/naqqa/elasticsearch/http/nio/NioHttpServerTransportTest$$Lambda+0x000001f51836c108
instanceKlass com/naqqa/elasticsearch/http/nio/NioHttpServerTransportTest$SimpleResponse
instanceKlass com/naqqa/elasticsearch/http/nio/NioHttpServerTransportTest
instanceKlass sun/net/www/HeaderParser
instanceKlass  @bci java/net/http/HttpResponse$BodyHandlers ofString ()Ljava/net/http/HttpResponse$BodyHandler; 0 <appendix> argL0 ; # java/net/http/HttpResponse$BodyHandlers$$Lambda+0x000001f5183155f0
instanceKlass  @bci com/naqqa/elasticsearch/http/jdk/JdkHttpServerTransportTest handlesBasicGetRequest ()V 14 <appendix> argL0 ; # com/naqqa/elasticsearch/http/jdk/JdkHttpServerTransportTest$$Lambda+0x000001f51836bae8
instanceKlass  @bci java/net/http/HttpResponse$BodyHandlers ofByteArray ()Ljava/net/http/HttpResponse$BodyHandler; 0 <appendix> argL0 ; # java/net/http/HttpResponse$BodyHandlers$$Lambda+0x000001f5183153d8
instanceKlass  @bci com/naqqa/elasticsearch/http/jdk/JdkHttpServerTransportTest compressesResponseWhenGzipAccepted ()V 24 <appendix> member <vmtarget> ; # com/naqqa/elasticsearch/http/jdk/JdkHttpServerTransportTest$$Lambda+0x000001f51836b8c8
instanceKlass com/naqqa/elasticsearch/http/jdk/JdkHttpServerTransportTest
instanceKlass  @bci com/naqqa/elasticsearch/http/RouterTest unknownPathIsNotFound ()V 14 <appendix> argL0 ; # com/naqqa/elasticsearch/http/RouterTest$$Lambda+0x000001f51836b4b0
instanceKlass  @bci com/naqqa/elasticsearch/http/RouterTest mostSpecificPatternWins ()V 14 <appendix> argL0 ; # com/naqqa/elasticsearch/http/RouterTest$$Lambda+0x000001f51836b298
instanceKlass  @bci com/naqqa/elasticsearch/http/RouterTest mostSpecificPatternWins ()V 8 <appendix> argL0 ; # com/naqqa/elasticsearch/http/RouterTest$$Lambda+0x000001f51836b080
instanceKlass  @bci com/naqqa/elasticsearch/http/RouterTest methodNotAllowedReturnsAllowedMethods ()V 28 <appendix> argL0 ; # com/naqqa/elasticsearch/http/RouterTest$$Lambda+0x000001f51836ae68
instanceKlass  @bci com/naqqa/elasticsearch/http/RouterTest methodNotAllowedReturnsAllowedMethods ()V 14 <appendix> argL0 ; # com/naqqa/elasticsearch/http/RouterTest$$Lambda+0x000001f51836ac50
instanceKlass  @bci com/naqqa/elasticsearch/http/RouterTest matchesNamedParams ()V 8 <appendix> argL0 ; # com/naqqa/elasticsearch/http/RouterTest$$Lambda+0x000001f51836aa38
instanceKlass  @bci com/naqqa/elasticsearch/http/RouterTest headFallsBackToGetHandler ()V 8 <appendix> argL0 ; # com/naqqa/elasticsearch/http/RouterTest$$Lambda+0x000001f51836a820
instanceKlass  @bci com/naqqa/elasticsearch/http/RouterTest decodesPathParamsPerSegment ()V 16 <appendix> argL0 ; # com/naqqa/elasticsearch/http/RouterTest$$Lambda+0x000001f51836a608
instanceKlass  @bci com/naqqa/elasticsearch/http/Router <init> ()V 1 <appendix> argL0 ; # com/naqqa/elasticsearch/http/Router$$Lambda+0x000001f51836a3f0
instanceKlass com/naqqa/elasticsearch/http/RouterTest
instanceKlass com/naqqa/elasticsearch/http/RestRequestTest
instanceKlass com/naqqa/elasticsearch/http/QueryStringParserTest
instanceKlass com/naqqa/elasticsearch/http/FilterPathTest
instanceKlass java/lang/StackTraceElement$HashedModules
instanceKlass java/lang/Throwable$PrintStreamOrWriter
instanceKlass java/io/PrintWriter$1
instanceKlass jdk/internal/access/JavaIOPrintWriterAccess
instanceKlass com/naqqa/elasticsearch/http/DefaultRestErrorRendererTest
instanceKlass com/naqqa/elasticsearch/http/CorsConfig$Builder
instanceKlass  @bci com/naqqa/elasticsearch/http/CorsHandlerTest requestWithHeaders (Lcom/naqqa/elasticsearch/http/RestMethod;Ljava/util/Map;)Lcom/naqqa/elasticsearch/http/RestRequest; 15 <appendix> member <vmtarget> ; # com/naqqa/elasticsearch/http/CorsHandlerTest$$Lambda+0x000001f5183690f0
instanceKlass com/naqqa/elasticsearch/http/CorsHandlerTest
instanceKlass  @bci com/naqqa/elasticsearch/http/MediaType parseAccept (Ljava/lang/String;)Ljava/util/List; 74 <appendix> argL0 ; # com/naqqa/elasticsearch/http/MediaType$$Lambda+0x000001f518368c60
instanceKlass com/naqqa/elasticsearch/http/MediaType
instanceKlass com/naqqa/elasticsearch/http/ContentTypeNegotiator
instanceKlass com/naqqa/elasticsearch/http/ContentTypeNegotiatorTest
instanceKlass  @bci com/naqqa/elasticsearch/common/util/concurrent/ThreadContextTest testPreserveContextAcrossThreads ()V 27 <appendix> member <vmtarget> ; # com/naqqa/elasticsearch/common/util/concurrent/ThreadContextTest$$Lambda+0x000001f518368000
instanceKlass  @bci com/naqqa/elasticsearch/common/util/concurrent/ThreadContext stashContext ()Lcom/naqqa/elasticsearch/common/util/concurrent/ThreadContext$StoredContext; 23 <appendix> member <vmtarget> ; # com/naqqa/elasticsearch/common/util/concurrent/ThreadContext$$Lambda+0x000001f518366c10
instanceKlass com/naqqa/elasticsearch/common/util/concurrent/ThreadContext$StoredContext
instanceKlass com/naqqa/elasticsearch/common/util/concurrent/ThreadContextTest
instanceKlass  @bci com/naqqa/elasticsearch/common/util/SparseFixedBitSet set (I)V 29 <appendix> argL0 ; # com/naqqa/elasticsearch/common/util/SparseFixedBitSet$$Lambda+0x000001f518367ca8
instanceKlass com/naqqa/elasticsearch/common/util/SparseFixedBitSet
instanceKlass  @bci com/naqqa/elasticsearch/common/util/UtilStructuresTest testBigArraysAccountingAndBreaker ()V 158 <appendix> member <vmtarget> ; # com/naqqa/elasticsearch/common/util/UtilStructuresTest$$Lambda+0x000001f518367658
instanceKlass com/naqqa/elasticsearch/common/util/BigArrays$PagedLongArray
instanceKlass com/naqqa/elasticsearch/common/util/PageCacheRecycler
instanceKlass com/naqqa/elasticsearch/common/util/DoubleArray
instanceKlass com/naqqa/elasticsearch/common/util/IntArray
instanceKlass com/naqqa/elasticsearch/common/util/ObjectArray
instanceKlass com/naqqa/elasticsearch/common/util/ByteArray
instanceKlass com/naqqa/elasticsearch/common/util/LongArray
instanceKlass com/naqqa/elasticsearch/common/util/BigArrays
instanceKlass com/naqqa/elasticsearch/common/util/UtilStructuresTest
instanceKlass  @bci com/naqqa/elasticsearch/common/unit/UnitParsersTest testRatioValueParsing ()V 40 <appendix> argL0 ; # com/naqqa/elasticsearch/common/unit/UnitParsersTest$$Lambda+0x000001f518363068
instanceKlass com/naqqa/elasticsearch/common/unit/RatioValue
instanceKlass com/naqqa/elasticsearch/common/unit/UnitParsersTest
instanceKlass com/naqqa/elasticsearch/common/time/DateTimeTest
instanceKlass  @bci com/naqqa/elasticsearch/common/threadpool/ThreadPoolTest testThreadContextPropagatesAcrossPool ()V 45 <appendix> member <vmtarget> ; # com/naqqa/elasticsearch/common/threadpool/ThreadPoolTest$$Lambda+0x000001f5183623c0
instanceKlass  @bci com/naqqa/elasticsearch/common/threadpool/ThreadPoolTest testRejectionMapsToEsRejectedExecutionException ()V 32 <appendix> member <vmtarget> ; # com/naqqa/elasticsearch/common/threadpool/ThreadPoolTest$$Lambda+0x000001f518361d90
instanceKlass  @bci com/naqqa/elasticsearch/common/threadpool/ThreadPoolTest testExecuteOnNamedPool ()V 33 <appendix> member <vmtarget> ; # com/naqqa/elasticsearch/common/threadpool/ThreadPoolTest$$Lambda+0x000001f518361b70
instanceKlass com/naqqa/elasticsearch/common/threadpool/ThreadPoolTest
instanceKlass  @bci com/naqqa/elasticsearch/common/settings/YamlSettingsLoader load (Ljava/lang/String;)Lcom/naqqa/elasticsearch/common/settings/Settings; 187 <appendix> argL0 ; # com/naqqa/elasticsearch/common/settings/YamlSettingsLoader$$Lambda+0x000001f518361728
instanceKlass com/naqqa/elasticsearch/common/settings/YamlSettingsLoader$Level
instanceKlass com/naqqa/elasticsearch/common/settings/YamlSettingsLoader
instanceKlass  @bci com/naqqa/elasticsearch/common/settings/Setting lambda$intSetting$2 (IILjava/lang/String;Ljava/lang/String;)Ljava/lang/Integer; 29 <adapter> ; # java/lang/invoke/LambdaForm$MH+0x000001f518366400
# instanceKlass java/lang/invoke/LambdaForm$DMH+0x000001f518366000
instanceKlass  @bci com/naqqa/elasticsearch/common/settings/Setting lambda$intSetting$2 (IILjava/lang/String;Ljava/lang/String;)Ljava/lang/Integer; 29 <appendix> form vmentry <vmtarget> ; # java/lang/invoke/LambdaForm$MH+0x000001f518365c00
# instanceKlass java/lang/invoke/LambdaForm$MH+0x000001f518365800
instanceKlass  @bci com/naqqa/elasticsearch/common/settings/Setting lambda$intSetting$2 (IILjava/lang/String;Ljava/lang/String;)Ljava/lang/Integer; 29 <appendix> form names 9 function resolvedHandle form vmentry <vmtarget> ; # java/lang/invoke/LambdaForm$DMH+0x000001f518365400
instanceKlass  @bci com/naqqa/elasticsearch/common/settings/Setting lambda$intSetting$2 (IILjava/lang/String;Ljava/lang/String;)Ljava/lang/Integer; 29 <appendix> argL3 form vmentry <vmtarget> ; # java/lang/invoke/LambdaForm$MH+0x000001f518365000
# instanceKlass java/lang/invoke/LambdaForm$MH+0x000001f518364c00
# instanceKlass java/lang/invoke/LambdaForm$MH+0x000001f518364800
# instanceKlass java/lang/invoke/LambdaForm$MH+0x000001f518364400
instanceKlass  @bci com/naqqa/elasticsearch/common/settings/SettingsTest testSettingDefaultsAndValidator ()V 63 <appendix> member <vmtarget> ; # com/naqqa/elasticsearch/common/settings/SettingsTest$$Lambda+0x000001f518361100
instanceKlass com/naqqa/elasticsearch/common/settings/PropertiesSettingsLoader
instanceKlass  @bci com/naqqa/elasticsearch/common/settings/SettingsTest lambda$testFinalSettingCannotBeDynamic$2 ()V 11 <appendix> argL0 ; # com/naqqa/elasticsearch/common/settings/SettingsTest$$Lambda+0x000001f518360cc8
instanceKlass  @bci com/naqqa/elasticsearch/common/settings/SettingsTest lambda$testFinalSettingCannotBeDynamic$2 ()V 6 <appendix> argL0 ; # com/naqqa/elasticsearch/common/settings/SettingsTest$$Lambda+0x000001f518360a90
instanceKlass  @bci com/naqqa/elasticsearch/common/settings/SettingsTest testFinalSettingCannotBeDynamic ()V 2 <appendix> argL0 ; # com/naqqa/elasticsearch/common/settings/SettingsTest$$Lambda+0x000001f518360878
instanceKlass com/naqqa/elasticsearch/common/settings/AbstractScopedSettings$SettingUpdater
instanceKlass  @bci com/naqqa/elasticsearch/common/settings/SettingsTest testDynamicSettingUpdateConsumer ()V 62 <appendix> member <vmtarget> ; # com/naqqa/elasticsearch/common/settings/SettingsTest$$Lambda+0x000001f518360440
instanceKlass  @cpi com/naqqa/elasticsearch/common/settings/SettingsTest 283 form vmentry <vmtarget> ; # java/lang/invoke/LambdaForm$DMH+0x000001f518364000
instanceKlass com/naqqa/elasticsearch/common/settings/SettingsTest
instanceKlass com/naqqa/elasticsearch/common/regex/RegexTest
instanceKlass com/naqqa/elasticsearch/common/network/InetAddresses
instanceKlass com/naqqa/elasticsearch/common/network/InetAddressesTest
instanceKlass com/naqqa/elasticsearch/common/lifecycle/LifecycleTest
instanceKlass  @bci com/naqqa/elasticsearch/common/json/JsonRoundTripTest testErrorPositionsReported ()V 15 <appendix> member <vmtarget> ; # com/naqqa/elasticsearch/common/json/JsonRoundTripTest$$Lambda+0x000001f518357908
instanceKlass java/math/MathContext
instanceKlass com/naqqa/elasticsearch/common/json/JsonRoundTripTest
instanceKlass com/naqqa/elasticsearch/common/io/stream/StreamTest
instanceKlass com/naqqa/elasticsearch/common/inject/Injector
instanceKlass com/naqqa/elasticsearch/common/inject/InjectorTest
instanceKlass com/naqqa/elasticsearch/common/hash/Murmur3Test
instanceKlass com/naqqa/elasticsearch/common/geo/format/WellKnownText$1
instanceKlass com/naqqa/elasticsearch/common/geo/TriangleEncoder
instanceKlass com/naqqa/elasticsearch/common/geo/Tessellator$Node
instanceKlass com/naqqa/elasticsearch/common/geo/Tessellator
instanceKlass  @bci com/naqqa/elasticsearch/common/geo/geometry/GeometryUtils$BoundsAccumulator add (Lcom/naqqa/elasticsearch/common/geo/geometry/Geometry;)V 25 <adapter> ; # java/lang/invoke/LambdaForm$MH+0x000001f51835f400
instanceKlass  @bci com/naqqa/elasticsearch/common/geo/geometry/GeometryUtils$BoundsAccumulator add (Lcom/naqqa/elasticsearch/common/geo/geometry/Geometry;)V 25 <appendix> form vmentry <vmtarget> ; # java/lang/invoke/LambdaForm$MH+0x000001f51835f000
instanceKlass  @bci com/naqqa/elasticsearch/common/geo/geometry/GeometryUtils$BoundsAccumulator add (Lcom/naqqa/elasticsearch/common/geo/geometry/Geometry;)V 25 <appendix> argL4 form vmentry <vmtarget> ; # java/lang/invoke/LambdaForm$MH+0x000001f51835ec00
# instanceKlass java/lang/invoke/LambdaForm$MH+0x000001f51835e800
# instanceKlass java/lang/invoke/LambdaForm$MH+0x000001f51835e400
instanceKlass  @bci com/naqqa/elasticsearch/common/geo/geometry/GeometryUtils$BoundsAccumulator add (Lcom/naqqa/elasticsearch/common/geo/geometry/Geometry;)V 25 <appendix> argL1 form vmentry <vmtarget> ; # java/lang/invoke/LambdaForm$MH+0x000001f51835e000
instanceKlass  @bci com/naqqa/elasticsearch/common/geo/geometry/GeometryUtils$BoundsAccumulator add (Lcom/naqqa/elasticsearch/common/geo/geometry/Geometry;)V 25 <appendix> form names 9 function resolvedHandle form vmentry <vmtarget> ; # java/lang/invoke/LambdaForm$DMH+0x000001f51835dc00
# instanceKlass java/lang/invoke/LambdaForm$MH+0x000001f51835d800
instanceKlass  @bci com/naqqa/elasticsearch/common/geo/geometry/GeometryUtils$BoundsAccumulator add (Lcom/naqqa/elasticsearch/common/geo/geometry/Geometry;)V 25 <appendix> argL0 form vmentry <vmtarget> ; # java/lang/invoke/LambdaForm$MH+0x000001f51835d400
# instanceKlass java/lang/invoke/LambdaForm$MH+0x000001f51835d000
instanceKlass java/lang/invoke/MethodHandleImpl$TableSwitchCacheKey
# instanceKlass java/lang/invoke/LambdaForm$MH+0x000001f51835cc00
# instanceKlass java/lang/invoke/LambdaForm$MH+0x000001f51835c800
# instanceKlass java/lang/invoke/LambdaForm$MH+0x000001f51835c400
# instanceKlass java/lang/invoke/LambdaForm$MH+0x000001f51835c000
# instanceKlass java/lang/invoke/LambdaForm$MH+0x000001f51835bc00
# instanceKlass java/lang/invoke/LambdaForm$MH+0x000001f51835b800
instanceKlass java/util/ReverseOrderListView
# instanceKlass java/lang/invoke/LambdaForm$MH+0x000001f51835b400
instanceKlass  @bci java/lang/runtime/SwitchBootstraps typeSwitch (Ljava/lang/invoke/MethodHandles$Lookup;Ljava/lang/String;Ljava/lang/invoke/MethodType;[Ljava/lang/Object;)Ljava/lang/invoke/CallSite; 90 <appendix> argL0 ; # java/lang/runtime/SwitchBootstraps$$Lambda+0x000001f5182e8208
# instanceKlass java/lang/invoke/LambdaForm$DMH+0x000001f51835b000
# instanceKlass java/lang/invoke/LambdaForm$DMH+0x000001f51835ac00
instanceKlass java/lang/runtime/SwitchBootstraps$EnumMap
# instanceKlass java/lang/invoke/LambdaForm$DMH+0x000001f51835a800
instanceKlass java/lang/runtime/SwitchBootstraps$ResolvedEnumLabel
instanceKlass java/lang/constant/DynamicConstantDesc
# instanceKlass java/lang/invoke/LambdaForm$MH+0x000001f51835a400
instanceKlass com/naqqa/elasticsearch/common/geo/geometry/GeometryCollection
instanceKlass com/naqqa/elasticsearch/common/geo/geometry/MultiPolygon
instanceKlass com/naqqa/elasticsearch/common/geo/geometry/MultiLine
instanceKlass com/naqqa/elasticsearch/common/geo/geometry/MultiPoint
instanceKlass com/naqqa/elasticsearch/common/geo/geometry/Point
instanceKlass java/lang/runtime/SwitchBootstraps
instanceKlass com/naqqa/elasticsearch/common/geo/geometry/GeometryUtils$BoundsAccumulator
instanceKlass com/naqqa/elasticsearch/common/geo/shape/Polygon2D$Ring
instanceKlass com/naqqa/elasticsearch/common/geo/shape/Polygon2D
instanceKlass com/naqqa/elasticsearch/common/geo/geometry/GeometryUtils
instanceKlass  @bci com/naqqa/elasticsearch/common/geo/GeoTileUtils stringEncode (J)Ljava/lang/String; 29 <adapter> ; # java/lang/invoke/LambdaForm$MH+0x000001f51835a000
# instanceKlass java/lang/invoke/LambdaForm$DMH+0x000001f518359c00
instanceKlass  @bci com/naqqa/elasticsearch/common/geo/GeoTileUtils stringEncode (J)Ljava/lang/String; 29 <appendix> form vmentry <vmtarget> ; # java/lang/invoke/LambdaForm$MH+0x000001f518359800
instanceKlass  @bci com/naqqa/elasticsearch/common/geo/GeoTileUtils stringEncode (J)Ljava/lang/String; 29 <appendix> form names 5 function resolvedHandle form vmentry <vmtarget> ; # java/lang/invoke/LambdaForm$DMH+0x000001f518359400
instanceKlass  @bci com/naqqa/elasticsearch/common/geo/GeoTileUtils stringEncode (J)Ljava/lang/String; 29 <appendix> argL3 form vmentry <vmtarget> ; # java/lang/invoke/LambdaForm$MH+0x000001f518359000
# instanceKlass java/lang/invoke/LambdaForm$MH+0x000001f518358c00
# instanceKlass java/lang/invoke/LambdaForm$MH+0x000001f518358800
# instanceKlass java/lang/invoke/LambdaForm$MH+0x000001f518358400
# instanceKlass java/lang/invoke/LambdaForm$MH+0x000001f518358000
instanceKlass  @bci com/naqqa/elasticsearch/common/geo/GeoTileUtils stringEncode (J)Ljava/lang/String; 29 <appendix> form names 9 function resolvedHandle form vmentry <vmtarget> ; # java/lang/invoke/LambdaForm$DMH+0x000001f518353c00
instanceKlass  @bci com/naqqa/elasticsearch/common/geo/GeoTileUtils stringEncode (J)Ljava/lang/String; 29 <appendix> argL1 form vmentry <vmtarget> ; # java/lang/invoke/LambdaForm$MH+0x000001f518353800
# instanceKlass java/lang/invoke/LambdaForm$MH+0x000001f518353400
# instanceKlass java/lang/invoke/LambdaForm$MH+0x000001f518353000
# instanceKlass java/lang/invoke/LambdaForm$MH+0x000001f518352c00
instanceKlass java/lang/FdLibm$Expm1
instanceKlass java/lang/FdLibm$Sinh
instanceKlass com/naqqa/elasticsearch/common/geo/GeoEncodingUtils
instanceKlass com/naqqa/elasticsearch/common/geo/GeoTileUtils
instanceKlass com/naqqa/elasticsearch/common/geo/Geohash
instanceKlass com/naqqa/elasticsearch/common/geo/format/GeoJson$1
instanceKlass com/naqqa/elasticsearch/common/geo/format/GeoJson
instanceKlass com/naqqa/elasticsearch/common/geo/geometry/Polygon
instanceKlass com/naqqa/elasticsearch/common/geo/format/WellKnownText$Parser
instanceKlass com/naqqa/elasticsearch/common/geo/geometry/Line
instanceKlass com/naqqa/elasticsearch/common/geo/geometry/GeometryVisitor
instanceKlass com/naqqa/elasticsearch/common/geo/format/WellKnownText
instanceKlass com/naqqa/elasticsearch/common/geo/GeoTest
instanceKlass com/naqqa/elasticsearch/common/xcontent/ToXContent$MapParams
instanceKlass com/naqqa/elasticsearch/common/xcontent/ToXContent$Params
instanceKlass com/naqqa/elasticsearch/common/exception/ExceptionsHelper
instanceKlass com/naqqa/elasticsearch/common/exception/ExceptionsTest
instanceKlass java/time/LocalDateTime$1
instanceKlass com/naqqa/elasticsearch/common/cron/IntervalSchedule
instanceKlass com/naqqa/elasticsearch/common/cron/CronExpression
instanceKlass com/naqqa/elasticsearch/common/cron/CronExpressionTest
instanceKlass com/naqqa/elasticsearch/common/collect/IntIntHashMap
instanceKlass com/naqqa/elasticsearch/common/collect/IntHashSet
instanceKlass com/naqqa/elasticsearch/common/collect/FloatArrayList
instanceKlass com/naqqa/elasticsearch/common/collect/IntArrayList
instanceKlass com/naqqa/elasticsearch/common/collect/PrimitiveCollectionsTest
instanceKlass com/naqqa/elasticsearch/common/bytes/BytesTest
instanceKlass  @bci com/naqqa/elasticsearch/common/breaker/ChildMemoryCircuitBreaker addEstimateBytesAndMaybeBreak (JLjava/lang/String;)D 80 <adapter> ; # java/lang/invoke/LambdaForm$MH+0x000001f518352800
# instanceKlass java/lang/invoke/LambdaForm$DMH+0x000001f518352400
instanceKlass  @bci com/naqqa/elasticsearch/common/breaker/ChildMemoryCircuitBreaker addEstimateBytesAndMaybeBreak (JLjava/lang/String;)D 80 <appendix> form vmentry <vmtarget> ; # java/lang/invoke/LambdaForm$MH+0x000001f518352000
# instanceKlass java/lang/invoke/LambdaForm$MH+0x000001f518351c00
# instanceKlass java/lang/invoke/LambdaForm$MH+0x000001f518351800
instanceKlass  @bci com/naqqa/elasticsearch/common/breaker/ChildMemoryCircuitBreaker addEstimateBytesAndMaybeBreak (JLjava/lang/String;)D 80 <appendix> form names 13 function resolvedHandle form vmentry <vmtarget> ; # java/lang/invoke/LambdaForm$DMH+0x000001f518351400
instanceKlass  @bci com/naqqa/elasticsearch/common/breaker/ChildMemoryCircuitBreaker addEstimateBytesAndMaybeBreak (JLjava/lang/String;)D 80 <appendix> argL4 form vmentry <vmtarget> ; # java/lang/invoke/LambdaForm$MH+0x000001f518351000
instanceKlass  @bci com/naqqa/elasticsearch/common/breaker/ChildMemoryCircuitBreaker addEstimateBytesAndMaybeBreak (JLjava/lang/String;)D 80 <appendix> argL4 form names 7 function resolvedHandle form vmentry <vmtarget> ; # java/lang/invoke/LambdaForm$DMH+0x000001f518350c00
# instanceKlass java/lang/invoke/LambdaForm$MH+0x000001f518350800
# instanceKlass java/lang/invoke/LambdaForm$MH+0x000001f518350400
# instanceKlass java/lang/invoke/LambdaForm$MH+0x000001f518350000
# instanceKlass java/lang/invoke/LambdaForm$MH+0x000001f51834bc00
instanceKlass  @bci com/naqqa/elasticsearch/common/breaker/ChildMemoryCircuitBreaker addEstimateBytesAndMaybeBreak (JLjava/lang/String;)D 80 <appendix> form names 19 function resolvedHandle form vmentry <vmtarget> ; # java/lang/invoke/LambdaForm$DMH+0x000001f51834b800
instanceKlass  @bci com/naqqa/elasticsearch/common/breaker/ChildMemoryCircuitBreaker addEstimateBytesAndMaybeBreak (JLjava/lang/String;)D 80 <appendix> argL1 form vmentry <vmtarget> ; # java/lang/invoke/LambdaForm$MH+0x000001f51834b400
# instanceKlass java/lang/invoke/LambdaForm$MH+0x000001f51834b000
# instanceKlass java/lang/invoke/LambdaForm$MH+0x000001f51834ac00
# instanceKlass java/lang/invoke/LambdaForm$MH+0x000001f51834a800
instanceKlass  @bci com/naqqa/elasticsearch/common/breaker/CircuitBreakerServiceTest testRequestBreakerTripsWhenExceedingLimit ()V 45 <appendix> member <vmtarget> ; # com/naqqa/elasticsearch/common/breaker/CircuitBreakerServiceTest$$Lambda+0x000001f51834c000
instanceKlass  @bci com/naqqa/elasticsearch/common/breaker/CircuitBreakerServiceTest testNamedBreakersRegistered ()V 59 <appendix> member <vmtarget> ; # com/naqqa/elasticsearch/common/breaker/CircuitBreakerServiceTest$$Lambda+0x000001f518347d20
instanceKlass com/naqqa/elasticsearch/common/breaker/CircuitBreakerServiceTest
instanceKlass com/naqqa/elasticsearch/common/automaton/WildcardAutomata
instanceKlass  @bci com/naqqa/elasticsearch/common/automaton/StringDistance ngramCounts (Ljava/lang/CharSequence;I)Ljava/util/Map; 67 <appendix> argL0 ; # com/naqqa/elasticsearch/common/automaton/StringDistance$$Lambda+0x000001f5183476e8
instanceKlass sun/reflect/generics/reflectiveObjects/LazyReflectiveObjectGenerator
instanceKlass sun/reflect/generics/reflectiveObjects/ParameterizedTypeImpl
instanceKlass java/lang/reflect/ParameterizedType
instanceKlass sun/reflect/generics/tree/ClassSignature
instanceKlass sun/reflect/generics/tree/Signature
instanceKlass sun/reflect/generics/tree/FormalTypeParameter
instanceKlass java/lang/reflect/TypeVariable
instanceKlass sun/reflect/generics/repository/AbstractRepository
instanceKlass  @bci com/naqqa/elasticsearch/common/automaton/AutomatonTest levenshteinAutomatonMatchesBruteForce ()V 179 <adapter> ; # java/lang/invoke/LambdaForm$MH+0x000001f51834a400
# instanceKlass java/lang/invoke/LambdaForm$DMH+0x000001f51834a000
instanceKlass  @bci com/naqqa/elasticsearch/common/automaton/AutomatonTest levenshteinAutomatonMatchesBruteForce ()V 179 <appendix> form vmentry <vmtarget> ; # java/lang/invoke/LambdaForm$MH+0x000001f518349c00
# instanceKlass java/lang/invoke/LambdaForm$MH+0x000001f518349800
# instanceKlass java/lang/invoke/LambdaForm$MH+0x000001f518349400
instanceKlass  @bci com/naqqa/elasticsearch/common/automaton/AutomatonTest levenshteinAutomatonMatchesBruteForce ()V 179 <appendix> form names 12 function resolvedHandle form vmentry <vmtarget> ; # java/lang/invoke/LambdaForm$DMH+0x000001f518349000
instanceKlass  @bci com/naqqa/elasticsearch/common/automaton/AutomatonTest levenshteinAutomatonMatchesBruteForce ()V 179 <appendix> argL4 form vmentry <vmtarget> ; # java/lang/invoke/LambdaForm$MH+0x000001f518348c00
instanceKlass  @bci com/naqqa/elasticsearch/common/automaton/AutomatonTest levenshteinAutomatonMatchesBruteForce ()V 179 <appendix> argL4 form names 7 function resolvedHandle form vmentry <vmtarget> ; # java/lang/invoke/LambdaForm$DMH+0x000001f518348800
# instanceKlass java/lang/invoke/LambdaForm$MH+0x000001f518348400
# instanceKlass java/lang/invoke/LambdaForm$MH+0x000001f518348000
# instanceKlass java/lang/invoke/LambdaForm$MH+0x000001f518345c00
# instanceKlass java/lang/invoke/LambdaForm$MH+0x000001f518345800
instanceKlass  @bci com/naqqa/elasticsearch/common/automaton/AutomatonTest levenshteinAutomatonMatchesBruteForce ()V 179 <appendix> form names 18 function resolvedHandle form vmentry <vmtarget> ; # java/lang/invoke/LambdaForm$DMH+0x000001f518345400
instanceKlass  @bci com/naqqa/elasticsearch/common/automaton/AutomatonTest levenshteinAutomatonMatchesBruteForce ()V 179 <appendix> argL1 form vmentry <vmtarget> ; # java/lang/invoke/LambdaForm$MH+0x000001f518345000
# instanceKlass java/lang/invoke/LambdaForm$MH+0x000001f518344c00
# instanceKlass java/lang/invoke/LambdaForm$MH+0x000001f518344800
# instanceKlass java/lang/invoke/LambdaForm$MH+0x000001f518344400
instanceKlass com/naqqa/elasticsearch/common/automaton/StringDistance
instanceKlass com/naqqa/elasticsearch/common/automaton/LevenshteinAutomata
instanceKlass jdk/internal/util/random/RandomSupport$AbstractSpliteratorGenerator
instanceKlass  @bci com/naqqa/elasticsearch/common/automaton/AutomatonTest compiledAutomatonIntersectsSortedTermSource ()V 166 <appendix> argL0 ; # com/naqqa/elasticsearch/common/automaton/AutomatonTest$$Lambda+0x000001f518347050
instanceKlass  @bci com/naqqa/elasticsearch/common/automaton/CompiledAutomaton intersect (Lcom/naqqa/elasticsearch/common/automaton/SortedTermSource;)Lcom/naqqa/elasticsearch/common/automaton/CompiledAutomaton$TermIterator; 87 <appendix> member <vmtarget> ; # com/naqqa/elasticsearch/common/automaton/CompiledAutomaton$$Lambda+0x000001f518346a00
instanceKlass com/naqqa/elasticsearch/common/automaton/CompiledAutomaton$TermIterator
instanceKlass com/naqqa/elasticsearch/common/automaton/AutomatonTermsEnum
instanceKlass com/naqqa/elasticsearch/common/automaton/Operations$StateSet
instanceKlass com/naqqa/elasticsearch/common/automaton/CompiledAutomaton
instanceKlass  @bci com/naqqa/elasticsearch/common/automaton/ArrayTermSource ofUnsorted ([[B)Lcom/naqqa/elasticsearch/common/automaton/ArrayTermSource; 9 <appendix> argL0 ; # com/naqqa/elasticsearch/common/automaton/ArrayTermSource$$Lambda+0x000001f5183437a8
instanceKlass com/naqqa/elasticsearch/common/automaton/ArrayTermSource
instanceKlass com/naqqa/elasticsearch/common/automaton/RunAutomaton
instanceKlass java/util/BitSet
instanceKlass  @bci com/naqqa/elasticsearch/common/automaton/Automaton sortState (I)V 279 <appendix> member <vmtarget> ; # com/naqqa/elasticsearch/common/automaton/Automaton$$Lambda+0x000001f518342ed8
instanceKlass  @bci com/naqqa/elasticsearch/common/automaton/Automaton sortState (I)V 77 <appendix> member <vmtarget> ; # com/naqqa/elasticsearch/common/automaton/Automaton$$Lambda+0x000001f518342c40
instanceKlass com/naqqa/elasticsearch/common/automaton/Operations
instanceKlass com/naqqa/elasticsearch/common/automaton/Automaton
instanceKlass com/naqqa/elasticsearch/common/automaton/Automata
instanceKlass  @bci com/naqqa/elasticsearch/common/automaton/RegExp toNfa (I)Lcom/naqqa/elasticsearch/common/automaton/Automaton; 278 <appendix> member <vmtarget> ; # com/naqqa/elasticsearch/common/automaton/RegExp$$Lambda+0x000001f518342408
instanceKlass  @cpi com/naqqa/elasticsearch/common/automaton/RegExp 613 form vmentry <vmtarget> ; # java/lang/invoke/LambdaForm$DMH+0x000001f518344000
instanceKlass com/naqqa/elasticsearch/common/automaton/RegExp
instanceKlass java/util/SplittableRandom
instanceKlass java/util/random/RandomGenerator$SplittableGenerator
instanceKlass java/util/random/RandomGenerator$StreamableGenerator
instanceKlass com/naqqa/elasticsearch/common/automaton/SortedTermSource
instanceKlass com/naqqa/elasticsearch/common/automaton/AutomatonTest
instanceKlass com/naqqa/elasticsearch/common/UUIDsTest
instanceKlass  @bci com/naqqa/elasticsearch/codec/terms/BlockTermDictTest corruptByteCausesChecksumFailureOnOpen ()V 219 <appendix> member <vmtarget> ; # com/naqqa/elasticsearch/codec/terms/BlockTermDictTest$$Lambda+0x000001f5183412f8
instanceKlass com/naqqa/elasticsearch/codec/terms/BlockTermDictTest
instanceKlass java/util/zip/Inflater$InflaterZStreamRef
instanceKlass java/util/zip/Inflater
instanceKlass java/util/zip/Deflater$DeflaterZStreamRef
instanceKlass java/util/zip/Deflater
instanceKlass  @bci com/naqqa/elasticsearch/codec/storedfields/StoredFieldsTest corruptByteCausesChecksumFailureOnOpen ()V 128 <appendix> member <vmtarget> ; # com/naqqa/elasticsearch/codec/storedfields/StoredFieldsTest$$Lambda+0x000001f518340ed8
instanceKlass com/naqqa/elasticsearch/codec/storedfields/StoredFieldsTest
instanceKlass com/naqqa/elasticsearch/codec/postings/PostingsTest
instanceKlass com/naqqa/elasticsearch/codec/points/BKDTest$1
instanceKlass com/naqqa/elasticsearch/codec/points/BKDTest
instanceKlass com/naqqa/elasticsearch/codec/fst/FSTTest
instanceKlass  @bci com/naqqa/elasticsearch/codec/docvalues/SortedDocValuesWriter write (Lcom/naqqa/elasticsearch/store/IndexOutput;I[[B)V 11 <appendix> argL0 ; # com/naqqa/elasticsearch/codec/docvalues/SortedDocValuesWriter$$Lambda+0x000001f518340200
instanceKlass com/naqqa/elasticsearch/codec/docvalues/SortedDocValuesWriter
instanceKlass com/naqqa/elasticsearch/codec/docvalues/SortedNumericDocValuesReader
instanceKlass com/naqqa/elasticsearch/codec/docvalues/SortedNumericDocValuesWriter
instanceKlass com/naqqa/elasticsearch/codec/docvalues/BinaryDocValuesReader
instanceKlass com/naqqa/elasticsearch/codec/docvalues/BinaryDocValuesWriter
instanceKlass com/naqqa/elasticsearch/codec/docvalues/DocValuesTest
instanceKlass com/naqqa/elasticsearch/codec/vectors/VectorsReader
instanceKlass com/naqqa/elasticsearch/codec/vectors/VectorsFormat
instanceKlass com/naqqa/elasticsearch/codec/termvectors/TermVectorsReader
instanceKlass  @bci com/naqqa/elasticsearch/codec/termvectors/TermVectorsWriter write (Lcom/naqqa/elasticsearch/store/IndexOutput;I[[Lcom/naqqa/elasticsearch/codec/termvectors/TermVectorTerm;)V 73 <appendix> argL0 ; # com/naqqa/elasticsearch/codec/termvectors/TermVectorsWriter$$Lambda+0x000001f51833ecb8
instanceKlass com/naqqa/elasticsearch/codec/termvectors/TermVectorsWriter
instanceKlass com/naqqa/elasticsearch/store/ByteBuffersDirectory$FileEntry
instanceKlass com/naqqa/elasticsearch/codec/MiscFormatsTest
instanceKlass com/naqqa/elasticsearch/codec/LZ4Test
instanceKlass  @bci com/naqqa/elasticsearch/codec/CodecIntegrationTest writesAndReadsBackAFullSegment ()V 135 <appendix> argL0 ; # com/naqqa/elasticsearch/codec/CodecIntegrationTest$$Lambda+0x000001f51833d2a0
instanceKlass com/naqqa/elasticsearch/codec/CodecIntegrationTest
instanceKlass com/naqqa/elasticsearch/codec/DirectReader
instanceKlass com/naqqa/elasticsearch/codec/CodecFoundationTest$1
instanceKlass com/naqqa/elasticsearch/codec/CodecFoundationTest
instanceKlass com/naqqa/elasticsearch/cluster/routing/allocation/decider/DiskThresholdDecider$Threshold
instanceKlass com/naqqa/elasticsearch/cluster/routing/allocation/DiskThresholdDeciderTest$FixedDiskUsageProvider
instanceKlass com/naqqa/elasticsearch/cluster/routing/allocation/DiskThresholdDeciderTest
instanceKlass  @bci com/naqqa/elasticsearch/cluster/node/DiscoveryNodes getDataNodes ()Ljava/util/List; 14 <appendix> argL0 ; # com/naqqa/elasticsearch/cluster/node/DiscoveryNodes$$Lambda+0x000001f518337aa8
instanceKlass com/naqqa/elasticsearch/cluster/routing/allocation/ClusterHealth
instanceKlass com/naqqa/elasticsearch/cluster/routing/allocation/ClusterHealthTest
instanceKlass  @bci com/naqqa/elasticsearch/cluster/routing/allocation/BalancedShardsAllocatorTest testSameShardDeciderRejectsSecondCopyOnSameNode ()V 89 <appendix> argL0 ; # com/naqqa/elasticsearch/cluster/routing/allocation/BalancedShardsAllocatorTest$$Lambda+0x000001f518337460
instanceKlass  @bci com/naqqa/elasticsearch/cluster/routing/allocation/BalancedShardsAllocatorTest testSameShardDeciderRejectsSecondCopyOnSameNode ()V 56 <appendix> argL0 ; # com/naqqa/elasticsearch/cluster/routing/allocation/BalancedShardsAllocatorTest$$Lambda+0x000001f518337218
instanceKlass  @bci com/naqqa/elasticsearch/cluster/routing/allocation/BalancedShardsAllocatorTest testPrimariesAndReplicasSpreadAcrossNodes ()V 225 <appendix> argL0 ; # com/naqqa/elasticsearch/cluster/routing/allocation/BalancedShardsAllocatorTest$$Lambda+0x000001f518336f88
instanceKlass  @bci com/naqqa/elasticsearch/cluster/routing/allocation/BalancedShardsAllocatorTest testPrimariesAndReplicasSpreadAcrossNodes ()V 188 <appendix> argL0 ; # com/naqqa/elasticsearch/cluster/routing/allocation/BalancedShardsAllocatorTest$$Lambda+0x000001f518336cf8
instanceKlass  @bci com/naqqa/elasticsearch/cluster/routing/allocation/BalancedShardsAllocatorTest testPrimariesAndReplicasSpreadAcrossNodes ()V 143 <appendix> argL0 ; # com/naqqa/elasticsearch/cluster/routing/allocation/BalancedShardsAllocatorTest$$Lambda+0x000001f518336ad0
instanceKlass  @bci com/naqqa/elasticsearch/cluster/routing/allocation/BalancedShardsAllocatorTest testBalancerSpreadsMultipleIndicesEvenly ()V 216 <appendix> argL0 ; # com/naqqa/elasticsearch/cluster/routing/allocation/BalancedShardsAllocatorTest$$Lambda+0x000001f518336840
instanceKlass  @bci java/util/function/BinaryOperator maxBy (Ljava/util/Comparator;)Ljava/util/function/BinaryOperator; 6 <appendix> member <vmtarget> ; # java/util/function/BinaryOperator$$Lambda+0x000001f5182e23e0
instanceKlass  @bci com/naqqa/elasticsearch/cluster/routing/allocation/BalancedShardsAllocatorTest testBalancerSpreadsMultipleIndicesEvenly ()V 179 <appendix> argL0 ; # com/naqqa/elasticsearch/cluster/routing/allocation/BalancedShardsAllocatorTest$$Lambda+0x000001f5183365b0
instanceKlass  @bci com/naqqa/elasticsearch/cluster/routing/allocation/BalancedShardsAllocatorTest testBalancerSpreadsMultipleIndicesEvenly ()V 153 <appendix> argL0 ; # com/naqqa/elasticsearch/cluster/routing/allocation/BalancedShardsAllocatorTest$$Lambda+0x000001f518336388
instanceKlass com/naqqa/elasticsearch/cluster/routing/allocation/BalancedShardsAllocatorTest
instanceKlass  @bci com/naqqa/elasticsearch/cluster/routing/allocation/AwarenessAllocationTest testAwarenessSpreadsShardsAcrossZones ()V 313 <appendix> argL0 ; # com/naqqa/elasticsearch/cluster/routing/allocation/AwarenessAllocationTest$$Lambda+0x000001f518335f60
instanceKlass com/naqqa/elasticsearch/cluster/routing/allocation/AwarenessAllocationTest
instanceKlass  @bci com/naqqa/elasticsearch/cluster/routing/allocation/command/CancelAllocationCommand execute (Lcom/naqqa/elasticsearch/cluster/routing/allocation/RoutingAllocation;)V 59 <appendix> member <vmtarget> ; # com/naqqa/elasticsearch/cluster/routing/allocation/command/CancelAllocationCommand$$Lambda+0x000001f518335b40
instanceKlass  @bci com/naqqa/elasticsearch/cluster/routing/allocation/command/CancelAllocationCommand execute (Lcom/naqqa/elasticsearch/cluster/routing/allocation/RoutingAllocation;)V 43 <appendix> member <vmtarget> ; # com/naqqa/elasticsearch/cluster/routing/allocation/command/CancelAllocationCommand$$Lambda+0x000001f5183358f0
instanceKlass  @bci com/naqqa/elasticsearch/cluster/routing/RoutingNodes completeRelocation (Lcom/naqqa/elasticsearch/cluster/routing/ShardRouting;)V 49 <appendix> member <vmtarget> ; # com/naqqa/elasticsearch/cluster/routing/RoutingNodes$$Lambda+0x000001f518335480
instanceKlass  @bci com/naqqa/elasticsearch/cluster/routing/RoutingNodes relocateShard (Lcom/naqqa/elasticsearch/cluster/routing/ShardRouting;Ljava/lang/String;J)Lcom/naqqa/elasticsearch/cluster/routing/ShardRouting; 89 <appendix> argL0 ; # com/naqqa/elasticsearch/cluster/routing/RoutingNodes$$Lambda+0x000001f518335248
instanceKlass  @bci com/naqqa/elasticsearch/cluster/routing/allocation/command/MoveAllocationCommand execute (Lcom/naqqa/elasticsearch/cluster/routing/allocation/RoutingAllocation;)V 59 <appendix> member <vmtarget> ; # com/naqqa/elasticsearch/cluster/routing/allocation/command/MoveAllocationCommand$$Lambda+0x000001f518334c48
instanceKlass  @bci com/naqqa/elasticsearch/cluster/routing/allocation/command/MoveAllocationCommand execute (Lcom/naqqa/elasticsearch/cluster/routing/allocation/RoutingAllocation;)V 43 <appendix> member <vmtarget> ; # com/naqqa/elasticsearch/cluster/routing/allocation/command/MoveAllocationCommand$$Lambda+0x000001f5183349f8
instanceKlass sun/util/resources/Bundles$2
instanceKlass sun/util/resources/LocaleData$LocaleDataResourceBundleProvider
instanceKlass java/util/spi/ResourceBundleProvider
instanceKlass  @bci com/naqqa/elasticsearch/cluster/routing/RoutingNodes toRoutingTable (Ljava/lang/String;J)Lcom/naqqa/elasticsearch/cluster/routing/RoutingTable; 197 <appendix> argL0 ; # com/naqqa/elasticsearch/cluster/routing/RoutingNodes$$Lambda+0x000001f518334398
instanceKlass  @bci com/naqqa/elasticsearch/cluster/routing/RoutingNodes toRoutingTable (Ljava/lang/String;J)Lcom/naqqa/elasticsearch/cluster/routing/RoutingTable; 176 <appendix> argL0 ; # com/naqqa/elasticsearch/cluster/routing/RoutingNodes$$Lambda+0x000001f518334160
instanceKlass  @bci com/naqqa/elasticsearch/cluster/routing/ShardRouting toString ()Ljava/lang/String; 33 <adapter> ; # java/lang/invoke/LambdaForm$MH+0x000001f51833bc00
# instanceKlass java/lang/invoke/LambdaForm$DMH+0x000001f51833b800
instanceKlass  @bci com/naqqa/elasticsearch/cluster/routing/ShardRouting toString ()Ljava/lang/String; 33 <appendix> form vmentry <vmtarget> ; # java/lang/invoke/LambdaForm$MH+0x000001f51833b400
# instanceKlass java/lang/invoke/LambdaForm$MH+0x000001f51833b000
# instanceKlass java/lang/invoke/LambdaForm$MH+0x000001f51833ac00
instanceKlass  @bci com/naqqa/elasticsearch/cluster/routing/ShardRouting toString ()Ljava/lang/String; 33 <appendix> form names 14 function resolvedHandle form vmentry <vmtarget> ; # java/lang/invoke/LambdaForm$DMH+0x000001f51833a800
instanceKlass  @bci com/naqqa/elasticsearch/cluster/routing/ShardRouting toString ()Ljava/lang/String; 33 <appendix> argL4 form vmentry <vmtarget> ; # java/lang/invoke/LambdaForm$MH+0x000001f51833a400
# instanceKlass java/lang/invoke/LambdaForm$MH+0x000001f51833a000
# instanceKlass java/lang/invoke/LambdaForm$MH+0x000001f518339c00
# instanceKlass java/lang/invoke/LambdaForm$MH+0x000001f518339800
# instanceKlass java/lang/invoke/LambdaForm$MH+0x000001f518339400
instanceKlass  @bci com/naqqa/elasticsearch/cluster/routing/ShardRouting toString ()Ljava/lang/String; 33 <appendix> form names 20 function resolvedHandle form vmentry <vmtarget> ; # java/lang/invoke/LambdaForm$DMH+0x000001f518339000
instanceKlass  @bci com/naqqa/elasticsearch/cluster/routing/ShardRouting toString ()Ljava/lang/String; 33 <appendix> argL1 form vmentry <vmtarget> ; # java/lang/invoke/LambdaForm$MH+0x000001f518338c00
# instanceKlass java/lang/invoke/LambdaForm$MH+0x000001f518338800
# instanceKlass java/lang/invoke/LambdaForm$MH+0x000001f518338400
# instanceKlass java/lang/invoke/LambdaForm$MH+0x000001f518338000
instanceKlass java/util/Formattable
instanceKlass java/util/Formatter$FixedString
instanceKlass com/naqqa/elasticsearch/cluster/routing/allocation/AllocationExplanation
instanceKlass com/naqqa/elasticsearch/cluster/routing/allocation/decider/DataTierAllocationDecider
instanceKlass com/naqqa/elasticsearch/cluster/routing/allocation/decider/NodeVersionAllocationDecider
instanceKlass com/naqqa/elasticsearch/cluster/routing/allocation/decider/ThrottlingAllocationDecider
instanceKlass com/naqqa/elasticsearch/cluster/routing/allocation/decider/DiskThresholdDecider
instanceKlass com/naqqa/elasticsearch/cluster/routing/allocation/decider/AwarenessAllocationDecider
instanceKlass com/naqqa/elasticsearch/cluster/support/AllocationTestSupport
instanceKlass com/naqqa/elasticsearch/cluster/routing/allocation/AllocationServiceTest
instanceKlass  @bci com/naqqa/elasticsearch/cluster/coordination/PersistedClusterStateTest testSaveAndLoadRoundTripsTermAndLastAcceptedState ()V 257 <appendix> argL0 ; # com/naqqa/elasticsearch/cluster/coordination/PersistedClusterStateTest$$Lambda+0x000001f518332d90
instanceKlass  @bci com/naqqa/elasticsearch/cluster/coordination/PersistedClusterStateTest testSaveAndLoadRoundTripsTermAndLastAcceptedState ()V 247 <appendix> argL0 ; # com/naqqa/elasticsearch/cluster/coordination/PersistedClusterStateTest$$Lambda+0x000001f518332b00
instanceKlass  @bci com/naqqa/elasticsearch/cluster/coordination/PersistedClusterStateTest testCoordinationStateReloadsPersistedTermAcrossRestart ()V 122 <appendix> argL0 ; # com/naqqa/elasticsearch/cluster/coordination/PersistedClusterStateTest$$Lambda+0x000001f5183328d8
instanceKlass  @bci com/naqqa/elasticsearch/cluster/coordination/PersistedClusterStateTest testCoordinationStateReloadsPersistedTermAcrossRestart ()V 112 <appendix> argL0 ; # com/naqqa/elasticsearch/cluster/coordination/PersistedClusterStateTest$$Lambda+0x000001f518332648
instanceKlass com/naqqa/elasticsearch/cluster/coordination/PersistedClusterStateTest
instanceKlass  @bci com/naqqa/elasticsearch/cluster/coordination/ClusterCoordinationSimulationTest testVotingOnlyNodeNeverBecomesLeaderButCountsTowardQuorum ()V 62 <appendix> argL0 ; # com/naqqa/elasticsearch/cluster/coordination/ClusterCoordinationSimulationTest$$Lambda+0x000001f518332200
instanceKlass  @bci com/naqqa/elasticsearch/cluster/coordination/ClusterCoordinationSimulationTest testVotingOnlyNodeNeverBecomesLeaderButCountsTowardQuorum ()V 40 <appendix> argL0 ; # com/naqqa/elasticsearch/cluster/coordination/ClusterCoordinationSimulationTest$$Lambda+0x000001f518331fb8
instanceKlass  @bci com/naqqa/elasticsearch/cluster/coordination/ClusterCoordinationSimulationTest testVotingConfigurationShrinksAndGrowsWithMembership ()V 251 <appendix> member <vmtarget> ; # com/naqqa/elasticsearch/cluster/coordination/ClusterCoordinationSimulationTest$$Lambda+0x000001f518331d70
instanceKlass  @bci com/naqqa/elasticsearch/cluster/coordination/ClusterCoordinationSimulationTest testVotingConfigurationShrinksAndGrowsWithMembership ()V 167 <appendix> argL0 ; # com/naqqa/elasticsearch/cluster/coordination/ClusterCoordinationSimulationTest$$Lambda+0x000001f518331b28
instanceKlass  @bci com/naqqa/elasticsearch/cluster/coordination/ClusterCoordinationSimulationTest testVotingConfigurationShrinksAndGrowsWithMembership ()V 29 <appendix> argL0 ; # com/naqqa/elasticsearch/cluster/coordination/ClusterCoordinationSimulationTest$$Lambda+0x000001f5183318e0
instanceKlass  @bci com/naqqa/elasticsearch/cluster/coordination/ClusterCoordinationSimulationTest testVotingConfigurationShrinksAndGrowsWithMembership ()V 13 <appendix> argL0 ; # com/naqqa/elasticsearch/cluster/coordination/ClusterCoordinationSimulationTest$$Lambda+0x000001f518331698
instanceKlass  @bci com/naqqa/elasticsearch/cluster/coordination/ClusterCoordinationSimulationTest testVotingConfigExclusionsAreCommittedByTheLeader ()V 147 <appendix> argL0 ; # com/naqqa/elasticsearch/cluster/coordination/ClusterCoordinationSimulationTest$$Lambda+0x000001f518331450
instanceKlass com/naqqa/elasticsearch/cluster/coordination/Coordinator$10
instanceKlass  @bci com/naqqa/elasticsearch/cluster/coordination/ClusterCoordinationSimulationTest testVotingConfigExclusionsAreCommittedByTheLeader ()V 29 <appendix> argL0 ; # com/naqqa/elasticsearch/cluster/coordination/ClusterCoordinationSimulationTest$$Lambda+0x000001f518330db8
instanceKlass  @bci com/naqqa/elasticsearch/cluster/coordination/ClusterCoordinationSimulationTest testVotingConfigExclusionsAreCommittedByTheLeader ()V 13 <appendix> argL0 ; # com/naqqa/elasticsearch/cluster/coordination/ClusterCoordinationSimulationTest$$Lambda+0x000001f518330b70
instanceKlass  @bci com/naqqa/elasticsearch/cluster/coordination/ClusterCoordinationSimulationTest testLeaderFailoverConvergesToNewStableLeader ()V 105 <appendix> argL0 ; # com/naqqa/elasticsearch/cluster/coordination/ClusterCoordinationSimulationTest$$Lambda+0x000001f518330928
instanceKlass  @bci com/naqqa/elasticsearch/cluster/coordination/ClusterCoordinationSimulationTest testLeaderFailoverConvergesToNewStableLeader ()V 68 <appendix> member <vmtarget> ; # com/naqqa/elasticsearch/cluster/coordination/ClusterCoordinationSimulationTest$$Lambda+0x000001f5183306d8
instanceKlass  @bci com/naqqa/elasticsearch/cluster/coordination/ClusterCoordinationSimulationTest testLeaderFailoverConvergesToNewStableLeader ()V 35 <appendix> argL0 ; # com/naqqa/elasticsearch/cluster/coordination/ClusterCoordinationSimulationTest$$Lambda+0x000001f518330490
instanceKlass  @bci com/naqqa/elasticsearch/cluster/coordination/ClusterCoordinationSimulationTest testLeaderFailoverConvergesToNewStableLeader ()V 13 <appendix> argL0 ; # com/naqqa/elasticsearch/cluster/coordination/ClusterCoordinationSimulationTest$$Lambda+0x000001f518330248
instanceKlass  @bci com/naqqa/elasticsearch/cluster/coordination/ClusterCoordinationSimulationTest testChaosWithDropsDelaysAndRestartsStillConverges ()V 168 <appendix> argL0 ; # com/naqqa/elasticsearch/cluster/coordination/ClusterCoordinationSimulationTest$$Lambda+0x000001f518330000
instanceKlass com/naqqa/elasticsearch/cluster/coordination/Coordinator$9
instanceKlass  @bci com/naqqa/elasticsearch/cluster/coordination/ClusterCoordinationSimulationTest testChaosWithDropsDelaysAndRestartsStillConverges ()V 13 <appendix> argL0 ; # com/naqqa/elasticsearch/cluster/coordination/ClusterCoordinationSimulationTest$$Lambda+0x000001f518329b00
instanceKlass com/naqqa/elasticsearch/cluster/coordination/Coordinator$8$1
instanceKlass com/naqqa/elasticsearch/cluster/coordination/Coordinator$8
instanceKlass com/naqqa/elasticsearch/cluster/state/ClusterStateDiff
instanceKlass com/naqqa/elasticsearch/cluster/coordination/Coordinator$7
instanceKlass com/naqqa/elasticsearch/cluster/coordination/Coordinator$6
instanceKlass com/naqqa/elasticsearch/cluster/coordination/Coordinator$5
instanceKlass com/naqqa/elasticsearch/cluster/coordination/LeaderChecker$1
instanceKlass  @bci com/naqqa/elasticsearch/cluster/coordination/ClusterCoordinationSimulationTest testBootstrapElectsSingleStableLeader ()V 42 <appendix> argL0 ; # com/naqqa/elasticsearch/cluster/coordination/ClusterCoordinationSimulationTest$$Lambda+0x000001f51832b5c0
instanceKlass  @bci com/naqqa/elasticsearch/cluster/support/ClusterSimulationHarness recordLeaders ()V 52 <appendix> argL0 ; # com/naqqa/elasticsearch/cluster/support/ClusterSimulationHarness$$Lambda+0x000001f51832b388
instanceKlass com/naqqa/elasticsearch/cluster/coordination/FollowersChecker$1
instanceKlass com/naqqa/elasticsearch/cluster/coordination/Coordinator$4
instanceKlass  @bci com/naqqa/elasticsearch/cluster/coordination/FollowersChecker setFollowers (Ljava/util/Set;)V 58 <appendix> member <vmtarget> ; # com/naqqa/elasticsearch/cluster/coordination/FollowersChecker$$Lambda+0x000001f51832aac0
instanceKlass com/naqqa/elasticsearch/cluster/coordination/FollowersChecker$FollowerState
instanceKlass com/naqqa/elasticsearch/cluster/coordination/Coordinator$2
instanceKlass com/naqqa/elasticsearch/cluster/coordination/Coordinator$1
instanceKlass  @bci com/naqqa/elasticsearch/cluster/support/FakeNetwork sendBack (Lcom/naqqa/elasticsearch/cluster/node/DiscoveryNode;Lcom/naqqa/elasticsearch/cluster/node/DiscoveryNode;[BZLcom/naqqa/elasticsearch/cluster/discovery/ClusterTransport$TransportResponseHandler;)V 104 <adapter> ; # java/lang/invoke/LambdaForm$MH+0x000001f518328c00
instanceKlass  @bci com/naqqa/elasticsearch/cluster/support/FakeNetwork sendBack (Lcom/naqqa/elasticsearch/cluster/node/DiscoveryNode;Lcom/naqqa/elasticsearch/cluster/node/DiscoveryNode;[BZLcom/naqqa/elasticsearch/cluster/discovery/ClusterTransport$TransportResponseHandler;)V 104 <appendix> form vmentry <vmtarget> ; # java/lang/invoke/LambdaForm$DMH+0x000001f518328800
instanceKlass  @bci com/naqqa/elasticsearch/cluster/support/FakeNetwork sendBack (Lcom/naqqa/elasticsearch/cluster/node/DiscoveryNode;Lcom/naqqa/elasticsearch/cluster/node/DiscoveryNode;[BZLcom/naqqa/elasticsearch/cluster/discovery/ClusterTransport$TransportResponseHandler;)V 104 <appendix> member <vmtarget> ; # com/naqqa/elasticsearch/cluster/support/FakeNetwork$$Lambda+0x000001f51832fb00
instanceKlass  @cpi com/naqqa/elasticsearch/cluster/support/FakeNetwork 304 form vmentry <vmtarget> ; # java/lang/invoke/LambdaForm$DMH+0x000001f518328400
instanceKlass com/naqqa/elasticsearch/cluster/support/FakeNetwork$FakeChannel
instanceKlass  @bci com/naqqa/elasticsearch/cluster/support/FakeNetwork send (Lcom/naqqa/elasticsearch/cluster/node/DiscoveryNode;Lcom/naqqa/elasticsearch/cluster/node/DiscoveryNode;Ljava/lang/String;[BLcom/naqqa/elasticsearch/cluster/discovery/ClusterTransport$TransportResponseHandler;)V 107 <appendix> member <vmtarget> ; # com/naqqa/elasticsearch/cluster/support/FakeNetwork$$Lambda+0x000001f51832f498
instanceKlass com/naqqa/elasticsearch/cluster/discovery/PeerFinder$1
instanceKlass  @bci com/naqqa/elasticsearch/cluster/support/FakeNetwork advanceTo (J)V 9 <appendix> argL0 ; # com/naqqa/elasticsearch/cluster/support/FakeNetwork$$Lambda+0x000001f51832edb0
instanceKlass  @bci com/naqqa/elasticsearch/cluster/coordination/ClusterCoordinationSimulationTest testBootstrapElectsSingleStableLeader ()V 11 <appendix> argL0 ; # com/naqqa/elasticsearch/cluster/coordination/ClusterCoordinationSimulationTest$$Lambda+0x000001f51832e960
instanceKlass com/naqqa/elasticsearch/cluster/support/FakeTransport
instanceKlass com/naqqa/elasticsearch/cluster/support/FakeNetwork
instanceKlass com/naqqa/elasticsearch/cluster/support/ClusterSimulationHarness
instanceKlass com/naqqa/elasticsearch/cluster/coordination/ClusterCoordinationSimulationTest
instanceKlass com/naqqa/elasticsearch/bench/amazon/AmazonCsvReaderTest
instanceKlass  @bci com/naqqa/elasticsearch/node/action/NodeDocumentActionService get (Lcom/naqqa/elasticsearch/rest/document/DocumentActionService$GetRequest;)Ljava/util/concurrent/CompletableFuture; 7 <appendix> member <vmtarget> ; # com/naqqa/elasticsearch/node/action/NodeDocumentActionService$$Lambda+0x000001f51832dae8
instanceKlass com/naqqa/elasticsearch/bench/amazon/AmazonQueryExtras
instanceKlass com/naqqa/elasticsearch/bench/amazon/AmazonQueries
instanceKlass  @bci com/naqqa/elasticsearch/node/action/NodeSearchActionService count (Ljava/util/List;Ljava/util/Map;Ljava/util/Map;)Ljava/util/concurrent/CompletableFuture; 5 <appendix> member <vmtarget> ; # com/naqqa/elasticsearch/node/action/NodeSearchActionService$$Lambda+0x000001f51832d0b8
instanceKlass com/naqqa/elasticsearch/cluster/state/ClusterBlocks$Builder
instanceKlass  @bci com/naqqa/elasticsearch/node/indices/MetadataIndexService putSettings (Ljava/util/List;Ljava/util/Map;)V 174 <appendix> member <vmtarget> ; # com/naqqa/elasticsearch/node/indices/MetadataIndexService$$Lambda+0x000001f51832cc58
instanceKlass  @bci com/naqqa/elasticsearch/node/action/NodeIndexAdminActionService putSettings (Ljava/util/List;Ljava/util/Map;)Ljava/util/concurrent/CompletableFuture; 4 <appendix> member <vmtarget> ; # com/naqqa/elasticsearch/node/action/NodeIndexAdminActionService$$Lambda+0x000001f51832ca38
instanceKlass com/naqqa/elasticsearch/bench/amazon/AmazonDocBuilder
instanceKlass  @bci com/naqqa/elasticsearch/bench/amazon/AmazonGroundTruth accumulate (Lcom/naqqa/elasticsearch/bench/amazon/AmazonProduct;)V 217 <appendix> argL0 ; # com/naqqa/elasticsearch/bench/amazon/AmazonGroundTruth$$Lambda+0x000001f51832c408
instanceKlass com/naqqa/elasticsearch/bench/amazon/AmazonProductParser
instanceKlass com/naqqa/elasticsearch/bench/amazon/AmazonCsvReader
instanceKlass  @bci com/naqqa/elasticsearch/bench/amazon/AmazonBulkLoader load (Lcom/naqqa/elasticsearch/bench/BenchHttpClient;Ljava/lang/String;Ljava/nio/file/Path;IIJ)Lcom/naqqa/elasticsearch/bench/amazon/AmazonLoadResult; 115 <appendix> member <vmtarget> ; # com/naqqa/elasticsearch/bench/amazon/AmazonBulkLoader$$Lambda+0x000001f518327a18
instanceKlass com/naqqa/elasticsearch/bench/amazon/AmazonGroundTruth
instanceKlass com/naqqa/elasticsearch/bench/amazon/AmazonBulkLoader
# instanceKlass java/lang/invoke/LambdaForm$MH+0x000001f518328000
instanceKlass com/naqqa/elasticsearch/bench/amazon/AmazonMapping
# instanceKlass java/lang/invoke/LambdaForm$DMH+0x000001f518326c00
instanceKlass com/naqqa/elasticsearch/bench/amazon/AmazonBenchmarkSmokeTest
instanceKlass  @bci com/naqqa/elasticsearch/search/aggs/support/DoubleValuesSource of (Lcom/naqqa/elasticsearch/search/aggs/support/LongValuesSource;Z)Lcom/naqqa/elasticsearch/search/aggs/support/DoubleValuesSource; 17 <appendix> argL0 ; # com/naqqa/elasticsearch/search/aggs/support/DoubleValuesSource$$Lambda+0x000001f518323ca0
instanceKlass  @bci com/naqqa/elasticsearch/bench/WikiTrack docSource ()Lcom/naqqa/elasticsearch/bench/BulkIndexer$DocSource; 1 <appendix> member <vmtarget> ; # com/naqqa/elasticsearch/bench/WikiTrack$$Lambda+0x000001f518323a80
instanceKlass com/naqqa/elasticsearch/bench/WikiTrack
instanceKlass com/naqqa/elasticsearch/bench/WikiTrackEndToEndTest
# instanceKlass java/lang/invoke/LambdaForm$MH+0x000001f518326800
# instanceKlass java/lang/invoke/LambdaForm$MH+0x000001f518326400
# instanceKlass java/lang/invoke/LambdaForm$MH+0x000001f518326000
# instanceKlass java/lang/invoke/LambdaForm$DMH+0x000001f518325c00
# instanceKlass java/lang/invoke/LambdaForm$MH+0x000001f518325800
# instanceKlass java/lang/invoke/LambdaForm$MH+0x000001f518325400
# instanceKlass java/lang/invoke/LambdaForm$MH+0x000001f518325000
# instanceKlass java/lang/invoke/LambdaForm$MH+0x000001f518324c00
# instanceKlass java/lang/invoke/LambdaForm$MH+0x000001f518324800
# instanceKlass java/lang/invoke/LambdaForm$MH+0x000001f518324400
# instanceKlass java/lang/invoke/LambdaForm$MH+0x000001f518324000
instanceKlass com/naqqa/elasticsearch/bench/WikiLikeDatasetTest
instanceKlass  @bci com/naqqa/elasticsearch/node/action/NodeSearchActionService clearScroll (Ljava/util/List;)Ljava/util/concurrent/CompletableFuture; 3 <appendix> member <vmtarget> ; # com/naqqa/elasticsearch/node/action/NodeSearchActionService$$Lambda+0x000001f518322fc8
instanceKlass  @bci com/naqqa/elasticsearch/node/action/NodeSearchActionService scroll (Ljava/lang/String;Ljava/lang/String;)Ljava/util/concurrent/CompletableFuture; 4 <appendix> member <vmtarget> ; # com/naqqa/elasticsearch/node/action/NodeSearchActionService$$Lambda+0x000001f518322da8
instanceKlass com/naqqa/elasticsearch/search/advanced/pagination/SearchAfterCollector$Entry
instanceKlass com/naqqa/elasticsearch/search/advanced/pagination/SearchAfterCollector$3
instanceKlass com/naqqa/elasticsearch/search/advanced/pagination/SearchAfterCollector$2
instanceKlass  @bci com/naqqa/elasticsearch/search/advanced/pagination/SearchAfterCollector <init> (Lcom/naqqa/elasticsearch/search/execution/Sort;ILcom/naqqa/elasticsearch/search/advanced/pagination/FieldDoc;)V 34 <appendix> argL0 ; # com/naqqa/elasticsearch/search/advanced/pagination/SearchAfterCollector$$Lambda+0x000001f518321718
instanceKlass com/naqqa/elasticsearch/search/advanced/pagination/SearchAfterCollector
instanceKlass com/naqqa/elasticsearch/search/advanced/pagination/Pagination
instanceKlass com/naqqa/elasticsearch/search/advanced/pagination/ScrollContext
instanceKlass java/util/UUID$Holder
instanceKlass java/util/UUID
instanceKlass  @bci com/naqqa/elasticsearch/search/advanced/pagination/ScrollService openFrom (Lcom/naqqa/elasticsearch/search/execution/IndexSearcher;Lcom/naqqa/elasticsearch/search/query/Query;Lcom/naqqa/elasticsearch/search/execution/Sort;IJ)Lcom/naqqa/elasticsearch/search/advanced/pagination/ScrollContext$ScrollPage; 8 <appendix> argL0 ; # com/naqqa/elasticsearch/search/advanced/pagination/ScrollService$$Lambda+0x000001f518320c58
instanceKlass com/naqqa/elasticsearch/node/search/MultiShardSearcher
instanceKlass  @bci com/naqqa/elasticsearch/http/QueryStringParser parse (Ljava/lang/String;)Ljava/util/Map; 126 <appendix> argL0 ; # com/naqqa/elasticsearch/http/QueryStringParser$$Lambda+0x000001f5183207e8
instanceKlass com/naqqa/elasticsearch/search/aggs/support/sketch/TDigest
instanceKlass  @bci com/naqqa/elasticsearch/search/aggs/support/DoubleValuesSource of (Lcom/naqqa/elasticsearch/search/aggs/support/LongValuesSource;Z)Lcom/naqqa/elasticsearch/search/aggs/support/DoubleValuesSource; 9 <appendix> argL0 ; # com/naqqa/elasticsearch/search/aggs/support/DoubleValuesSource$$Lambda+0x000001f51831fac0
instanceKlass com/naqqa/elasticsearch/action/search/AggsPhase$ShardAggregations
instanceKlass com/naqqa/elasticsearch/search/bridge/geo/GeoDistanceQuery$1
instanceKlass java/lang/FdLibm$Asin
instanceKlass com/naqqa/elasticsearch/common/geo/GeoRelations
instanceKlass com/naqqa/elasticsearch/common/geo/geometry/Circle
instanceKlass com/naqqa/elasticsearch/common/geo/geometry/Rectangle
instanceKlass com/naqqa/elasticsearch/common/geo/geometry/Geometry
instanceKlass com/naqqa/elasticsearch/common/time/DateMathParser
instanceKlass  @bci com/naqqa/elasticsearch/bench/TaxiTrack queryOps (Ljava/lang/String;JLjava/util/Map;)Ljava/util/List; 180 <adapter> ; # java/lang/invoke/LambdaForm$MH+0x000001f51831bc00
# instanceKlass java/lang/invoke/LambdaForm$DMH+0x000001f51831b800
instanceKlass  @bci com/naqqa/elasticsearch/bench/TaxiTrack queryOps (Ljava/lang/String;JLjava/util/Map;)Ljava/util/List; 180 <appendix> form vmentry <vmtarget> ; # java/lang/invoke/LambdaForm$MH+0x000001f51831b400
instanceKlass com/naqqa/elasticsearch/search/bridge/geo/AbstractGeoPointQuery$1
instanceKlass com/naqqa/elasticsearch/codec/points/IntersectVisitor
instanceKlass  @bci jdk/internal/net/http/HttpClientImpl$DelegatingExecutor shutdown ()V 18 <appendix> member <vmtarget> ; # jdk/internal/net/http/HttpClientImpl$DelegatingExecutor$$Lambda+0x000001f518314ae8
instanceKlass java/util/concurrent/ConcurrentSkipListMap$Iter
instanceKlass  @bci jdk/internal/net/http/HttpClientImpl stop ()V 23 <appendix> member <vmtarget> ; # jdk/internal/net/http/HttpClientImpl$$Lambda+0x000001f5183148b8
instanceKlass  @bci jdk/internal/net/http/Http2ClientImpl stop ()V 87 <appendix> member <vmtarget> ; # jdk/internal/net/http/Http2ClientImpl$$Lambda+0x000001f518314688
instanceKlass  @bci jdk/internal/net/http/ConnectionPool stop ()V 88 <appendix> member <vmtarget> ; # jdk/internal/net/http/ConnectionPool$$Lambda+0x000001f518314458
instanceKlass  @bci jdk/internal/net/http/ConnectionPool stop ()V 23 <appendix> argL0 ; # jdk/internal/net/http/ConnectionPool$$Lambda+0x000001f518314220
instanceKlass java/util/LinkedList$LLSpliterator
instanceKlass java/util/concurrent/locks/ReentrantReadWriteLock$Sync$HoldCounter
instanceKlass com/naqqa/elasticsearch/common/geo/GeoUtils
instanceKlass com/naqqa/elasticsearch/common/geo/GeoPointParser
instanceKlass com/naqqa/elasticsearch/common/geo/GeoPoint
instanceKlass  @bci com/naqqa/elasticsearch/bench/TaxiTrack docSource ()Lcom/naqqa/elasticsearch/bench/BulkIndexer$DocSource; 1 <appendix> member <vmtarget> ; # com/naqqa/elasticsearch/bench/TaxiTrack$$Lambda+0x000001f51831c858
instanceKlass com/naqqa/elasticsearch/bench/TaxiTrack
instanceKlass com/naqqa/elasticsearch/bench/TaxiTrackEndToEndTest
# instanceKlass java/lang/invoke/LambdaForm$MH+0x000001f51831b000
# instanceKlass java/lang/invoke/LambdaForm$MH+0x000001f51831ac00
# instanceKlass java/lang/invoke/LambdaForm$MH+0x000001f51831a800
# instanceKlass java/lang/invoke/LambdaForm$DMH+0x000001f51831a400
# instanceKlass java/lang/invoke/LambdaForm$MH+0x000001f51831a000
# instanceKlass java/lang/invoke/LambdaForm$MH+0x000001f518319c00
# instanceKlass java/lang/invoke/LambdaForm$MH+0x000001f518319800
# instanceKlass java/lang/invoke/LambdaForm$MH+0x000001f518319400
# instanceKlass java/lang/invoke/LambdaForm$MH+0x000001f518319000
# instanceKlass java/lang/invoke/LambdaForm$MH+0x000001f518318c00
# instanceKlass java/lang/invoke/LambdaForm$DMH+0x000001f518318800
# instanceKlass java/lang/invoke/LambdaForm$MH+0x000001f518318400
instanceKlass java/lang/FdLibm$Atan
instanceKlass java/lang/FdLibm
instanceKlass java/lang/FdLibm$Atan2
instanceKlass com/naqqa/elasticsearch/bench/dataset/TaxiLikeDataset
instanceKlass com/naqqa/elasticsearch/bench/TaxiLikeDatasetTest
instanceKlass  @bci com/naqqa/elasticsearch/bench/EmbeddedNode deleteRecursively (Ljava/nio/file/Path;)V 34 <appendix> argL0 ; # com/naqqa/elasticsearch/bench/EmbeddedNode$$Lambda+0x000001f518313a98
instanceKlass com/naqqa/elasticsearch/node/cluster/TransportClusterTransport
# instanceKlass java/lang/invoke/LambdaForm$MH+0x000001f518318000
instanceKlass com/naqqa/elasticsearch/index/translog/Checkpoint
instanceKlass  @bci com/naqqa/elasticsearch/node/indices/IndicesService removeIndex (Ljava/lang/String;Z)V 114 <appendix> member <vmtarget> ; # com/naqqa/elasticsearch/node/indices/IndicesService$$Lambda+0x000001f518312fd8
instanceKlass  @bci com/naqqa/elasticsearch/node/indices/IndicesService removeIndex (Ljava/lang/String;Z)V 29 <appendix> member <vmtarget> ; # com/naqqa/elasticsearch/node/indices/IndicesService$$Lambda+0x000001f518312d88
instanceKlass  @bci java/util/concurrent/ThreadPerTaskExecutor tryShutdownAndTerminate (Z)V 24 <appendix> argL0 ; # java/util/concurrent/ThreadPerTaskExecutor$$Lambda+0x000001f5182dfa20
instanceKlass  @bci jdk/internal/net/http/SocketTube$InternalWriteSubscriber signalError (Ljava/lang/Throwable;)V 8 <appendix> member <vmtarget> ; # jdk/internal/net/http/SocketTube$InternalWriteSubscriber$$Lambda+0x000001f518314000
instanceKlass  @bci jdk/internal/net/http/SocketTube$SocketFlowEvent abort (Ljava/io/IOException;)V 6 <appendix> member <vmtarget> ; # jdk/internal/net/http/SocketTube$SocketFlowEvent$$Lambda+0x000001f5182afde0
instanceKlass  @bci jdk/internal/net/http/SocketTube$InternalReadPublisher$InternalReadSubscription pauseReadEvent ()V 47 <appendix> member <vmtarget> ; # jdk/internal/net/http/SocketTube$InternalReadPublisher$InternalReadSubscription$$Lambda+0x000001f5182af9c0
instanceKlass  @bci com/naqqa/elasticsearch/search/highlight/FragmentBuilder mergeSpans (Ljava/util/List;II)Ljava/util/List; 91 <appendix> argL0 ; # com/naqqa/elasticsearch/search/highlight/FragmentBuilder$$Lambda+0x000001f518312af8
instanceKlass  @bci com/naqqa/elasticsearch/search/highlight/FragmentBuilder buildFragments (Ljava/lang/String;Ljava/util/List;Lcom/naqqa/elasticsearch/search/highlight/HighlightRequest;)Ljava/util/List; 116 <appendix> argL0 ; # com/naqqa/elasticsearch/search/highlight/FragmentBuilder$$Lambda+0x000001f518312868
instanceKlass  @bci com/naqqa/elasticsearch/search/highlight/FragmentBuilder buildFragments (Ljava/lang/String;Ljava/util/List;Lcom/naqqa/elasticsearch/search/highlight/HighlightRequest;)Ljava/util/List; 71 <appendix> argL0 ; # com/naqqa/elasticsearch/search/highlight/FragmentBuilder$$Lambda+0x000001f5183125d8
instanceKlass com/naqqa/elasticsearch/search/highlight/FragmentBuilder$Fragment
instanceKlass java/text/StringCharacterIterator
instanceKlass java/text/CharacterIterator
instanceKlass java/text/BreakIterator$BreakIteratorCache
instanceKlass sun/text/SupplementaryCharacterData
instanceKlass sun/text/CompactByteArray
instanceKlass  @bci jdk/internal/module/SystemModuleFinders$SystemModuleReader open (Ljava/lang/String;)Ljava/util/Optional; 6 <appendix> member <vmtarget> ; # jdk/internal/module/SystemModuleFinders$SystemModuleReader$$Lambda+0x000001f5182deab0
instanceKlass  @bci sun/util/resources/BreakIteratorResourceBundle getResourceAsStream (Ljava/lang/String;)Ljava/io/InputStream; 2 <appendix> member <vmtarget> ; # sun/util/resources/BreakIteratorResourceBundle$$Lambda+0x000001f5182de890
instanceKlass  @bci sun/util/locale/provider/JRELocaleProviderAdapter getBreakIteratorProvider ()Ljava/text/spi/BreakIteratorProvider; 8 <appendix> member <vmtarget> ; # sun/util/locale/provider/JRELocaleProviderAdapter$$Lambda+0x000001f5182ddd28
instanceKlass java/text/BreakIterator
instanceKlass com/naqqa/elasticsearch/search/highlight/FragmentBuilder
instanceKlass  @bci com/naqqa/elasticsearch/search/highlight/MatchExtractor fromAnalysis (Lcom/naqqa/elasticsearch/analysis/Analyzer;Ljava/lang/String;Ljava/lang/String;Lcom/naqqa/elasticsearch/search/highlight/HighlightRequest;)Ljava/util/List; 146 <appendix> argL0 ; # com/naqqa/elasticsearch/search/highlight/MatchExtractor$$Lambda+0x000001f518311f40
instanceKlass com/naqqa/elasticsearch/search/highlight/Match
instanceKlass com/naqqa/elasticsearch/search/highlight/MatchExtractor
instanceKlass com/naqqa/elasticsearch/node/search/HighlightPhase$ValueHitContext
instanceKlass com/naqqa/elasticsearch/search/highlight/HighlightRequest
instanceKlass com/naqqa/elasticsearch/search/highlight/UnifiedHighlighter
instanceKlass  @bci com/naqqa/elasticsearch/node/search/HighlightPhase$Terms add (Ljava/lang/String;Ljava/lang/String;)V 5 <appendix> argL0 ; # com/naqqa/elasticsearch/node/search/HighlightPhase$Terms$$Lambda+0x000001f518310e78
instanceKlass com/naqqa/elasticsearch/node/search/HighlightPhase$Terms
instanceKlass  @bci com/naqqa/elasticsearch/node/search/FieldValues flattenValue (Ljava/lang/String;Ljava/lang/Object;Ljava/util/Map;)V 81 <appendix> argL0 ; # com/naqqa/elasticsearch/node/search/FieldValues$$Lambda+0x000001f518310a38
instanceKlass com/naqqa/elasticsearch/search/highlight/HitContext
instanceKlass com/naqqa/elasticsearch/search/highlight/Highlighter
instanceKlass com/naqqa/elasticsearch/node/search/HighlightPhase
instanceKlass com/naqqa/elasticsearch/search/query/TwoPhaseIterator
instanceKlass  @bci com/naqqa/elasticsearch/search/query/PhraseQuery createWeight (Lcom/naqqa/elasticsearch/search/execution/IndexSearcher;Lcom/naqqa/elasticsearch/search/query/ScoreMode;F)Lcom/naqqa/elasticsearch/search/query/Weight; 92 <appendix> argL0 ; # com/naqqa/elasticsearch/search/query/PhraseQuery$$Lambda+0x000001f518309a30
instanceKlass com/naqqa/elasticsearch/search/query/PrefixQuery$PrefixTermsEnum
instanceKlass  @bci com/naqqa/elasticsearch/node/search/SuggestPhase completion (Ljava/util/List;Ljava/lang/String;Ljava/util/Map;)Ljava/util/List; 546 <appendix> argL0 ; # com/naqqa/elasticsearch/node/search/SuggestPhase$$Lambda+0x000001f51830bb18
instanceKlass com/naqqa/elasticsearch/search/suggest/completion/CompletionEntry$Input
instanceKlass  @bci com/naqqa/elasticsearch/search/suggest/completion/CompletionSuggester <init> (Ljava/util/List;)V 81 <appendix> argL0 ; # com/naqqa/elasticsearch/search/suggest/completion/CompletionSuggester$$Lambda+0x000001f51830b268
instanceKlass  @bci com/naqqa/elasticsearch/search/suggest/completion/CompletionSuggester <clinit> ()V 13 <appendix> argL0 ; # com/naqqa/elasticsearch/search/suggest/completion/CompletionSuggester$$Lambda+0x000001f51830ae40
instanceKlass  @bci com/naqqa/elasticsearch/search/suggest/completion/CompletionSuggester <clinit> ()V 0 <appendix> argL0 ; # com/naqqa/elasticsearch/search/suggest/completion/CompletionSuggester$$Lambda+0x000001f51830ac28
instanceKlass com/naqqa/elasticsearch/search/suggest/completion/CompletionSuggester
instanceKlass com/naqqa/elasticsearch/search/suggest/completion/CompletionSegmentIndex
instanceKlass com/naqqa/elasticsearch/node/search/SuggestPhase
# instanceKlass java/lang/invoke/LambdaForm$DMH+0x000001f518309000
# instanceKlass java/lang/invoke/LambdaForm$DMH+0x000001f518308c00
instanceKlass jdk/internal/math/FormattedFPDecimal
instanceKlass com/naqqa/elasticsearch/node/search/QueryPhase$Candidate
instanceKlass com/naqqa/elasticsearch/node/search/QueryPhase$1
instanceKlass com/naqqa/elasticsearch/node/search/QueryPhase$ShardResult
instanceKlass com/naqqa/elasticsearch/node/search/QueryPhase
instanceKlass com/naqqa/elasticsearch/node/search/QueryPhase$Options
instanceKlass  @bci com/naqqa/elasticsearch/node/search/SearchExecutor execute (Ljava/util/List;Ljava/util/Map;Lcom/naqqa/elasticsearch/node/search/SearchSpec;Ljava/util/Map;)Ljava/util/Map; 161 <appendix> member <vmtarget> ; # com/naqqa/elasticsearch/node/search/SearchExecutor$$Lambda+0x000001f51830f5d0
instanceKlass com/naqqa/elasticsearch/node/search/FieldValues
instanceKlass  @bci com/naqqa/elasticsearch/node/search/ShardTarget fieldType (Ljava/lang/String;)Lcom/naqqa/elasticsearch/node/search/QueryFactory$FieldType; 6 <appendix> member <vmtarget> ; # com/naqqa/elasticsearch/node/search/ShardTarget$$Lambda+0x000001f51830ed60
instanceKlass com/naqqa/elasticsearch/node/search/SearchEngine$1
instanceKlass com/naqqa/elasticsearch/search/advanced/common/SegmentReaderLeafAdapter
instanceKlass com/naqqa/elasticsearch/node/search/ShardTarget
instanceKlass com/naqqa/elasticsearch/node/search/QueryPhase$Sorter
instanceKlass com/naqqa/elasticsearch/script/DocLookup
instanceKlass com/naqqa/elasticsearch/node/search/SearchExecutor
instanceKlass jdk/internal/math/FDBigInteger
instanceKlass com/naqqa/elasticsearch/search/aggs/bucket/range/RangeBucket
instanceKlass com/naqqa/elasticsearch/common/bytes/BytesRef
instanceKlass  @bci com/naqqa/elasticsearch/search/aggs/support/DoubleValuesSource sortableFloat (Lcom/naqqa/elasticsearch/search/aggs/support/LongValuesSource;)Lcom/naqqa/elasticsearch/search/aggs/support/DoubleValuesSource; 5 <appendix> argL0 ; # com/naqqa/elasticsearch/search/aggs/support/DoubleValuesSource$$Lambda+0x000001f51830d140
instanceKlass  @cpi com/naqqa/elasticsearch/search/aggs/support/DoubleValuesSource 81 form vmentry <vmtarget> ; # java/lang/invoke/LambdaForm$DMH+0x000001f518308800
instanceKlass  @bci com/naqqa/elasticsearch/search/aggs/support/DoubleValuesSource scaled (Lcom/naqqa/elasticsearch/search/aggs/support/LongValuesSource;D)Lcom/naqqa/elasticsearch/search/aggs/support/DoubleValuesSource; 18 <appendix> member <vmtarget> ; # com/naqqa/elasticsearch/search/aggs/support/DoubleValuesSource$$Lambda+0x000001f51830cd20
instanceKlass  @cpi com/naqqa/elasticsearch/search/aggs/support/DoubleValuesSource 91 form vmentry <vmtarget> ; # java/lang/invoke/LambdaForm$DMH+0x000001f518308400
instanceKlass java/util/function/LongToDoubleFunction
instanceKlass com/naqqa/elasticsearch/search/aggs/support/DoubleValuesSource
instanceKlass com/naqqa/elasticsearch/search/aggs/support/DocValuesAdapters$4
instanceKlass com/naqqa/elasticsearch/search/bridge/FieldExistsQuery$1
instanceKlass  @bci com/naqqa/elasticsearch/search/query/ConjunctionUtil intersect (Ljava/util/List;)Lcom/naqqa/elasticsearch/codec/DocIdSetIterator; 50 <appendix> argL0 ; # com/naqqa/elasticsearch/search/query/ConjunctionUtil$$Lambda+0x000001f51830c000
instanceKlass  @cpi com/naqqa/elasticsearch/search/query/ConjunctionUtil 75 form vmentry <vmtarget> ; # java/lang/invoke/LambdaForm$DMH+0x000001f518308000
instanceKlass com/naqqa/elasticsearch/search/query/ConjunctionUtil
instanceKlass com/naqqa/elasticsearch/search/advanced/common/QueryBuilderToQuery$1
instanceKlass com/naqqa/elasticsearch/common/unit/Fuzziness
instanceKlass com/naqqa/elasticsearch/bench/QueryBenchRunner$1
instanceKlass com/naqqa/elasticsearch/bench/QueryBenchRunner
instanceKlass com/naqqa/elasticsearch/bench/QueryOp
instanceKlass  @bci com/naqqa/elasticsearch/action/search/LocalSearchExecutor searchOpen (Ljava/util/Map;Lcom/naqqa/elasticsearch/action/search/SearchRequest;Ljava/util/function/Function;)Lcom/naqqa/elasticsearch/action/search/SearchResponse; 605 <appendix> member <vmtarget> ; # com/naqqa/elasticsearch/action/search/LocalSearchExecutor$$Lambda+0x000001f5182be798
instanceKlass com/naqqa/elasticsearch/common/util/FixedBitSet
instanceKlass com/naqqa/elasticsearch/action/search/SegmentOwnership
instanceKlass  @bci com/naqqa/elasticsearch/action/search/LocalSearchExecutor mergedFieldTypes (Ljava/util/Map;)Ljava/util/function/Function; 80 <appendix> member <vmtarget> ; # com/naqqa/elasticsearch/action/search/LocalSearchExecutor$$Lambda+0x000001f5182bd3e0
instanceKlass com/naqqa/elasticsearch/action/search/LocalSearchExecutor
instanceKlass  @bci com/naqqa/elasticsearch/search/execution/TopScoreDocCollectorManager reduce (Ljava/util/Collection;)Lcom/naqqa/elasticsearch/search/execution/TopDocs; 97 <appendix> argL0 ; # com/naqqa/elasticsearch/search/execution/TopScoreDocCollectorManager$$Lambda+0x000001f5182bc6c0
instanceKlass  @bci jdk/incubator/vector/IntVector lambda$intoArray$92 ([IJLjdk/incubator/vector/IntVector;)V 4 <appendix> argL0 ; # jdk/incubator/vector/IntVector$$Lambda+0x000001f5182dca08
instanceKlass  @cpi jdk/incubator/vector/IntVector 2148 form vmentry <vmtarget> ; # java/lang/invoke/LambdaForm$DMH+0x000001f518305400
instanceKlass jdk/incubator/vector/IntVector$FStOp
instanceKlass  @bci jdk/incubator/vector/IntVector intoArray ([II)V 38 <appendix> argL0 ; # jdk/incubator/vector/IntVector$$Lambda+0x000001f5182dc5f8
instanceKlass  @cpi jdk/incubator/vector/IntVector 2057 form vmentry <vmtarget> ; # java/lang/invoke/LambdaForm$DMH+0x000001f518305000
instanceKlass jdk/internal/vm/vector/VectorSupport$StoreVectorOperation
instanceKlass  @bci jdk/incubator/vector/IntVector lambda$binaryOperations$17 (Ljdk/incubator/vector/IntVector;Ljdk/incubator/vector/IntVector;Ljdk/incubator/vector/VectorMask;)Ljdk/incubator/vector/IntVector; 3 <appendix> argL0 ; # jdk/incubator/vector/IntVector$$Lambda+0x000001f5182dc1e8
instanceKlass jdk/incubator/vector/IntVector$FBinOp
instanceKlass  @bci jdk/incubator/vector/IntVector binaryOperations (I)Ljdk/internal/vm/vector/VectorSupport$BinaryOperation; 140 <appendix> argL0 ; # jdk/incubator/vector/IntVector$$Lambda+0x000001f5182dbdd8
instanceKlass  @bci jdk/incubator/vector/IntVector lanewiseTemplate (Ljdk/incubator/vector/VectorOperators$Binary;Ljdk/incubator/vector/Vector;)Ljdk/incubator/vector/IntVector; 143 <appendix> argL0 ; # jdk/incubator/vector/IntVector$$Lambda+0x000001f5182dbbc0
instanceKlass jdk/internal/vm/vector/VectorSupport$BinaryOperation
instanceKlass  @bci java/lang/ProcessHandleImpl lambda$static$1 ()Ljava/util/concurrent/Executor; 45 <appendix> form vmentry <vmtarget> ; # java/lang/invoke/LambdaForm$DMH+0x000001f518304c00
instanceKlass  @bci jdk/incubator/vector/IntVector$IntSpecies lambda$broadcastBits$1 (JLjdk/incubator/vector/IntVector$IntSpecies;)Ljdk/incubator/vector/AbstractVector; 2 <appendix> member <vmtarget> ; # jdk/incubator/vector/IntVector$IntSpecies$$Lambda+0x000001f5182db7b0
instanceKlass jdk/incubator/vector/AbstractSpecies$RVOp
instanceKlass  @bci jdk/incubator/vector/IntVector$IntSpecies broadcastBits (J)Ljdk/incubator/vector/IntVector; 14 <appendix> argL0 ; # jdk/incubator/vector/IntVector$IntSpecies$$Lambda+0x000001f5182db3a0
instanceKlass  @cpi jdk/incubator/vector/IntVector$IntSpecies 351 form vmentry <vmtarget> ; # java/lang/invoke/LambdaForm$DMH+0x000001f518304800
instanceKlass jdk/internal/vm/vector/VectorSupport$FromBitsCoercedOperation
# instanceKlass java/lang/invoke/LambdaForm$MH+0x000001f518304400
instanceKlass jdk/incubator/vector/VectorOperators$Conversion
instanceKlass  @bci jdk/incubator/vector/VectorOperators convert (Ljava/lang/String;CLjava/lang/Class;Ljava/lang/Class;II)Ljdk/incubator/vector/VectorOperators$ConversionImpl; 72 <adapter> ; # java/lang/invoke/LambdaForm$MH+0x000001f518304000
# instanceKlass java/lang/invoke/LambdaForm$DMH+0x000001f518303c00
instanceKlass  @bci jdk/incubator/vector/VectorOperators convert (Ljava/lang/String;CLjava/lang/Class;Ljava/lang/Class;II)Ljdk/incubator/vector/VectorOperators$ConversionImpl; 72 <appendix> form vmentry <vmtarget> ; # java/lang/invoke/LambdaForm$MH+0x000001f518303800
# instanceKlass java/lang/invoke/LambdaForm$MH+0x000001f518303400
instanceKlass  @bci jdk/incubator/vector/VectorOperators convert (Ljava/lang/String;CLjava/lang/Class;Ljava/lang/Class;II)Ljdk/incubator/vector/VectorOperators$ConversionImpl; 72 <appendix> form names 8 function resolvedHandle form vmentry <vmtarget> ; # java/lang/invoke/LambdaForm$DMH+0x000001f518303000
instanceKlass  @bci jdk/incubator/vector/VectorOperators convert (Ljava/lang/String;CLjava/lang/Class;Ljava/lang/Class;II)Ljdk/incubator/vector/VectorOperators$ConversionImpl; 72 <appendix> argL3 form vmentry <vmtarget> ; # java/lang/invoke/LambdaForm$MH+0x000001f518302c00
# instanceKlass java/lang/invoke/LambdaForm$MH+0x000001f518302800
# instanceKlass java/lang/invoke/LambdaForm$MH+0x000001f518302400
# instanceKlass java/lang/invoke/LambdaForm$MH+0x000001f518302000
# instanceKlass java/lang/invoke/LambdaForm$MH+0x000001f518301c00
instanceKlass  @bci jdk/incubator/vector/VectorOperators convert (Ljava/lang/String;CLjava/lang/Class;Ljava/lang/Class;II)Ljdk/incubator/vector/VectorOperators$ConversionImpl; 72 <appendix> form names 12 function resolvedHandle form vmentry <vmtarget> ; # java/lang/invoke/LambdaForm$DMH+0x000001f518301800
instanceKlass  @bci jdk/incubator/vector/VectorOperators convert (Ljava/lang/String;CLjava/lang/Class;Ljava/lang/Class;II)Ljdk/incubator/vector/VectorOperators$ConversionImpl; 72 <appendix> argL1 form vmentry <vmtarget> ; # java/lang/invoke/LambdaForm$MH+0x000001f518301400
# instanceKlass java/lang/invoke/LambdaForm$MH+0x000001f518301000
# instanceKlass java/lang/invoke/LambdaForm$MH+0x000001f518300c00
# instanceKlass java/lang/invoke/LambdaForm$MH+0x000001f518300800
instanceKlass jdk/incubator/vector/VectorOperators$Comparison
instanceKlass jdk/incubator/vector/VectorOperators$Test
instanceKlass jdk/incubator/vector/VectorOperators$OperatorImpl
instanceKlass  @bci jdk/incubator/vector/IntVector lambda$fromArray0Template$96 ([IJLjdk/incubator/vector/IntVector$IntSpecies;)Ljdk/incubator/vector/IntVector; 4 <appendix> argL0 ; # jdk/incubator/vector/IntVector$$Lambda+0x000001f5182d7cd8
instanceKlass  @cpi jdk/incubator/vector/IntVector 2142 form vmentry <vmtarget> ; # java/lang/invoke/LambdaForm$DMH+0x000001f518300400
instanceKlass jdk/incubator/vector/IntVector$FLdOp
instanceKlass  @bci jdk/incubator/vector/IntVector fromArray0Template ([II)Ljdk/incubator/vector/IntVector; 27 <appendix> argL0 ; # jdk/incubator/vector/IntVector$$Lambda+0x000001f5182d78c8
instanceKlass  @cpi jdk/incubator/vector/IntVector 2069 form vmentry <vmtarget> ; # java/lang/invoke/LambdaForm$DMH+0x000001f518300000
instanceKlass jdk/internal/vm/vector/VectorSupport$LoadOperation
instanceKlass  @bci jdk/incubator/vector/ByteVector <clinit> ()V 250 <appendix> argL0 ; # jdk/incubator/vector/ByteVector$$Lambda+0x000001f5182d7498
instanceKlass  @bci jdk/incubator/vector/ByteVector <clinit> ()V 226 <appendix> argL0 ; # jdk/incubator/vector/ByteVector$$Lambda+0x000001f5182d68b8
instanceKlass  @bci jdk/incubator/vector/ByteVector <clinit> ()V 202 <appendix> argL0 ; # jdk/incubator/vector/ByteVector$$Lambda+0x000001f5182d5cd8
instanceKlass  @bci jdk/incubator/vector/ByteVector <clinit> ()V 178 <appendix> argL0 ; # jdk/incubator/vector/ByteVector$$Lambda+0x000001f5182d50f8
instanceKlass  @bci jdk/incubator/vector/ByteVector <clinit> ()V 154 <appendix> argL0 ; # jdk/incubator/vector/ByteVector$$Lambda+0x000001f5182d4518
instanceKlass  @bci jdk/incubator/vector/VectorIntrinsics <clinit> ()V 0 <appendix> argL0 ; # jdk/incubator/vector/VectorIntrinsics$$Lambda+0x000001f5182d2ef0
instanceKlass jdk/incubator/vector/VectorIntrinsics
instanceKlass com/naqqa/elasticsearch/search/execution/LeafSlice
instanceKlass  @bci com/naqqa/elasticsearch/search/execution/IndexSearcher computeSlices (Ljava/util/List;II)Ljava/util/List; 10 <appendix> argL0 ; # com/naqqa/elasticsearch/search/execution/IndexSearcher$$Lambda+0x000001f5182bc228
instanceKlass com/naqqa/elasticsearch/search/execution/TopScoreDocCollectorManager
instanceKlass  @bci com/naqqa/elasticsearch/node/search/SearchEngine lambda$fieldTypes$1 (Ljava/util/Map;Ljava/util/List;Ljava/lang/String;)Lcom/naqqa/elasticsearch/node/search/QueryFactory$FieldType; 4 <appendix> member <vmtarget> ; # com/naqqa/elasticsearch/node/search/SearchEngine$$Lambda+0x000001f5182b7b38
instanceKlass  @bci com/naqqa/elasticsearch/node/search/SearchEngine fieldTypes (Ljava/util/List;)Ljava/util/function/Function; 11 <appendix> member <vmtarget> ; # com/naqqa/elasticsearch/node/search/SearchEngine$$Lambda+0x000001f5182b78f8
instanceKlass com/naqqa/elasticsearch/node/search/SearchSpec
instanceKlass  @bci com/naqqa/elasticsearch/node/action/NodeSearchActionService search (Ljava/util/List;Ljava/util/Map;Ljava/util/Map;)Ljava/util/concurrent/CompletableFuture; 5 <appendix> member <vmtarget> ; # com/naqqa/elasticsearch/node/action/NodeSearchActionService$$Lambda+0x000001f5182b74d0
instanceKlass  @bci com/naqqa/elasticsearch/node/action/NodeIndexAdminActionService refresh (Ljava/util/List;)Ljava/util/concurrent/CompletableFuture; 3 <appendix> member <vmtarget> ; # com/naqqa/elasticsearch/node/action/NodeIndexAdminActionService$$Lambda+0x000001f5182b72b0
instanceKlass com/naqqa/elasticsearch/bench/IndexingResult
# instanceKlass java/lang/invoke/LambdaForm$MH+0x000001f5182bbc00
instanceKlass  @bci com/naqqa/elasticsearch/codec/points/BKDWriter buildNode (Ljava/util/List;)[B 199 <appendix> member <vmtarget> ; # com/naqqa/elasticsearch/codec/points/BKDWriter$$Lambda+0x000001f5182b6e18
instanceKlass  @cpi com/naqqa/elasticsearch/codec/points/BKDWriter 211 form vmentry <vmtarget> ; # java/lang/invoke/LambdaForm$DMH+0x000001f518171000
# instanceKlass java/lang/invoke/LambdaForm$MH+0x000001f5182bb800
# instanceKlass java/lang/invoke/LambdaForm$MH+0x000001f5182bb400
# instanceKlass java/lang/invoke/LambdaForm$MH+0x000001f5182bb000
instanceKlass com/naqqa/elasticsearch/store/ByteBufferIndexInput$Guard
instanceKlass  @bci com/naqqa/elasticsearch/store/MMapDirectory openInput (Ljava/lang/String;Lcom/naqqa/elasticsearch/store/IOContext;)Lcom/naqqa/elasticsearch/store/IndexInput; 66 <appendix> member <vmtarget> ; # com/naqqa/elasticsearch/store/MMapDirectory$$Lambda+0x000001f5182b69f0
# instanceKlass java/lang/invoke/LambdaForm$MH+0x000001f5182bac00
# instanceKlass java/lang/invoke/LambdaForm$MH+0x000001f5182ba800
# instanceKlass java/lang/invoke/LambdaForm$MH+0x000001f5182ba400
# instanceKlass java/lang/invoke/LambdaForm$MH+0x000001f5182ba000
# instanceKlass java/lang/invoke/LambdaForm$MH+0x000001f5182b9c00
# instanceKlass java/lang/invoke/LambdaForm$MH+0x000001f5182b9800
# instanceKlass java/lang/invoke/LambdaForm$MH+0x000001f5182b9400
# instanceKlass java/lang/invoke/LambdaForm$BMH+0x000001f5182b9000
# instanceKlass java/lang/invoke/LambdaForm$DMH+0x000001f5182b8c00
# instanceKlass java/lang/invoke/LambdaForm$MH+0x000001f5182b8800
# instanceKlass java/lang/invoke/LambdaForm$DMH+0x000001f5182b8400
# instanceKlass java/lang/invoke/LambdaForm$MH+0x000001f5182b8000
# instanceKlass java/lang/invoke/LambdaForm$DMH+0x000001f5182b3c00
instanceKlass java/lang/invoke/ClassSpecializer$Factory$1Var
# instanceKlass java/lang/invoke/LambdaForm$DMH+0x000001f5182b3800
instanceKlass sun/invoke/util/ValueConversions$1
# instanceKlass java/lang/invoke/LambdaForm$DMH+0x000001f5182b3400
instanceKlass sun/nio/ch/Util$4
instanceKlass sun/nio/ch/FileChannelImpl$Unmapper
instanceKlass jdk/internal/access/foreign/UnmapperProxy
instanceKlass  @bci jdk/internal/misc/ExtendedMapMode <clinit> ()V 0 <appendix> argL0 ; # jdk/internal/misc/ExtendedMapMode$$Lambda+0x000001f5182d1db8
instanceKlass jdk/internal/misc/ExtendedMapMode
instanceKlass java/nio/channels/FileChannel$MapMode
instanceKlass com/naqqa/elasticsearch/codec/ForUtil$BitPackSequential
instanceKlass  @bci jdk/incubator/vector/IntVector <clinit> ()V 231 <appendix> argL0 ; # jdk/incubator/vector/IntVector$$Lambda+0x000001f5182d1778
instanceKlass  @bci jdk/incubator/vector/IntVector <clinit> ()V 207 <appendix> argL0 ; # jdk/incubator/vector/IntVector$$Lambda+0x000001f5182d0ba0
instanceKlass  @bci jdk/incubator/vector/IntVector <clinit> ()V 183 <appendix> argL0 ; # jdk/incubator/vector/IntVector$$Lambda+0x000001f5182cffc8
instanceKlass  @bci jdk/incubator/vector/IntVector <clinit> ()V 159 <appendix> argL0 ; # jdk/incubator/vector/IntVector$$Lambda+0x000001f5182cf3f0
instanceKlass  @bci jdk/incubator/vector/IntVector <clinit> ()V 135 <appendix> argL0 ; # jdk/incubator/vector/IntVector$$Lambda+0x000001f5182ce818
instanceKlass jdk/internal/vm/vector/VectorSupport$VectorSpecies
instanceKlass jdk/incubator/vector/VectorSpecies
instanceKlass jdk/incubator/vector/VectorOperators$Associative
instanceKlass jdk/incubator/vector/VectorOperators$Ternary
instanceKlass jdk/incubator/vector/VectorOperators$Binary
instanceKlass jdk/incubator/vector/VectorOperators$Unary
instanceKlass jdk/incubator/vector/VectorOperators$Operator
instanceKlass jdk/incubator/vector/VectorOperators
instanceKlass jdk/incubator/vector/VectorOperators$ImplCache
instanceKlass java/lang/foreign/ValueLayout$OfDouble
instanceKlass java/lang/foreign/ValueLayout$OfFloat
instanceKlass java/lang/foreign/ValueLayout$OfLong
instanceKlass java/lang/foreign/ValueLayout$OfInt
instanceKlass java/lang/foreign/ValueLayout$OfShort
instanceKlass java/lang/foreign/ValueLayout$OfChar
instanceKlass java/lang/foreign/ValueLayout$OfBoolean
instanceKlass java/lang/foreign/ValueLayout$OfByte
# instanceKlass java/lang/invoke/LambdaForm$DMH+0x000001f5182b3000
# instanceKlass java/lang/invoke/LambdaForm$DMH+0x000001f5182b2c00
# instanceKlass java/lang/invoke/LambdaForm$DMH+0x000001f5182b2800
# instanceKlass java/lang/invoke/LambdaForm$DMH+0x000001f5182b2400
instanceKlass jdk/internal/foreign/abi/SharedUtils
instanceKlass jdk/internal/foreign/Utils
instanceKlass jdk/internal/foreign/layout/MemoryLayoutUtil
instanceKlass jdk/internal/foreign/layout/ValueLayouts
instanceKlass jdk/internal/foreign/layout/AbstractLayout
instanceKlass java/lang/foreign/AddressLayout
instanceKlass java/lang/foreign/ValueLayout
instanceKlass java/lang/foreign/MemoryLayout
instanceKlass com/naqqa/elasticsearch/codec/ForUtil$VectorAdd
instanceKlass com/naqqa/elasticsearch/codec/ForUtil
instanceKlass com/naqqa/elasticsearch/codec/postings/PostingsWriter$SkipEntry
instanceKlass java/time/Year
instanceKlass com/naqqa/elasticsearch/cluster/state/ClusterBlock
instanceKlass com/naqqa/elasticsearch/indices/IndexBlocks
instanceKlass  @bci com/naqqa/elasticsearch/node/action/NodeDocumentActionService bulk (Ljava/util/List;Ljava/lang/String;Ljava/lang/String;)Ljava/util/concurrent/CompletableFuture; 9 <appendix> member <vmtarget> ; # com/naqqa/elasticsearch/node/action/NodeDocumentActionService$$Lambda+0x000001f5182b54d0
instanceKlass com/naqqa/elasticsearch/common/json/NdJson$1
instanceKlass com/naqqa/elasticsearch/common/json/NdJson
instanceKlass sun/nio/ch/Poller$Request
instanceKlass  @bci sun/nio/ch/Poller start ()Lsun/nio/ch/Poller; 71 <appendix> member <vmtarget> ; # sun/nio/ch/Poller$$Lambda+0x000001f5182c42a8
instanceKlass  @bci sun/nio/ch/Poller startThread (Ljava/lang/String;Ljava/lang/Runnable;)V 5 <appendix> member <vmtarget> ; # sun/nio/ch/Poller$$Lambda+0x000001f5182c4088
instanceKlass  @cpi sun/nio/ch/Poller 421 form vmentry <vmtarget> ; # java/lang/invoke/LambdaForm$DMH+0x000001f5182b2000
instanceKlass  @bci sun/nio/ch/Poller start ()Lsun/nio/ch/Poller; 36 <appendix> member <vmtarget> ; # sun/nio/ch/Poller$$Lambda+0x000001f5182c3e68
instanceKlass sun/nio/ch/PollerProvider
instanceKlass sun/nio/ch/Poller
instanceKlass  @bci sun/nio/ch/SelChImpl park (IJ)V 18 <appendix> member <vmtarget> ; # sun/nio/ch/SelChImpl$$Lambda+0x000001f5182c31b0
instanceKlass  @cpi sun/nio/ch/SelChImpl 88 form vmentry <vmtarget> ; # java/lang/invoke/LambdaForm$DMH+0x000001f5182b1c00
instanceKlass  @bci jdk/internal/net/http/SocketTube$InternalWriteSubscriber resumeWriteEvent (Z)V 38 <appendix> member <vmtarget> ; # jdk/internal/net/http/SocketTube$InternalWriteSubscriber$$Lambda+0x000001f5182af790
instanceKlass com/naqqa/elasticsearch/common/xcontent/ToXContent
instanceKlass  @bci com/naqqa/elasticsearch/bench/BulkIndexer run (Lcom/naqqa/elasticsearch/bench/BenchHttpClient;Ljava/lang/String;JIILcom/naqqa/elasticsearch/bench/BulkIndexer$DocSource;)Lcom/naqqa/elasticsearch/bench/IndexingResult; 105 <adapter> ; # java/lang/invoke/LambdaForm$MH+0x000001f5182b1800
# instanceKlass java/lang/invoke/LambdaForm$DMH+0x000001f5182b1400
instanceKlass  @bci com/naqqa/elasticsearch/bench/BulkIndexer run (Lcom/naqqa/elasticsearch/bench/BenchHttpClient;Ljava/lang/String;JIILcom/naqqa/elasticsearch/bench/BulkIndexer$DocSource;)Lcom/naqqa/elasticsearch/bench/IndexingResult; 105 <appendix> form vmentry <vmtarget> ; # java/lang/invoke/LambdaForm$DMH+0x000001f5182b1000
instanceKlass  @bci com/naqqa/elasticsearch/bench/BulkIndexer run (Lcom/naqqa/elasticsearch/bench/BenchHttpClient;Ljava/lang/String;JIILcom/naqqa/elasticsearch/bench/BulkIndexer$DocSource;)Lcom/naqqa/elasticsearch/bench/IndexingResult; 105 <appendix> member <vmtarget> ; # com/naqqa/elasticsearch/bench/BulkIndexer$$Lambda+0x000001f5182b4a58
instanceKlass  @cpi com/naqqa/elasticsearch/bench/BulkIndexer 239 form vmentry <vmtarget> ; # java/lang/invoke/LambdaForm$DMH+0x000001f5182b0c00
instanceKlass java/util/concurrent/Executors$DefaultThreadFactory
instanceKlass com/naqqa/elasticsearch/bench/LatencyRecorder
instanceKlass com/naqqa/elasticsearch/bench/BulkIndexer
instanceKlass  @bci com/naqqa/elasticsearch/bench/ProductTrack docSource ()Lcom/naqqa/elasticsearch/bench/BulkIndexer$DocSource; 1 <appendix> member <vmtarget> ; # com/naqqa/elasticsearch/bench/ProductTrack$$Lambda+0x000001f5182b4430
instanceKlass com/naqqa/elasticsearch/bench/BulkIndexer$DocSource
instanceKlass java/lang/foreign/MemorySegment
instanceKlass  @bci com/naqqa/elasticsearch/cluster/routing/RoutingNodes <init> (Lcom/naqqa/elasticsearch/cluster/routing/RoutingTable;Lcom/naqqa/elasticsearch/cluster/node/DiscoveryNodes;)V 153 <appendix> argL0 ; # com/naqqa/elasticsearch/cluster/routing/RoutingNodes$$Lambda+0x000001f5182b4000
instanceKlass  @bci com/naqqa/elasticsearch/node/indices/IndicesService awaitShardsStarted (Ljava/lang/String;J)Ljava/util/concurrent/CompletableFuture; 3 <adapter> ; # java/lang/invoke/LambdaForm$MH+0x000001f5182b0800
# instanceKlass java/lang/invoke/LambdaForm$DMH+0x000001f5182b0400
instanceKlass  @bci com/naqqa/elasticsearch/node/indices/IndicesService awaitShardsStarted (Ljava/lang/String;J)Ljava/util/concurrent/CompletableFuture; 3 <appendix> form vmentry <vmtarget> ; # java/lang/invoke/LambdaForm$DMH+0x000001f5182b0000
instanceKlass  @bci com/naqqa/elasticsearch/node/indices/IndicesService awaitShardsStarted (Ljava/lang/String;J)Ljava/util/concurrent/CompletableFuture; 3 <appendix> member <vmtarget> ; # com/naqqa/elasticsearch/node/indices/IndicesService$$Lambda+0x000001f5182a8c00
instanceKlass  @cpi com/naqqa/elasticsearch/node/indices/IndicesService 1343 form vmentry <vmtarget> ; # java/lang/invoke/LambdaForm$DMH+0x000001f5182a8800
instanceKlass  @bci com/naqqa/elasticsearch/node/indices/IndicesService markShardsStarted (Ljava/util/List;)V 19 <appendix> member <vmtarget> ; # com/naqqa/elasticsearch/node/indices/IndicesService$$Lambda+0x000001f5182a9c08
instanceKlass  @bci com/naqqa/elasticsearch/node/indices/IndicesService markShardsStarted (Ljava/util/List;)V 9 <appendix> member <vmtarget> ; # com/naqqa/elasticsearch/node/indices/IndicesService$$Lambda+0x000001f5182a99b0
instanceKlass  @bci com/naqqa/elasticsearch/node/indices/IndicesService applyPrimary (Lcom/naqqa/elasticsearch/node/indices/IndexService;Lcom/naqqa/elasticsearch/cluster/state/IndexMetadata;Lcom/naqqa/elasticsearch/cluster/state/ClusterState;Lcom/naqqa/elasticsearch/cluster/routing/IndexShardRoutingTable;Lcom/naqqa/elasticsearch/cluster/routing/ShardRouting;Ljava/util/List;)V 258 <appendix> member <vmtarget> ; # com/naqqa/elasticsearch/node/indices/IndicesService$$Lambda+0x000001f5182a9790
# instanceKlass java/lang/invoke/LambdaForm$MH+0x000001f5182a8400
instanceKlass sun/misc/Unsafe
instanceKlass com/naqqa/elasticsearch/store/MMapDirectory$Unmapper
instanceKlass java/nio/file/Path$1
instanceKlass  @bci com/naqqa/elasticsearch/node/indices/IndexService lockFor (I)Ljava/lang/Object; 8 <appendix> argL0 ; # com/naqqa/elasticsearch/node/indices/IndexService$$Lambda+0x000001f5182a9000
instanceKlass com/naqqa/elasticsearch/node/indices/IndexService
instanceKlass com/naqqa/elasticsearch/cluster/io/GenericValueIO
instanceKlass com/naqqa/elasticsearch/cluster/node/ClusterNode$1
instanceKlass com/naqqa/elasticsearch/cluster/service/MasterService$1
instanceKlass  @bci com/naqqa/elasticsearch/cluster/routing/RoutingNodes toRoutingTable (Ljava/lang/String;J)Lcom/naqqa/elasticsearch/cluster/routing/RoutingTable; 109 <appendix> argL0 ; # com/naqqa/elasticsearch/cluster/routing/RoutingNodes$$Lambda+0x000001f5182ab528
instanceKlass  @bci com/naqqa/elasticsearch/cluster/routing/RoutingNodes toRoutingTable (Ljava/lang/String;J)Lcom/naqqa/elasticsearch/cluster/routing/RoutingTable; 88 <appendix> argL0 ; # com/naqqa/elasticsearch/cluster/routing/RoutingNodes$$Lambda+0x000001f5182ab2f0
instanceKlass  @bci com/naqqa/elasticsearch/cluster/routing/RoutingNodes initializeShard (Lcom/naqqa/elasticsearch/cluster/routing/ShardRouting;Ljava/lang/String;J)Lcom/naqqa/elasticsearch/cluster/routing/ShardRouting; 24 <appendix> argL0 ; # com/naqqa/elasticsearch/cluster/routing/RoutingNodes$$Lambda+0x000001f5182ab0b8
instanceKlass com/naqqa/elasticsearch/cluster/routing/allocation/AllocationDeciders$1
instanceKlass  @bci com/naqqa/elasticsearch/cluster/node/DiscoveryNode isDataNode ()Z 9 <appendix> argL0 ; # com/naqqa/elasticsearch/cluster/node/DiscoveryNode$$Lambda+0x000001f5182aac70
instanceKlass java/util/TreeMap$TreeMapSpliterator
instanceKlass com/naqqa/elasticsearch/cluster/routing/allocation/Decision
instanceKlass com/naqqa/elasticsearch/cluster/routing/allocation/Decision$Multi
instanceKlass  @bci com/naqqa/elasticsearch/cluster/routing/allocation/BalancedShardsAllocator allocateUnassigned (Lcom/naqqa/elasticsearch/cluster/routing/allocation/RoutingAllocation;)V 16 <appendix> argL0 ; # com/naqqa/elasticsearch/cluster/routing/allocation/BalancedShardsAllocator$$Lambda+0x000001f5182a7cf8
instanceKlass com/naqqa/elasticsearch/cluster/routing/allocation/RoutingAllocation
instanceKlass com/naqqa/elasticsearch/cluster/routing/RoutingNode
instanceKlass com/naqqa/elasticsearch/cluster/routing/RoutingNodes
instanceKlass com/naqqa/elasticsearch/cluster/routing/UnassignedInfo
instanceKlass  @bci java/util/function/BinaryOperator minBy (Ljava/util/Comparator;)Ljava/util/function/BinaryOperator; 6 <appendix> member <vmtarget> ; # java/util/function/BinaryOperator$$Lambda+0x000001f5182c1ed8
instanceKlass  @bci java/util/Comparator thenComparing (Ljava/util/Comparator;)Ljava/util/Comparator; 7 <appendix> member <vmtarget> ; # java/util/Comparator$$Lambda+0x000001f5182c1c40
instanceKlass  @bci com/naqqa/elasticsearch/cluster/service/MasterService tick (J)V 318 <appendix> argL0 ; # com/naqqa/elasticsearch/cluster/service/MasterService$$Lambda+0x000001f5182a6e50
instanceKlass  @bci com/naqqa/elasticsearch/cluster/service/MasterService tick (J)V 310 <appendix> argL0 ; # com/naqqa/elasticsearch/cluster/service/MasterService$$Lambda+0x000001f5182a6c18
instanceKlass com/naqqa/elasticsearch/cluster/service/MasterService$PendingTask
instanceKlass com/naqqa/elasticsearch/node/cluster/ClusterStateManager$1
instanceKlass com/naqqa/elasticsearch/node/cluster/ClusterStateManager$UpdateTask
instanceKlass  @bci com/naqqa/elasticsearch/node/indices/MetadataIndexService createIndex (Lcom/naqqa/elasticsearch/node/indices/MetadataIndexService$CreateSpec;J)Lcom/naqqa/elasticsearch/cluster/state/IndexMetadata; 45 <appendix> member <vmtarget> ; # com/naqqa/elasticsearch/node/indices/MetadataIndexService$$Lambda+0x000001f5182a5d30
instanceKlass com/naqqa/elasticsearch/common/time/MultiDateFormatter
instanceKlass  @bci com/naqqa/elasticsearch/node/indices/MetadataIndexService validateMappings (Ljava/lang/String;Ljava/util/Map;Ljava/util/Map;Ljava/util/Map;)V 19 <appendix> member <vmtarget> ; # com/naqqa/elasticsearch/node/indices/MetadataIndexService$$Lambda+0x000001f5182a5690
instanceKlass com/naqqa/elasticsearch/indices/template/ResolvedTemplate
instanceKlass com/naqqa/elasticsearch/indices/template/MappingMerger
instanceKlass  @bci java/util/Comparator comparingInt (Ljava/util/function/ToIntFunction;)Ljava/util/Comparator; 6 <appendix> member <vmtarget> ; # java/util/Comparator$$Lambda+0x000001f5182c19a8
instanceKlass  @bci com/naqqa/elasticsearch/indices/template/TemplateService findMatchingLegacyTemplates (Ljava/lang/String;)Ljava/util/List; 65 <appendix> argL0 ; # com/naqqa/elasticsearch/indices/template/TemplateService$$Lambda+0x000001f5182a4e68
instanceKlass com/naqqa/elasticsearch/indices/template/LegacyTemplate
instanceKlass com/naqqa/elasticsearch/node/support/SettingsMaps
instanceKlass jdk/internal/misc/VirtualThreads
instanceKlass  @bci com/naqqa/elasticsearch/node/action/NodeIndexAdminActionService createIndex (Lcom/naqqa/elasticsearch/rest/indices/IndexAdminActionService$CreateIndexRequest;)Ljava/util/concurrent/CompletableFuture; 3 <appendix> member <vmtarget> ; # com/naqqa/elasticsearch/node/action/NodeIndexAdminActionService$$Lambda+0x000001f5182a4840
instanceKlass  @bci jdk/internal/net/http/Http1Exchange getOutgoing ()Ljdk/internal/net/http/Http1Exchange$DataPair; 260 <appendix> member <vmtarget> ; # jdk/internal/net/http/Http1Exchange$$Lambda+0x000001f5182af570
instanceKlass  @bci jdk/internal/net/http/Http1Exchange sendBodyAsync ()Ljava/util/concurrent/CompletableFuture; 153 <appendix> member <vmtarget> ; # jdk/internal/net/http/Http1Exchange$$Lambda+0x000001f5182af340
instanceKlass  @bci jdk/internal/net/http/Http1Exchange cancelIfFailed (Ljava/util/concurrent/Flow$Subscription;)V 9 <appendix> member <vmtarget> ; # jdk/internal/net/http/Http1Exchange$$Lambda+0x000001f5182af110
instanceKlass  @bci jdk/internal/net/http/Http1Exchange sendBodyAsync ()Ljava/util/concurrent/CompletableFuture; 144 <appendix> member <vmtarget> ; # jdk/internal/net/http/Http1Exchange$$Lambda+0x000001f5182aeee0
instanceKlass jdk/internal/net/http/PullPublisher$Subscription
instanceKlass  @bci jdk/internal/net/http/ConnectionPool purgeExpiredConnectionsAndReturnNextDeadline (Ljava/time/Instant;)J 185 <appendix> member <vmtarget> ; # jdk/internal/net/http/ConnectionPool$$Lambda+0x000001f5182ae850
instanceKlass java/util/LinkedList$DescendingIterator
instanceKlass  @bci jdk/internal/net/http/common/HttpHeadersBuilder addHeader (Ljava/lang/String;Ljava/lang/String;)V 5 <appendix> argL0 ; # jdk/internal/net/http/common/HttpHeadersBuilder$$Lambda+0x000001f5182ae618
instanceKlass jdk/internal/net/http/RequestPublishers$ByteArrayPublisher
instanceKlass jdk/internal/net/http/websocket/RawChannel
instanceKlass jdk/internal/net/http/HttpResponseImpl$RawChannelProvider
instanceKlass jdk/internal/net/http/HttpResponseImpl
instanceKlass jdk/internal/net/http/websocket/RawChannel$Provider
instanceKlass jdk/internal/net/http/ConnectionPool$ExpiryEntry
instanceKlass jdk/internal/net/http/ConnectionPool$CleanupTrigger
instanceKlass  @bci jdk/internal/net/http/HttpConnection closeOrReturnToCache (Ljava/net/http/HttpHeaders;)V 63 <appendix> argL0 ; # jdk/internal/net/http/HttpConnection$$Lambda+0x000001f5182ad188
instanceKlass jdk/internal/net/http/common/HttpBodySubscriberWrapper$SubscriptionWrapper
instanceKlass  @bci jdk/internal/net/http/MultiExchange lambda$responseAsync0$4 (Ljdk/internal/net/http/Response;)Ljava/util/concurrent/CompletionStage; 59 <appendix> member <vmtarget> ; # jdk/internal/net/http/MultiExchange$$Lambda+0x000001f5182acd10
instanceKlass  @bci jdk/internal/net/http/Exchange readBodyAsync (Ljava/net/http/HttpResponse$BodyHandler;)Ljava/util/concurrent/CompletableFuture; 40 <appendix> member <vmtarget> ; # jdk/internal/net/http/Exchange$$Lambda+0x000001f5182acae0
instanceKlass  @bci jdk/internal/net/http/Http1Response readBody (Ljava/net/http/HttpResponse$BodySubscriber;ZLjava/util/concurrent/Executor;)Ljava/util/concurrent/CompletableFuture; 240 <appendix> member <vmtarget> ; # jdk/internal/net/http/Http1Response$$Lambda+0x000001f5182ac8b0
instanceKlass  @bci jdk/internal/net/http/ResponseSubscribers lambda$getBodyAsync$3 (Ljava/net/http/HttpResponse$BodySubscriber;Ljava/util/concurrent/CompletableFuture;Ljava/util/function/Consumer;)V 7 <appendix> member <vmtarget> ; # jdk/internal/net/http/ResponseSubscribers$$Lambda+0x000001f5182ac680
instanceKlass  @bci jdk/internal/net/http/ResponseSubscribers getBodyAsync (Ljava/util/concurrent/Executor;Ljava/net/http/HttpResponse$BodySubscriber;Ljava/util/concurrent/CompletableFuture;Ljava/util/function/Consumer;)Ljava/util/concurrent/CompletableFuture; 95 <appendix> member <vmtarget> ; # jdk/internal/net/http/ResponseSubscribers$$Lambda+0x000001f5182ac460
instanceKlass  @bci jdk/internal/net/http/Http1Response readBody (Ljava/net/http/HttpResponse$BodySubscriber;ZLjava/util/concurrent/Executor;)Ljava/util/concurrent/CompletableFuture; 227 <appendix> member <vmtarget> ; # jdk/internal/net/http/Http1Response$$Lambda+0x000001f5182ac230
instanceKlass  @bci jdk/internal/net/http/HttpConnection$TrailingOperations add (Ljava/util/concurrent/CompletionStage;)V 24 <appendix> member <vmtarget> ; # jdk/internal/net/http/HttpConnection$TrailingOperations$$Lambda+0x000001f5182ac000
instanceKlass  @bci jdk/internal/net/http/Http1Response lambda$readBody$3 (JLjava/net/http/HttpResponse$BodySubscriber;Ljava/util/concurrent/CompletableFuture;Ljdk/internal/net/http/Http1Response$ClientRefCountTracker;)V 164 <appendix> member <vmtarget> ; # jdk/internal/net/http/Http1Response$$Lambda+0x000001f5182a3d18
instanceKlass  @cpi com/naqqa/elasticsearch/cluster/support/FakeNetwork 301 form vmentry <vmtarget> ; # java/lang/invoke/LambdaForm$DMH+0x000001f5182a8000
instanceKlass  @bci jdk/internal/net/http/ResponseContent$FixedLengthBodyParser <init> (Ljdk/internal/net/http/ResponseContent;JLjava/util/function/Consumer;)V 11 <appendix> member <vmtarget> ; # jdk/internal/net/http/ResponseContent$FixedLengthBodyParser$$Lambda+0x000001f5182a3af8
instanceKlass jdk/internal/net/http/ResponseContent$FixedLengthBodyParser
instanceKlass  @bci jdk/internal/net/http/Http1Response lambda$readBody$3 (JLjava/net/http/HttpResponse$BodySubscriber;Ljava/util/concurrent/CompletableFuture;Ljdk/internal/net/http/Http1Response$ClientRefCountTracker;)V 93 <appendix> member <vmtarget> ; # jdk/internal/net/http/Http1Response$$Lambda+0x000001f5182a3630
instanceKlass  @bci jdk/internal/net/http/Http1Response lambda$readBody$3 (JLjava/net/http/HttpResponse$BodySubscriber;Ljava/util/concurrent/CompletableFuture;Ljdk/internal/net/http/Http1Response$ClientRefCountTracker;)V 19 <appendix> member <vmtarget> ; # jdk/internal/net/http/Http1Response$$Lambda+0x000001f5182a3410
instanceKlass jdk/internal/net/http/ResponseContent$BodyParser
instanceKlass jdk/internal/net/http/ResponseContent
instanceKlass  @bci jdk/internal/net/http/Http1Response readBody (Ljava/net/http/HttpResponse$BodySubscriber;ZLjava/util/concurrent/Executor;)Ljava/util/concurrent/CompletableFuture; 208 <adapter> ; # java/lang/invoke/LambdaForm$MH+0x000001f5182a2c00
# instanceKlass java/lang/invoke/LambdaForm$DMH+0x000001f5182a2800
instanceKlass  @bci jdk/internal/net/http/Http1Response readBody (Ljava/net/http/HttpResponse$BodySubscriber;ZLjava/util/concurrent/Executor;)Ljava/util/concurrent/CompletableFuture; 208 <appendix> form vmentry <vmtarget> ; # java/lang/invoke/LambdaForm$DMH+0x000001f5182a2400
instanceKlass  @bci jdk/internal/net/http/Http1Response readBody (Ljava/net/http/HttpResponse$BodySubscriber;ZLjava/util/concurrent/Executor;)Ljava/util/concurrent/CompletableFuture; 208 <appendix> member <vmtarget> ; # jdk/internal/net/http/Http1Response$$Lambda+0x000001f51829fcc8
instanceKlass  @cpi jdk/internal/net/http/Http1Response 671 form vmentry <vmtarget> ; # java/lang/invoke/LambdaForm$DMH+0x000001f5182a2000
instanceKlass jdk/internal/net/http/Http1Response$ClientRefCountTracker
instanceKlass  @bci java/util/stream/FindOps$FindSink$OfLong <clinit> ()V 43 <appendix> argL0 ; # java/util/stream/FindOps$FindSink$OfLong$$Lambda+0x000001f518062bf0
instanceKlass  @bci java/util/stream/FindOps$FindSink$OfLong <clinit> ()V 38 <appendix> argL0 ; # java/util/stream/FindOps$FindSink$OfLong$$Lambda+0x000001f5182c0d28
instanceKlass  @bci java/util/stream/FindOps$FindSink$OfLong <clinit> ()V 16 <appendix> argL0 ; # java/util/stream/FindOps$FindSink$OfLong$$Lambda+0x000001f5180dc720
instanceKlass  @bci java/util/stream/FindOps$FindSink$OfLong <clinit> ()V 11 <appendix> argL0 ; # java/util/stream/FindOps$FindSink$OfLong$$Lambda+0x000001f51827fcf8
instanceKlass java/util/OptionalLong
instanceKlass java/util/stream/Sink$OfLong
instanceKlass java/util/function/LongConsumer
instanceKlass java/util/stream/LongStream
instanceKlass  @bci java/net/http/HttpHeaders firstValueAsLong (Ljava/lang/String;)Ljava/util/OptionalLong; 10 <appendix> argL0 ; # java/net/http/HttpHeaders$$Lambda+0x000001f51829f8a8
instanceKlass  @bci java/net/http/HttpResponse$BodySubscribers ofString (Ljava/nio/charset/Charset;)Ljava/net/http/HttpResponse$BodySubscriber; 10 <appendix> member <vmtarget> ; # java/net/http/HttpResponse$BodySubscribers$$Lambda+0x000001f51829f668
instanceKlass jdk/internal/net/http/ResponseSubscribers
instanceKlass jdk/internal/net/http/ResponseSubscribers$ByteArraySubscriber
instanceKlass java/net/http/HttpResponse$BodySubscribers
instanceKlass jdk/internal/net/http/ResponseInfoImpl
instanceKlass  @bci jdk/internal/net/http/Http1HeaderParser addHeaderFromString (Ljava/lang/String;)V 126 <appendix> argL0 ; # jdk/internal/net/http/Http1HeaderParser$$Lambda+0x000001f51829eb20
instanceKlass  @bci sun/net/httpserver/ExchangeImpl sendResponseHeaders (IJ)V 404 <appendix> member <vmtarget> ; # sun/net/httpserver/ExchangeImpl$$Lambda+0x000001f51829e8d0
instanceKlass  @bci sun/net/httpserver/ExchangeImpl sendResponseHeaders (IJ)V 380 <appendix> argL0 ; # sun/net/httpserver/ExchangeImpl$$Lambda+0x000001f51829e698
instanceKlass sun/net/httpserver/Event
instanceKlass sun/util/cldr/CLDRBaseLocaleDataMetaInfo$TZCanonicalIDMapHolder
instanceKlass sun/util/calendar/ZoneInfoFile$ZoneOffsetTransitionRule
instanceKlass sun/util/calendar/ZoneInfoFile$1
instanceKlass sun/util/calendar/ZoneInfoFile
instanceKlass java/util/TimeZone
instanceKlass  @bci sun/util/locale/provider/JRELocaleProviderAdapter getTimeZoneNameProvider ()Ljava/util/spi/TimeZoneNameProvider; 8 <appendix> member <vmtarget> ; # sun/util/locale/provider/JRELocaleProviderAdapter$$Lambda+0x000001f51827de70
instanceKlass  @bci sun/util/cldr/CLDRLocaleProviderAdapter getTimeZoneNameProvider ()Ljava/util/spi/TimeZoneNameProvider; 8 <appendix> member <vmtarget> ; # sun/util/cldr/CLDRLocaleProviderAdapter$$Lambda+0x000001f51827d7e0
instanceKlass sun/util/locale/provider/TimeZoneNameUtility$TimeZoneNameGetter
instanceKlass sun/util/locale/provider/TimeZoneNameUtility
instanceKlass sun/util/locale/provider/CalendarDataUtility$CalendarFieldValueNameGetter
instanceKlass sun/util/resources/LocaleData$2
instanceKlass java/util/concurrent/atomic/AtomicMarkableReference$Pair
instanceKlass java/util/concurrent/atomic/AtomicMarkableReference
instanceKlass sun/util/locale/provider/CalendarNameProviderImpl$LengthBasedComparator
instanceKlass sun/util/resources/provider/NonBaseLocaleDataMetaInfo
instanceKlass  @bci sun/util/locale/provider/JRELocaleProviderAdapter createSupportedLocaleString (Ljava/lang/String;)Ljava/lang/String; 6 <appendix> member <vmtarget> ; # sun/util/locale/provider/JRELocaleProviderAdapter$$Lambda+0x000001f51827aa30
instanceKlass sun/util/locale/provider/BaseLocaleDataMetaInfo
instanceKlass  @bci sun/util/locale/provider/JRELocaleProviderAdapter getCalendarNameProvider ()Ljava/util/spi/CalendarNameProvider; 8 <appendix> member <vmtarget> ; # sun/util/locale/provider/JRELocaleProviderAdapter$$Lambda+0x000001f51827a5c0
instanceKlass  @bci sun/util/cldr/CLDRLocaleProviderAdapter getCalendarNameProvider ()Ljava/util/spi/CalendarNameProvider; 8 <appendix> member <vmtarget> ; # sun/util/cldr/CLDRLocaleProviderAdapter$$Lambda+0x000001f518279ee0
instanceKlass sun/util/locale/provider/CalendarDataUtility$CalendarFieldValueNamesMapGetter
instanceKlass sun/util/locale/provider/LocaleServiceProviderPool$LocalizedObjectGetter
instanceKlass sun/util/locale/provider/LocaleServiceProviderPool
instanceKlass  @bci java/time/format/DateTimeTextProvider findStore (Ljava/time/temporal/TemporalField;Ljava/util/Locale;)Ljava/lang/Object; 11 <appendix> member <vmtarget> ; # java/time/format/DateTimeTextProvider$$Lambda+0x000001f518279a78
instanceKlass  @bci com/naqqa/elasticsearch/http/nio/HttpResponseEncoder encode (ILcom/naqqa/elasticsearch/http/HttpHeaders;[BZ)[B 22 <appendix> form vmentry <vmtarget> ; # java/lang/invoke/LambdaForm$MH+0x000001f5182a1c00
# instanceKlass java/lang/invoke/LambdaForm$MH+0x000001f5182a1800
instanceKlass  @bci com/naqqa/elasticsearch/http/nio/HttpResponseEncoder encode (ILcom/naqqa/elasticsearch/http/HttpHeaders;[BZ)[B 22 <appendix> argL3 form vmentry <vmtarget> ; # java/lang/invoke/LambdaForm$MH+0x000001f5182a1400
# instanceKlass java/lang/invoke/LambdaForm$MH+0x000001f5182a1000
# instanceKlass java/lang/invoke/LambdaForm$MH+0x000001f5182a0c00
# instanceKlass java/lang/invoke/LambdaForm$MH+0x000001f5182a0800
instanceKlass sun/net/httpserver/Code
instanceKlass com/naqqa/elasticsearch/http/CompressionUtil
instanceKlass com/naqqa/elasticsearch/http/RestResponse
instanceKlass com/naqqa/elasticsearch/http/Json
instanceKlass com/naqqa/elasticsearch/http/FilterPath
instanceKlass com/naqqa/elasticsearch/http/RestErrors
instanceKlass com/naqqa/elasticsearch/rest/support/StrictParams
instanceKlass com/naqqa/elasticsearch/rest/support/RestUtils
instanceKlass com/naqqa/elasticsearch/common/regex/Regex
instanceKlass  @bci com/naqqa/elasticsearch/node/action/NodeIndexAdminActionService deleteIndex (Ljava/util/List;)Ljava/util/concurrent/CompletableFuture; 3 <appendix> member <vmtarget> ; # com/naqqa/elasticsearch/node/action/NodeIndexAdminActionService$$Lambda+0x000001f518246bf0
instanceKlass com/naqqa/elasticsearch/rest/support/StrictParamsFilter$1
instanceKlass  @bci com/naqqa/elasticsearch/node/rest/NodeRestFilter lambda$decorate$0 (Ljava/lang/String;Lcom/naqqa/elasticsearch/http/RestMethod;Ljava/lang/String;Lcom/naqqa/elasticsearch/http/RestHandler;Lcom/naqqa/elasticsearch/http/RestRequest;Lcom/naqqa/elasticsearch/http/RestChannel;)V 40 <appendix> argL0 ; # com/naqqa/elasticsearch/node/rest/NodeRestFilter$$Lambda+0x000001f518246590
instanceKlass com/naqqa/elasticsearch/http/jdk/JdkHttpServerTransport$JdkRestChannel
instanceKlass com/naqqa/elasticsearch/http/jdk/JdkHttpServerTransport$2
instanceKlass com/naqqa/elasticsearch/http/RouteResult
instanceKlass  @bci com/naqqa/elasticsearch/http/HttpHeaders add (Ljava/lang/String;Ljava/lang/String;)V 25 <appendix> argL0 ; # com/naqqa/elasticsearch/http/HttpHeaders$$Lambda+0x000001f5182454f0
instanceKlass  @bci com/naqqa/elasticsearch/http/jdk/JdkHttpServerTransport lambda$buildRequestMetadata$1 (Lcom/naqqa/elasticsearch/http/HttpHeaders;Ljava/lang/String;Ljava/util/List;)V 3 <appendix> member <vmtarget> ; # com/naqqa/elasticsearch/http/jdk/JdkHttpServerTransport$$Lambda+0x000001f5182452c0
instanceKlass  @bci com/naqqa/elasticsearch/http/jdk/JdkHttpServerTransport buildRequestMetadata (Lcom/sun/net/httpserver/HttpExchange;[B)Lcom/naqqa/elasticsearch/http/RestRequest; 60 <appendix> member <vmtarget> ; # com/naqqa/elasticsearch/http/jdk/JdkHttpServerTransport$$Lambda+0x000001f518245090
instanceKlass com/naqqa/elasticsearch/http/HttpHeaders
instanceKlass com/naqqa/elasticsearch/http/QueryStringParser
instanceKlass com/naqqa/elasticsearch/http/UrlCodec
instanceKlass sun/net/httpserver/ServerImpl$Exchange$LinkHandler
instanceKlass com/sun/net/httpserver/Filter$Chain
instanceKlass  @bci sun/net/httpserver/UnmodifiableHeaders <init> (Lcom/sun/net/httpserver/Headers;)V 16 <appendix> member <vmtarget> ; # sun/net/httpserver/UnmodifiableHeaders$$Lambda+0x000001f51829d578
instanceKlass  @bci com/sun/net/httpserver/Headers putAll (Ljava/util/Map;)V 2 <appendix> member <vmtarget> ; # com/sun/net/httpserver/Headers$$Lambda+0x000001f51829d348
instanceKlass  @cpi com/sun/net/httpserver/Headers 341 form vmentry <vmtarget> ; # java/lang/invoke/LambdaForm$DMH+0x000001f5182a0400
instanceKlass  @bci java/util/function/Function andThen (Ljava/util/function/Function;)Ljava/util/function/Function; 7 <appendix> member <vmtarget> ; # java/util/function/Function$$Lambda+0x000001f5182793b8
instanceKlass  @cpi java/util/function/Function 58 form vmentry <vmtarget> ; # java/lang/invoke/LambdaForm$DMH+0x000001f5182a0000
instanceKlass  @bci java/util/stream/Collectors toUnmodifiableMap (Ljava/util/function/Function;Ljava/util/function/Function;)Ljava/util/stream/Collector; 21 <appendix> argL0 ; # java/util/stream/Collectors$$Lambda+0x000001f518279180
instanceKlass  @bci java/util/stream/Collectors uniqKeysMapMerger ()Ljava/util/function/BinaryOperator; 0 <appendix> argL0 ; # java/util/stream/Collectors$$Lambda+0x000001f518278f40
instanceKlass  @bci java/util/stream/Collectors uniqKeysMapAccumulator (Ljava/util/function/Function;Ljava/util/function/Function;)Ljava/util/function/BiConsumer; 2 <appendix> member <vmtarget> ; # java/util/stream/Collectors$$Lambda+0x000001f518278d10
instanceKlass  @bci java/util/stream/Collectors toMap (Ljava/util/function/Function;Ljava/util/function/Function;)Ljava/util/stream/Collector; 4 <appendix> argL0 ; # java/util/stream/Collectors$$Lambda+0x000001f518278af8
instanceKlass  @bci com/sun/net/httpserver/Headers <init> (Ljava/util/Map;)V 25 <appendix> argL0 ; # com/sun/net/httpserver/Headers$$Lambda+0x000001f51829d110
instanceKlass  @bci com/sun/net/httpserver/Headers <init> (Ljava/util/Map;)V 20 <appendix> argL0 ; # com/sun/net/httpserver/Headers$$Lambda+0x000001f51829ced8
instanceKlass sun/net/httpserver/ExchangeImpl
instanceKlass sun/net/httpserver/Utils
instanceKlass com/sun/net/httpserver/Headers
instanceKlass sun/net/httpserver/Request
instanceKlass  @bci jdk/internal/net/http/Exchange sendRequestBody (Ljdk/internal/net/http/ExchangeImpl;)Ljava/util/concurrent/CompletableFuture; 70 <appendix> member <vmtarget> ; # jdk/internal/net/http/Exchange$$Lambda+0x000001f51829ab78
instanceKlass  @bci jdk/internal/net/http/Exchange wrapForUpgrade (Ljava/util/concurrent/CompletableFuture;)Ljava/util/concurrent/CompletableFuture; 9 <appendix> member <vmtarget> ; # jdk/internal/net/http/Exchange$$Lambda+0x000001f51829a938
instanceKlass  @bci jdk/internal/net/http/Http1Response readHeadersAsync (Ljava/util/concurrent/Executor;)Ljava/util/concurrent/CompletableFuture; 225 <appendix> member <vmtarget> ; # jdk/internal/net/http/Http1Response$$Lambda+0x000001f51829a6f8
instanceKlass  @bci jdk/internal/net/http/Exchange sendRequestBody (Ljdk/internal/net/http/ExchangeImpl;)Ljava/util/concurrent/CompletableFuture; 53 <appendix> member <vmtarget> ; # jdk/internal/net/http/Exchange$$Lambda+0x000001f51829a4b8
instanceKlass  @bci jdk/internal/net/http/Http1Exchange getOutgoing ()Ljdk/internal/net/http/Http1Exchange$DataPair; 245 <appendix> member <vmtarget> ; # jdk/internal/net/http/Http1Exchange$$Lambda+0x000001f5182999d0
instanceKlass  @bci jdk/internal/net/http/SocketTube$InternalWriteSubscriber tryFlushCurrent (Z)V 280 <appendix> member <vmtarget> ; # jdk/internal/net/http/SocketTube$InternalWriteSubscriber$$Lambda+0x000001f518299018
instanceKlass sun/net/httpserver/ServerImpl$Exchange
instanceKlass sun/nio/ch/IOVecWrapper$Deallocator
instanceKlass sun/nio/ch/NativeObject
instanceKlass sun/nio/ch/IOVecWrapper
instanceKlass  @bci jdk/internal/net/http/Http1Exchange getOutgoing ()Ljdk/internal/net/http/Http1Exchange$DataPair; 185 <appendix> member <vmtarget> ; # jdk/internal/net/http/Http1Exchange$$Lambda+0x000001f5182986a8
instanceKlass jdk/internal/net/http/Http1Exchange$DataPair
instanceKlass  @bci jdk/internal/net/http/Http1Request collectHeaders0 (Ljava/lang/StringBuilder;)V 80 <appendix> member <vmtarget> ; # jdk/internal/net/http/Http1Request$$Lambda+0x000001f518298250
instanceKlass  @bci jdk/internal/net/http/common/Utils CONTEXT_RESTRICTED (Ljava/net/http/HttpClient;)Ljava/util/function/BiPredicate; 1 <appendix> member <vmtarget> ; # jdk/internal/net/http/common/Utils$$Lambda+0x000001f518298000
instanceKlass  @bci java/net/http/HttpHeaders lambda$headersOf$1 (Ljava/util/function/BiPredicate;Ljava/util/ArrayList;Ljava/util/TreeMap;Ljava/util/TreeSet;Ljava/lang/String;Ljava/util/List;)V 47 <appendix> member <vmtarget> ; # java/net/http/HttpHeaders$$Lambda+0x000001f518294c00
instanceKlass  @bci java/util/function/BiPredicate and (Ljava/util/function/BiPredicate;)Ljava/util/function/BiPredicate; 7 <appendix> member <vmtarget> ; # java/util/function/BiPredicate$$Lambda+0x000001f5182775e8
instanceKlass  @cpi java/util/function/BiPredicate 54 form vmentry <vmtarget> ; # java/lang/invoke/LambdaForm$DMH+0x000001f518294800
instanceKlass  @bci jdk/internal/net/http/SocketTube$InternalReadPublisher$InternalReadSubscription resumeReadEvent ()V 47 <appendix> member <vmtarget> ; # jdk/internal/net/http/SocketTube$InternalReadPublisher$InternalReadSubscription$$Lambda+0x000001f518295cf8
instanceKlass  @bci jdk/internal/net/http/SocketTube$InternalWriteSubscriber startSubscription ()V 135 <appendix> member <vmtarget> ; # jdk/internal/net/http/SocketTube$InternalWriteSubscriber$$Lambda+0x000001f518295ad8
instanceKlass jdk/internal/net/http/SocketTube$InternalWriteSubscriber$WriteSubscription
instanceKlass jdk/internal/net/http/SocketTube$InternalReadPublisher$ReadSubscription
instanceKlass  @bci jdk/internal/net/http/HttpClientImpl registerPending (Ljdk/internal/net/http/HttpClientImpl$PendingRequest;)V 42 <appendix> member <vmtarget> ; # jdk/internal/net/http/HttpClientImpl$$Lambda+0x000001f518295458
instanceKlass jdk/internal/net/http/HttpClientImpl$PendingRequest
instanceKlass  @bci jdk/internal/net/http/HttpClientImpl sendAsync (Ljava/net/http/HttpRequest;Ljava/net/http/HttpResponse$BodyHandler;Ljava/net/http/HttpResponse$PushPromiseHandler;Ljava/util/concurrent/Executor;)Ljava/util/concurrent/CompletableFuture; 254 <appendix> member <vmtarget> ; # jdk/internal/net/http/HttpClientImpl$$Lambda+0x000001f518295000
instanceKlass  @bci jdk/internal/net/http/Http1Exchange lambda$sendHeadersAsync$4 (Ljava/lang/Void;)Ljava/util/concurrent/CompletionStage; 16 <appendix> member <vmtarget> ; # jdk/internal/net/http/Http1Exchange$$Lambda+0x000001f518297c18
instanceKlass  @bci jdk/internal/net/http/MultiExchange responseAsyncImpl ()Ljava/util/concurrent/CompletableFuture; 114 <appendix> member <vmtarget> ; # jdk/internal/net/http/MultiExchange$$Lambda+0x000001f5182977f8
instanceKlass  @bci jdk/internal/net/http/HttpClientImpl$SelectorManager run ()V 1394 <appendix> argL0 ; # jdk/internal/net/http/HttpClientImpl$SelectorManager$$Lambda+0x000001f5182975d0
instanceKlass  @bci jdk/internal/net/http/HttpClientImpl$SelectorManager run ()V 1377 <appendix> member <vmtarget> ; # jdk/internal/net/http/HttpClientImpl$SelectorManager$$Lambda+0x000001f5182973a0
instanceKlass  @bci jdk/internal/net/http/MultiExchange responseAsyncImpl ()Ljava/util/concurrent/CompletableFuture; 105 <appendix> member <vmtarget> ; # jdk/internal/net/http/MultiExchange$$Lambda+0x000001f518297160
instanceKlass jdk/internal/net/http/common/Pair
instanceKlass  @bci jdk/internal/net/http/PlainHttpConnection$ConnectEvent handle ()V 211 <appendix> argL0 ; # jdk/internal/net/http/PlainHttpConnection$ConnectEvent$$Lambda+0x000001f518296d40
instanceKlass  @bci jdk/internal/net/http/Exchange lambda$responseAsyncImpl0$8 (Ljava/util/function/Function;Ljdk/internal/net/http/ExchangeImpl;)Ljava/util/concurrent/CompletableFuture; 6 <appendix> member <vmtarget> ; # jdk/internal/net/http/Exchange$$Lambda+0x000001f518296b10
instanceKlass  @bci jdk/internal/net/http/Http1Exchange sendHeadersAsync ()Ljava/util/concurrent/CompletableFuture; 255 <appendix> member <vmtarget> ; # jdk/internal/net/http/Http1Exchange$$Lambda+0x000001f5182968d0
instanceKlass  @bci jdk/internal/net/http/HttpClientImpl$SelectorManager run ()V 1359 <appendix> member <vmtarget> ; # jdk/internal/net/http/HttpClientImpl$SelectorManager$$Lambda+0x000001f5182966a0
instanceKlass  @bci jdk/internal/net/http/Http1Exchange sendHeadersAsync ()Ljava/util/concurrent/CompletableFuture; 246 <appendix> member <vmtarget> ; # jdk/internal/net/http/Http1Exchange$$Lambda+0x000001f518296240
instanceKlass  @bci jdk/internal/net/http/HttpClientImpl$SelectorManager run ()V 1304 <appendix> member <vmtarget> ; # jdk/internal/net/http/HttpClientImpl$SelectorManager$$Lambda+0x000001f518296480
instanceKlass  @bci jdk/internal/net/http/Http1Exchange sendHeadersAsync ()Ljava/util/concurrent/CompletableFuture; 126 <appendix> member <vmtarget> ; # jdk/internal/net/http/Http1Exchange$$Lambda+0x000001f518296000
instanceKlass  @cpi jdk/internal/net/http/HttpClientImpl$SelectorManager 593 form vmentry <vmtarget> ; # java/lang/invoke/LambdaForm$DMH+0x000001f518294400
instanceKlass  @bci jdk/internal/net/http/PlainHttpConnection connectAsync (Ljdk/internal/net/http/Exchange;)Ljava/util/concurrent/CompletableFuture; 483 <appendix> member <vmtarget> ; # jdk/internal/net/http/PlainHttpConnection$$Lambda+0x000001f518293dc8
instanceKlass  @bci jdk/internal/net/http/HttpClientImpl$SelectorManager run ()V 1289 <appendix> member <vmtarget> ; # jdk/internal/net/http/HttpClientImpl$SelectorManager$$Lambda+0x000001f518293958
instanceKlass  @bci jdk/internal/net/http/HttpClientImpl$SelectorAttachment events (I)Ljava/util/stream/Stream; 10 <appendix> member <vmtarget> ; # jdk/internal/net/http/HttpClientImpl$SelectorAttachment$$Lambda+0x000001f518293710
instanceKlass  @cpi com/naqqa/elasticsearch/cluster/coordination/ClusterCoordinationSimulationTest 312 form vmentry <vmtarget> ; # java/lang/invoke/LambdaForm$DMH+0x000001f518294000
instanceKlass sun/net/httpserver/HttpConnection
instanceKlass  @bci jdk/internal/net/http/Exchange checkCancelled (Ljava/util/concurrent/CompletableFuture;Ljdk/internal/net/http/HttpConnection;)Ljava/util/concurrent/CompletableFuture; 4 <appendix> member <vmtarget> ; # jdk/internal/net/http/Exchange$$Lambda+0x000001f5182930b0
instanceKlass  @bci jdk/internal/net/http/HttpClientImpl$SelectorAttachment <clinit> ()V 18 <appendix> member <vmtarget> ; # jdk/internal/net/http/HttpClientImpl$SelectorAttachment$$Lambda+0x000001f518292c08
instanceKlass jdk/internal/net/http/HttpClientImpl$SelectorAttachment
instanceKlass  @bci sun/net/httpserver/ServerImpl$Dispatcher run ()V 175 <appendix> argL0 ; # sun/net/httpserver/ServerImpl$Dispatcher$$Lambda+0x000001f5182927c8
instanceKlass  @bci jdk/internal/net/http/PlainHttpConnection connectAsync (Ljdk/internal/net/http/Exchange;)Ljava/util/concurrent/CompletableFuture; 281 <appendix> member <vmtarget> ; # jdk/internal/net/http/PlainHttpConnection$$Lambda+0x000001f5182925a8
instanceKlass  @bci jdk/internal/net/http/MultiExchange remainingConnectTimeout ()Ljava/util/Optional; 7 <appendix> argL0 ; # jdk/internal/net/http/MultiExchange$$Lambda+0x000001f518292370
instanceKlass  @bci jdk/internal/net/http/common/Demand increase (J)Z 25 <appendix> argL0 ; # jdk/internal/net/http/common/Demand$$Lambda+0x000001f518292158
instanceKlass  @bci jdk/internal/net/http/Http1AsyncReceiver handlePendingDelegate ()Z 50 <appendix> member <vmtarget> ; # jdk/internal/net/http/Http1AsyncReceiver$$Lambda+0x000001f518291f38
instanceKlass  @bci jdk/internal/net/http/Http1AsyncReceiver handlePendingDelegate ()Z 42 <appendix> member <vmtarget> ; # jdk/internal/net/http/Http1AsyncReceiver$$Lambda+0x000001f518291d08
instanceKlass jdk/internal/net/http/Http1HeaderParser
instanceKlass  @bci jdk/internal/net/http/Http1Response <init> (Ljdk/internal/net/http/HttpConnection;Ljdk/internal/net/http/Http1Exchange;Ljdk/internal/net/http/Http1AsyncReceiver;)V 97 <appendix> member <vmtarget> ; # jdk/internal/net/http/Http1Response$$Lambda+0x000001f518291478
instanceKlass  @bci jdk/internal/net/http/Http1Response <init> (Ljdk/internal/net/http/HttpConnection;Ljdk/internal/net/http/Http1Exchange;Ljdk/internal/net/http/Http1AsyncReceiver;)V 79 <appendix> member <vmtarget> ; # jdk/internal/net/http/Http1Response$$Lambda+0x000001f518291248
instanceKlass  @bci jdk/internal/net/http/Http1Response <init> (Ljdk/internal/net/http/HttpConnection;Ljdk/internal/net/http/Http1Exchange;Ljdk/internal/net/http/Http1AsyncReceiver;)V 13 <appendix> member <vmtarget> ; # jdk/internal/net/http/Http1Response$$Lambda+0x000001f518291028
instanceKlass jdk/internal/net/http/Http1Response$Receiver
instanceKlass jdk/internal/net/http/Http1AsyncReceiver$Http1AsyncDelegate
instanceKlass jdk/internal/net/http/Http1Response
instanceKlass  @bci jdk/internal/net/http/Exchange responseAsyncImpl0 (Ljdk/internal/net/http/HttpConnection;)Ljava/util/concurrent/CompletableFuture; 70 <appendix> member <vmtarget> ; # jdk/internal/net/http/Exchange$$Lambda+0x000001f51828fc08
instanceKlass  @bci jdk/internal/net/http/Exchange establishExchange (Ljdk/internal/net/http/HttpConnection;)Ljava/util/concurrent/CompletableFuture; 151 <appendix> member <vmtarget> ; # jdk/internal/net/http/Exchange$$Lambda+0x000001f51828f9c8
instanceKlass  @bci jdk/internal/net/http/Exchange establishExchange (Ljdk/internal/net/http/HttpConnection;)Ljava/util/concurrent/CompletableFuture; 134 <appendix> member <vmtarget> ; # jdk/internal/net/http/Exchange$$Lambda+0x000001f51828f798
instanceKlass  @bci jdk/internal/net/http/ExchangeImpl get (Ljdk/internal/net/http/Exchange;Ljdk/internal/net/http/HttpConnection;)Ljava/util/concurrent/CompletableFuture; 95 <appendix> argL0 ; # jdk/internal/net/http/ExchangeImpl$$Lambda+0x000001f51828f560
instanceKlass  @bci jdk/internal/net/http/ExchangeImpl createExchangeImpl (Ljdk/internal/net/http/Http2Connection;Ljava/lang/Throwable;Ljdk/internal/net/http/Exchange;Ljdk/internal/net/http/HttpConnection;)Ljava/util/concurrent/CompletableFuture; 234 <appendix> member <vmtarget> ; # jdk/internal/net/http/ExchangeImpl$$Lambda+0x000001f51828f320
instanceKlass jdk/internal/net/http/Http1AsyncReceiver$Http1TubeSubscriber
instanceKlass  @bci jdk/internal/net/http/Http1AsyncReceiver <init> (Ljava/util/concurrent/Executor;Ljdk/internal/net/http/Http1Exchange;)V 33 <appendix> member <vmtarget> ; # jdk/internal/net/http/Http1AsyncReceiver$$Lambda+0x000001f51828ee80
instanceKlass  @bci jdk/internal/net/http/Http1AsyncReceiver <init> (Ljava/util/concurrent/Executor;Ljdk/internal/net/http/Http1Exchange;)V 6 <appendix> member <vmtarget> ; # jdk/internal/net/http/Http1AsyncReceiver$$Lambda+0x000001f51828ec60
instanceKlass jdk/internal/net/http/AbstractSubscription
instanceKlass jdk/internal/net/http/Http1AsyncReceiver
instanceKlass  @bci jdk/internal/net/http/Http1Request <init> (Ljdk/internal/net/http/HttpRequestImpl;Ljdk/internal/net/http/Http1Exchange;)V 6 <appendix> member <vmtarget> ; # jdk/internal/net/http/Http1Request$$Lambda+0x000001f51828e360
instanceKlass  @bci jdk/internal/net/http/Http1Request <clinit> ()V 0 <appendix> argL0 ; # jdk/internal/net/http/Http1Request$$Lambda+0x000001f51828e118
instanceKlass jdk/internal/net/http/Http1Exchange$Http1RequestBodySubscriber
instanceKlass jdk/internal/net/http/Http1Request
instanceKlass  @bci jdk/internal/net/http/SocketTube$InternalWriteSubscriber <init> (Ljdk/internal/net/http/SocketTube;)V 21 <appendix> member <vmtarget> ; # jdk/internal/net/http/SocketTube$InternalWriteSubscriber$$Lambda+0x000001f51828d5a8
instanceKlass  @bci jdk/internal/net/http/SocketTube$InternalWriteSubscriber <init> (Ljdk/internal/net/http/SocketTube;)V 15 <appendix> member <vmtarget> ; # jdk/internal/net/http/SocketTube$InternalWriteSubscriber$$Lambda+0x000001f51828d378
instanceKlass jdk/internal/net/http/SocketTube$InternalWriteSubscriber
instanceKlass  @bci jdk/internal/net/http/SocketTube$InternalReadPublisher$InternalReadSubscription <init> (Ljdk/internal/net/http/SocketTube$InternalReadPublisher;)V 56 <appendix> member <vmtarget> ; # jdk/internal/net/http/SocketTube$InternalReadPublisher$InternalReadSubscription$$Lambda+0x000001f51828ccd8
instanceKlass  @bci jdk/internal/net/http/SocketTube$InternalReadPublisher$InternalReadSubscription <init> (Ljdk/internal/net/http/SocketTube$InternalReadPublisher;)V 50 <appendix> member <vmtarget> ; # jdk/internal/net/http/SocketTube$InternalReadPublisher$InternalReadSubscription$$Lambda+0x000001f51828caa8
instanceKlass  @bci jdk/internal/net/http/SocketTube$InternalReadPublisher$InternalReadSubscription <init> (Ljdk/internal/net/http/SocketTube$InternalReadPublisher;)V 30 <appendix> member <vmtarget> ; # jdk/internal/net/http/SocketTube$InternalReadPublisher$InternalReadSubscription$$Lambda+0x000001f51828c888
instanceKlass jdk/internal/net/http/SocketTube$SocketFlowTask
instanceKlass jdk/internal/net/http/SocketTube$InternalReadPublisher$InternalReadSubscription
instanceKlass jdk/internal/net/http/SocketTube$InternalReadPublisher
instanceKlass jdk/internal/net/http/SocketTube$SliceBufferSource
instanceKlass jdk/internal/net/http/SocketTube$BufferSource
instanceKlass  @bci jdk/internal/net/http/SocketTube <init> (Ljdk/internal/net/http/HttpClientImpl;Ljava/nio/channels/SocketChannel;Ljava/util/function/Supplier;)V 6 <appendix> member <vmtarget> ; # jdk/internal/net/http/SocketTube$$Lambda+0x000001f51828b758
instanceKlass  @bci jdk/internal/net/http/PlainHttpConnection <init> (Ljava/net/InetSocketAddress;Ljdk/internal/net/http/HttpClientImpl;)V 243 <appendix> argL0 ; # jdk/internal/net/http/PlainHttpConnection$$Lambda+0x000001f51828b540
instanceKlass jdk/internal/net/http/SocketTube
instanceKlass  @bci jdk/internal/net/http/HttpConnection$PlainHttpPublisher <init> (Ljdk/internal/net/http/HttpConnection;Ljava/lang/Object;)V 37 <appendix> member <vmtarget> ; # jdk/internal/net/http/HttpConnection$PlainHttpPublisher$$Lambda+0x000001f51828ae38
instanceKlass jdk/internal/net/http/HttpConnection$PlainHttpPublisher
instanceKlass jdk/internal/net/http/HttpConnection$TrailingOperations
instanceKlass  @bci jdk/internal/net/http/HttpConnection <init> (Ljava/net/InetSocketAddress;Ljdk/internal/net/http/HttpClientImpl;)V 6 <appendix> member <vmtarget> ; # jdk/internal/net/http/HttpConnection$$Lambda+0x000001f51828a7b8
instanceKlass jdk/internal/net/http/HttpConnection$HttpPublisher
instanceKlass jdk/internal/net/http/common/FlowTube
instanceKlass jdk/internal/net/http/AsyncEvent
instanceKlass jdk/internal/net/http/ConnectionPool$CacheKey
instanceKlass jdk/internal/net/http/common/SequentialScheduler$SchedulableTask
instanceKlass jdk/internal/net/http/common/SequentialScheduler$CompleteRestartableTask
instanceKlass jdk/internal/net/http/common/SequentialScheduler$RestartableTask
instanceKlass jdk/internal/net/http/common/SequentialScheduler$DeferredCompleter
instanceKlass jdk/internal/net/http/common/SequentialScheduler
instanceKlass jdk/internal/net/http/Http1Exchange$Http1Publisher$WriteTask
instanceKlass jdk/internal/net/http/common/Demand
instanceKlass jdk/internal/net/http/Http1Exchange$Http1Publisher$Http1WriteSubscription
instanceKlass  @bci jdk/internal/net/http/Http1Exchange$Http1Publisher <init> (Ljdk/internal/net/http/Http1Exchange;)V 11 <appendix> member <vmtarget> ; # jdk/internal/net/http/Http1Exchange$Http1Publisher$$Lambda+0x000001f518288000
instanceKlass jdk/internal/net/http/Http1Exchange$Http1Publisher
instanceKlass  @bci jdk/internal/net/http/Http1Exchange <init> (Ljdk/internal/net/http/Exchange;Ljdk/internal/net/http/HttpConnection;)V 7 <appendix> member <vmtarget> ; # jdk/internal/net/http/Http1Exchange$$Lambda+0x000001f518283da8
instanceKlass  @bci jdk/internal/net/http/ExchangeImpl get (Ljdk/internal/net/http/Exchange;Ljdk/internal/net/http/HttpConnection;)Ljava/util/concurrent/CompletableFuture; 83 <appendix> member <vmtarget> ; # jdk/internal/net/http/ExchangeImpl$$Lambda+0x000001f518283538
instanceKlass  @bci jdk/internal/net/http/Http2Connection keyString (ZLjava/net/InetSocketAddress;Ljava/lang/String;I)Ljava/lang/String; 79 <adapter> ; # java/lang/invoke/LambdaForm$MH+0x000001f518287800
# instanceKlass java/lang/invoke/LambdaForm$DMH+0x000001f518287400
instanceKlass  @bci jdk/internal/net/http/Http2Connection keyString (ZLjava/net/InetSocketAddress;Ljava/lang/String;I)Ljava/lang/String; 79 <appendix> form vmentry <vmtarget> ; # java/lang/invoke/LambdaForm$MH+0x000001f518287000
# instanceKlass java/lang/invoke/LambdaForm$MH+0x000001f518286c00
instanceKlass  @bci jdk/internal/net/http/Http2Connection keyString (ZLjava/net/InetSocketAddress;Ljava/lang/String;I)Ljava/lang/String; 79 <appendix> form names 8 function resolvedHandle form vmentry <vmtarget> ; # java/lang/invoke/LambdaForm$DMH+0x000001f518286800
instanceKlass  @bci jdk/internal/net/http/Http2Connection keyString (ZLjava/net/InetSocketAddress;Ljava/lang/String;I)Ljava/lang/String; 79 <appendix> argL3 form vmentry <vmtarget> ; # java/lang/invoke/LambdaForm$MH+0x000001f518286400
# instanceKlass java/lang/invoke/LambdaForm$MH+0x000001f518286000
# instanceKlass java/lang/invoke/LambdaForm$MH+0x000001f518285c00
# instanceKlass java/lang/invoke/LambdaForm$MH+0x000001f518285800
# instanceKlass java/lang/invoke/LambdaForm$MH+0x000001f518285400
instanceKlass  @bci jdk/internal/net/http/Http2Connection keyString (ZLjava/net/InetSocketAddress;Ljava/lang/String;I)Ljava/lang/String; 79 <appendix> form names 12 function resolvedHandle form vmentry <vmtarget> ; # java/lang/invoke/LambdaForm$DMH+0x000001f518285000
instanceKlass  @bci jdk/internal/net/http/Http2Connection keyString (ZLjava/net/InetSocketAddress;Ljava/lang/String;I)Ljava/lang/String; 79 <appendix> argL1 form vmentry <vmtarget> ; # java/lang/invoke/LambdaForm$MH+0x000001f518284c00
# instanceKlass java/lang/invoke/LambdaForm$MH+0x000001f518284800
# instanceKlass java/lang/invoke/LambdaForm$MH+0x000001f518284400
# instanceKlass java/lang/invoke/LambdaForm$MH+0x000001f518284000
instanceKlass  @bci jdk/internal/net/http/HttpRequestImpl getAddress ()Ljava/net/InetSocketAddress; 64 <appendix> member <vmtarget> ; # jdk/internal/net/http/HttpRequestImpl$$Lambda+0x000001f518283318
instanceKlass  @bci jdk/internal/net/http/Http2Connection <clinit> ()V 19 <appendix> member <vmtarget> ; # jdk/internal/net/http/Http2Connection$$Lambda+0x000001f5182830f8
instanceKlass jdk/internal/net/http/frame/Http2Frame
instanceKlass jdk/internal/net/http/Http2Connection
instanceKlass  @bci jdk/internal/net/http/ExchangeImpl <clinit> ()V 2 <appendix> member <vmtarget> ; # jdk/internal/net/http/ExchangeImpl$$Lambda+0x000001f5182808a8
instanceKlass  @bci jdk/internal/net/http/Exchange responseAsyncImpl0 (Ljdk/internal/net/http/HttpConnection;)Ljava/util/concurrent/CompletableFuture; 57 <appendix> member <vmtarget> ; # jdk/internal/net/http/Exchange$$Lambda+0x000001f518280668
instanceKlass  @bci jdk/internal/net/http/Exchange responseAsyncImpl0 (Ljdk/internal/net/http/HttpConnection;)Ljava/util/concurrent/CompletableFuture; 49 <appendix> member <vmtarget> ; # jdk/internal/net/http/Exchange$$Lambda+0x000001f518280428
instanceKlass jdk/internal/net/http/AuthenticationFilter$Cache
instanceKlass java/time/Clock
instanceKlass java/time/InstantSource
instanceKlass  @bci jdk/internal/net/http/ResponseTimerEvent <clinit> ()V 2 <appendix> member <vmtarget> ; # jdk/internal/net/http/ResponseTimerEvent$$Lambda+0x000001f518280000
instanceKlass  @bci jdk/internal/net/http/MultiExchange responseAsync (Ljava/util/concurrent/Executor;)Ljava/util/concurrent/CompletableFuture; 23 <appendix> argL0 ; # jdk/internal/net/http/MultiExchange$$Lambda+0x000001f51825c400
instanceKlass  @bci jdk/internal/net/http/MultiExchange responseAsync0 (Ljava/util/concurrent/CompletableFuture;)Ljava/util/concurrent/CompletableFuture; 20 <appendix> member <vmtarget> ; # jdk/internal/net/http/MultiExchange$$Lambda+0x000001f51825cc70
instanceKlass  @bci jdk/internal/net/http/MultiExchange responseAsync0 (Ljava/util/concurrent/CompletableFuture;)Ljava/util/concurrent/CompletableFuture; 11 <appendix> member <vmtarget> ; # jdk/internal/net/http/MultiExchange$$Lambda+0x000001f51825ca30
instanceKlass jdk/internal/net/http/Response
instanceKlass  @bci jdk/internal/net/http/MultiExchange responseAsync0 (Ljava/util/concurrent/CompletableFuture;)Ljava/util/concurrent/CompletableFuture; 2 <appendix> member <vmtarget> ; # jdk/internal/net/http/MultiExchange$$Lambda+0x000001f51825dd60
instanceKlass jdk/internal/net/http/MultiExchange$CancelableRef
instanceKlass jdk/internal/net/http/Exchange$ConnectionAborter
instanceKlass  @bci jdk/internal/net/http/Exchange <init> (Ljdk/internal/net/http/HttpRequestImpl;Ljdk/internal/net/http/MultiExchange;)V 6 <appendix> member <vmtarget> ; # jdk/internal/net/http/Exchange$$Lambda+0x000001f51825fd70
instanceKlass jdk/internal/net/http/ExchangeImpl
instanceKlass jdk/internal/net/http/common/Log
instanceKlass jdk/internal/net/http/Exchange
instanceKlass  @bci jdk/internal/net/http/MultiExchange <init> (Ljava/net/http/HttpRequest;Ljdk/internal/net/http/HttpRequestImpl;Ljdk/internal/net/http/HttpClientImpl;Ljava/net/http/HttpResponse$BodyHandler;Ljava/net/http/HttpResponse$PushPromiseHandler;Ljava/security/AccessControlContext;)V 173 <appendix> argL0 ; # jdk/internal/net/http/MultiExchange$$Lambda+0x000001f51825f930
instanceKlass jdk/internal/net/http/MultiExchange$ConnectTimeoutTracker
instanceKlass  @bci jdk/internal/net/http/MultiExchange <clinit> ()V 19 <appendix> member <vmtarget> ; # jdk/internal/net/http/MultiExchange$$Lambda+0x000001f51825f508
instanceKlass jdk/internal/net/http/TimeoutEvent
instanceKlass jdk/internal/net/http/MultiExchange
instanceKlass jdk/internal/net/http/common/Cancelable
instanceKlass sun/net/spi/DefaultProxySelector$3
instanceKlass sun/net/spi/DefaultProxySelector$NonProxyInfo
instanceKlass  @bci jdk/internal/net/http/HttpRequestImpl userAgent ()Ljava/lang/String; 0 <appendix> argL0 ; # jdk/internal/net/http/HttpRequestImpl$$Lambda+0x000001f51825ea08
instanceKlass  @bci java/net/http/HttpResponse$BodyHandlers ofString (Ljava/nio/charset/Charset;)Ljava/net/http/HttpResponse$BodyHandler; 6 <appendix> member <vmtarget> ; # java/net/http/HttpResponse$BodyHandlers$$Lambda+0x000001f51825e7e8
instanceKlass java/net/http/HttpResponse
instanceKlass java/net/http/HttpResponse$ResponseInfo
instanceKlass java/net/http/HttpResponse$BodyHandler
instanceKlass java/net/http/HttpResponse$BodyHandlers
instanceKlass  @bci java/net/http/HttpHeaders headersOf (Ljava/util/Map;Ljava/util/function/BiPredicate;)Ljava/net/http/HttpHeaders; 37 <appendix> member <vmtarget> ; # java/net/http/HttpHeaders$$Lambda+0x000001f51825bd60
instanceKlass  @cpi com/naqqa/elasticsearch/bench/amazon/AmazonBulkLoader 342 form vmentry <vmtarget> ; # java/lang/invoke/LambdaForm$DMH+0x000001f51825c000
instanceKlass java/net/http/HttpHeaders
instanceKlass jdk/internal/net/http/PullPublisher
instanceKlass jdk/internal/net/http/RequestPublishers$EmptyPublisher
instanceKlass java/net/http/HttpRequest$BodyPublisher
instanceKlass java/net/http/HttpRequest$BodyPublishers
instanceKlass jdk/internal/net/http/common/HttpHeadersBuilder
instanceKlass jdk/internal/net/http/HttpRequestBuilderImpl
instanceKlass java/net/http/HttpRequest$Builder
instanceKlass com/naqqa/elasticsearch/bench/ProductTrack
instanceKlass com/naqqa/elasticsearch/bench/Track
instanceKlass jdk/internal/net/http/RedirectFilter
instanceKlass jdk/internal/net/http/AuthenticationFilter
instanceKlass jdk/internal/net/http/HeaderFilter
instanceKlass jdk/internal/net/http/FilterFactory
instanceKlass  @bci jdk/internal/net/http/common/Utils getIntegerProperty (Ljava/lang/String;I)I 2 <appendix> member <vmtarget> ; # jdk/internal/net/http/common/Utils$$Lambda+0x000001f518259e60
instanceKlass jdk/internal/net/http/ConnectionPool$ExpiryList
instanceKlass  @bci jdk/internal/net/http/ConnectionPool <init> (Ljava/lang/String;)V 6 <appendix> member <vmtarget> ; # jdk/internal/net/http/ConnectionPool$$Lambda+0x000001f518259720
instanceKlass jdk/internal/net/http/common/FlowTube$TubePublisher
instanceKlass java/util/concurrent/Flow$Publisher
instanceKlass jdk/internal/net/http/common/FlowTube$TubeSubscriber
instanceKlass jdk/internal/net/http/ConnectionPool
instanceKlass sun/security/ssl/SSLConfiguration$1
instanceKlass javax/net/ssl/SSLParameters
instanceKlass sun/security/ssl/SessionId
instanceKlass java/util/concurrent/ConcurrentLinkedQueue$Node
instanceKlass java/security/spec/MGF1ParameterSpec
instanceKlass sun/security/ec/ParametersMap$1
instanceKlass  @bci sun/security/ec/ed/EdDSAParameters <clinit> ()V 268 <appendix> argL0 ; # sun/security/ec/ed/EdDSAParameters$$Lambda+0x000001f5182589a8
instanceKlass sun/security/ec/ed/EdDSAParameters$SHAKE256DigesterFactory
instanceKlass sun/security/ec/point/ProjectivePoint
instanceKlass  @bci sun/security/ec/ed/EdDSAParameters <clinit> ()V 117 <appendix> argL0 ; # sun/security/ec/ed/EdDSAParameters$$Lambda+0x000001f518258000
instanceKlass sun/security/ec/ed/EdDSAParameters$Digester
instanceKlass sun/security/ec/ed/EdDSAParameters$SHA512DigesterFactory
instanceKlass sun/security/ec/point/ExtendedHomogeneousPoint
instanceKlass sun/security/ec/point/AffinePoint
instanceKlass sun/security/util/math/intpoly/IntegerPolynomial$Limb
instanceKlass sun/security/util/math/SmallValue
instanceKlass sun/security/ec/point/MutablePoint
instanceKlass sun/security/ec/point/ImmutablePoint
instanceKlass sun/security/ec/point/Point
instanceKlass sun/security/util/math/intpoly/IntegerPolynomial$Element
instanceKlass sun/security/util/math/ImmutableIntegerModuloP
instanceKlass sun/security/util/math/IntegerModuloP
instanceKlass sun/security/util/math/intpoly/IntegerPolynomial
instanceKlass sun/security/ec/ParametersMap
instanceKlass sun/security/ec/ed/EdECOperations
instanceKlass sun/security/ec/ed/EdDSAParameters$DigesterFactory
instanceKlass sun/security/util/math/IntegerFieldModuloP
instanceKlass sun/security/ec/ed/EdDSAParameters
instanceKlass  @bci sun/security/ec/ed/EdDSASignature <init> (Ljava/security/spec/NamedParameterSpec;)V 27 <appendix> argL0 ; # sun/security/ec/ed/EdDSASignature$$Lambda+0x000001f518257748
instanceKlass java/security/spec/EdDSAParameterSpec
instanceKlass sun/security/ec/ed/EdDSASignature$MessageAccumulator
instanceKlass javax/net/ssl/ExtendedSSLSession
instanceKlass javax/crypto/spec/DHParameterSpec
instanceKlass sun/security/ssl/PredefinedDHParameterSpecs$1
instanceKlass sun/security/ssl/PredefinedDHParameterSpecs
instanceKlass sun/security/ssl/NamedGroup$SupportedGroups
instanceKlass sun/security/ssl/SSLConfiguration$CustomizedClientSignatureSchemes
instanceKlass javax/crypto/KeyGeneratorSpi
instanceKlass javax/crypto/KeyGenerator
instanceKlass sun/security/ssl/SSLConfiguration
instanceKlass sun/security/ssl/SSLCipher$SSLWriteCipher
instanceKlass sun/security/ssl/KeyUpdate$KeyUpdateProducer
instanceKlass sun/security/ssl/KeyUpdate$KeyUpdateConsumer
instanceKlass sun/security/ssl/KeyUpdate$KeyUpdateKickstartProducer
instanceKlass sun/security/ssl/KeyUpdate
instanceKlass sun/security/ssl/CertificateStatus$CertificateStatusAbsence
instanceKlass sun/security/ssl/HandshakeAbsence
instanceKlass sun/security/ssl/CertificateStatus$CertificateStatusProducer
instanceKlass sun/security/ssl/CertificateStatus$CertificateStatusConsumer
instanceKlass sun/security/ssl/CertificateStatus
instanceKlass sun/security/ssl/Finished$T13FinishedProducer
instanceKlass sun/security/ssl/Finished$T13FinishedConsumer
instanceKlass sun/security/ssl/Finished$T12FinishedProducer
instanceKlass sun/security/ssl/Finished$T12FinishedConsumer
instanceKlass sun/security/ssl/Finished
instanceKlass sun/security/ssl/ClientKeyExchange$ClientKeyExchangeProducer
instanceKlass sun/security/ssl/ClientKeyExchange$ClientKeyExchangeConsumer
instanceKlass sun/security/ssl/ClientKeyExchange
instanceKlass sun/security/ssl/CertificateVerify$T13CertificateVerifyProducer
instanceKlass sun/security/ssl/CertificateVerify$T13CertificateVerifyConsumer
instanceKlass sun/security/ssl/CertificateVerify$T12CertificateVerifyProducer
instanceKlass sun/security/ssl/CertificateVerify$T12CertificateVerifyConsumer
instanceKlass sun/security/ssl/CertificateVerify$T10CertificateVerifyProducer
instanceKlass sun/security/ssl/CertificateVerify$T10CertificateVerifyConsumer
instanceKlass sun/security/ssl/CertificateVerify$S30CertificateVerifyProducer
instanceKlass sun/security/ssl/CertificateVerify$S30CertificateVerifyConsumer
instanceKlass sun/security/ssl/CertificateVerify
instanceKlass sun/security/ssl/ServerHelloDone$ServerHelloDoneProducer
instanceKlass sun/security/ssl/ServerHelloDone$ServerHelloDoneConsumer
instanceKlass sun/security/ssl/ServerHelloDone
instanceKlass sun/security/ssl/CertificateRequest$T13CertificateRequestProducer
instanceKlass sun/security/ssl/CertificateRequest$T13CertificateRequestConsumer
instanceKlass sun/security/ssl/CertificateRequest$T12CertificateRequestProducer
instanceKlass sun/security/ssl/CertificateRequest$T12CertificateRequestConsumer
instanceKlass sun/security/ssl/CertificateRequest$T10CertificateRequestProducer
instanceKlass sun/security/ssl/CertificateRequest$T10CertificateRequestConsumer
instanceKlass sun/security/ssl/CertificateRequest
instanceKlass sun/security/ssl/ServerKeyExchange$ServerKeyExchangeProducer
instanceKlass sun/security/ssl/ServerKeyExchange$ServerKeyExchangeConsumer
instanceKlass sun/security/ssl/ServerKeyExchange
instanceKlass sun/security/ssl/CertificateMessage$T13CertificateProducer
instanceKlass sun/security/ssl/CertificateMessage$T13CertificateConsumer
instanceKlass sun/security/ssl/CertificateMessage$T12CertificateProducer
instanceKlass sun/security/ssl/CertificateMessage$T12CertificateConsumer
instanceKlass sun/security/ssl/CertificateMessage
instanceKlass sun/security/ssl/EncryptedExtensions$EncryptedExtensionsConsumer
instanceKlass sun/security/ssl/EncryptedExtensions$EncryptedExtensionsProducer
instanceKlass sun/security/ssl/EncryptedExtensions
instanceKlass sun/security/ssl/NewSessionTicket$T12NewSessionTicketProducer
instanceKlass sun/security/ssl/NewSessionTicket$T13NewSessionTicketProducer
instanceKlass sun/security/ssl/NewSessionTicket$T12NewSessionTicketConsumer
instanceKlass sun/security/ssl/NewSessionTicket$T13NewSessionTicketConsumer
instanceKlass sun/security/ssl/NewSessionTicket
instanceKlass sun/security/ssl/HelloVerifyRequest$HelloVerifyRequestProducer
instanceKlass sun/security/ssl/HelloVerifyRequest$HelloVerifyRequestConsumer
instanceKlass sun/security/ssl/HelloVerifyRequest
instanceKlass sun/security/ssl/ServerHello$T13HelloRetryRequestConsumer
instanceKlass sun/security/ssl/ServerHello$T13ServerHelloConsumer
instanceKlass sun/security/ssl/ServerHello$T12ServerHelloConsumer
instanceKlass sun/security/ssl/ServerHello$T13HelloRetryRequestReproducer
instanceKlass sun/security/ssl/ServerHello$T13HelloRetryRequestProducer
instanceKlass sun/security/ssl/ServerHello$T13ServerHelloProducer
instanceKlass sun/security/ssl/ServerHello$T12ServerHelloProducer
instanceKlass sun/security/ssl/ServerHello$ServerHelloConsumer
instanceKlass sun/security/ssl/ServerHello
instanceKlass sun/security/ssl/ClientHello$D13ClientHelloConsumer
instanceKlass sun/security/ssl/ClientHello$D12ClientHelloConsumer
instanceKlass sun/security/ssl/ClientHello$T13ClientHelloConsumer
instanceKlass sun/security/ssl/ClientHello$T12ClientHelloConsumer
instanceKlass sun/security/ssl/HandshakeConsumer
instanceKlass sun/security/ssl/ClientHello$ClientHelloProducer
instanceKlass sun/security/ssl/ClientHello$ClientHelloConsumer
instanceKlass sun/security/ssl/ClientHello$ClientHelloKickstartProducer
instanceKlass sun/security/ssl/ClientHello
instanceKlass sun/security/ssl/HelloRequest$HelloRequestProducer
instanceKlass sun/security/ssl/HelloRequest$HelloRequestConsumer
instanceKlass sun/security/ssl/HelloRequest$HelloRequestKickstartProducer
instanceKlass sun/security/ssl/SSLProducer
instanceKlass sun/security/ssl/HelloRequest
instanceKlass sun/security/ssl/HandshakeProducer
instanceKlass sun/security/ssl/SSLConsumer
instanceKlass sun/security/ssl/Authenticator$MacImpl
instanceKlass sun/security/ssl/Authenticator$MAC
instanceKlass sun/security/ssl/Authenticator
instanceKlass sun/security/ssl/SSLCipher$SSLReadCipher
instanceKlass sun/security/ssl/InputRecord
instanceKlass sun/security/ssl/SSLRecord
instanceKlass sun/security/ssl/Record
instanceKlass sun/security/ssl/TransportContext
instanceKlass sun/security/ssl/ConnectionContext
instanceKlass sun/security/ssl/HandshakeHash$CacheOnlyHash
instanceKlass sun/security/ssl/HandshakeHash$TranscriptHash
instanceKlass sun/security/ssl/HandshakeHash
instanceKlass java/net/SocksConsts
instanceKlass sun/net/PlatformSocketImpl
instanceKlass java/net/Socket
instanceKlass sun/security/ssl/SSLTransport
instanceKlass javax/net/SocketFactory
instanceKlass  @bci jdk/internal/net/http/HttpClientImpl getDefaultProxySelector ()Ljava/net/ProxySelector; 0 <appendix> argL0 ; # jdk/internal/net/http/HttpClientImpl$$Lambda+0x000001f518256218
instanceKlass  @bci jdk/internal/net/http/HttpClientImpl <init> (Ljdk/internal/net/http/HttpClientBuilderImpl;Ljdk/internal/net/http/HttpClientImpl$SingleFacadeFactory;)V 475 <appendix> argL0 ; # jdk/internal/net/http/HttpClientImpl$$Lambda+0x000001f518256000
instanceKlass  @bci jdk/internal/net/http/Http2ClientImpl <clinit> ()V 3 <appendix> member <vmtarget> ; # jdk/internal/net/http/Http2ClientImpl$$Lambda+0x000001f518253810
instanceKlass jdk/internal/net/http/Http2ClientImpl
instanceKlass  @bci jdk/internal/net/http/HttpClientFacade <init> (Ljdk/internal/net/http/HttpClientImpl;)V 19 <appendix> member <vmtarget> ; # jdk/internal/net/http/HttpClientFacade$$Lambda+0x000001f518252c70
instanceKlass  @bci jdk/internal/net/http/HttpClientImpl <init> (Ljdk/internal/net/http/HttpClientBuilderImpl;Ljdk/internal/net/http/HttpClientImpl$SingleFacadeFactory;)V 371 <appendix> member <vmtarget> ; # jdk/internal/net/http/HttpClientImpl$$Lambda+0x000001f518252a40
instanceKlass  @bci jdk/internal/net/http/HttpClientImpl <init> (Ljdk/internal/net/http/HttpClientBuilderImpl;Ljdk/internal/net/http/HttpClientImpl$SingleFacadeFactory;)V 363 <appendix> member <vmtarget> ; # jdk/internal/net/http/HttpClientImpl$$Lambda+0x000001f518252820
instanceKlass java/util/function/BooleanSupplier
instanceKlass jdk/internal/net/http/HttpClientImpl$DelegatingExecutor
instanceKlass jdk/internal/net/http/HttpClientImpl$DefaultThreadFactory
instanceKlass  @bci sun/security/ssl/SSLContextImpl engineInit ([Ljavax/net/ssl/KeyManager;[Ljavax/net/ssl/TrustManager;Ljava/security/SecureRandom;)V 57 <appendix> argL0 ; # sun/security/ssl/SSLContextImpl$$Lambda+0x000001f5181fc010
instanceKlass javax/net/ssl/X509ExtendedKeyManager
instanceKlass javax/net/ssl/X509KeyManager
instanceKlass javax/net/ssl/KeyManager
instanceKlass javax/net/ssl/KeyManagerFactorySpi
instanceKlass  @bci javax/net/ssl/KeyManagerFactory getDefaultAlgorithm ()Ljava/lang/String; 0 <appendix> argL0 ; # javax/net/ssl/KeyManagerFactory$$Lambda+0x000001f5181facb8
instanceKlass javax/net/ssl/KeyManagerFactory
instanceKlass sun/security/ssl/SSLContextImpl$DefaultManagersHolder$1
instanceKlass javax/net/ssl/X509ExtendedTrustManager
instanceKlass javax/net/ssl/X509TrustManager
instanceKlass javax/net/ssl/TrustManager
instanceKlass sun/security/validator/TrustStoreUtil
instanceKlass sun/security/x509/AccessDescription
instanceKlass sun/security/x509/RFC822Name
instanceKlass sun/security/x509/NetscapeCertTypeExtension$MapEntry
instanceKlass sun/security/x509/DNSName
instanceKlass sun/security/x509/URIName
instanceKlass sun/security/x509/DistributionPoint
instanceKlass java/security/cert/PolicyQualifierInfo
instanceKlass sun/security/x509/CertificatePolicyId
instanceKlass sun/security/x509/PolicyInformation
instanceKlass java/security/interfaces/ECPublicKey
instanceKlass sun/security/x509/GeneralName
instanceKlass sun/security/pkcs12/PKCS12KeyStore$Entry
instanceKlass java/util/jar/JarFile$ThreadTrackHolder
instanceKlass java/lang/Runtime$Version
instanceKlass java/util/jar/JavaUtilJarAccessImpl
instanceKlass jdk/internal/access/JavaUtilJarAccess
instanceKlass java/util/zip/ZipFile$1
instanceKlass jdk/internal/access/JavaUtilZipFileAccess
instanceKlass java/util/zip/ZipFile
instanceKlass java/util/zip/ZipConstants
instanceKlass jdk/internal/event/EventHelper
instanceKlass sun/security/jca/JCAUtil
instanceKlass sun/security/util/MemoryCache$CacheEntry
instanceKlass sun/security/x509/GeneralNames
instanceKlass sun/security/x509/KeyIdentifier
# instanceKlass java/lang/invoke/LambdaForm$MH+0x000001f518254000
instanceKlass sun/security/x509/OIDMap$OIDInfo
instanceKlass sun/security/x509/PKIXExtensions
instanceKlass sun/security/x509/OIDMap
instanceKlass sun/security/x509/Extension
instanceKlass java/security/cert/Extension
instanceKlass sun/security/x509/CertificateExtensions
instanceKlass sun/security/rsa/RSAUtil
instanceKlass java/security/interfaces/RSAPublicKey
instanceKlass java/security/interfaces/RSAKey
instanceKlass java/security/spec/PSSParameterSpec
instanceKlass java/security/spec/RSAPrivateKeySpec
instanceKlass java/security/spec/RSAPublicKeySpec
instanceKlass  @bci java/security/spec/EncodedKeySpec <clinit> ()V 0 <appendix> argL0 ; # java/security/spec/EncodedKeySpec$$Lambda+0x000001f5181f09c8
instanceKlass jdk/internal/access/JavaSecuritySpecAccess
instanceKlass java/security/spec/EncodedKeySpec
instanceKlass java/security/spec/KeySpec
instanceKlass sun/security/util/BitArray
instanceKlass sun/security/x509/X509Key
instanceKlass sun/security/x509/CertificateX509Key
instanceKlass java/util/Date
instanceKlass sun/util/calendar/CalendarUtils
instanceKlass sun/util/calendar/CalendarDate
instanceKlass sun/util/calendar/CalendarSystem$GregorianHolder
instanceKlass sun/util/calendar/CalendarSystem
instanceKlass sun/security/x509/CertificateValidity
instanceKlass sun/security/x509/AVA
instanceKlass sun/security/x509/RDN
instanceKlass javax/security/auth/x500/X500Principal
instanceKlass  @bci sun/security/x509/X500Name <clinit> ()V 153 <appendix> argL0 ; # sun/security/x509/X500Name$$Lambda+0x000001f5181ee938
instanceKlass sun/security/x509/X500Name
instanceKlass sun/security/x509/GeneralNameInterface
instanceKlass sun/security/x509/CertificateAlgorithmId
instanceKlass sun/security/x509/SerialNumber
instanceKlass sun/security/x509/CertificateSerialNumber
instanceKlass sun/security/x509/CertificateVersion
instanceKlass sun/security/x509/X509CertInfo
instanceKlass sun/security/x509/AlgorithmId
instanceKlass java/security/cert/X509Extension
instanceKlass sun/security/util/Cache$EqualByteArray
instanceKlass java/security/cert/CertificateFactorySpi
instanceKlass java/security/cert/CertificateFactory
instanceKlass sun/security/pkcs/ContentInfo
instanceKlass sun/security/util/IOUtils
instanceKlass sun/security/util/DerInputStream
instanceKlass sun/security/util/DerValue
instanceKlass sun/security/action/OpenFileInputStreamAction
instanceKlass  @bci sun/security/util/KeyStoreDelegator <init> (Ljava/lang/String;Ljava/lang/Class;Ljava/lang/String;Ljava/lang/Class;)V 4 <appendix> argL0 ; # sun/security/util/KeyStoreDelegator$$Lambda+0x000001f5181eaf88
instanceKlass java/security/KeyStoreSpi
instanceKlass  @bci java/security/KeyStore getDefaultType ()Ljava/lang/String; 0 <appendix> argL0 ; # java/security/KeyStore$$Lambda+0x000001f5181e9cb8
instanceKlass java/security/KeyStore
instanceKlass sun/security/ssl/TrustStoreManager$TrustStoreDescriptor$1
instanceKlass sun/security/util/FilePaths
instanceKlass sun/security/ssl/TrustStoreManager$TrustStoreDescriptor
instanceKlass sun/security/ssl/TrustStoreManager$TrustAnchorManager
instanceKlass sun/security/ssl/TrustStoreManager
instanceKlass javax/net/ssl/TrustManagerFactorySpi
instanceKlass  @bci javax/net/ssl/TrustManagerFactory getDefaultAlgorithm ()Ljava/lang/String; 0 <appendix> argL0 ; # javax/net/ssl/TrustManagerFactory$$Lambda+0x000001f5181e87e0
instanceKlass javax/net/ssl/TrustManagerFactory
instanceKlass sun/security/ssl/SSLContextImpl$DefaultManagersHolder
instanceKlass sun/security/util/Cache
instanceKlass sun/security/action/GetIntegerAction
instanceKlass sun/security/ssl/SSLSessionContextImpl
instanceKlass javax/net/ssl/SSLSessionContext
instanceKlass sun/security/ssl/EphemeralKeyManager$EphemeralKeyPair
instanceKlass sun/security/ssl/EphemeralKeyManager
instanceKlass sun/security/ssl/SSLContextImpl$CustomizedSSLProtocols
instanceKlass java/security/spec/NamedParameterSpec
instanceKlass sun/security/util/ECKeySizeParameterSpec
instanceKlass java/security/AlgorithmParametersSpi
instanceKlass java/security/AlgorithmParameters
instanceKlass sun/security/util/ECUtil
instanceKlass java/security/KeyPairGeneratorSpi
instanceKlass java/security/PrivateKey
instanceKlass javax/security/auth/Destroyable
instanceKlass java/security/PublicKey
instanceKlass java/security/KeyFactorySpi
instanceKlass java/security/KeyFactory
instanceKlass javax/crypto/KeyAgreement
instanceKlass java/security/interfaces/ECKey
instanceKlass java/security/Key
instanceKlass java/security/Signature$1
instanceKlass jdk/internal/access/JavaSecuritySignatureAccess
instanceKlass java/security/SignatureSpi
instanceKlass sun/security/ssl/JsseJce$EcAvailability
instanceKlass sun/security/ssl/SSLAlgorithmDecomposer$1
instanceKlass sun/security/ssl/Utilities
instanceKlass sun/security/ssl/JsseJce
instanceKlass sun/security/ssl/NamedGroup$XDHScheme
instanceKlass sun/security/ssl/NamedGroup$FFDHEScheme
instanceKlass sun/security/ssl/NamedGroup$ECDHEScheme
instanceKlass sun/security/ssl/NamedGroup$NamedGroupScheme
instanceKlass sun/security/ssl/SSLCipher$1
instanceKlass sun/security/ssl/SSLCipher$T13CC20P1305WriteCipherGenerator
instanceKlass sun/security/ssl/SSLCipher$T12CC20P1305WriteCipherGenerator
instanceKlass sun/security/ssl/SSLCipher$T13CC20P1305ReadCipherGenerator
instanceKlass sun/security/ssl/SSLCipher$T12CC20P1305ReadCipherGenerator
instanceKlass sun/security/ssl/SSLCipher$T13GcmWriteCipherGenerator
instanceKlass sun/security/ssl/SSLCipher$T13GcmReadCipherGenerator
instanceKlass sun/security/ssl/SSLCipher$T12GcmWriteCipherGenerator
instanceKlass sun/security/ssl/SSLCipher$T12GcmReadCipherGenerator
instanceKlass com/sun/crypto/provider/AESConstants
instanceKlass java/util/Vector$1
instanceKlass  @bci javax/crypto/JceSecurityManager <clinit> ()V 67 <appendix> argL0 ; # javax/crypto/JceSecurityManager$$Lambda+0x000001f5181dd270
instanceKlass  @bci javax/crypto/JceSecurityManager <clinit> ()V 49 <appendix> argL0 ; # javax/crypto/JceSecurityManager$$Lambda+0x000001f5181dd058
instanceKlass javax/crypto/JceSecurityManager
instanceKlass sun/security/ssl/SSLCipher$T11BlockWriteCipherGenerator
instanceKlass sun/security/ssl/SSLCipher$T11BlockReadCipherGenerator
instanceKlass com/sun/crypto/provider/PKCS5Padding
instanceKlass com/sun/crypto/provider/Padding
instanceKlass com/sun/crypto/provider/FeedbackCipher
instanceKlass com/sun/crypto/provider/SymmetricCipher
instanceKlass com/sun/crypto/provider/DESConstants
instanceKlass com/sun/crypto/provider/CipherCore
instanceKlass sun/security/ssl/SSLCipher$T10BlockWriteCipherGenerator
instanceKlass sun/security/ssl/SSLCipher$T10BlockReadCipherGenerator
instanceKlass javax/crypto/CipherSpi
instanceKlass  @bci javax/crypto/ProviderVerifier isTrustedModule ()Z 61 <appendix> argL0 ; # javax/crypto/ProviderVerifier$$Lambda+0x000001f5181da830
instanceKlass javax/crypto/ProviderVerifier$1
instanceKlass javax/crypto/ProviderVerifier
instanceKlass javax/crypto/JceSecurity$3
instanceKlass javax/crypto/JceSecurity$2
instanceKlass java/net/spi/URLStreamHandlerProvider
instanceKlass java/net/URL$1
instanceKlass java/net/URL$2
instanceKlass jdk/internal/misc/ThreadTracker
instanceKlass java/net/URL$ThreadTrackHolder
instanceKlass java/util/Vector$Itr
instanceKlass javax/crypto/CryptoPolicyParser$CryptoPermissionEntry
instanceKlass javax/crypto/CryptoPolicyParser$GrantEntry
instanceKlass java/io/StreamTokenizer
instanceKlass javax/crypto/CryptoPolicyParser
instanceKlass sun/nio/fs/WindowsFileSystemProvider$1
instanceKlass javax/crypto/JceSecurity$1
instanceKlass javax/crypto/JceSecurity
instanceKlass sun/security/jca/ProviderList$ServiceList$1
instanceKlass sun/security/jca/ServiceId
instanceKlass javax/crypto/Cipher$Transform
instanceKlass javax/crypto/Cipher
instanceKlass sun/security/ssl/SSLCipher$StreamWriteCipherGenerator
instanceKlass sun/security/ssl/SSLCipher$StreamReadCipherGenerator
instanceKlass sun/security/ssl/SSLCipher$NullWriteCipherGenerator
instanceKlass sun/security/ssl/SSLCipher$WriteCipherGenerator
instanceKlass sun/security/ssl/SSLCipher$NullReadCipherGenerator
instanceKlass sun/security/ssl/SSLCipher$ReadCipherGenerator
instanceKlass sun/security/util/DisabledAlgorithmConstraints$Constraints$Holder
instanceKlass java/util/StringTokenizer
instanceKlass sun/security/util/DisabledAlgorithmConstraints$Constraint
instanceKlass sun/security/util/DisabledAlgorithmConstraints$Constraints
instanceKlass sun/security/util/AbstractAlgorithmConstraints$1
instanceKlass sun/security/util/AlgorithmDecomposer
instanceKlass sun/security/util/AbstractAlgorithmConstraints
instanceKlass sun/security/ssl/SSLAlgorithmConstraints
instanceKlass java/security/AlgorithmConstraints
instanceKlass sun/security/ssl/SSLLogger
instanceKlass javax/net/ssl/SSLContextSpi
instanceKlass javax/net/ssl/SSLContext
instanceKlass jdk/internal/net/http/common/HttpBodySubscriberWrapper$1
instanceKlass  @bci jdk/internal/net/http/common/HttpBodySubscriberWrapper <clinit> ()V 16 <appendix> argL0 ; # jdk/internal/net/http/common/HttpBodySubscriberWrapper$$Lambda+0x000001f518250b70
instanceKlass java/util/concurrent/Flow$Subscription
instanceKlass jdk/internal/net/http/common/HttpBodySubscriberWrapper
instanceKlass jdk/internal/net/http/ResponseSubscribers$TrustedSubscriber
instanceKlass java/net/http/HttpResponse$BodySubscriber
instanceKlass java/util/concurrent/Flow$Subscriber
instanceKlass  @bci jdk/internal/net/http/HttpConnection <clinit> ()V 41 <appendix> argL0 ; # jdk/internal/net/http/HttpConnection$$Lambda+0x000001f518250450
instanceKlass  @bci jdk/internal/net/http/HttpConnection <clinit> ()V 30 <appendix> argL0 ; # jdk/internal/net/http/HttpConnection$$Lambda+0x000001f518250218
instanceKlass  @bci jdk/internal/net/http/HttpConnection <clinit> ()V 16 <appendix> argL0 ; # jdk/internal/net/http/HttpConnection$$Lambda+0x000001f518250000
instanceKlass jdk/internal/net/http/HttpClientImpl$SSLDirectBufferSupplier
instanceKlass  @bci jdk/internal/net/http/HttpClientImpl <init> (Ljdk/internal/net/http/HttpClientBuilderImpl;Ljdk/internal/net/http/HttpClientImpl$SingleFacadeFactory;)V 38 <appendix> member <vmtarget> ; # jdk/internal/net/http/HttpClientImpl$$Lambda+0x000001f51824d220
instanceKlass  @bci jdk/internal/net/http/HttpClientImpl <init> (Ljdk/internal/net/http/HttpClientBuilderImpl;Ljdk/internal/net/http/HttpClientImpl$SingleFacadeFactory;)V 22 <appendix> member <vmtarget> ; # jdk/internal/net/http/HttpClientImpl$$Lambda+0x000001f51824d000
instanceKlass  @bci jdk/internal/net/http/common/DebugLogger <clinit> ()V 79 <appendix> member <vmtarget> ; # jdk/internal/net/http/common/DebugLogger$$Lambda+0x000001f51824fdd0
instanceKlass  @bci jdk/internal/net/http/common/DebugLogger <clinit> ()V 56 <appendix> member <vmtarget> ; # jdk/internal/net/http/common/DebugLogger$$Lambda+0x000001f51824fbb0
instanceKlass  @bci jdk/internal/net/http/common/DebugLogger <clinit> ()V 33 <appendix> member <vmtarget> ; # jdk/internal/net/http/common/DebugLogger$$Lambda+0x000001f51824f990
instanceKlass jdk/internal/net/http/common/DebugLogger
instanceKlass  @bci jdk/internal/net/http/HttpClientImpl <init> (Ljdk/internal/net/http/HttpClientBuilderImpl;Ljdk/internal/net/http/HttpClientImpl$SingleFacadeFactory;)V 6 <appendix> member <vmtarget> ; # jdk/internal/net/http/HttpClientImpl$$Lambda+0x000001f51824f440
instanceKlass jdk/internal/net/http/HttpClientImpl$SingleFacadeFactory
instanceKlass  @bci jdk/internal/net/http/common/Utils <clinit> ()V 331 <appendix> argL0 ; # jdk/internal/net/http/common/Utils$$Lambda+0x000001f51824eff0
instanceKlass  @bci jdk/internal/net/http/common/Utils <clinit> ()V 323 <appendix> argL0 ; # jdk/internal/net/http/common/Utils$$Lambda+0x000001f51824eda8
instanceKlass  @bci jdk/internal/net/http/common/Utils <clinit> ()V 315 <appendix> argL0 ; # jdk/internal/net/http/common/Utils$$Lambda+0x000001f51824eb60
instanceKlass  @bci java/util/stream/Collectors toUnmodifiableSet ()Ljava/util/stream/Collector; 19 <appendix> argL0 ; # java/util/stream/Collectors$$Lambda+0x000001f5181cf000
instanceKlass  @bci java/util/stream/Collectors toUnmodifiableSet ()Ljava/util/stream/Collector; 14 <appendix> argL0 ; # java/util/stream/Collectors$$Lambda+0x000001f5181cedc0
instanceKlass  @bci java/util/stream/Collectors toUnmodifiableSet ()Ljava/util/stream/Collector; 9 <appendix> argL0 ; # java/util/stream/Collectors$$Lambda+0x000001f5181ceb98
instanceKlass  @bci java/util/stream/Collectors toUnmodifiableSet ()Ljava/util/stream/Collector; 4 <appendix> argL0 ; # java/util/stream/Collectors$$Lambda+0x000001f5181ce980
instanceKlass  @bci jdk/internal/net/http/common/Utils <clinit> ()V 291 <appendix> argL0 ; # jdk/internal/net/http/common/Utils$$Lambda+0x000001f51824e918
instanceKlass  @bci jdk/internal/net/http/common/Utils <clinit> ()V 281 <appendix> argL0 ; # jdk/internal/net/http/common/Utils$$Lambda+0x000001f51824e6e0
instanceKlass  @bci jdk/internal/net/http/common/Utils <clinit> ()V 187 <appendix> argL0 ; # jdk/internal/net/http/common/Utils$$Lambda+0x000001f51824e498
instanceKlass  @bci java/util/function/Predicate negate ()Ljava/util/function/Predicate; 1 <appendix> member <vmtarget> ; # java/util/function/Predicate$$Lambda+0x000001f5181ce730
instanceKlass  @cpi java/util/function/Predicate 75 form vmentry <vmtarget> ; # java/lang/invoke/LambdaForm$DMH+0x000001f51824c400
instanceKlass  @bci jdk/internal/net/http/common/Utils <clinit> ()V 168 <appendix> argL0 ; # jdk/internal/net/http/common/Utils$$Lambda+0x000001f51824e250
instanceKlass  @bci jdk/internal/net/http/common/Utils <clinit> ()V 160 <appendix> member <vmtarget> ; # jdk/internal/net/http/common/Utils$$Lambda+0x000001f51824e000
instanceKlass  @bci jdk/internal/net/http/common/Utils <clinit> ()V 150 <appendix> argL0 ; # jdk/internal/net/http/common/Utils$$Lambda+0x000001f51824bbc0
instanceKlass  @bci jdk/internal/net/http/common/Utils <clinit> ()V 142 <appendix> argL0 ; # jdk/internal/net/http/common/Utils$$Lambda+0x000001f51824b978
instanceKlass  @bci jdk/internal/net/http/common/Utils <clinit> ()V 134 <appendix> argL0 ; # jdk/internal/net/http/common/Utils$$Lambda+0x000001f51824b730
instanceKlass  @bci jdk/internal/net/http/common/Utils getNetProperty (Ljava/lang/String;)Ljava/lang/String; 1 <appendix> member <vmtarget> ; # jdk/internal/net/http/common/Utils$$Lambda+0x000001f51824b510
instanceKlass  @bci jdk/internal/net/http/common/Utils <clinit> ()V 120 <appendix> argL0 ; # jdk/internal/net/http/common/Utils$$Lambda+0x000001f51824b2c8
instanceKlass java/util/function/BiPredicate
instanceKlass  @bci jdk/internal/net/http/common/Utils getIntegerNetProperty (Ljava/lang/String;I)I 2 <appendix> member <vmtarget> ; # jdk/internal/net/http/common/Utils$$Lambda+0x000001f51824b0a8
instanceKlass  @cpi jdk/internal/net/http/common/Utils 1274 form vmentry <vmtarget> ; # java/lang/invoke/LambdaForm$DMH+0x000001f51824c000
instanceKlass  @bci jdk/internal/net/http/common/Utils getProperty (Ljava/lang/String;)Ljava/lang/String; 1 <appendix> member <vmtarget> ; # jdk/internal/net/http/common/Utils$$Lambda+0x000001f51824ae88
instanceKlass  @bci jdk/internal/net/http/common/Utils getLoggerConfig (Ljava/lang/String;Ljdk/internal/net/http/common/DebugLogger$LoggerConfig;)Ljdk/internal/net/http/common/DebugLogger$LoggerConfig; 1 <appendix> member <vmtarget> ; # jdk/internal/net/http/common/Utils$$Lambda+0x000001f51824ac68
instanceKlass javax/net/ssl/SSLSession
instanceKlass jdk/internal/net/http/common/Logger
instanceKlass jdk/internal/net/http/common/Utils
instanceKlass jdk/internal/net/http/common/BufferSupplier
instanceKlass java/net/http/WebSocket$Builder
instanceKlass jdk/internal/net/http/common/OperationTrackers$Tracker
instanceKlass jdk/internal/net/http/websocket/WebSocketRequest
instanceKlass java/net/http/HttpRequest
instanceKlass jdk/internal/net/http/HttpConnection
instanceKlass sun/net/spi/DefaultProxySelector$1
instanceKlass java/net/Proxy
instanceKlass java/net/ProxySelector
instanceKlass jdk/internal/net/http/common/OperationTrackers$Trackable
instanceKlass jdk/internal/net/http/HttpClientBuilderImpl
instanceKlass java/net/http/HttpClient$Builder
instanceKlass java/net/http/HttpClient
instanceKlass com/naqqa/elasticsearch/bench/BenchHttpClient
instanceKlass  @bci com/naqqa/elasticsearch/node/Node startComponents ()V 2746 <appendix> member <vmtarget> ; # com/naqqa/elasticsearch/node/Node$$Lambda+0x000001f518244220
instanceKlass  @bci com/naqqa/elasticsearch/node/Node startComponents ()V 2700 <appendix> member <vmtarget> ; # com/naqqa/elasticsearch/node/Node$$Lambda+0x000001f518244000
instanceKlass  @bci com/naqqa/elasticsearch/node/Node startComponents ()V 2679 <appendix> member <vmtarget> ; # com/naqqa/elasticsearch/node/Node$$Lambda+0x000001f51823fd88
instanceKlass sun/net/httpserver/ServerImpl$1
instanceKlass java/util/LinkedList$Node
instanceKlass java/util/LinkedList$ListItr
instanceKlass com/sun/net/httpserver/Filter
instanceKlass  @bci com/naqqa/elasticsearch/http/jdk/JdkHttpServerTransport start ()V 114 <appendix> member <vmtarget> ; # com/naqqa/elasticsearch/http/jdk/JdkHttpServerTransport$$Lambda+0x000001f51823fb68
instanceKlass com/sun/net/httpserver/HttpExchange
instanceKlass com/sun/net/httpserver/Request
instanceKlass com/sun/net/httpserver/HttpHandler
instanceKlass java/util/Timer$ThreadReaper
instanceKlass java/util/TaskQueue
instanceKlass java/util/Timer
instanceKlass sun/net/httpserver/ServerImpl$Dispatcher
instanceKlass sun/net/httpserver/ContextList
instanceKlass sun/net/httpserver/ServerConfig$2
instanceKlass sun/util/logging/PlatformLogger$ConfigurableBridge$LoggerConfiguration
instanceKlass jdk/internal/logger/LoggerFinderLoader
instanceKlass  @bci java/lang/System$LoggerFinder accessProvider ()Ljava/lang/System$LoggerFinder; 8 <appendix> argL0 ; # java/lang/System$LoggerFinder$$Lambda+0x000001f5181c9e60
instanceKlass jdk/internal/logger/LazyLoggers$LazyLoggerFactories
instanceKlass jdk/internal/logger/LazyLoggers$1
instanceKlass jdk/internal/logger/LazyLoggers
instanceKlass sun/net/httpserver/ServerConfig$1
instanceKlass sun/net/httpserver/ServerConfig
instanceKlass java/util/TimerTask
instanceKlass sun/net/httpserver/ServerImpl
instanceKlass com/sun/net/httpserver/HttpContext
instanceKlass com/sun/net/httpserver/spi/HttpServerProvider$1
instanceKlass com/sun/net/httpserver/spi/HttpServerProvider
instanceKlass com/naqqa/elasticsearch/http/CorsHandler
instanceKlass com/sun/net/httpserver/HttpServer
instanceKlass com/sun/net/httpserver/HttpsConfigurator
instanceKlass com/naqqa/elasticsearch/http/jdk/JdkHttpServerTransport
instanceKlass com/naqqa/elasticsearch/http/CorsConfig
instanceKlass com/naqqa/elasticsearch/http/HttpServerConfig
instanceKlass  @bci com/naqqa/elasticsearch/node/rest/NodeRestHandlers registerAll (Lcom/naqqa/elasticsearch/http/Router;)V 1128 <appendix> member <vmtarget> ; # com/naqqa/elasticsearch/node/rest/NodeRestHandlers$$Lambda+0x000001f51823ec60
instanceKlass  @bci com/naqqa/elasticsearch/node/rest/NodeRestHandlers registerAll (Lcom/naqqa/elasticsearch/http/Router;)V 1109 <appendix> member <vmtarget> ; # com/naqqa/elasticsearch/node/rest/NodeRestHandlers$$Lambda+0x000001f51823ea40
instanceKlass  @bci com/naqqa/elasticsearch/node/rest/NodeRestHandlers registerAll (Lcom/naqqa/elasticsearch/http/Router;)V 1090 <appendix> member <vmtarget> ; # com/naqqa/elasticsearch/node/rest/NodeRestHandlers$$Lambda+0x000001f51823e820
instanceKlass  @bci com/naqqa/elasticsearch/node/rest/NodeRestHandlers registerAll (Lcom/naqqa/elasticsearch/http/Router;)V 1071 <appendix> member <vmtarget> ; # com/naqqa/elasticsearch/node/rest/NodeRestHandlers$$Lambda+0x000001f51823e600
instanceKlass  @bci com/naqqa/elasticsearch/node/rest/NodeRestHandlers registerAll (Lcom/naqqa/elasticsearch/http/Router;)V 1052 <appendix> member <vmtarget> ; # com/naqqa/elasticsearch/node/rest/NodeRestHandlers$$Lambda+0x000001f51823e3e0
instanceKlass  @bci com/naqqa/elasticsearch/node/rest/NodeRestHandlers registerAll (Lcom/naqqa/elasticsearch/http/Router;)V 1033 <appendix> member <vmtarget> ; # com/naqqa/elasticsearch/node/rest/NodeRestHandlers$$Lambda+0x000001f51823e1c0
instanceKlass  @bci com/naqqa/elasticsearch/node/rest/NodeRestHandlers registerAll (Lcom/naqqa/elasticsearch/http/Router;)V 1014 <appendix> member <vmtarget> ; # com/naqqa/elasticsearch/node/rest/NodeRestHandlers$$Lambda+0x000001f51823dfa0
instanceKlass  @bci com/naqqa/elasticsearch/node/rest/NodeRestHandlers registerAll (Lcom/naqqa/elasticsearch/http/Router;)V 995 <appendix> member <vmtarget> ; # com/naqqa/elasticsearch/node/rest/NodeRestHandlers$$Lambda+0x000001f51823dd80
instanceKlass  @bci com/naqqa/elasticsearch/node/rest/NodeRestHandlers registerAll (Lcom/naqqa/elasticsearch/http/Router;)V 976 <appendix> member <vmtarget> ; # com/naqqa/elasticsearch/node/rest/NodeRestHandlers$$Lambda+0x000001f51823db60
instanceKlass  @bci com/naqqa/elasticsearch/node/rest/NodeRestHandlers registerAll (Lcom/naqqa/elasticsearch/http/Router;)V 957 <appendix> member <vmtarget> ; # com/naqqa/elasticsearch/node/rest/NodeRestHandlers$$Lambda+0x000001f51823d940
instanceKlass  @bci com/naqqa/elasticsearch/node/rest/NodeRestHandlers registerAll (Lcom/naqqa/elasticsearch/http/Router;)V 938 <appendix> member <vmtarget> ; # com/naqqa/elasticsearch/node/rest/NodeRestHandlers$$Lambda+0x000001f51823d720
instanceKlass  @bci com/naqqa/elasticsearch/node/rest/NodeRestHandlers registerAll (Lcom/naqqa/elasticsearch/http/Router;)V 919 <appendix> member <vmtarget> ; # com/naqqa/elasticsearch/node/rest/NodeRestHandlers$$Lambda+0x000001f51823d500
instanceKlass  @bci com/naqqa/elasticsearch/node/rest/NodeRestHandlers registerAll (Lcom/naqqa/elasticsearch/http/Router;)V 900 <appendix> member <vmtarget> ; # com/naqqa/elasticsearch/node/rest/NodeRestHandlers$$Lambda+0x000001f51823d2e0
instanceKlass  @bci com/naqqa/elasticsearch/node/rest/NodeRestHandlers registerAll (Lcom/naqqa/elasticsearch/http/Router;)V 881 <appendix> member <vmtarget> ; # com/naqqa/elasticsearch/node/rest/NodeRestHandlers$$Lambda+0x000001f51823d0c0
instanceKlass  @bci com/naqqa/elasticsearch/node/rest/NodeRestHandlers registerAll (Lcom/naqqa/elasticsearch/http/Router;)V 862 <appendix> member <vmtarget> ; # com/naqqa/elasticsearch/node/rest/NodeRestHandlers$$Lambda+0x000001f51823cea0
instanceKlass  @bci com/naqqa/elasticsearch/node/rest/NodeRestHandlers registerAll (Lcom/naqqa/elasticsearch/http/Router;)V 843 <appendix> member <vmtarget> ; # com/naqqa/elasticsearch/node/rest/NodeRestHandlers$$Lambda+0x000001f51823cc80
instanceKlass  @bci com/naqqa/elasticsearch/node/rest/NodeRestHandlers registerAll (Lcom/naqqa/elasticsearch/http/Router;)V 824 <appendix> member <vmtarget> ; # com/naqqa/elasticsearch/node/rest/NodeRestHandlers$$Lambda+0x000001f51823ca60
instanceKlass  @bci com/naqqa/elasticsearch/node/rest/NodeRestHandlers registerAll (Lcom/naqqa/elasticsearch/http/Router;)V 805 <appendix> member <vmtarget> ; # com/naqqa/elasticsearch/node/rest/NodeRestHandlers$$Lambda+0x000001f51823c840
instanceKlass  @bci com/naqqa/elasticsearch/node/rest/NodeRestHandlers registerAll (Lcom/naqqa/elasticsearch/http/Router;)V 786 <appendix> member <vmtarget> ; # com/naqqa/elasticsearch/node/rest/NodeRestHandlers$$Lambda+0x000001f51823c620
instanceKlass  @bci com/naqqa/elasticsearch/node/rest/NodeRestHandlers registerAll (Lcom/naqqa/elasticsearch/http/Router;)V 767 <appendix> member <vmtarget> ; # com/naqqa/elasticsearch/node/rest/NodeRestHandlers$$Lambda+0x000001f51823c400
instanceKlass  @bci com/naqqa/elasticsearch/node/rest/NodeRestHandlers registerAll (Lcom/naqqa/elasticsearch/http/Router;)V 748 <appendix> member <vmtarget> ; # com/naqqa/elasticsearch/node/rest/NodeRestHandlers$$Lambda+0x000001f51823c1e0
instanceKlass  @bci com/naqqa/elasticsearch/node/rest/NodeRestHandlers registerAll (Lcom/naqqa/elasticsearch/http/Router;)V 729 <appendix> member <vmtarget> ; # com/naqqa/elasticsearch/node/rest/NodeRestHandlers$$Lambda+0x000001f51823bfc0
instanceKlass  @bci com/naqqa/elasticsearch/node/rest/NodeRestHandlers registerAll (Lcom/naqqa/elasticsearch/http/Router;)V 710 <appendix> member <vmtarget> ; # com/naqqa/elasticsearch/node/rest/NodeRestHandlers$$Lambda+0x000001f51823bda0
instanceKlass  @bci com/naqqa/elasticsearch/node/rest/NodeRestHandlers registerAll (Lcom/naqqa/elasticsearch/http/Router;)V 691 <appendix> member <vmtarget> ; # com/naqqa/elasticsearch/node/rest/NodeRestHandlers$$Lambda+0x000001f51823bb80
instanceKlass  @bci com/naqqa/elasticsearch/node/rest/NodeRestHandlers registerAll (Lcom/naqqa/elasticsearch/http/Router;)V 673 <appendix> member <vmtarget> ; # com/naqqa/elasticsearch/node/rest/NodeRestHandlers$$Lambda+0x000001f51823b960
instanceKlass  @bci com/naqqa/elasticsearch/node/rest/NodeRestHandlers registerAll (Lcom/naqqa/elasticsearch/http/Router;)V 655 <appendix> member <vmtarget> ; # com/naqqa/elasticsearch/node/rest/NodeRestHandlers$$Lambda+0x000001f51823b740
instanceKlass  @bci com/naqqa/elasticsearch/node/rest/NodeRestHandlers registerAll (Lcom/naqqa/elasticsearch/http/Router;)V 637 <appendix> member <vmtarget> ; # com/naqqa/elasticsearch/node/rest/NodeRestHandlers$$Lambda+0x000001f51823b520
instanceKlass  @bci com/naqqa/elasticsearch/node/rest/NodeRestHandlers registerAll (Lcom/naqqa/elasticsearch/http/Router;)V 619 <appendix> member <vmtarget> ; # com/naqqa/elasticsearch/node/rest/NodeRestHandlers$$Lambda+0x000001f51823b300
instanceKlass  @bci com/naqqa/elasticsearch/node/rest/NodeRestHandlers registerAll (Lcom/naqqa/elasticsearch/http/Router;)V 601 <appendix> member <vmtarget> ; # com/naqqa/elasticsearch/node/rest/NodeRestHandlers$$Lambda+0x000001f51823b0e0
instanceKlass  @bci com/naqqa/elasticsearch/node/rest/NodeRestHandlers registerAll (Lcom/naqqa/elasticsearch/http/Router;)V 583 <appendix> member <vmtarget> ; # com/naqqa/elasticsearch/node/rest/NodeRestHandlers$$Lambda+0x000001f51823aec0
instanceKlass  @bci com/naqqa/elasticsearch/node/rest/NodeRestHandlers registerAll (Lcom/naqqa/elasticsearch/http/Router;)V 565 <appendix> member <vmtarget> ; # com/naqqa/elasticsearch/node/rest/NodeRestHandlers$$Lambda+0x000001f51823aca0
instanceKlass  @bci com/naqqa/elasticsearch/node/rest/NodeRestHandlers registerAll (Lcom/naqqa/elasticsearch/http/Router;)V 547 <appendix> member <vmtarget> ; # com/naqqa/elasticsearch/node/rest/NodeRestHandlers$$Lambda+0x000001f51823aa80
instanceKlass  @bci com/naqqa/elasticsearch/node/rest/NodeRestHandlers registerAll (Lcom/naqqa/elasticsearch/http/Router;)V 529 <appendix> member <vmtarget> ; # com/naqqa/elasticsearch/node/rest/NodeRestHandlers$$Lambda+0x000001f51823a860
instanceKlass  @bci com/naqqa/elasticsearch/node/rest/NodeRestHandlers registerAll (Lcom/naqqa/elasticsearch/http/Router;)V 511 <appendix> member <vmtarget> ; # com/naqqa/elasticsearch/node/rest/NodeRestHandlers$$Lambda+0x000001f51823a640
instanceKlass  @bci com/naqqa/elasticsearch/node/rest/NodeRestHandlers registerAll (Lcom/naqqa/elasticsearch/http/Router;)V 493 <appendix> member <vmtarget> ; # com/naqqa/elasticsearch/node/rest/NodeRestHandlers$$Lambda+0x000001f51823a420
instanceKlass  @bci com/naqqa/elasticsearch/node/rest/NodeRestHandlers registerAll (Lcom/naqqa/elasticsearch/http/Router;)V 475 <appendix> member <vmtarget> ; # com/naqqa/elasticsearch/node/rest/NodeRestHandlers$$Lambda+0x000001f51823a200
instanceKlass  @bci com/naqqa/elasticsearch/node/rest/NodeRestHandlers registerAll (Lcom/naqqa/elasticsearch/http/Router;)V 457 <appendix> member <vmtarget> ; # com/naqqa/elasticsearch/node/rest/NodeRestHandlers$$Lambda+0x000001f518239fe0
instanceKlass  @bci com/naqqa/elasticsearch/node/rest/NodeRestHandlers registerAll (Lcom/naqqa/elasticsearch/http/Router;)V 439 <appendix> member <vmtarget> ; # com/naqqa/elasticsearch/node/rest/NodeRestHandlers$$Lambda+0x000001f518239dc0
instanceKlass  @bci com/naqqa/elasticsearch/node/rest/NodeRestHandlers registerAll (Lcom/naqqa/elasticsearch/http/Router;)V 421 <appendix> member <vmtarget> ; # com/naqqa/elasticsearch/node/rest/NodeRestHandlers$$Lambda+0x000001f518239ba0
instanceKlass  @bci com/naqqa/elasticsearch/node/rest/NodeRestHandlers registerAll (Lcom/naqqa/elasticsearch/http/Router;)V 403 <appendix> member <vmtarget> ; # com/naqqa/elasticsearch/node/rest/NodeRestHandlers$$Lambda+0x000001f518239980
instanceKlass  @bci com/naqqa/elasticsearch/node/rest/NodeRestHandlers registerAll (Lcom/naqqa/elasticsearch/http/Router;)V 385 <appendix> member <vmtarget> ; # com/naqqa/elasticsearch/node/rest/NodeRestHandlers$$Lambda+0x000001f518239760
instanceKlass  @bci com/naqqa/elasticsearch/node/rest/NodeRestHandlers registerAll (Lcom/naqqa/elasticsearch/http/Router;)V 367 <appendix> member <vmtarget> ; # com/naqqa/elasticsearch/node/rest/NodeRestHandlers$$Lambda+0x000001f518239540
instanceKlass  @bci com/naqqa/elasticsearch/node/rest/NodeRestHandlers registerAll (Lcom/naqqa/elasticsearch/http/Router;)V 349 <appendix> member <vmtarget> ; # com/naqqa/elasticsearch/node/rest/NodeRestHandlers$$Lambda+0x000001f518239320
instanceKlass  @bci com/naqqa/elasticsearch/node/rest/NodeRestHandlers registerAll (Lcom/naqqa/elasticsearch/http/Router;)V 331 <appendix> member <vmtarget> ; # com/naqqa/elasticsearch/node/rest/NodeRestHandlers$$Lambda+0x000001f518239100
instanceKlass  @bci com/naqqa/elasticsearch/node/rest/NodeRestHandlers registerAll (Lcom/naqqa/elasticsearch/http/Router;)V 313 <appendix> member <vmtarget> ; # com/naqqa/elasticsearch/node/rest/NodeRestHandlers$$Lambda+0x000001f518238ee0
instanceKlass  @bci com/naqqa/elasticsearch/node/rest/NodeRestHandlers registerAll (Lcom/naqqa/elasticsearch/http/Router;)V 295 <appendix> member <vmtarget> ; # com/naqqa/elasticsearch/node/rest/NodeRestHandlers$$Lambda+0x000001f518238cc0
instanceKlass  @bci com/naqqa/elasticsearch/node/rest/NodeRestHandlers registerAll (Lcom/naqqa/elasticsearch/http/Router;)V 277 <appendix> member <vmtarget> ; # com/naqqa/elasticsearch/node/rest/NodeRestHandlers$$Lambda+0x000001f518238aa0
instanceKlass  @bci com/naqqa/elasticsearch/node/rest/NodeRestHandlers registerAll (Lcom/naqqa/elasticsearch/http/Router;)V 259 <appendix> member <vmtarget> ; # com/naqqa/elasticsearch/node/rest/NodeRestHandlers$$Lambda+0x000001f518238880
instanceKlass  @bci com/naqqa/elasticsearch/node/rest/NodeRestHandlers registerAll (Lcom/naqqa/elasticsearch/http/Router;)V 241 <appendix> member <vmtarget> ; # com/naqqa/elasticsearch/node/rest/NodeRestHandlers$$Lambda+0x000001f518238660
instanceKlass  @bci com/naqqa/elasticsearch/node/rest/NodeRestHandlers registerAll (Lcom/naqqa/elasticsearch/http/Router;)V 223 <appendix> member <vmtarget> ; # com/naqqa/elasticsearch/node/rest/NodeRestHandlers$$Lambda+0x000001f518238440
instanceKlass  @bci com/naqqa/elasticsearch/node/rest/NodeRestHandlers registerAll (Lcom/naqqa/elasticsearch/http/Router;)V 205 <appendix> member <vmtarget> ; # com/naqqa/elasticsearch/node/rest/NodeRestHandlers$$Lambda+0x000001f518238220
instanceKlass  @bci com/naqqa/elasticsearch/node/rest/NodeRestHandlers registerAll (Lcom/naqqa/elasticsearch/http/Router;)V 187 <appendix> member <vmtarget> ; # com/naqqa/elasticsearch/node/rest/NodeRestHandlers$$Lambda+0x000001f518238000
instanceKlass  @bci com/naqqa/elasticsearch/node/rest/NodeRestHandlers registerAll (Lcom/naqqa/elasticsearch/http/Router;)V 169 <appendix> member <vmtarget> ; # com/naqqa/elasticsearch/node/rest/NodeRestHandlers$$Lambda+0x000001f518237d10
instanceKlass  @bci com/naqqa/elasticsearch/node/rest/NodeRestHandlers registerAll (Lcom/naqqa/elasticsearch/http/Router;)V 151 <appendix> member <vmtarget> ; # com/naqqa/elasticsearch/node/rest/NodeRestHandlers$$Lambda+0x000001f518237af0
instanceKlass  @bci com/naqqa/elasticsearch/node/rest/NodeRestHandlers registerAll (Lcom/naqqa/elasticsearch/http/Router;)V 133 <appendix> member <vmtarget> ; # com/naqqa/elasticsearch/node/rest/NodeRestHandlers$$Lambda+0x000001f5182378d0
instanceKlass  @bci com/naqqa/elasticsearch/node/rest/NodeRestHandlers registerAll (Lcom/naqqa/elasticsearch/http/Router;)V 115 <appendix> member <vmtarget> ; # com/naqqa/elasticsearch/node/rest/NodeRestHandlers$$Lambda+0x000001f5182376b0
instanceKlass  @bci com/naqqa/elasticsearch/node/rest/NodeRestHandlers registerAll (Lcom/naqqa/elasticsearch/http/Router;)V 97 <appendix> member <vmtarget> ; # com/naqqa/elasticsearch/node/rest/NodeRestHandlers$$Lambda+0x000001f518237490
instanceKlass  @bci com/naqqa/elasticsearch/node/rest/NodeRestHandlers registerAll (Lcom/naqqa/elasticsearch/http/Router;)V 79 <appendix> member <vmtarget> ; # com/naqqa/elasticsearch/node/rest/NodeRestHandlers$$Lambda+0x000001f518237270
instanceKlass  @bci com/naqqa/elasticsearch/node/rest/NodeRestHandlers registerAll (Lcom/naqqa/elasticsearch/http/Router;)V 61 <appendix> member <vmtarget> ; # com/naqqa/elasticsearch/node/rest/NodeRestHandlers$$Lambda+0x000001f518237050
instanceKlass  @bci com/naqqa/elasticsearch/node/rest/NodeRestHandlers registerAll (Lcom/naqqa/elasticsearch/http/Router;)V 43 <appendix> member <vmtarget> ; # com/naqqa/elasticsearch/node/rest/NodeRestHandlers$$Lambda+0x000001f518236e30
instanceKlass  @bci com/naqqa/elasticsearch/node/rest/NodeRestHandlers registerAll (Lcom/naqqa/elasticsearch/http/Router;)V 25 <appendix> member <vmtarget> ; # com/naqqa/elasticsearch/node/rest/NodeRestHandlers$$Lambda+0x000001f518236c10
instanceKlass  @bci com/naqqa/elasticsearch/node/rest/NodeRestHandlers registerAll (Lcom/naqqa/elasticsearch/http/Router;)V 7 <appendix> member <vmtarget> ; # com/naqqa/elasticsearch/node/rest/NodeRestHandlers$$Lambda+0x000001f5182369f0
instanceKlass  @bci com/naqqa/elasticsearch/node/action/NodeSlmActionService bind (Lcom/naqqa/elasticsearch/node/cluster/ClusterStateManager;)V 53 <appendix> member <vmtarget> ; # com/naqqa/elasticsearch/node/action/NodeSlmActionService$$Lambda+0x000001f5182367d0
instanceKlass  @bci com/naqqa/elasticsearch/node/action/NodeSlmActionService <clinit> ()V 8 <appendix> argL0 ; # com/naqqa/elasticsearch/node/action/NodeSlmActionService$$Lambda+0x000001f5182365b8
instanceKlass com/naqqa/elasticsearch/node/action/NodeSlmActionService
instanceKlass  @bci com/naqqa/elasticsearch/node/Node startComponents ()V 2420 <appendix> member <vmtarget> ; # com/naqqa/elasticsearch/node/Node$$Lambda+0x000001f518236178
instanceKlass  @bci com/naqqa/elasticsearch/node/Node startComponents ()V 2406 <appendix> member <vmtarget> ; # com/naqqa/elasticsearch/node/Node$$Lambda+0x000001f518235f58
instanceKlass com/naqqa/elasticsearch/monitor/health/HealthReport
instanceKlass com/naqqa/elasticsearch/node/rest/NodeRestHandlers
instanceKlass  @bci com/naqqa/elasticsearch/rest/RestModule registerCat (Lcom/naqqa/elasticsearch/http/Router;Lcom/naqqa/elasticsearch/rest/cat/CatRestHandlers;)V 685 <appendix> member <vmtarget> ; # com/naqqa/elasticsearch/rest/RestModule$$Lambda+0x000001f518235928
instanceKlass  @bci com/naqqa/elasticsearch/rest/RestModule registerCat (Lcom/naqqa/elasticsearch/http/Router;Lcom/naqqa/elasticsearch/rest/cat/CatRestHandlers;)V 661 <appendix> member <vmtarget> ; # com/naqqa/elasticsearch/rest/RestModule$$Lambda+0x000001f518235708
instanceKlass  @bci com/naqqa/elasticsearch/rest/RestModule registerCat (Lcom/naqqa/elasticsearch/http/Router;Lcom/naqqa/elasticsearch/rest/cat/CatRestHandlers;)V 637 <appendix> member <vmtarget> ; # com/naqqa/elasticsearch/rest/RestModule$$Lambda+0x000001f5182354e8
instanceKlass  @bci com/naqqa/elasticsearch/rest/RestModule registerCat (Lcom/naqqa/elasticsearch/http/Router;Lcom/naqqa/elasticsearch/rest/cat/CatRestHandlers;)V 613 <appendix> member <vmtarget> ; # com/naqqa/elasticsearch/rest/RestModule$$Lambda+0x000001f5182352c8
instanceKlass  @bci com/naqqa/elasticsearch/rest/RestModule registerCat (Lcom/naqqa/elasticsearch/http/Router;Lcom/naqqa/elasticsearch/rest/cat/CatRestHandlers;)V 589 <appendix> member <vmtarget> ; # com/naqqa/elasticsearch/rest/RestModule$$Lambda+0x000001f5182350a8
instanceKlass  @bci com/naqqa/elasticsearch/rest/RestModule registerCat (Lcom/naqqa/elasticsearch/http/Router;Lcom/naqqa/elasticsearch/rest/cat/CatRestHandlers;)V 565 <appendix> member <vmtarget> ; # com/naqqa/elasticsearch/rest/RestModule$$Lambda+0x000001f518234e88
instanceKlass  @bci com/naqqa/elasticsearch/rest/RestModule registerCat (Lcom/naqqa/elasticsearch/http/Router;Lcom/naqqa/elasticsearch/rest/cat/CatRestHandlers;)V 541 <appendix> member <vmtarget> ; # com/naqqa/elasticsearch/rest/RestModule$$Lambda+0x000001f518234c68
instanceKlass  @bci com/naqqa/elasticsearch/rest/RestModule registerCat (Lcom/naqqa/elasticsearch/http/Router;Lcom/naqqa/elasticsearch/rest/cat/CatRestHandlers;)V 517 <appendix> member <vmtarget> ; # com/naqqa/elasticsearch/rest/RestModule$$Lambda+0x000001f518234a48
instanceKlass  @bci com/naqqa/elasticsearch/rest/RestModule registerCat (Lcom/naqqa/elasticsearch/http/Router;Lcom/naqqa/elasticsearch/rest/cat/CatRestHandlers;)V 493 <appendix> member <vmtarget> ; # com/naqqa/elasticsearch/rest/RestModule$$Lambda+0x000001f518234828
instanceKlass  @bci com/naqqa/elasticsearch/rest/RestModule registerCat (Lcom/naqqa/elasticsearch/http/Router;Lcom/naqqa/elasticsearch/rest/cat/CatRestHandlers;)V 469 <appendix> member <vmtarget> ; # com/naqqa/elasticsearch/rest/RestModule$$Lambda+0x000001f518234608
instanceKlass  @bci com/naqqa/elasticsearch/rest/RestModule registerCat (Lcom/naqqa/elasticsearch/http/Router;Lcom/naqqa/elasticsearch/rest/cat/CatRestHandlers;)V 445 <appendix> member <vmtarget> ; # com/naqqa/elasticsearch/rest/RestModule$$Lambda+0x000001f5182343e8
instanceKlass  @bci com/naqqa/elasticsearch/rest/RestModule registerCat (Lcom/naqqa/elasticsearch/http/Router;Lcom/naqqa/elasticsearch/rest/cat/CatRestHandlers;)V 421 <appendix> member <vmtarget> ; # com/naqqa/elasticsearch/rest/RestModule$$Lambda+0x000001f5182341c8
instanceKlass  @bci com/naqqa/elasticsearch/rest/RestModule registerCat (Lcom/naqqa/elasticsearch/http/Router;Lcom/naqqa/elasticsearch/rest/cat/CatRestHandlers;)V 397 <appendix> member <vmtarget> ; # com/naqqa/elasticsearch/rest/RestModule$$Lambda+0x000001f518233fa8
instanceKlass  @bci com/naqqa/elasticsearch/rest/RestModule registerCat (Lcom/naqqa/elasticsearch/http/Router;Lcom/naqqa/elasticsearch/rest/cat/CatRestHandlers;)V 373 <appendix> member <vmtarget> ; # com/naqqa/elasticsearch/rest/RestModule$$Lambda+0x000001f518233d88
instanceKlass  @bci com/naqqa/elasticsearch/rest/RestModule registerCat (Lcom/naqqa/elasticsearch/http/Router;Lcom/naqqa/elasticsearch/rest/cat/CatRestHandlers;)V 349 <appendix> member <vmtarget> ; # com/naqqa/elasticsearch/rest/RestModule$$Lambda+0x000001f518233b68
instanceKlass  @bci com/naqqa/elasticsearch/rest/RestModule registerCat (Lcom/naqqa/elasticsearch/http/Router;Lcom/naqqa/elasticsearch/rest/cat/CatRestHandlers;)V 325 <appendix> member <vmtarget> ; # com/naqqa/elasticsearch/rest/RestModule$$Lambda+0x000001f518233948
instanceKlass  @bci com/naqqa/elasticsearch/rest/RestModule registerCat (Lcom/naqqa/elasticsearch/http/Router;Lcom/naqqa/elasticsearch/rest/cat/CatRestHandlers;)V 301 <appendix> member <vmtarget> ; # com/naqqa/elasticsearch/rest/RestModule$$Lambda+0x000001f518233728
instanceKlass  @bci com/naqqa/elasticsearch/rest/RestModule registerCat (Lcom/naqqa/elasticsearch/http/Router;Lcom/naqqa/elasticsearch/rest/cat/CatRestHandlers;)V 277 <appendix> member <vmtarget> ; # com/naqqa/elasticsearch/rest/RestModule$$Lambda+0x000001f518233508
instanceKlass  @bci com/naqqa/elasticsearch/rest/RestModule registerCat (Lcom/naqqa/elasticsearch/http/Router;Lcom/naqqa/elasticsearch/rest/cat/CatRestHandlers;)V 253 <appendix> member <vmtarget> ; # com/naqqa/elasticsearch/rest/RestModule$$Lambda+0x000001f5182332e8
instanceKlass  @bci com/naqqa/elasticsearch/rest/RestModule registerCat (Lcom/naqqa/elasticsearch/http/Router;Lcom/naqqa/elasticsearch/rest/cat/CatRestHandlers;)V 229 <appendix> member <vmtarget> ; # com/naqqa/elasticsearch/rest/RestModule$$Lambda+0x000001f5182330c8
instanceKlass  @bci com/naqqa/elasticsearch/rest/RestModule registerCat (Lcom/naqqa/elasticsearch/http/Router;Lcom/naqqa/elasticsearch/rest/cat/CatRestHandlers;)V 205 <appendix> member <vmtarget> ; # com/naqqa/elasticsearch/rest/RestModule$$Lambda+0x000001f518232ea8
instanceKlass  @bci com/naqqa/elasticsearch/rest/RestModule registerCat (Lcom/naqqa/elasticsearch/http/Router;Lcom/naqqa/elasticsearch/rest/cat/CatRestHandlers;)V 181 <appendix> member <vmtarget> ; # com/naqqa/elasticsearch/rest/RestModule$$Lambda+0x000001f518232c88
instanceKlass  @bci com/naqqa/elasticsearch/rest/RestModule registerCat (Lcom/naqqa/elasticsearch/http/Router;Lcom/naqqa/elasticsearch/rest/cat/CatRestHandlers;)V 157 <appendix> member <vmtarget> ; # com/naqqa/elasticsearch/rest/RestModule$$Lambda+0x000001f518232a68
instanceKlass  @bci com/naqqa/elasticsearch/rest/RestModule registerCat (Lcom/naqqa/elasticsearch/http/Router;Lcom/naqqa/elasticsearch/rest/cat/CatRestHandlers;)V 133 <appendix> member <vmtarget> ; # com/naqqa/elasticsearch/rest/RestModule$$Lambda+0x000001f518232848
instanceKlass  @bci com/naqqa/elasticsearch/rest/RestModule registerCat (Lcom/naqqa/elasticsearch/http/Router;Lcom/naqqa/elasticsearch/rest/cat/CatRestHandlers;)V 109 <appendix> member <vmtarget> ; # com/naqqa/elasticsearch/rest/RestModule$$Lambda+0x000001f518232628
instanceKlass  @bci com/naqqa/elasticsearch/rest/RestModule registerCat (Lcom/naqqa/elasticsearch/http/Router;Lcom/naqqa/elasticsearch/rest/cat/CatRestHandlers;)V 85 <appendix> member <vmtarget> ; # com/naqqa/elasticsearch/rest/RestModule$$Lambda+0x000001f518232408
instanceKlass  @bci com/naqqa/elasticsearch/rest/RestModule registerCat (Lcom/naqqa/elasticsearch/http/Router;Lcom/naqqa/elasticsearch/rest/cat/CatRestHandlers;)V 61 <appendix> member <vmtarget> ; # com/naqqa/elasticsearch/rest/RestModule$$Lambda+0x000001f5182321e8
instanceKlass  @bci com/naqqa/elasticsearch/rest/RestModule registerCat (Lcom/naqqa/elasticsearch/http/Router;Lcom/naqqa/elasticsearch/rest/cat/CatRestHandlers;)V 37 <appendix> member <vmtarget> ; # com/naqqa/elasticsearch/rest/RestModule$$Lambda+0x000001f518231fc8
instanceKlass  @bci com/naqqa/elasticsearch/rest/RestModule registerCat (Lcom/naqqa/elasticsearch/http/Router;Lcom/naqqa/elasticsearch/rest/cat/CatRestHandlers;)V 13 <appendix> member <vmtarget> ; # com/naqqa/elasticsearch/rest/RestModule$$Lambda+0x000001f518231da8
instanceKlass com/naqqa/elasticsearch/rest/cat/CatRestHandlers
instanceKlass  @bci com/naqqa/elasticsearch/rest/RestModule registerCluster (Lcom/naqqa/elasticsearch/http/Router;Lcom/naqqa/elasticsearch/rest/cluster/ClusterAdminRestHandlers;)V 685 <appendix> member <vmtarget> ; # com/naqqa/elasticsearch/rest/RestModule$$Lambda+0x000001f518231980
instanceKlass  @bci com/naqqa/elasticsearch/rest/RestModule registerCluster (Lcom/naqqa/elasticsearch/http/Router;Lcom/naqqa/elasticsearch/rest/cluster/ClusterAdminRestHandlers;)V 661 <appendix> member <vmtarget> ; # com/naqqa/elasticsearch/rest/RestModule$$Lambda+0x000001f518231760
instanceKlass  @bci com/naqqa/elasticsearch/rest/RestModule registerCluster (Lcom/naqqa/elasticsearch/http/Router;Lcom/naqqa/elasticsearch/rest/cluster/ClusterAdminRestHandlers;)V 637 <appendix> member <vmtarget> ; # com/naqqa/elasticsearch/rest/RestModule$$Lambda+0x000001f518231540
instanceKlass  @bci com/naqqa/elasticsearch/rest/RestModule registerCluster (Lcom/naqqa/elasticsearch/http/Router;Lcom/naqqa/elasticsearch/rest/cluster/ClusterAdminRestHandlers;)V 613 <appendix> member <vmtarget> ; # com/naqqa/elasticsearch/rest/RestModule$$Lambda+0x000001f518231320
instanceKlass  @bci com/naqqa/elasticsearch/rest/RestModule registerCluster (Lcom/naqqa/elasticsearch/http/Router;Lcom/naqqa/elasticsearch/rest/cluster/ClusterAdminRestHandlers;)V 589 <appendix> member <vmtarget> ; # com/naqqa/elasticsearch/rest/RestModule$$Lambda+0x000001f518231100
instanceKlass  @bci com/naqqa/elasticsearch/rest/RestModule registerCluster (Lcom/naqqa/elasticsearch/http/Router;Lcom/naqqa/elasticsearch/rest/cluster/ClusterAdminRestHandlers;)V 565 <appendix> member <vmtarget> ; # com/naqqa/elasticsearch/rest/RestModule$$Lambda+0x000001f518230ee0
instanceKlass  @bci com/naqqa/elasticsearch/rest/RestModule registerCluster (Lcom/naqqa/elasticsearch/http/Router;Lcom/naqqa/elasticsearch/rest/cluster/ClusterAdminRestHandlers;)V 541 <appendix> member <vmtarget> ; # com/naqqa/elasticsearch/rest/RestModule$$Lambda+0x000001f518230cc0
instanceKlass  @bci com/naqqa/elasticsearch/rest/RestModule registerCluster (Lcom/naqqa/elasticsearch/http/Router;Lcom/naqqa/elasticsearch/rest/cluster/ClusterAdminRestHandlers;)V 517 <appendix> member <vmtarget> ; # com/naqqa/elasticsearch/rest/RestModule$$Lambda+0x000001f518230aa0
instanceKlass  @bci com/naqqa/elasticsearch/rest/RestModule registerCluster (Lcom/naqqa/elasticsearch/http/Router;Lcom/naqqa/elasticsearch/rest/cluster/ClusterAdminRestHandlers;)V 493 <appendix> member <vmtarget> ; # com/naqqa/elasticsearch/rest/RestModule$$Lambda+0x000001f518230880
instanceKlass  @bci com/naqqa/elasticsearch/rest/RestModule registerCluster (Lcom/naqqa/elasticsearch/http/Router;Lcom/naqqa/elasticsearch/rest/cluster/ClusterAdminRestHandlers;)V 469 <appendix> member <vmtarget> ; # com/naqqa/elasticsearch/rest/RestModule$$Lambda+0x000001f518230660
instanceKlass  @bci com/naqqa/elasticsearch/rest/RestModule registerCluster (Lcom/naqqa/elasticsearch/http/Router;Lcom/naqqa/elasticsearch/rest/cluster/ClusterAdminRestHandlers;)V 445 <appendix> member <vmtarget> ; # com/naqqa/elasticsearch/rest/RestModule$$Lambda+0x000001f518230440
instanceKlass  @bci com/naqqa/elasticsearch/rest/RestModule registerCluster (Lcom/naqqa/elasticsearch/http/Router;Lcom/naqqa/elasticsearch/rest/cluster/ClusterAdminRestHandlers;)V 421 <appendix> member <vmtarget> ; # com/naqqa/elasticsearch/rest/RestModule$$Lambda+0x000001f518230220
instanceKlass  @bci com/naqqa/elasticsearch/rest/RestModule registerCluster (Lcom/naqqa/elasticsearch/http/Router;Lcom/naqqa/elasticsearch/rest/cluster/ClusterAdminRestHandlers;)V 397 <appendix> member <vmtarget> ; # com/naqqa/elasticsearch/rest/RestModule$$Lambda+0x000001f518230000
instanceKlass  @bci com/naqqa/elasticsearch/rest/RestModule registerCluster (Lcom/naqqa/elasticsearch/http/Router;Lcom/naqqa/elasticsearch/rest/cluster/ClusterAdminRestHandlers;)V 373 <appendix> member <vmtarget> ; # com/naqqa/elasticsearch/rest/RestModule$$Lambda+0x000001f51822fd48
instanceKlass  @bci com/naqqa/elasticsearch/rest/RestModule registerCluster (Lcom/naqqa/elasticsearch/http/Router;Lcom/naqqa/elasticsearch/rest/cluster/ClusterAdminRestHandlers;)V 349 <appendix> member <vmtarget> ; # com/naqqa/elasticsearch/rest/RestModule$$Lambda+0x000001f51822fb28
instanceKlass  @bci com/naqqa/elasticsearch/rest/RestModule registerCluster (Lcom/naqqa/elasticsearch/http/Router;Lcom/naqqa/elasticsearch/rest/cluster/ClusterAdminRestHandlers;)V 325 <appendix> member <vmtarget> ; # com/naqqa/elasticsearch/rest/RestModule$$Lambda+0x000001f51822f908
instanceKlass  @bci com/naqqa/elasticsearch/rest/RestModule registerCluster (Lcom/naqqa/elasticsearch/http/Router;Lcom/naqqa/elasticsearch/rest/cluster/ClusterAdminRestHandlers;)V 301 <appendix> member <vmtarget> ; # com/naqqa/elasticsearch/rest/RestModule$$Lambda+0x000001f51822f6e8
instanceKlass  @bci com/naqqa/elasticsearch/rest/RestModule registerCluster (Lcom/naqqa/elasticsearch/http/Router;Lcom/naqqa/elasticsearch/rest/cluster/ClusterAdminRestHandlers;)V 277 <appendix> member <vmtarget> ; # com/naqqa/elasticsearch/rest/RestModule$$Lambda+0x000001f51822f4c8
instanceKlass  @bci com/naqqa/elasticsearch/rest/RestModule registerCluster (Lcom/naqqa/elasticsearch/http/Router;Lcom/naqqa/elasticsearch/rest/cluster/ClusterAdminRestHandlers;)V 253 <appendix> member <vmtarget> ; # com/naqqa/elasticsearch/rest/RestModule$$Lambda+0x000001f51822f2a8
instanceKlass  @bci com/naqqa/elasticsearch/rest/RestModule registerCluster (Lcom/naqqa/elasticsearch/http/Router;Lcom/naqqa/elasticsearch/rest/cluster/ClusterAdminRestHandlers;)V 229 <appendix> member <vmtarget> ; # com/naqqa/elasticsearch/rest/RestModule$$Lambda+0x000001f51822f088
instanceKlass  @bci com/naqqa/elasticsearch/rest/RestModule registerCluster (Lcom/naqqa/elasticsearch/http/Router;Lcom/naqqa/elasticsearch/rest/cluster/ClusterAdminRestHandlers;)V 205 <appendix> member <vmtarget> ; # com/naqqa/elasticsearch/rest/RestModule$$Lambda+0x000001f51822ee68
instanceKlass  @bci com/naqqa/elasticsearch/rest/RestModule registerCluster (Lcom/naqqa/elasticsearch/http/Router;Lcom/naqqa/elasticsearch/rest/cluster/ClusterAdminRestHandlers;)V 181 <appendix> member <vmtarget> ; # com/naqqa/elasticsearch/rest/RestModule$$Lambda+0x000001f51822ec48
instanceKlass  @bci com/naqqa/elasticsearch/rest/RestModule registerCluster (Lcom/naqqa/elasticsearch/http/Router;Lcom/naqqa/elasticsearch/rest/cluster/ClusterAdminRestHandlers;)V 157 <appendix> member <vmtarget> ; # com/naqqa/elasticsearch/rest/RestModule$$Lambda+0x000001f51822ea28
instanceKlass  @bci com/naqqa/elasticsearch/rest/RestModule registerCluster (Lcom/naqqa/elasticsearch/http/Router;Lcom/naqqa/elasticsearch/rest/cluster/ClusterAdminRestHandlers;)V 133 <appendix> member <vmtarget> ; # com/naqqa/elasticsearch/rest/RestModule$$Lambda+0x000001f51822e808
instanceKlass  @bci com/naqqa/elasticsearch/rest/RestModule registerCluster (Lcom/naqqa/elasticsearch/http/Router;Lcom/naqqa/elasticsearch/rest/cluster/ClusterAdminRestHandlers;)V 109 <appendix> member <vmtarget> ; # com/naqqa/elasticsearch/rest/RestModule$$Lambda+0x000001f51822e5e8
instanceKlass  @bci com/naqqa/elasticsearch/rest/RestModule registerCluster (Lcom/naqqa/elasticsearch/http/Router;Lcom/naqqa/elasticsearch/rest/cluster/ClusterAdminRestHandlers;)V 85 <appendix> member <vmtarget> ; # com/naqqa/elasticsearch/rest/RestModule$$Lambda+0x000001f51822e3c8
instanceKlass  @bci com/naqqa/elasticsearch/rest/RestModule registerCluster (Lcom/naqqa/elasticsearch/http/Router;Lcom/naqqa/elasticsearch/rest/cluster/ClusterAdminRestHandlers;)V 61 <appendix> member <vmtarget> ; # com/naqqa/elasticsearch/rest/RestModule$$Lambda+0x000001f51822e1a8
instanceKlass  @bci com/naqqa/elasticsearch/rest/RestModule registerCluster (Lcom/naqqa/elasticsearch/http/Router;Lcom/naqqa/elasticsearch/rest/cluster/ClusterAdminRestHandlers;)V 37 <appendix> member <vmtarget> ; # com/naqqa/elasticsearch/rest/RestModule$$Lambda+0x000001f51822df88
instanceKlass  @bci com/naqqa/elasticsearch/rest/RestModule registerCluster (Lcom/naqqa/elasticsearch/http/Router;Lcom/naqqa/elasticsearch/rest/cluster/ClusterAdminRestHandlers;)V 13 <appendix> member <vmtarget> ; # com/naqqa/elasticsearch/rest/RestModule$$Lambda+0x000001f51822dd68
instanceKlass com/naqqa/elasticsearch/rest/cluster/ClusterAdminRestHandlers
instanceKlass  @bci com/naqqa/elasticsearch/rest/RestModule registerIndices (Lcom/naqqa/elasticsearch/http/Router;Lcom/naqqa/elasticsearch/rest/indices/IndexAdminRestHandlers;)V 1597 <appendix> member <vmtarget> ; # com/naqqa/elasticsearch/rest/RestModule$$Lambda+0x000001f51822d940
instanceKlass  @bci com/naqqa/elasticsearch/rest/RestModule registerIndices (Lcom/naqqa/elasticsearch/http/Router;Lcom/naqqa/elasticsearch/rest/indices/IndexAdminRestHandlers;)V 1573 <appendix> member <vmtarget> ; # com/naqqa/elasticsearch/rest/RestModule$$Lambda+0x000001f51822d720
instanceKlass  @bci com/naqqa/elasticsearch/rest/RestModule registerIndices (Lcom/naqqa/elasticsearch/http/Router;Lcom/naqqa/elasticsearch/rest/indices/IndexAdminRestHandlers;)V 1549 <appendix> member <vmtarget> ; # com/naqqa/elasticsearch/rest/RestModule$$Lambda+0x000001f51822d500
instanceKlass  @bci com/naqqa/elasticsearch/rest/RestModule registerIndices (Lcom/naqqa/elasticsearch/http/Router;Lcom/naqqa/elasticsearch/rest/indices/IndexAdminRestHandlers;)V 1525 <appendix> member <vmtarget> ; # com/naqqa/elasticsearch/rest/RestModule$$Lambda+0x000001f51822d2e0
instanceKlass  @bci com/naqqa/elasticsearch/rest/RestModule registerIndices (Lcom/naqqa/elasticsearch/http/Router;Lcom/naqqa/elasticsearch/rest/indices/IndexAdminRestHandlers;)V 1501 <appendix> member <vmtarget> ; # com/naqqa/elasticsearch/rest/RestModule$$Lambda+0x000001f51822d0c0
instanceKlass  @bci com/naqqa/elasticsearch/rest/RestModule registerIndices (Lcom/naqqa/elasticsearch/http/Router;Lcom/naqqa/elasticsearch/rest/indices/IndexAdminRestHandlers;)V 1477 <appendix> member <vmtarget> ; # com/naqqa/elasticsearch/rest/RestModule$$Lambda+0x000001f51822cea0
instanceKlass  @bci com/naqqa/elasticsearch/rest/RestModule registerIndices (Lcom/naqqa/elasticsearch/http/Router;Lcom/naqqa/elasticsearch/rest/indices/IndexAdminRestHandlers;)V 1453 <appendix> member <vmtarget> ; # com/naqqa/elasticsearch/rest/RestModule$$Lambda+0x000001f51822cc80
instanceKlass  @bci com/naqqa/elasticsearch/rest/RestModule registerIndices (Lcom/naqqa/elasticsearch/http/Router;Lcom/naqqa/elasticsearch/rest/indices/IndexAdminRestHandlers;)V 1429 <appendix> member <vmtarget> ; # com/naqqa/elasticsearch/rest/RestModule$$Lambda+0x000001f51822ca60
instanceKlass  @bci com/naqqa/elasticsearch/rest/RestModule registerIndices (Lcom/naqqa/elasticsearch/http/Router;Lcom/naqqa/elasticsearch/rest/indices/IndexAdminRestHandlers;)V 1405 <appendix> member <vmtarget> ; # com/naqqa/elasticsearch/rest/RestModule$$Lambda+0x000001f51822c840
instanceKlass  @bci com/naqqa/elasticsearch/rest/RestModule registerIndices (Lcom/naqqa/elasticsearch/http/Router;Lcom/naqqa/elasticsearch/rest/indices/IndexAdminRestHandlers;)V 1381 <appendix> member <vmtarget> ; # com/naqqa/elasticsearch/rest/RestModule$$Lambda+0x000001f51822c620
instanceKlass  @bci com/naqqa/elasticsearch/rest/RestModule registerIndices (Lcom/naqqa/elasticsearch/http/Router;Lcom/naqqa/elasticsearch/rest/indices/IndexAdminRestHandlers;)V 1357 <appendix> member <vmtarget> ; # com/naqqa/elasticsearch/rest/RestModule$$Lambda+0x000001f51822c400
instanceKlass  @bci com/naqqa/elasticsearch/rest/RestModule registerIndices (Lcom/naqqa/elasticsearch/http/Router;Lcom/naqqa/elasticsearch/rest/indices/IndexAdminRestHandlers;)V 1333 <appendix> member <vmtarget> ; # com/naqqa/elasticsearch/rest/RestModule$$Lambda+0x000001f51822c1e0
instanceKlass  @bci com/naqqa/elasticsearch/rest/RestModule registerIndices (Lcom/naqqa/elasticsearch/http/Router;Lcom/naqqa/elasticsearch/rest/indices/IndexAdminRestHandlers;)V 1309 <appendix> member <vmtarget> ; # com/naqqa/elasticsearch/rest/RestModule$$Lambda+0x000001f51822bfc0
instanceKlass  @bci com/naqqa/elasticsearch/rest/RestModule registerIndices (Lcom/naqqa/elasticsearch/http/Router;Lcom/naqqa/elasticsearch/rest/indices/IndexAdminRestHandlers;)V 1285 <appendix> member <vmtarget> ; # com/naqqa/elasticsearch/rest/RestModule$$Lambda+0x000001f51822bda0
instanceKlass  @bci com/naqqa/elasticsearch/rest/RestModule registerIndices (Lcom/naqqa/elasticsearch/http/Router;Lcom/naqqa/elasticsearch/rest/indices/IndexAdminRestHandlers;)V 1261 <appendix> member <vmtarget> ; # com/naqqa/elasticsearch/rest/RestModule$$Lambda+0x000001f51822bb80
instanceKlass  @bci com/naqqa/elasticsearch/rest/RestModule registerIndices (Lcom/naqqa/elasticsearch/http/Router;Lcom/naqqa/elasticsearch/rest/indices/IndexAdminRestHandlers;)V 1237 <appendix> member <vmtarget> ; # com/naqqa/elasticsearch/rest/RestModule$$Lambda+0x000001f51822b960
instanceKlass  @bci com/naqqa/elasticsearch/rest/RestModule registerIndices (Lcom/naqqa/elasticsearch/http/Router;Lcom/naqqa/elasticsearch/rest/indices/IndexAdminRestHandlers;)V 1213 <appendix> member <vmtarget> ; # com/naqqa/elasticsearch/rest/RestModule$$Lambda+0x000001f51822b740
instanceKlass  @bci com/naqqa/elasticsearch/rest/RestModule registerIndices (Lcom/naqqa/elasticsearch/http/Router;Lcom/naqqa/elasticsearch/rest/indices/IndexAdminRestHandlers;)V 1189 <appendix> member <vmtarget> ; # com/naqqa/elasticsearch/rest/RestModule$$Lambda+0x000001f51822b520
instanceKlass  @bci com/naqqa/elasticsearch/rest/RestModule registerIndices (Lcom/naqqa/elasticsearch/http/Router;Lcom/naqqa/elasticsearch/rest/indices/IndexAdminRestHandlers;)V 1165 <appendix> member <vmtarget> ; # com/naqqa/elasticsearch/rest/RestModule$$Lambda+0x000001f51822b300
instanceKlass  @bci com/naqqa/elasticsearch/rest/RestModule registerIndices (Lcom/naqqa/elasticsearch/http/Router;Lcom/naqqa/elasticsearch/rest/indices/IndexAdminRestHandlers;)V 1141 <appendix> member <vmtarget> ; # com/naqqa/elasticsearch/rest/RestModule$$Lambda+0x000001f51822b0e0
instanceKlass  @bci com/naqqa/elasticsearch/rest/RestModule registerIndices (Lcom/naqqa/elasticsearch/http/Router;Lcom/naqqa/elasticsearch/rest/indices/IndexAdminRestHandlers;)V 1117 <appendix> member <vmtarget> ; # com/naqqa/elasticsearch/rest/RestModule$$Lambda+0x000001f51822aec0
instanceKlass  @bci com/naqqa/elasticsearch/rest/RestModule registerIndices (Lcom/naqqa/elasticsearch/http/Router;Lcom/naqqa/elasticsearch/rest/indices/IndexAdminRestHandlers;)V 1093 <appendix> member <vmtarget> ; # com/naqqa/elasticsearch/rest/RestModule$$Lambda+0x000001f51822aca0
instanceKlass  @bci com/naqqa/elasticsearch/rest/RestModule registerIndices (Lcom/naqqa/elasticsearch/http/Router;Lcom/naqqa/elasticsearch/rest/indices/IndexAdminRestHandlers;)V 1069 <appendix> member <vmtarget> ; # com/naqqa/elasticsearch/rest/RestModule$$Lambda+0x000001f51822aa80
instanceKlass  @bci com/naqqa/elasticsearch/rest/RestModule registerIndices (Lcom/naqqa/elasticsearch/http/Router;Lcom/naqqa/elasticsearch/rest/indices/IndexAdminRestHandlers;)V 1045 <appendix> member <vmtarget> ; # com/naqqa/elasticsearch/rest/RestModule$$Lambda+0x000001f51822a860
instanceKlass  @bci com/naqqa/elasticsearch/rest/RestModule registerIndices (Lcom/naqqa/elasticsearch/http/Router;Lcom/naqqa/elasticsearch/rest/indices/IndexAdminRestHandlers;)V 1021 <appendix> member <vmtarget> ; # com/naqqa/elasticsearch/rest/RestModule$$Lambda+0x000001f51822a640
instanceKlass  @bci com/naqqa/elasticsearch/rest/RestModule registerIndices (Lcom/naqqa/elasticsearch/http/Router;Lcom/naqqa/elasticsearch/rest/indices/IndexAdminRestHandlers;)V 997 <appendix> member <vmtarget> ; # com/naqqa/elasticsearch/rest/RestModule$$Lambda+0x000001f51822a420
instanceKlass  @bci com/naqqa/elasticsearch/rest/RestModule registerIndices (Lcom/naqqa/elasticsearch/http/Router;Lcom/naqqa/elasticsearch/rest/indices/IndexAdminRestHandlers;)V 973 <appendix> member <vmtarget> ; # com/naqqa/elasticsearch/rest/RestModule$$Lambda+0x000001f51822a200
instanceKlass  @bci com/naqqa/elasticsearch/rest/RestModule registerIndices (Lcom/naqqa/elasticsearch/http/Router;Lcom/naqqa/elasticsearch/rest/indices/IndexAdminRestHandlers;)V 949 <appendix> member <vmtarget> ; # com/naqqa/elasticsearch/rest/RestModule$$Lambda+0x000001f518229fe0
instanceKlass  @bci com/naqqa/elasticsearch/rest/RestModule registerIndices (Lcom/naqqa/elasticsearch/http/Router;Lcom/naqqa/elasticsearch/rest/indices/IndexAdminRestHandlers;)V 925 <appendix> member <vmtarget> ; # com/naqqa/elasticsearch/rest/RestModule$$Lambda+0x000001f518229dc0
instanceKlass  @bci com/naqqa/elasticsearch/rest/RestModule registerIndices (Lcom/naqqa/elasticsearch/http/Router;Lcom/naqqa/elasticsearch/rest/indices/IndexAdminRestHandlers;)V 901 <appendix> member <vmtarget> ; # com/naqqa/elasticsearch/rest/RestModule$$Lambda+0x000001f518229ba0
instanceKlass  @bci com/naqqa/elasticsearch/rest/RestModule registerIndices (Lcom/naqqa/elasticsearch/http/Router;Lcom/naqqa/elasticsearch/rest/indices/IndexAdminRestHandlers;)V 877 <appendix> member <vmtarget> ; # com/naqqa/elasticsearch/rest/RestModule$$Lambda+0x000001f518229980
instanceKlass  @bci com/naqqa/elasticsearch/rest/RestModule registerIndices (Lcom/naqqa/elasticsearch/http/Router;Lcom/naqqa/elasticsearch/rest/indices/IndexAdminRestHandlers;)V 853 <appendix> member <vmtarget> ; # com/naqqa/elasticsearch/rest/RestModule$$Lambda+0x000001f518229760
instanceKlass  @bci com/naqqa/elasticsearch/rest/RestModule registerIndices (Lcom/naqqa/elasticsearch/http/Router;Lcom/naqqa/elasticsearch/rest/indices/IndexAdminRestHandlers;)V 829 <appendix> member <vmtarget> ; # com/naqqa/elasticsearch/rest/RestModule$$Lambda+0x000001f518229540
instanceKlass  @bci com/naqqa/elasticsearch/rest/RestModule registerIndices (Lcom/naqqa/elasticsearch/http/Router;Lcom/naqqa/elasticsearch/rest/indices/IndexAdminRestHandlers;)V 805 <appendix> member <vmtarget> ; # com/naqqa/elasticsearch/rest/RestModule$$Lambda+0x000001f518229320
instanceKlass  @bci com/naqqa/elasticsearch/rest/RestModule registerIndices (Lcom/naqqa/elasticsearch/http/Router;Lcom/naqqa/elasticsearch/rest/indices/IndexAdminRestHandlers;)V 781 <appendix> member <vmtarget> ; # com/naqqa/elasticsearch/rest/RestModule$$Lambda+0x000001f518229100
instanceKlass  @bci com/naqqa/elasticsearch/rest/RestModule registerIndices (Lcom/naqqa/elasticsearch/http/Router;Lcom/naqqa/elasticsearch/rest/indices/IndexAdminRestHandlers;)V 757 <appendix> member <vmtarget> ; # com/naqqa/elasticsearch/rest/RestModule$$Lambda+0x000001f518228ee0
instanceKlass  @bci com/naqqa/elasticsearch/rest/RestModule registerIndices (Lcom/naqqa/elasticsearch/http/Router;Lcom/naqqa/elasticsearch/rest/indices/IndexAdminRestHandlers;)V 733 <appendix> member <vmtarget> ; # com/naqqa/elasticsearch/rest/RestModule$$Lambda+0x000001f518228cc0
instanceKlass  @bci com/naqqa/elasticsearch/rest/RestModule registerIndices (Lcom/naqqa/elasticsearch/http/Router;Lcom/naqqa/elasticsearch/rest/indices/IndexAdminRestHandlers;)V 709 <appendix> member <vmtarget> ; # com/naqqa/elasticsearch/rest/RestModule$$Lambda+0x000001f518228aa0
instanceKlass  @bci com/naqqa/elasticsearch/rest/RestModule registerIndices (Lcom/naqqa/elasticsearch/http/Router;Lcom/naqqa/elasticsearch/rest/indices/IndexAdminRestHandlers;)V 685 <appendix> member <vmtarget> ; # com/naqqa/elasticsearch/rest/RestModule$$Lambda+0x000001f518228880
instanceKlass  @bci com/naqqa/elasticsearch/rest/RestModule registerIndices (Lcom/naqqa/elasticsearch/http/Router;Lcom/naqqa/elasticsearch/rest/indices/IndexAdminRestHandlers;)V 661 <appendix> member <vmtarget> ; # com/naqqa/elasticsearch/rest/RestModule$$Lambda+0x000001f518228660
instanceKlass  @bci com/naqqa/elasticsearch/rest/RestModule registerIndices (Lcom/naqqa/elasticsearch/http/Router;Lcom/naqqa/elasticsearch/rest/indices/IndexAdminRestHandlers;)V 637 <appendix> member <vmtarget> ; # com/naqqa/elasticsearch/rest/RestModule$$Lambda+0x000001f518228440
instanceKlass  @bci com/naqqa/elasticsearch/rest/RestModule registerIndices (Lcom/naqqa/elasticsearch/http/Router;Lcom/naqqa/elasticsearch/rest/indices/IndexAdminRestHandlers;)V 613 <appendix> member <vmtarget> ; # com/naqqa/elasticsearch/rest/RestModule$$Lambda+0x000001f518228220
instanceKlass  @bci com/naqqa/elasticsearch/rest/RestModule registerIndices (Lcom/naqqa/elasticsearch/http/Router;Lcom/naqqa/elasticsearch/rest/indices/IndexAdminRestHandlers;)V 589 <appendix> member <vmtarget> ; # com/naqqa/elasticsearch/rest/RestModule$$Lambda+0x000001f518228000
instanceKlass  @bci com/naqqa/elasticsearch/rest/RestModule registerIndices (Lcom/naqqa/elasticsearch/http/Router;Lcom/naqqa/elasticsearch/rest/indices/IndexAdminRestHandlers;)V 565 <appendix> member <vmtarget> ; # com/naqqa/elasticsearch/rest/RestModule$$Lambda+0x000001f518227d48
instanceKlass  @bci com/naqqa/elasticsearch/rest/RestModule registerIndices (Lcom/naqqa/elasticsearch/http/Router;Lcom/naqqa/elasticsearch/rest/indices/IndexAdminRestHandlers;)V 541 <appendix> member <vmtarget> ; # com/naqqa/elasticsearch/rest/RestModule$$Lambda+0x000001f518227b28
instanceKlass  @bci com/naqqa/elasticsearch/rest/RestModule registerIndices (Lcom/naqqa/elasticsearch/http/Router;Lcom/naqqa/elasticsearch/rest/indices/IndexAdminRestHandlers;)V 517 <appendix> member <vmtarget> ; # com/naqqa/elasticsearch/rest/RestModule$$Lambda+0x000001f518227908
instanceKlass  @bci com/naqqa/elasticsearch/rest/RestModule registerIndices (Lcom/naqqa/elasticsearch/http/Router;Lcom/naqqa/elasticsearch/rest/indices/IndexAdminRestHandlers;)V 493 <appendix> member <vmtarget> ; # com/naqqa/elasticsearch/rest/RestModule$$Lambda+0x000001f5182276e8
instanceKlass  @bci com/naqqa/elasticsearch/rest/RestModule registerIndices (Lcom/naqqa/elasticsearch/http/Router;Lcom/naqqa/elasticsearch/rest/indices/IndexAdminRestHandlers;)V 469 <appendix> member <vmtarget> ; # com/naqqa/elasticsearch/rest/RestModule$$Lambda+0x000001f5182274c8
instanceKlass  @bci com/naqqa/elasticsearch/rest/RestModule registerIndices (Lcom/naqqa/elasticsearch/http/Router;Lcom/naqqa/elasticsearch/rest/indices/IndexAdminRestHandlers;)V 445 <appendix> member <vmtarget> ; # com/naqqa/elasticsearch/rest/RestModule$$Lambda+0x000001f5182272a8
instanceKlass  @bci com/naqqa/elasticsearch/rest/RestModule registerIndices (Lcom/naqqa/elasticsearch/http/Router;Lcom/naqqa/elasticsearch/rest/indices/IndexAdminRestHandlers;)V 421 <appendix> member <vmtarget> ; # com/naqqa/elasticsearch/rest/RestModule$$Lambda+0x000001f518227088
instanceKlass  @bci com/naqqa/elasticsearch/rest/RestModule registerIndices (Lcom/naqqa/elasticsearch/http/Router;Lcom/naqqa/elasticsearch/rest/indices/IndexAdminRestHandlers;)V 397 <appendix> member <vmtarget> ; # com/naqqa/elasticsearch/rest/RestModule$$Lambda+0x000001f518226e68
instanceKlass  @bci com/naqqa/elasticsearch/rest/RestModule registerIndices (Lcom/naqqa/elasticsearch/http/Router;Lcom/naqqa/elasticsearch/rest/indices/IndexAdminRestHandlers;)V 373 <appendix> member <vmtarget> ; # com/naqqa/elasticsearch/rest/RestModule$$Lambda+0x000001f518226c48
instanceKlass  @bci com/naqqa/elasticsearch/rest/RestModule registerIndices (Lcom/naqqa/elasticsearch/http/Router;Lcom/naqqa/elasticsearch/rest/indices/IndexAdminRestHandlers;)V 349 <appendix> member <vmtarget> ; # com/naqqa/elasticsearch/rest/RestModule$$Lambda+0x000001f518226a28
instanceKlass  @bci com/naqqa/elasticsearch/rest/RestModule registerIndices (Lcom/naqqa/elasticsearch/http/Router;Lcom/naqqa/elasticsearch/rest/indices/IndexAdminRestHandlers;)V 325 <appendix> member <vmtarget> ; # com/naqqa/elasticsearch/rest/RestModule$$Lambda+0x000001f518226808
instanceKlass  @bci com/naqqa/elasticsearch/rest/RestModule registerIndices (Lcom/naqqa/elasticsearch/http/Router;Lcom/naqqa/elasticsearch/rest/indices/IndexAdminRestHandlers;)V 301 <appendix> member <vmtarget> ; # com/naqqa/elasticsearch/rest/RestModule$$Lambda+0x000001f5182265e8
instanceKlass  @bci com/naqqa/elasticsearch/rest/RestModule registerIndices (Lcom/naqqa/elasticsearch/http/Router;Lcom/naqqa/elasticsearch/rest/indices/IndexAdminRestHandlers;)V 277 <appendix> member <vmtarget> ; # com/naqqa/elasticsearch/rest/RestModule$$Lambda+0x000001f5182263c8
instanceKlass  @bci com/naqqa/elasticsearch/rest/RestModule registerIndices (Lcom/naqqa/elasticsearch/http/Router;Lcom/naqqa/elasticsearch/rest/indices/IndexAdminRestHandlers;)V 253 <appendix> member <vmtarget> ; # com/naqqa/elasticsearch/rest/RestModule$$Lambda+0x000001f5182261a8
instanceKlass  @bci com/naqqa/elasticsearch/rest/RestModule registerIndices (Lcom/naqqa/elasticsearch/http/Router;Lcom/naqqa/elasticsearch/rest/indices/IndexAdminRestHandlers;)V 229 <appendix> member <vmtarget> ; # com/naqqa/elasticsearch/rest/RestModule$$Lambda+0x000001f518225f88
instanceKlass  @bci com/naqqa/elasticsearch/rest/RestModule registerIndices (Lcom/naqqa/elasticsearch/http/Router;Lcom/naqqa/elasticsearch/rest/indices/IndexAdminRestHandlers;)V 205 <appendix> member <vmtarget> ; # com/naqqa/elasticsearch/rest/RestModule$$Lambda+0x000001f518225d68
instanceKlass  @bci com/naqqa/elasticsearch/rest/RestModule registerIndices (Lcom/naqqa/elasticsearch/http/Router;Lcom/naqqa/elasticsearch/rest/indices/IndexAdminRestHandlers;)V 181 <appendix> member <vmtarget> ; # com/naqqa/elasticsearch/rest/RestModule$$Lambda+0x000001f518225b48
instanceKlass  @bci com/naqqa/elasticsearch/rest/RestModule registerIndices (Lcom/naqqa/elasticsearch/http/Router;Lcom/naqqa/elasticsearch/rest/indices/IndexAdminRestHandlers;)V 157 <appendix> member <vmtarget> ; # com/naqqa/elasticsearch/rest/RestModule$$Lambda+0x000001f518225928
instanceKlass  @bci com/naqqa/elasticsearch/rest/RestModule registerIndices (Lcom/naqqa/elasticsearch/http/Router;Lcom/naqqa/elasticsearch/rest/indices/IndexAdminRestHandlers;)V 133 <appendix> member <vmtarget> ; # com/naqqa/elasticsearch/rest/RestModule$$Lambda+0x000001f518225708
instanceKlass  @bci com/naqqa/elasticsearch/rest/RestModule registerIndices (Lcom/naqqa/elasticsearch/http/Router;Lcom/naqqa/elasticsearch/rest/indices/IndexAdminRestHandlers;)V 109 <appendix> member <vmtarget> ; # com/naqqa/elasticsearch/rest/RestModule$$Lambda+0x000001f5182254e8
instanceKlass  @bci com/naqqa/elasticsearch/rest/RestModule registerIndices (Lcom/naqqa/elasticsearch/http/Router;Lcom/naqqa/elasticsearch/rest/indices/IndexAdminRestHandlers;)V 85 <appendix> member <vmtarget> ; # com/naqqa/elasticsearch/rest/RestModule$$Lambda+0x000001f5182252c8
instanceKlass  @bci com/naqqa/elasticsearch/rest/RestModule registerIndices (Lcom/naqqa/elasticsearch/http/Router;Lcom/naqqa/elasticsearch/rest/indices/IndexAdminRestHandlers;)V 61 <appendix> member <vmtarget> ; # com/naqqa/elasticsearch/rest/RestModule$$Lambda+0x000001f5182250a8
instanceKlass  @bci com/naqqa/elasticsearch/rest/RestModule registerIndices (Lcom/naqqa/elasticsearch/http/Router;Lcom/naqqa/elasticsearch/rest/indices/IndexAdminRestHandlers;)V 37 <appendix> member <vmtarget> ; # com/naqqa/elasticsearch/rest/RestModule$$Lambda+0x000001f518224e88
instanceKlass  @bci com/naqqa/elasticsearch/rest/RestModule registerIndices (Lcom/naqqa/elasticsearch/http/Router;Lcom/naqqa/elasticsearch/rest/indices/IndexAdminRestHandlers;)V 13 <appendix> member <vmtarget> ; # com/naqqa/elasticsearch/rest/RestModule$$Lambda+0x000001f518224c68
instanceKlass com/naqqa/elasticsearch/rest/indices/IndexAdminRestHandlers
instanceKlass  @bci com/naqqa/elasticsearch/rest/RestModule registerSearch (Lcom/naqqa/elasticsearch/http/Router;Lcom/naqqa/elasticsearch/rest/search/SearchRestHandlers;)V 996 <appendix> member <vmtarget> ; # com/naqqa/elasticsearch/rest/RestModule$$Lambda+0x000001f518224840
instanceKlass  @bci com/naqqa/elasticsearch/rest/RestModule registerSearch (Lcom/naqqa/elasticsearch/http/Router;Lcom/naqqa/elasticsearch/rest/search/SearchRestHandlers;)V 972 <appendix> member <vmtarget> ; # com/naqqa/elasticsearch/rest/RestModule$$Lambda+0x000001f518224620
instanceKlass  @bci com/naqqa/elasticsearch/rest/RestModule registerSearch (Lcom/naqqa/elasticsearch/http/Router;Lcom/naqqa/elasticsearch/rest/search/SearchRestHandlers;)V 948 <appendix> member <vmtarget> ; # com/naqqa/elasticsearch/rest/RestModule$$Lambda+0x000001f518224400
instanceKlass  @bci com/naqqa/elasticsearch/rest/RestModule registerSearch (Lcom/naqqa/elasticsearch/http/Router;Lcom/naqqa/elasticsearch/rest/search/SearchRestHandlers;)V 924 <appendix> member <vmtarget> ; # com/naqqa/elasticsearch/rest/RestModule$$Lambda+0x000001f5182241e0
instanceKlass  @bci com/naqqa/elasticsearch/rest/RestModule registerSearch (Lcom/naqqa/elasticsearch/http/Router;Lcom/naqqa/elasticsearch/rest/search/SearchRestHandlers;)V 900 <appendix> member <vmtarget> ; # com/naqqa/elasticsearch/rest/RestModule$$Lambda+0x000001f518223fc0
instanceKlass  @bci com/naqqa/elasticsearch/rest/RestModule registerSearch (Lcom/naqqa/elasticsearch/http/Router;Lcom/naqqa/elasticsearch/rest/search/SearchRestHandlers;)V 876 <appendix> member <vmtarget> ; # com/naqqa/elasticsearch/rest/RestModule$$Lambda+0x000001f518223da0
instanceKlass  @bci com/naqqa/elasticsearch/rest/RestModule registerSearch (Lcom/naqqa/elasticsearch/http/Router;Lcom/naqqa/elasticsearch/rest/search/SearchRestHandlers;)V 852 <appendix> member <vmtarget> ; # com/naqqa/elasticsearch/rest/RestModule$$Lambda+0x000001f518223b80
instanceKlass  @bci com/naqqa/elasticsearch/rest/RestModule registerSearch (Lcom/naqqa/elasticsearch/http/Router;Lcom/naqqa/elasticsearch/rest/search/SearchRestHandlers;)V 828 <appendix> member <vmtarget> ; # com/naqqa/elasticsearch/rest/RestModule$$Lambda+0x000001f518223960
instanceKlass  @bci com/naqqa/elasticsearch/rest/RestModule registerSearch (Lcom/naqqa/elasticsearch/http/Router;Lcom/naqqa/elasticsearch/rest/search/SearchRestHandlers;)V 804 <appendix> member <vmtarget> ; # com/naqqa/elasticsearch/rest/RestModule$$Lambda+0x000001f518223740
instanceKlass  @bci com/naqqa/elasticsearch/rest/RestModule registerSearch (Lcom/naqqa/elasticsearch/http/Router;Lcom/naqqa/elasticsearch/rest/search/SearchRestHandlers;)V 780 <appendix> member <vmtarget> ; # com/naqqa/elasticsearch/rest/RestModule$$Lambda+0x000001f518223520
instanceKlass  @bci com/naqqa/elasticsearch/rest/RestModule registerSearch (Lcom/naqqa/elasticsearch/http/Router;Lcom/naqqa/elasticsearch/rest/search/SearchRestHandlers;)V 756 <appendix> member <vmtarget> ; # com/naqqa/elasticsearch/rest/RestModule$$Lambda+0x000001f518223300
instanceKlass  @bci com/naqqa/elasticsearch/rest/RestModule registerSearch (Lcom/naqqa/elasticsearch/http/Router;Lcom/naqqa/elasticsearch/rest/search/SearchRestHandlers;)V 732 <appendix> member <vmtarget> ; # com/naqqa/elasticsearch/rest/RestModule$$Lambda+0x000001f5182230e0
instanceKlass  @bci com/naqqa/elasticsearch/rest/RestModule registerSearch (Lcom/naqqa/elasticsearch/http/Router;Lcom/naqqa/elasticsearch/rest/search/SearchRestHandlers;)V 708 <appendix> member <vmtarget> ; # com/naqqa/elasticsearch/rest/RestModule$$Lambda+0x000001f518222ec0
instanceKlass  @bci com/naqqa/elasticsearch/rest/RestModule registerSearch (Lcom/naqqa/elasticsearch/http/Router;Lcom/naqqa/elasticsearch/rest/search/SearchRestHandlers;)V 684 <appendix> member <vmtarget> ; # com/naqqa/elasticsearch/rest/RestModule$$Lambda+0x000001f518222ca0
instanceKlass  @bci com/naqqa/elasticsearch/rest/RestModule registerSearch (Lcom/naqqa/elasticsearch/http/Router;Lcom/naqqa/elasticsearch/rest/search/SearchRestHandlers;)V 660 <appendix> member <vmtarget> ; # com/naqqa/elasticsearch/rest/RestModule$$Lambda+0x000001f518222a80
instanceKlass  @bci com/naqqa/elasticsearch/rest/RestModule registerSearch (Lcom/naqqa/elasticsearch/http/Router;Lcom/naqqa/elasticsearch/rest/search/SearchRestHandlers;)V 636 <appendix> member <vmtarget> ; # com/naqqa/elasticsearch/rest/RestModule$$Lambda+0x000001f518222860
instanceKlass  @bci com/naqqa/elasticsearch/rest/RestModule registerSearch (Lcom/naqqa/elasticsearch/http/Router;Lcom/naqqa/elasticsearch/rest/search/SearchRestHandlers;)V 612 <appendix> member <vmtarget> ; # com/naqqa/elasticsearch/rest/RestModule$$Lambda+0x000001f518222640
instanceKlass  @bci com/naqqa/elasticsearch/rest/RestModule registerSearch (Lcom/naqqa/elasticsearch/http/Router;Lcom/naqqa/elasticsearch/rest/search/SearchRestHandlers;)V 588 <appendix> member <vmtarget> ; # com/naqqa/elasticsearch/rest/RestModule$$Lambda+0x000001f518222420
instanceKlass  @bci com/naqqa/elasticsearch/rest/RestModule registerSearch (Lcom/naqqa/elasticsearch/http/Router;Lcom/naqqa/elasticsearch/rest/search/SearchRestHandlers;)V 564 <appendix> member <vmtarget> ; # com/naqqa/elasticsearch/rest/RestModule$$Lambda+0x000001f518222200
instanceKlass  @bci com/naqqa/elasticsearch/rest/RestModule registerSearch (Lcom/naqqa/elasticsearch/http/Router;Lcom/naqqa/elasticsearch/rest/search/SearchRestHandlers;)V 541 <appendix> member <vmtarget> ; # com/naqqa/elasticsearch/rest/RestModule$$Lambda+0x000001f518221fe0
instanceKlass  @bci com/naqqa/elasticsearch/rest/RestModule registerSearch (Lcom/naqqa/elasticsearch/http/Router;Lcom/naqqa/elasticsearch/rest/search/SearchRestHandlers;)V 518 <appendix> member <vmtarget> ; # com/naqqa/elasticsearch/rest/RestModule$$Lambda+0x000001f518221dc0
instanceKlass  @bci com/naqqa/elasticsearch/rest/RestModule registerSearch (Lcom/naqqa/elasticsearch/http/Router;Lcom/naqqa/elasticsearch/rest/search/SearchRestHandlers;)V 495 <appendix> member <vmtarget> ; # com/naqqa/elasticsearch/rest/RestModule$$Lambda+0x000001f518221ba0
instanceKlass  @bci com/naqqa/elasticsearch/rest/RestModule registerSearch (Lcom/naqqa/elasticsearch/http/Router;Lcom/naqqa/elasticsearch/rest/search/SearchRestHandlers;)V 472 <appendix> member <vmtarget> ; # com/naqqa/elasticsearch/rest/RestModule$$Lambda+0x000001f518221980
instanceKlass  @bci com/naqqa/elasticsearch/rest/RestModule registerSearch (Lcom/naqqa/elasticsearch/http/Router;Lcom/naqqa/elasticsearch/rest/search/SearchRestHandlers;)V 449 <appendix> member <vmtarget> ; # com/naqqa/elasticsearch/rest/RestModule$$Lambda+0x000001f518221760
instanceKlass  @bci com/naqqa/elasticsearch/rest/RestModule registerSearch (Lcom/naqqa/elasticsearch/http/Router;Lcom/naqqa/elasticsearch/rest/search/SearchRestHandlers;)V 426 <appendix> member <vmtarget> ; # com/naqqa/elasticsearch/rest/RestModule$$Lambda+0x000001f518221540
instanceKlass  @bci com/naqqa/elasticsearch/rest/RestModule registerSearch (Lcom/naqqa/elasticsearch/http/Router;Lcom/naqqa/elasticsearch/rest/search/SearchRestHandlers;)V 403 <appendix> member <vmtarget> ; # com/naqqa/elasticsearch/rest/RestModule$$Lambda+0x000001f518221320
instanceKlass  @bci com/naqqa/elasticsearch/rest/RestModule registerSearch (Lcom/naqqa/elasticsearch/http/Router;Lcom/naqqa/elasticsearch/rest/search/SearchRestHandlers;)V 380 <appendix> member <vmtarget> ; # com/naqqa/elasticsearch/rest/RestModule$$Lambda+0x000001f518221100
instanceKlass  @bci com/naqqa/elasticsearch/rest/RestModule registerSearch (Lcom/naqqa/elasticsearch/http/Router;Lcom/naqqa/elasticsearch/rest/search/SearchRestHandlers;)V 357 <appendix> member <vmtarget> ; # com/naqqa/elasticsearch/rest/RestModule$$Lambda+0x000001f518220ee0
instanceKlass  @bci com/naqqa/elasticsearch/rest/RestModule registerSearch (Lcom/naqqa/elasticsearch/http/Router;Lcom/naqqa/elasticsearch/rest/search/SearchRestHandlers;)V 334 <appendix> member <vmtarget> ; # com/naqqa/elasticsearch/rest/RestModule$$Lambda+0x000001f518220cc0
instanceKlass  @bci com/naqqa/elasticsearch/rest/RestModule registerSearch (Lcom/naqqa/elasticsearch/http/Router;Lcom/naqqa/elasticsearch/rest/search/SearchRestHandlers;)V 311 <appendix> member <vmtarget> ; # com/naqqa/elasticsearch/rest/RestModule$$Lambda+0x000001f518220aa0
instanceKlass  @bci com/naqqa/elasticsearch/rest/RestModule registerSearch (Lcom/naqqa/elasticsearch/http/Router;Lcom/naqqa/elasticsearch/rest/search/SearchRestHandlers;)V 288 <appendix> member <vmtarget> ; # com/naqqa/elasticsearch/rest/RestModule$$Lambda+0x000001f518220880
instanceKlass  @bci com/naqqa/elasticsearch/rest/RestModule registerSearch (Lcom/naqqa/elasticsearch/http/Router;Lcom/naqqa/elasticsearch/rest/search/SearchRestHandlers;)V 265 <appendix> member <vmtarget> ; # com/naqqa/elasticsearch/rest/RestModule$$Lambda+0x000001f518220660
instanceKlass  @bci com/naqqa/elasticsearch/rest/RestModule registerSearch (Lcom/naqqa/elasticsearch/http/Router;Lcom/naqqa/elasticsearch/rest/search/SearchRestHandlers;)V 242 <appendix> member <vmtarget> ; # com/naqqa/elasticsearch/rest/RestModule$$Lambda+0x000001f518220440
instanceKlass  @bci com/naqqa/elasticsearch/rest/RestModule registerSearch (Lcom/naqqa/elasticsearch/http/Router;Lcom/naqqa/elasticsearch/rest/search/SearchRestHandlers;)V 219 <appendix> member <vmtarget> ; # com/naqqa/elasticsearch/rest/RestModule$$Lambda+0x000001f518220220
instanceKlass  @bci com/naqqa/elasticsearch/rest/RestModule registerSearch (Lcom/naqqa/elasticsearch/http/Router;Lcom/naqqa/elasticsearch/rest/search/SearchRestHandlers;)V 196 <appendix> member <vmtarget> ; # com/naqqa/elasticsearch/rest/RestModule$$Lambda+0x000001f518220000
instanceKlass  @bci com/naqqa/elasticsearch/rest/RestModule registerSearch (Lcom/naqqa/elasticsearch/http/Router;Lcom/naqqa/elasticsearch/rest/search/SearchRestHandlers;)V 173 <appendix> member <vmtarget> ; # com/naqqa/elasticsearch/rest/RestModule$$Lambda+0x000001f51821fde0
instanceKlass  @bci com/naqqa/elasticsearch/rest/RestModule registerSearch (Lcom/naqqa/elasticsearch/http/Router;Lcom/naqqa/elasticsearch/rest/search/SearchRestHandlers;)V 150 <appendix> member <vmtarget> ; # com/naqqa/elasticsearch/rest/RestModule$$Lambda+0x000001f51821fbc0
instanceKlass  @bci com/naqqa/elasticsearch/rest/RestModule registerSearch (Lcom/naqqa/elasticsearch/http/Router;Lcom/naqqa/elasticsearch/rest/search/SearchRestHandlers;)V 127 <appendix> member <vmtarget> ; # com/naqqa/elasticsearch/rest/RestModule$$Lambda+0x000001f51821f9a0
instanceKlass  @bci com/naqqa/elasticsearch/rest/RestModule registerSearch (Lcom/naqqa/elasticsearch/http/Router;Lcom/naqqa/elasticsearch/rest/search/SearchRestHandlers;)V 104 <appendix> member <vmtarget> ; # com/naqqa/elasticsearch/rest/RestModule$$Lambda+0x000001f51821f780
instanceKlass  @bci com/naqqa/elasticsearch/rest/RestModule registerSearch (Lcom/naqqa/elasticsearch/http/Router;Lcom/naqqa/elasticsearch/rest/search/SearchRestHandlers;)V 81 <appendix> member <vmtarget> ; # com/naqqa/elasticsearch/rest/RestModule$$Lambda+0x000001f51821f560
instanceKlass  @bci com/naqqa/elasticsearch/rest/RestModule registerSearch (Lcom/naqqa/elasticsearch/http/Router;Lcom/naqqa/elasticsearch/rest/search/SearchRestHandlers;)V 58 <appendix> member <vmtarget> ; # com/naqqa/elasticsearch/rest/RestModule$$Lambda+0x000001f51821f340
instanceKlass  @bci com/naqqa/elasticsearch/rest/RestModule registerSearch (Lcom/naqqa/elasticsearch/http/Router;Lcom/naqqa/elasticsearch/rest/search/SearchRestHandlers;)V 35 <appendix> member <vmtarget> ; # com/naqqa/elasticsearch/rest/RestModule$$Lambda+0x000001f51821f120
instanceKlass  @bci com/naqqa/elasticsearch/rest/RestModule registerSearch (Lcom/naqqa/elasticsearch/http/Router;Lcom/naqqa/elasticsearch/rest/search/SearchRestHandlers;)V 12 <appendix> member <vmtarget> ; # com/naqqa/elasticsearch/rest/RestModule$$Lambda+0x000001f51821ef00
instanceKlass com/naqqa/elasticsearch/rest/search/SearchRestHandlers
instanceKlass  @bci com/naqqa/elasticsearch/rest/RestModule registerDocument (Lcom/naqqa/elasticsearch/http/Router;Lcom/naqqa/elasticsearch/rest/document/DocumentRestHandlers;)V 656 <appendix> member <vmtarget> ; # com/naqqa/elasticsearch/rest/RestModule$$Lambda+0x000001f51821ead8
instanceKlass  @bci com/naqqa/elasticsearch/rest/RestModule registerDocument (Lcom/naqqa/elasticsearch/http/Router;Lcom/naqqa/elasticsearch/rest/document/DocumentRestHandlers;)V 633 <appendix> member <vmtarget> ; # com/naqqa/elasticsearch/rest/RestModule$$Lambda+0x000001f51821e8b8
instanceKlass  @bci com/naqqa/elasticsearch/rest/RestModule registerDocument (Lcom/naqqa/elasticsearch/http/Router;Lcom/naqqa/elasticsearch/rest/document/DocumentRestHandlers;)V 610 <appendix> member <vmtarget> ; # com/naqqa/elasticsearch/rest/RestModule$$Lambda+0x000001f51821e698
instanceKlass  @bci com/naqqa/elasticsearch/rest/RestModule registerDocument (Lcom/naqqa/elasticsearch/http/Router;Lcom/naqqa/elasticsearch/rest/document/DocumentRestHandlers;)V 587 <appendix> member <vmtarget> ; # com/naqqa/elasticsearch/rest/RestModule$$Lambda+0x000001f51821e478
instanceKlass  @bci com/naqqa/elasticsearch/rest/RestModule registerDocument (Lcom/naqqa/elasticsearch/http/Router;Lcom/naqqa/elasticsearch/rest/document/DocumentRestHandlers;)V 564 <appendix> member <vmtarget> ; # com/naqqa/elasticsearch/rest/RestModule$$Lambda+0x000001f51821e258
instanceKlass  @bci com/naqqa/elasticsearch/rest/RestModule registerDocument (Lcom/naqqa/elasticsearch/http/Router;Lcom/naqqa/elasticsearch/rest/document/DocumentRestHandlers;)V 541 <appendix> member <vmtarget> ; # com/naqqa/elasticsearch/rest/RestModule$$Lambda+0x000001f51821e038
instanceKlass  @bci com/naqqa/elasticsearch/rest/RestModule registerDocument (Lcom/naqqa/elasticsearch/http/Router;Lcom/naqqa/elasticsearch/rest/document/DocumentRestHandlers;)V 518 <appendix> member <vmtarget> ; # com/naqqa/elasticsearch/rest/RestModule$$Lambda+0x000001f51821de18
instanceKlass  @bci com/naqqa/elasticsearch/rest/RestModule registerDocument (Lcom/naqqa/elasticsearch/http/Router;Lcom/naqqa/elasticsearch/rest/document/DocumentRestHandlers;)V 495 <appendix> member <vmtarget> ; # com/naqqa/elasticsearch/rest/RestModule$$Lambda+0x000001f51821dbf8
instanceKlass  @bci com/naqqa/elasticsearch/rest/RestModule registerDocument (Lcom/naqqa/elasticsearch/http/Router;Lcom/naqqa/elasticsearch/rest/document/DocumentRestHandlers;)V 472 <appendix> member <vmtarget> ; # com/naqqa/elasticsearch/rest/RestModule$$Lambda+0x000001f51821d9d8
instanceKlass  @bci com/naqqa/elasticsearch/rest/RestModule registerDocument (Lcom/naqqa/elasticsearch/http/Router;Lcom/naqqa/elasticsearch/rest/document/DocumentRestHandlers;)V 449 <appendix> member <vmtarget> ; # com/naqqa/elasticsearch/rest/RestModule$$Lambda+0x000001f51821d7b8
instanceKlass  @bci com/naqqa/elasticsearch/rest/RestModule registerDocument (Lcom/naqqa/elasticsearch/http/Router;Lcom/naqqa/elasticsearch/rest/document/DocumentRestHandlers;)V 426 <appendix> member <vmtarget> ; # com/naqqa/elasticsearch/rest/RestModule$$Lambda+0x000001f51821d598
instanceKlass  @bci com/naqqa/elasticsearch/rest/RestModule registerDocument (Lcom/naqqa/elasticsearch/http/Router;Lcom/naqqa/elasticsearch/rest/document/DocumentRestHandlers;)V 403 <appendix> member <vmtarget> ; # com/naqqa/elasticsearch/rest/RestModule$$Lambda+0x000001f51821d378
instanceKlass  @bci com/naqqa/elasticsearch/rest/RestModule registerDocument (Lcom/naqqa/elasticsearch/http/Router;Lcom/naqqa/elasticsearch/rest/document/DocumentRestHandlers;)V 380 <appendix> member <vmtarget> ; # com/naqqa/elasticsearch/rest/RestModule$$Lambda+0x000001f51821d158
instanceKlass  @bci com/naqqa/elasticsearch/rest/RestModule registerDocument (Lcom/naqqa/elasticsearch/http/Router;Lcom/naqqa/elasticsearch/rest/document/DocumentRestHandlers;)V 357 <appendix> member <vmtarget> ; # com/naqqa/elasticsearch/rest/RestModule$$Lambda+0x000001f51821cf38
instanceKlass  @bci com/naqqa/elasticsearch/rest/RestModule registerDocument (Lcom/naqqa/elasticsearch/http/Router;Lcom/naqqa/elasticsearch/rest/document/DocumentRestHandlers;)V 334 <appendix> member <vmtarget> ; # com/naqqa/elasticsearch/rest/RestModule$$Lambda+0x000001f51821cd18
instanceKlass  @bci com/naqqa/elasticsearch/rest/RestModule registerDocument (Lcom/naqqa/elasticsearch/http/Router;Lcom/naqqa/elasticsearch/rest/document/DocumentRestHandlers;)V 311 <appendix> member <vmtarget> ; # com/naqqa/elasticsearch/rest/RestModule$$Lambda+0x000001f51821caf8
instanceKlass  @bci com/naqqa/elasticsearch/rest/RestModule registerDocument (Lcom/naqqa/elasticsearch/http/Router;Lcom/naqqa/elasticsearch/rest/document/DocumentRestHandlers;)V 288 <appendix> member <vmtarget> ; # com/naqqa/elasticsearch/rest/RestModule$$Lambda+0x000001f51821c8d8
instanceKlass  @bci com/naqqa/elasticsearch/rest/RestModule registerDocument (Lcom/naqqa/elasticsearch/http/Router;Lcom/naqqa/elasticsearch/rest/document/DocumentRestHandlers;)V 265 <appendix> member <vmtarget> ; # com/naqqa/elasticsearch/rest/RestModule$$Lambda+0x000001f51821c6b8
instanceKlass  @bci com/naqqa/elasticsearch/rest/RestModule registerDocument (Lcom/naqqa/elasticsearch/http/Router;Lcom/naqqa/elasticsearch/rest/document/DocumentRestHandlers;)V 242 <appendix> member <vmtarget> ; # com/naqqa/elasticsearch/rest/RestModule$$Lambda+0x000001f51821c498
instanceKlass  @bci com/naqqa/elasticsearch/rest/RestModule registerDocument (Lcom/naqqa/elasticsearch/http/Router;Lcom/naqqa/elasticsearch/rest/document/DocumentRestHandlers;)V 219 <appendix> member <vmtarget> ; # com/naqqa/elasticsearch/rest/RestModule$$Lambda+0x000001f51821c278
instanceKlass  @bci com/naqqa/elasticsearch/rest/RestModule registerDocument (Lcom/naqqa/elasticsearch/http/Router;Lcom/naqqa/elasticsearch/rest/document/DocumentRestHandlers;)V 196 <appendix> member <vmtarget> ; # com/naqqa/elasticsearch/rest/RestModule$$Lambda+0x000001f51821c058
instanceKlass  @bci com/naqqa/elasticsearch/rest/RestModule registerDocument (Lcom/naqqa/elasticsearch/http/Router;Lcom/naqqa/elasticsearch/rest/document/DocumentRestHandlers;)V 173 <appendix> member <vmtarget> ; # com/naqqa/elasticsearch/rest/RestModule$$Lambda+0x000001f51821be38
instanceKlass  @bci com/naqqa/elasticsearch/rest/RestModule registerDocument (Lcom/naqqa/elasticsearch/http/Router;Lcom/naqqa/elasticsearch/rest/document/DocumentRestHandlers;)V 150 <appendix> member <vmtarget> ; # com/naqqa/elasticsearch/rest/RestModule$$Lambda+0x000001f51821bc18
instanceKlass  @bci com/naqqa/elasticsearch/rest/RestModule registerDocument (Lcom/naqqa/elasticsearch/http/Router;Lcom/naqqa/elasticsearch/rest/document/DocumentRestHandlers;)V 127 <appendix> member <vmtarget> ; # com/naqqa/elasticsearch/rest/RestModule$$Lambda+0x000001f51821b9f8
instanceKlass  @bci com/naqqa/elasticsearch/rest/RestModule registerDocument (Lcom/naqqa/elasticsearch/http/Router;Lcom/naqqa/elasticsearch/rest/document/DocumentRestHandlers;)V 104 <appendix> member <vmtarget> ; # com/naqqa/elasticsearch/rest/RestModule$$Lambda+0x000001f51821b7d8
instanceKlass  @bci com/naqqa/elasticsearch/rest/RestModule registerDocument (Lcom/naqqa/elasticsearch/http/Router;Lcom/naqqa/elasticsearch/rest/document/DocumentRestHandlers;)V 81 <appendix> member <vmtarget> ; # com/naqqa/elasticsearch/rest/RestModule$$Lambda+0x000001f51821b5b8
instanceKlass  @bci com/naqqa/elasticsearch/rest/RestModule registerDocument (Lcom/naqqa/elasticsearch/http/Router;Lcom/naqqa/elasticsearch/rest/document/DocumentRestHandlers;)V 58 <appendix> member <vmtarget> ; # com/naqqa/elasticsearch/rest/RestModule$$Lambda+0x000001f51821b398
instanceKlass  @bci com/naqqa/elasticsearch/rest/RestModule registerDocument (Lcom/naqqa/elasticsearch/http/Router;Lcom/naqqa/elasticsearch/rest/document/DocumentRestHandlers;)V 35 <appendix> member <vmtarget> ; # com/naqqa/elasticsearch/rest/RestModule$$Lambda+0x000001f51821b178
instanceKlass com/naqqa/elasticsearch/http/PathPattern$Segment
instanceKlass  @bci com/naqqa/elasticsearch/rest/RestModule registerDocument (Lcom/naqqa/elasticsearch/http/Router;Lcom/naqqa/elasticsearch/rest/document/DocumentRestHandlers;)V 12 <appendix> member <vmtarget> ; # com/naqqa/elasticsearch/rest/RestModule$$Lambda+0x000001f51821a950
instanceKlass  @bci com/naqqa/elasticsearch/rest/RestModule registerAll (Lcom/naqqa/elasticsearch/http/Router;Lcom/naqqa/elasticsearch/rest/RestServices;)V 34 <appendix> member <vmtarget> ; # com/naqqa/elasticsearch/rest/RestModule$$Lambda+0x000001f51821a710
instanceKlass com/naqqa/elasticsearch/rest/document/DocumentRestHandlers
instanceKlass  @bci com/naqqa/elasticsearch/node/rest/NodeRestFilter decorate (Lcom/naqqa/elasticsearch/http/RestMethod;Ljava/lang/String;Lcom/naqqa/elasticsearch/http/RestHandler;)Lcom/naqqa/elasticsearch/http/RestHandler; 13 <appendix> member <vmtarget> ; # com/naqqa/elasticsearch/node/rest/NodeRestFilter$$Lambda+0x000001f51821a2e8
instanceKlass com/naqqa/elasticsearch/http/PathPattern
instanceKlass  @bci com/naqqa/elasticsearch/rest/support/StrictParamsFilter wrap (Lcom/naqqa/elasticsearch/http/RestHandler;Ljava/util/Set;)Lcom/naqqa/elasticsearch/http/RestHandler; 2 <appendix> member <vmtarget> ; # com/naqqa/elasticsearch/rest/support/StrictParamsFilter$$Lambda+0x000001f518219cb8
instanceKlass com/naqqa/elasticsearch/rest/support/StrictParamsFilter
instanceKlass  @bci com/naqqa/elasticsearch/rest/RestModule registerRoot (Lcom/naqqa/elasticsearch/http/Router;Lcom/naqqa/elasticsearch/rest/RestServices;)V 28 <appendix> member <vmtarget> ; # com/naqqa/elasticsearch/rest/RestModule$$Lambda+0x000001f518219898
instanceKlass com/naqqa/elasticsearch/http/RestChannel
instanceKlass com/naqqa/elasticsearch/http/RestRequest
instanceKlass com/naqqa/elasticsearch/http/RestHandler
instanceKlass com/naqqa/elasticsearch/rest/root/RootRestHandler
instanceKlass com/naqqa/elasticsearch/rest/support/CommonParams
instanceKlass com/naqqa/elasticsearch/rest/RestModule
instanceKlass com/naqqa/elasticsearch/http/Router
instanceKlass  @bci com/naqqa/elasticsearch/node/support/ClusterDocumentActionService <init> (Lcom/naqqa/elasticsearch/rest/document/DocumentActionService;Lcom/naqqa/elasticsearch/node/cluster/ClusterStateManager;Lcom/naqqa/elasticsearch/node/indices/IndicesService;Lcom/naqqa/elasticsearch/transport/TransportService;Lcom/naqqa/elasticsearch/node/cluster/NodeConnections;Ljava/util/function/Function;Ljava/util/function/Consumer;)V 150 <appendix> member <vmtarget> ; # com/naqqa/elasticsearch/node/support/ClusterDocumentActionService$$Lambda+0x000001f518218440
instanceKlass  @bci com/naqqa/elasticsearch/node/support/ClusterDocumentActionService <init> (Lcom/naqqa/elasticsearch/rest/document/DocumentActionService;Lcom/naqqa/elasticsearch/node/cluster/ClusterStateManager;Lcom/naqqa/elasticsearch/node/indices/IndicesService;Lcom/naqqa/elasticsearch/transport/TransportService;Lcom/naqqa/elasticsearch/node/cluster/NodeConnections;Ljava/util/function/Function;Ljava/util/function/Consumer;)V 136 <appendix> member <vmtarget> ; # com/naqqa/elasticsearch/node/support/ClusterDocumentActionService$$Lambda+0x000001f518218220
instanceKlass  @bci com/naqqa/elasticsearch/node/support/ClusterDocumentActionService <init> (Lcom/naqqa/elasticsearch/rest/document/DocumentActionService;Lcom/naqqa/elasticsearch/node/cluster/ClusterStateManager;Lcom/naqqa/elasticsearch/node/indices/IndicesService;Lcom/naqqa/elasticsearch/transport/TransportService;Lcom/naqqa/elasticsearch/node/cluster/NodeConnections;Ljava/util/function/Function;Ljava/util/function/Consumer;)V 122 <appendix> member <vmtarget> ; # com/naqqa/elasticsearch/node/support/ClusterDocumentActionService$$Lambda+0x000001f518218000
instanceKlass  @bci com/naqqa/elasticsearch/node/support/ClusterDocumentActionService <init> (Lcom/naqqa/elasticsearch/rest/document/DocumentActionService;Lcom/naqqa/elasticsearch/node/cluster/ClusterStateManager;Lcom/naqqa/elasticsearch/node/indices/IndicesService;Lcom/naqqa/elasticsearch/transport/TransportService;Lcom/naqqa/elasticsearch/node/cluster/NodeConnections;Ljava/util/function/Function;Ljava/util/function/Consumer;)V 108 <appendix> member <vmtarget> ; # com/naqqa/elasticsearch/node/support/ClusterDocumentActionService$$Lambda+0x000001f518210c40
instanceKlass  @bci com/naqqa/elasticsearch/node/support/ClusterDocumentActionService <init> (Lcom/naqqa/elasticsearch/rest/document/DocumentActionService;Lcom/naqqa/elasticsearch/node/cluster/ClusterStateManager;Lcom/naqqa/elasticsearch/node/indices/IndicesService;Lcom/naqqa/elasticsearch/transport/TransportService;Lcom/naqqa/elasticsearch/node/cluster/NodeConnections;Ljava/util/function/Function;Ljava/util/function/Consumer;)V 95 <appendix> member <vmtarget> ; # com/naqqa/elasticsearch/node/support/ClusterDocumentActionService$$Lambda+0x000001f518210a20
instanceKlass  @bci com/naqqa/elasticsearch/node/support/ClusterDocumentActionService <init> (Lcom/naqqa/elasticsearch/rest/document/DocumentActionService;Lcom/naqqa/elasticsearch/node/cluster/ClusterStateManager;Lcom/naqqa/elasticsearch/node/indices/IndicesService;Lcom/naqqa/elasticsearch/transport/TransportService;Lcom/naqqa/elasticsearch/node/cluster/NodeConnections;Ljava/util/function/Function;Ljava/util/function/Consumer;)V 81 <appendix> member <vmtarget> ; # com/naqqa/elasticsearch/node/support/ClusterDocumentActionService$$Lambda+0x000001f518210800
instanceKlass  @bci com/naqqa/elasticsearch/node/support/ClusterDocumentActionService <init> (Lcom/naqqa/elasticsearch/rest/document/DocumentActionService;Lcom/naqqa/elasticsearch/node/cluster/ClusterStateManager;Lcom/naqqa/elasticsearch/node/indices/IndicesService;Lcom/naqqa/elasticsearch/transport/TransportService;Lcom/naqqa/elasticsearch/node/cluster/NodeConnections;Ljava/util/function/Function;Ljava/util/function/Consumer;)V 67 <appendix> member <vmtarget> ; # com/naqqa/elasticsearch/node/support/ClusterDocumentActionService$$Lambda+0x000001f518211bd8
instanceKlass  @bci com/naqqa/elasticsearch/node/Node startComponents ()V 2320 <appendix> member <vmtarget> ; # com/naqqa/elasticsearch/node/Node$$Lambda+0x000001f5182119a8
instanceKlass  @bci com/naqqa/elasticsearch/node/Node startComponents ()V 2308 <appendix> member <vmtarget> ; # com/naqqa/elasticsearch/node/Node$$Lambda+0x000001f518211768
instanceKlass com/naqqa/elasticsearch/node/support/ClusterDocumentActionService
instanceKlass  @bci com/naqqa/elasticsearch/node/Node startComponents ()V 2261 <appendix> member <vmtarget> ; # com/naqqa/elasticsearch/node/Node$$Lambda+0x000001f5182112a8
instanceKlass com/naqqa/elasticsearch/node/action/NodeCatActionService
instanceKlass  @bci com/naqqa/elasticsearch/node/Node startComponents ()V 2210 <appendix> member <vmtarget> ; # com/naqqa/elasticsearch/node/Node$$Lambda+0x000001f518213dd8
instanceKlass com/naqqa/elasticsearch/cluster/routing/allocation/command/RerouteCommand
instanceKlass com/naqqa/elasticsearch/node/action/NodeClusterAdminActionService
instanceKlass com/naqqa/elasticsearch/node/rest/NodeRestFilter
instanceKlass com/naqqa/elasticsearch/http/DefaultRestErrorRenderer
instanceKlass com/naqqa/elasticsearch/node/rest/NodeRestFilter$ErrorRenderer
instanceKlass  @bci com/naqqa/elasticsearch/security/authc/ApiKeyService removeIfAbsentFrom (Ljava/util/Set;)V 10 <appendix> member <vmtarget> ; # com/naqqa/elasticsearch/security/authc/ApiKeyService$$Lambda+0x000001f518213080
instanceKlass com/naqqa/elasticsearch/security/audit/AuditLogger
instanceKlass  @bci com/naqqa/elasticsearch/node/security/SecurityService <init> (ZLjava/nio/file/Path;Ljava/nio/file/Path;ZLjava/lang/String;)V 339 <appendix> argL0 ; # com/naqqa/elasticsearch/node/security/SecurityService$$Lambda+0x000001f518212628
instanceKlass com/naqqa/elasticsearch/security/audit/AuditSink
instanceKlass com/naqqa/elasticsearch/security/authc/RealmChain
instanceKlass com/naqqa/elasticsearch/security/authc/NativeRealm
instanceKlass com/naqqa/elasticsearch/security/authc/Realm
instanceKlass com/naqqa/elasticsearch/security/authz/Authorizer
instanceKlass com/naqqa/elasticsearch/security/authc/ApiKeyService
instanceKlass com/naqqa/elasticsearch/security/authc/InMemorySecurityIndexStore
instanceKlass com/naqqa/elasticsearch/security/authc/SecurityIndexStore
instanceKlass com/naqqa/elasticsearch/node/security/SecurityService
instanceKlass com/naqqa/elasticsearch/indices/ilm/IlmRunner
instanceKlass  @bci com/naqqa/elasticsearch/node/Node startComponents ()V 2049 <appendix> member <vmtarget> ; # com/naqqa/elasticsearch/node/Node$$Lambda+0x000001f518216678
instanceKlass com/naqqa/elasticsearch/node/indices/NodeLifecycleActionExecutor
instanceKlass com/naqqa/elasticsearch/indices/ilm/LifecycleAction
instanceKlass com/naqqa/elasticsearch/node/indices/LifecycleService
instanceKlass  @bci com/naqqa/elasticsearch/node/monitor/MonitorService breakerSource ()Lcom/naqqa/elasticsearch/monitor/stats/CircuitBreakerStatsSource; 1 <appendix> member <vmtarget> ; # com/naqqa/elasticsearch/node/monitor/MonitorService$$Lambda+0x000001f518215df0
instanceKlass com/naqqa/elasticsearch/monitor/stats/CircuitBreakerStatsSource
instanceKlass com/naqqa/elasticsearch/node/monitor/MonitorService$12
instanceKlass com/naqqa/elasticsearch/node/monitor/MonitorService$11
instanceKlass  @bci com/naqqa/elasticsearch/node/monitor/MonitorService threadPoolSource ()Lcom/naqqa/elasticsearch/monitor/stats/ThreadPoolStatsSource; 1 <appendix> member <vmtarget> ; # com/naqqa/elasticsearch/node/monitor/MonitorService$$Lambda+0x000001f518215548
instanceKlass com/naqqa/elasticsearch/monitor/stats/ThreadPoolStatsSource
instanceKlass com/naqqa/elasticsearch/node/monitor/MonitorService$10
instanceKlass com/naqqa/elasticsearch/node/monitor/MonitorService$9
instanceKlass com/naqqa/elasticsearch/node/monitor/MonitorService$8
instanceKlass com/naqqa/elasticsearch/node/monitor/MonitorService$7
instanceKlass com/naqqa/elasticsearch/node/monitor/MonitorService$6
instanceKlass com/naqqa/elasticsearch/node/monitor/MonitorService$5
instanceKlass com/naqqa/elasticsearch/node/monitor/MonitorService$4
instanceKlass com/naqqa/elasticsearch/node/monitor/MonitorService$3
instanceKlass com/naqqa/elasticsearch/node/monitor/MonitorService$2
instanceKlass com/naqqa/elasticsearch/node/monitor/MonitorService$1
instanceKlass com/naqqa/elasticsearch/monitor/stats/NodeStatsCollector
instanceKlass  @bci java/util/stream/Collectors toList ()Ljava/util/stream/Collector; 14 <appendix> argL0 ; # java/util/stream/Collectors$$Lambda+0x000001f5181c8a48
instanceKlass  @bci java/util/stream/Collectors toList ()Ljava/util/stream/Collector; 9 <appendix> argL0 ; # java/util/stream/Collectors$$Lambda+0x000001f5181c8820
instanceKlass  @bci java/util/stream/Collectors toList ()Ljava/util/stream/Collector; 4 <appendix> argL0 ; # java/util/stream/Collectors$$Lambda+0x000001f5181c8608
instanceKlass  @bci sun/management/spi/PlatformMBeanProvider$PlatformComponent getMBeans (Ljava/lang/Class;)Ljava/util/List; 63 <appendix> member <vmtarget> ; # sun/management/spi/PlatformMBeanProvider$PlatformComponent$$Lambda+0x000001f5181c83c8
instanceKlass  @bci sun/management/spi/PlatformMBeanProvider$PlatformComponent getMBeans (Ljava/lang/Class;)Ljava/util/List; 47 <appendix> member <vmtarget> ; # sun/management/spi/PlatformMBeanProvider$PlatformComponent$$Lambda+0x000001f5181c8178
instanceKlass java/util/Collections$2
instanceKlass sun/management/ThreadImpl
instanceKlass com/sun/management/ThreadMXBean
instanceKlass java/util/stream/ReduceOps$2ReducingSink
instanceKlass  @bci java/lang/management/ManagementFactory$PlatformMBeanFinder findSingleton (Ljava/lang/Class;)Lsun/management/spi/PlatformMBeanProvider$PlatformComponent; 30 <appendix> member <vmtarget> ; # java/lang/management/ManagementFactory$PlatformMBeanFinder$$Lambda+0x000001f5181c6b20
instanceKlass  @bci java/lang/management/ManagementFactory$PlatformMBeanFinder findSingleton (Ljava/lang/Class;)Lsun/management/spi/PlatformMBeanProvider$PlatformComponent; 19 <appendix> member <vmtarget> ; # java/lang/management/ManagementFactory$PlatformMBeanFinder$$Lambda+0x000001f5181c68d0
instanceKlass java/util/HashMap$HashMapSpliterator
instanceKlass jdk/management/jfr/internal/FlightRecorderMXBeanProvider$SingleMBeanComponent
instanceKlass jdk/management/jfr/FlightRecorderMXBean
instanceKlass java/lang/management/DefaultPlatformMBeanProvider$11
instanceKlass java/lang/management/DefaultPlatformMBeanProvider$10
instanceKlass java/lang/management/DefaultPlatformMBeanProvider$9
instanceKlass sun/management/ManagementFactoryHelper$LoggingMXBeanAccess$1
instanceKlass sun/management/ManagementFactoryHelper$LoggingMXBeanAccess
instanceKlass java/lang/management/DefaultPlatformMBeanProvider$8
instanceKlass java/lang/management/DefaultPlatformMBeanProvider$7
instanceKlass java/lang/management/DefaultPlatformMBeanProvider$6
instanceKlass java/lang/management/DefaultPlatformMBeanProvider$5
instanceKlass java/lang/management/DefaultPlatformMBeanProvider$4
instanceKlass java/lang/management/DefaultPlatformMBeanProvider$3
instanceKlass java/lang/management/DefaultPlatformMBeanProvider$2
instanceKlass java/lang/management/DefaultPlatformMBeanProvider$1
instanceKlass com/sun/management/internal/PlatformMBeanProviderImpl$5
instanceKlass sun/management/VMManagementImpl
instanceKlass sun/management/VMManagement
instanceKlass sun/management/ManagementFactoryHelper
instanceKlass sun/management/NotificationEmitterSupport
instanceKlass javax/management/NotificationEmitter
instanceKlass javax/management/NotificationBroadcaster
instanceKlass com/sun/management/DiagnosticCommandMBean
instanceKlass javax/management/DynamicMBean
instanceKlass com/sun/management/internal/PlatformMBeanProviderImpl$4
instanceKlass com/sun/management/internal/PlatformMBeanProviderImpl$3
instanceKlass com/sun/management/internal/PlatformMBeanProviderImpl$2
instanceKlass com/sun/management/internal/PlatformMBeanProviderImpl$1
instanceKlass sun/management/spi/PlatformMBeanProvider$PlatformComponent
instanceKlass  @bci com/sun/management/internal/PlatformMBeanProviderImpl <clinit> ()V 8 <appendix> argL0 ; # com/sun/management/internal/PlatformMBeanProviderImpl$$Lambda+0x000001f5181c18c0
instanceKlass sun/management/spi/PlatformMBeanProvider
instanceKlass java/io/FilePermission$1
instanceKlass jdk/internal/access/JavaIOFilePermissionAccess
instanceKlass java/lang/management/ManagementFactory$PlatformMBeanFinder$1
instanceKlass java/lang/management/ManagementFactory$PlatformMBeanFinder
instanceKlass java/lang/management/ThreadMXBean
instanceKlass java/lang/management/PlatformManagedObject
instanceKlass  @bci java/lang/management/ManagementFactory loadNativeLib ()V 0 <appendix> argL0 ; # java/lang/management/ManagementFactory$$Lambda+0x000001f5181c0650
instanceKlass java/lang/management/ManagementFactory
instanceKlass com/naqqa/elasticsearch/monitor/hotthreads/HotThreadsSampler
instanceKlass  @bci com/naqqa/elasticsearch/node/Node startComponents ()V 2009 <appendix> argL0 ; # com/naqqa/elasticsearch/node/Node$$Lambda+0x000001f51820f2f8
instanceKlass  @cpi com/naqqa/elasticsearch/node/Node 1596 form vmentry <vmtarget> ; # java/lang/invoke/LambdaForm$DMH+0x000001f518210400
instanceKlass java/util/function/IntSupplier
instanceKlass com/naqqa/elasticsearch/monitor/stats/FieldDataStatsSource
instanceKlass com/naqqa/elasticsearch/monitor/stats/TransportStatsSource
instanceKlass com/naqqa/elasticsearch/monitor/stats/RefreshFlushStatsSource
instanceKlass com/naqqa/elasticsearch/monitor/stats/SegmentsStatsSource
instanceKlass com/naqqa/elasticsearch/monitor/stats/QueryCacheStatsSource
instanceKlass com/naqqa/elasticsearch/monitor/stats/TranslogStatsSource
instanceKlass com/naqqa/elasticsearch/monitor/stats/RequestCacheStatsSource
instanceKlass com/naqqa/elasticsearch/monitor/stats/MergeStatsSource
instanceKlass com/naqqa/elasticsearch/monitor/stats/SearchStatsSource
instanceKlass com/naqqa/elasticsearch/monitor/stats/IndexingStatsSource
instanceKlass com/naqqa/elasticsearch/monitor/stats/HttpStatsSource
instanceKlass com/naqqa/elasticsearch/monitor/stats/GetStatsSource
instanceKlass com/naqqa/elasticsearch/node/monitor/MonitorService
instanceKlass  @bci com/naqqa/elasticsearch/node/Node startComponents ()V 1961 <appendix> member <vmtarget> ; # com/naqqa/elasticsearch/node/Node$$Lambda+0x000001f51820d708
instanceKlass  @bci com/naqqa/elasticsearch/node/snapshots/SnapshotsService <init> (Lcom/naqqa/elasticsearch/node/cluster/ClusterStateManager;Lcom/naqqa/elasticsearch/node/indices/IndicesService;Lcom/naqqa/elasticsearch/node/action/NodeIndexAdminActionService;Ljava/nio/file/Path;Ljava/util/List;Ljava/nio/file/Path;Lcom/naqqa/elasticsearch/transport/TransportService;Lcom/naqqa/elasticsearch/node/cluster/NodeConnections;)V 98 <appendix> member <vmtarget> ; # com/naqqa/elasticsearch/node/snapshots/SnapshotsService$$Lambda+0x000001f51820d4e8
instanceKlass  @bci com/naqqa/elasticsearch/node/snapshots/SnapshotsService <init> (Lcom/naqqa/elasticsearch/node/cluster/ClusterStateManager;Lcom/naqqa/elasticsearch/node/indices/IndicesService;Lcom/naqqa/elasticsearch/node/action/NodeIndexAdminActionService;Ljava/nio/file/Path;Ljava/util/List;Ljava/nio/file/Path;Lcom/naqqa/elasticsearch/transport/TransportService;Lcom/naqqa/elasticsearch/node/cluster/NodeConnections;)V 85 <appendix> member <vmtarget> ; # com/naqqa/elasticsearch/node/snapshots/SnapshotsService$$Lambda+0x000001f51820d2c8
instanceKlass  @bci com/naqqa/elasticsearch/node/snapshots/SnapshotsService <init> (Lcom/naqqa/elasticsearch/node/cluster/ClusterStateManager;Lcom/naqqa/elasticsearch/node/indices/IndicesService;Lcom/naqqa/elasticsearch/node/action/NodeIndexAdminActionService;Ljava/nio/file/Path;Ljava/util/List;Ljava/nio/file/Path;Lcom/naqqa/elasticsearch/transport/TransportService;Lcom/naqqa/elasticsearch/node/cluster/NodeConnections;)V 72 <appendix> member <vmtarget> ; # com/naqqa/elasticsearch/node/snapshots/SnapshotsService$$Lambda+0x000001f51820d0a8
instanceKlass com/naqqa/elasticsearch/snapshots/repository/Repository
instanceKlass com/naqqa/elasticsearch/snapshots/blobstore/BlobStore
instanceKlass com/naqqa/elasticsearch/snapshots/source/RepositoryMetadataSource
instanceKlass com/naqqa/elasticsearch/node/snapshots/SnapshotsService
instanceKlass  @bci com/naqqa/elasticsearch/node/Node startComponents ()V 1903 <appendix> member <vmtarget> ; # com/naqqa/elasticsearch/node/Node$$Lambda+0x000001f51820c670
instanceKlass  @bci com/naqqa/elasticsearch/node/Node startComponents ()V 1891 <appendix> member <vmtarget> ; # com/naqqa/elasticsearch/node/Node$$Lambda+0x000001f51820c450
instanceKlass  @cpi com/naqqa/elasticsearch/node/Node 1583 form vmentry <vmtarget> ; # java/lang/invoke/LambdaForm$DMH+0x000001f518210000
instanceKlass com/naqqa/elasticsearch/node/indices/DynamicMappingService
instanceKlass  @bci com/naqqa/elasticsearch/node/action/NodeDocumentActionService <init> (Lcom/naqqa/elasticsearch/action/write/DocumentActionServiceImpl;Lcom/naqqa/elasticsearch/action/byquery/ByQueryActionService;Lcom/naqqa/elasticsearch/node/cluster/ClusterStateManager;Lcom/naqqa/elasticsearch/ingest/IngestService;Lcom/naqqa/elasticsearch/node/action/NodeDocumentActionService$AutoCreator;Lcom/naqqa/elasticsearch/node/monitor/NodeCounters;Ljava/util/concurrent/ExecutorService;Ljava/util/concurrent/ExecutorService;Ljava/util/function/Function;)V 14 <appendix> argL0 ; # com/naqqa/elasticsearch/node/action/NodeDocumentActionService$$Lambda+0x000001f51820c030
instanceKlass com/naqqa/elasticsearch/node/action/NodeDocumentActionService$DynamicMappingHook
instanceKlass  @bci com/naqqa/elasticsearch/node/action/NodeDocumentActionService <init> (Lcom/naqqa/elasticsearch/action/write/DocumentActionServiceImpl;Lcom/naqqa/elasticsearch/action/byquery/ByQueryActionService;Lcom/naqqa/elasticsearch/node/cluster/ClusterStateManager;Lcom/naqqa/elasticsearch/ingest/IngestService;Lcom/naqqa/elasticsearch/node/action/NodeDocumentActionService$AutoCreator;Lcom/naqqa/elasticsearch/node/monitor/NodeCounters;Ljava/util/concurrent/ExecutorService;Ljava/util/concurrent/ExecutorService;Ljava/util/function/Function;)V 5 <appendix> argL0 ; # com/naqqa/elasticsearch/node/action/NodeDocumentActionService$$Lambda+0x000001f51820bc10
instanceKlass  @bci com/naqqa/elasticsearch/node/Node startComponents ()V 1857 <appendix> member <vmtarget> ; # com/naqqa/elasticsearch/node/Node$$Lambda+0x000001f51820b9d0
instanceKlass  @bci com/naqqa/elasticsearch/node/Node startComponents ()V 1821 <appendix> member <vmtarget> ; # com/naqqa/elasticsearch/node/Node$$Lambda+0x000001f51820b7b0
instanceKlass com/naqqa/elasticsearch/node/action/NodeDocumentActionService$AutoCreator
instanceKlass com/naqqa/elasticsearch/node/action/NodeDocumentActionService
instanceKlass  @bci com/naqqa/elasticsearch/node/Node startComponents ()V 1790 <appendix> member <vmtarget> ; # com/naqqa/elasticsearch/node/Node$$Lambda+0x000001f51820b0f8
instanceKlass  @bci com/naqqa/elasticsearch/node/action/NodeSearchActionService <init> (Lcom/naqqa/elasticsearch/node/search/SearchEngine;Lcom/naqqa/elasticsearch/script/ScriptService;Ljava/util/concurrent/ExecutorService;Lcom/naqqa/elasticsearch/node/monitor/NodeCounters;)V 60 <appendix> argL0 ; # com/naqqa/elasticsearch/node/action/NodeSearchActionService$$Lambda+0x000001f51820aec0
instanceKlass  @bci com/naqqa/elasticsearch/search/advanced/async/AsyncSearchService <init> (J)V 44 <appendix> member <vmtarget> ; # com/naqqa/elasticsearch/search/advanced/async/AsyncSearchService$$Lambda+0x000001f51820aca0
instanceKlass  @bci com/naqqa/elasticsearch/search/advanced/async/AsyncSearchService <init> (J)V 28 <appendix> argL0 ; # com/naqqa/elasticsearch/search/advanced/async/AsyncSearchService$$Lambda+0x000001f51820aa88
instanceKlass  @bci com/naqqa/elasticsearch/search/advanced/async/AsyncSearchService <init> (J)V 16 <appendix> argL0 ; # com/naqqa/elasticsearch/search/advanced/async/AsyncSearchService$$Lambda+0x000001f51820a870
instanceKlass com/naqqa/elasticsearch/search/advanced/async/AsyncSearchService
instanceKlass  @bci com/naqqa/elasticsearch/search/advanced/pagination/PitService <init> (J)V 32 <appendix> member <vmtarget> ; # com/naqqa/elasticsearch/search/advanced/pagination/PitService$$Lambda+0x000001f51820a430
instanceKlass  @bci com/naqqa/elasticsearch/search/advanced/pagination/PitService <init> (J)V 16 <appendix> argL0 ; # com/naqqa/elasticsearch/search/advanced/pagination/PitService$$Lambda+0x000001f51820a218
instanceKlass com/naqqa/elasticsearch/search/advanced/pagination/PitService
instanceKlass  @bci com/naqqa/elasticsearch/search/advanced/pagination/ScrollService <init> (J)V 32 <appendix> member <vmtarget> ; # com/naqqa/elasticsearch/search/advanced/pagination/ScrollService$$Lambda+0x000001f518209dd8
instanceKlass  @bci com/naqqa/elasticsearch/search/advanced/pagination/ScrollService <init> (J)V 16 <appendix> argL0 ; # com/naqqa/elasticsearch/search/advanced/pagination/ScrollService$$Lambda+0x000001f518209bc0
instanceKlass com/naqqa/elasticsearch/search/advanced/pagination/ScrollService
instanceKlass com/naqqa/elasticsearch/node/action/NodeSearchActionService
instanceKlass  @bci com/naqqa/elasticsearch/action/byquery/ByQueryActionService <init> (Lcom/naqqa/elasticsearch/action/write/RelocationAwareRouter;Lcom/naqqa/elasticsearch/action/byquery/ByQuerySearchHooks;Lcom/naqqa/elasticsearch/monitor/tasks/TaskManager;Lcom/naqqa/elasticsearch/script/ScriptService;)V 106 <appendix> argL0 ; # com/naqqa/elasticsearch/action/byquery/ByQueryActionService$$Lambda+0x000001f5182094d0
instanceKlass  @bci com/naqqa/elasticsearch/node/Node startComponents ()V 1724 <appendix> member <vmtarget> ; # com/naqqa/elasticsearch/node/Node$$Lambda+0x000001f5182092b0
instanceKlass  @bci com/naqqa/elasticsearch/node/Node startComponents ()V 1712 <appendix> member <vmtarget> ; # com/naqqa/elasticsearch/node/Node$$Lambda+0x000001f518209090
instanceKlass com/naqqa/elasticsearch/action/byquery/ByQueryActionService
instanceKlass com/naqqa/elasticsearch/index/engine/segment/EngineNestedDocMapping
instanceKlass com/naqqa/elasticsearch/search/vectors/segment/VectorSegmentAccessor
instanceKlass com/naqqa/elasticsearch/index/engine/segment/EngineVectorAccessorProvider
instanceKlass com/naqqa/elasticsearch/search/vectors/query/VectorSegmentAccessorProvider
instanceKlass com/naqqa/elasticsearch/node/search/QueryFactory
instanceKlass com/naqqa/elasticsearch/node/search/SearchEngine
instanceKlass com/naqqa/elasticsearch/ingest/IngestService
instanceKlass com/naqqa/elasticsearch/ingest/processor/EnrichProcessor$Factory
instanceKlass com/naqqa/elasticsearch/ingest/processor/GeoIpProcessor$Factory
instanceKlass com/naqqa/elasticsearch/ingest/processor/RegisteredDomainProcessor$Factory
instanceKlass com/naqqa/elasticsearch/ingest/processor/NetworkDirectionProcessor$Factory
instanceKlass com/naqqa/elasticsearch/ingest/processor/CommunityIdProcessor$Factory
instanceKlass com/naqqa/elasticsearch/ingest/processor/FingerprintProcessor$Factory
instanceKlass com/naqqa/elasticsearch/ingest/processor/UserAgentProcessor$Factory
instanceKlass com/naqqa/elasticsearch/ingest/processor/UriPartsProcessor$Factory
instanceKlass  @bci com/naqqa/elasticsearch/ingest/processor/UrlDecodeProcessor factory ()Lcom/naqqa/elasticsearch/ingest/Processor$Factory; 2 <appendix> argL0 ; # com/naqqa/elasticsearch/ingest/processor/UrlDecodeProcessor$$Lambda+0x000001f5182065f8
instanceKlass com/naqqa/elasticsearch/ingest/processor/UrlDecodeProcessor
instanceKlass  @bci com/naqqa/elasticsearch/ingest/processor/HtmlStripProcessor factory ()Lcom/naqqa/elasticsearch/ingest/Processor$Factory; 2 <appendix> argL0 ; # com/naqqa/elasticsearch/ingest/processor/HtmlStripProcessor$$Lambda+0x000001f5182061c0
instanceKlass com/naqqa/elasticsearch/ingest/processor/HtmlStripProcessor
instanceKlass com/naqqa/elasticsearch/ingest/processor/DotExpanderProcessor$Factory
instanceKlass com/naqqa/elasticsearch/ingest/processor/SortProcessor$Factory
instanceKlass com/naqqa/elasticsearch/ingest/processor/ForeachProcessor$Factory
instanceKlass com/naqqa/elasticsearch/ingest/processor/FailProcessor$Factory
instanceKlass com/naqqa/elasticsearch/ingest/processor/DropProcessor$Factory
instanceKlass com/naqqa/elasticsearch/ingest/processor/PipelineProcessor$Factory
instanceKlass com/naqqa/elasticsearch/ingest/processor/ScriptProcessor$Factory
instanceKlass com/naqqa/elasticsearch/ingest/processor/CsvProcessor$Factory
instanceKlass com/naqqa/elasticsearch/ingest/processor/KvProcessor$Factory
instanceKlass com/naqqa/elasticsearch/ingest/processor/JsonProcessor$Factory
instanceKlass com/naqqa/elasticsearch/ingest/processor/GsubProcessor$Factory
instanceKlass  @bci com/naqqa/elasticsearch/ingest/processor/IngestProcessors registerAll (Lcom/naqqa/elasticsearch/ingest/ProcessorRegistry;)V 180 <appendix> argL0 ; # com/naqqa/elasticsearch/ingest/processor/IngestProcessors$$Lambda+0x000001f518204680
instanceKlass  @bci com/naqqa/elasticsearch/ingest/processor/IngestProcessors registerAll (Lcom/naqqa/elasticsearch/ingest/ProcessorRegistry;)V 164 <appendix> argL0 ; # com/naqqa/elasticsearch/ingest/processor/IngestProcessors$$Lambda+0x000001f518204448
instanceKlass  @bci com/naqqa/elasticsearch/ingest/processor/StringTransformProcessor factory (Ljava/lang/String;Ljava/util/function/Function;)Lcom/naqqa/elasticsearch/ingest/Processor$Factory; 2 <appendix> member <vmtarget> ; # com/naqqa/elasticsearch/ingest/processor/StringTransformProcessor$$Lambda+0x000001f518204228
instanceKlass com/naqqa/elasticsearch/ingest/AbstractProcessor
instanceKlass  @bci com/naqqa/elasticsearch/ingest/processor/IngestProcessors registerAll (Lcom/naqqa/elasticsearch/ingest/ProcessorRegistry;)V 148 <appendix> argL0 ; # com/naqqa/elasticsearch/ingest/processor/IngestProcessors$$Lambda+0x000001f518203b68
instanceKlass com/naqqa/elasticsearch/ingest/processor/JoinProcessor$Factory
instanceKlass com/naqqa/elasticsearch/ingest/processor/SplitProcessor$Factory
instanceKlass com/naqqa/elasticsearch/ingest/processor/DissectProcessor$Factory
instanceKlass com/naqqa/elasticsearch/ingest/processor/GrokProcessor$Factory
instanceKlass com/naqqa/elasticsearch/ingest/processor/DateIndexNameProcessor$Factory
instanceKlass com/naqqa/elasticsearch/ingest/processor/DateProcessor$Factory
instanceKlass com/naqqa/elasticsearch/ingest/processor/ConvertProcessor$Factory
instanceKlass com/naqqa/elasticsearch/ingest/processor/AppendProcessor$Factory
instanceKlass com/naqqa/elasticsearch/ingest/processor/RenameProcessor$Factory
instanceKlass com/naqqa/elasticsearch/ingest/processor/RemoveProcessor$Factory
instanceKlass com/naqqa/elasticsearch/ingest/processor/SetProcessor$Factory
instanceKlass com/naqqa/elasticsearch/ingest/Processor$Factory
instanceKlass com/naqqa/elasticsearch/ingest/processor/IngestProcessors
instanceKlass com/naqqa/elasticsearch/node/ingest/ScriptBackedIngestScriptService
instanceKlass com/naqqa/elasticsearch/ingest/Processor
instanceKlass com/naqqa/elasticsearch/ingest/ProcessorRegistry
instanceKlass com/naqqa/elasticsearch/ingest/PipelineStore
instanceKlass  @bci com/naqqa/elasticsearch/action/write/BulkCoordinator registerShardHandler (Lcom/naqqa/elasticsearch/transport/TransportService;)V 9 <appendix> member <vmtarget> ; # com/naqqa/elasticsearch/action/write/BulkCoordinator$$Lambda+0x000001f5182013c0
instanceKlass  @bci com/naqqa/elasticsearch/action/write/BulkCoordinator registerShardHandler (Lcom/naqqa/elasticsearch/transport/TransportService;)V 3 <appendix> argL0 ; # com/naqqa/elasticsearch/action/write/BulkCoordinator$$Lambda+0x000001f5182011a8
instanceKlass com/naqqa/elasticsearch/action/write/BulkShardTransportRequest
instanceKlass  @bci com/naqqa/elasticsearch/node/Node startComponents ()V 1576 <appendix> member <vmtarget> ; # com/naqqa/elasticsearch/node/Node$$Lambda+0x000001f518200d40
instanceKlass com/naqqa/elasticsearch/action/write/RemoteShardConnector
instanceKlass com/naqqa/elasticsearch/action/write/DocumentActionServiceImpl
instanceKlass  @bci com/naqqa/elasticsearch/node/Node startComponents ()V 1554 <appendix> member <vmtarget> ; # com/naqqa/elasticsearch/node/Node$$Lambda+0x000001f5182006a0
instanceKlass  @bci com/naqqa/elasticsearch/node/Node startComponents ()V 1536 <appendix> member <vmtarget> ; # com/naqqa/elasticsearch/node/Node$$Lambda+0x000001f518200480
instanceKlass  @bci com/naqqa/elasticsearch/node/action/NodeIndexAdminActionService <init> (Lcom/naqqa/elasticsearch/node/indices/MetadataIndexService;Lcom/naqqa/elasticsearch/node/indices/IndicesService;Lcom/naqqa/elasticsearch/indices/template/TemplateService;Lcom/naqqa/elasticsearch/indices/template/TemplateResolver;Lcom/naqqa/elasticsearch/indices/datastream/DataStreamService;Lcom/naqqa/elasticsearch/node/monitor/NodeCounters;Ljava/util/concurrent/ExecutorService;Ljava/nio/file/Path;J)V 125 <appendix> member <vmtarget> ; # com/naqqa/elasticsearch/node/action/NodeIndexAdminActionService$$Lambda+0x000001f518200240
instanceKlass  @bci com/naqqa/elasticsearch/node/action/NodeIndexAdminActionService <init> (Lcom/naqqa/elasticsearch/node/indices/MetadataIndexService;Lcom/naqqa/elasticsearch/node/indices/IndicesService;Lcom/naqqa/elasticsearch/indices/template/TemplateService;Lcom/naqqa/elasticsearch/indices/template/TemplateResolver;Lcom/naqqa/elasticsearch/indices/datastream/DataStreamService;Lcom/naqqa/elasticsearch/node/monitor/NodeCounters;Ljava/util/concurrent/ExecutorService;Ljava/nio/file/Path;J)V 119 <appendix> member <vmtarget> ; # com/naqqa/elasticsearch/node/action/NodeIndexAdminActionService$$Lambda+0x000001f518200000
instanceKlass com/naqqa/elasticsearch/node/support/IndexResolver
instanceKlass com/naqqa/elasticsearch/indices/rollover/RolloverService
instanceKlass com/naqqa/elasticsearch/node/action/NodeIndexAdminActionService
instanceKlass  @bci com/naqqa/elasticsearch/node/Node startComponents ()V 1457 <appendix> member <vmtarget> ; # com/naqqa/elasticsearch/node/Node$$Lambda+0x000001f5181bf3e0
instanceKlass com/naqqa/elasticsearch/node/indices/MetadataIndexService
instanceKlass com/naqqa/elasticsearch/indices/alias/AliasService
instanceKlass com/naqqa/elasticsearch/indices/datastream/DataStreamService
instanceKlass com/naqqa/elasticsearch/indices/template/TemplateResolver
instanceKlass com/naqqa/elasticsearch/indices/template/TemplateService
instanceKlass com/naqqa/elasticsearch/node/monitor/NodeCounters$Timed
instanceKlass com/naqqa/elasticsearch/node/monitor/NodeCounters
instanceKlass  @bci com/naqqa/elasticsearch/node/Node refreshTransportNodes (Lcom/naqqa/elasticsearch/cluster/state/ClusterState;Ljava/util/Map;Ljava/lang/String;)V 86 <appendix> member <vmtarget> ; # com/naqqa/elasticsearch/node/Node$$Lambda+0x000001f5181bd618
instanceKlass com/naqqa/elasticsearch/cluster/coordination/Coordinator$PublicationRound
instanceKlass com/naqqa/elasticsearch/cluster/coordination/PublishRequest
instanceKlass com/naqqa/elasticsearch/cluster/coordination/Coordinator$3
instanceKlass com/naqqa/elasticsearch/cluster/node/DiscoveryNodes$Builder
instanceKlass com/naqqa/elasticsearch/cluster/coordination/VoteCollection
instanceKlass com/naqqa/elasticsearch/cluster/coordination/Coordinator$ElectionRound
instanceKlass java/util/AbstractMap$2$1
instanceKlass com/naqqa/elasticsearch/cluster/io/StreamUtils
instanceKlass jdk/internal/util/ByteArray
instanceKlass  @bci com/naqqa/elasticsearch/cluster/discovery/PeerFinder tick (J)V 137 <appendix> member <vmtarget> ; # com/naqqa/elasticsearch/cluster/discovery/PeerFinder$$Lambda+0x000001f5181bbf18
instanceKlass  @bci com/naqqa/elasticsearch/node/cluster/ClusterStateManager start (J)V 10 <appendix> member <vmtarget> ; # com/naqqa/elasticsearch/node/cluster/ClusterStateManager$$Lambda+0x000001f5181bbcf8
instanceKlass com/naqqa/elasticsearch/common/unit/TimeValue$1
instanceKlass  @bci com/naqqa/elasticsearch/node/Node startComponents ()V 1158 <appendix> member <vmtarget> ; # com/naqqa/elasticsearch/node/Node$$Lambda+0x000001f5181bb8d8
instanceKlass com/naqqa/elasticsearch/cluster/service/ClusterChangedEvent
instanceKlass  @bci com/naqqa/elasticsearch/node/Node startComponents ()V 1115 <appendix> member <vmtarget> ; # com/naqqa/elasticsearch/node/Node$$Lambda+0x000001f5181bb490
instanceKlass  @bci com/naqqa/elasticsearch/node/Node startComponents ()V 1089 <appendix> member <vmtarget> ; # com/naqqa/elasticsearch/node/Node$$Lambda+0x000001f5181bb250
instanceKlass  @bci com/naqqa/elasticsearch/node/indices/IndicesService <init> (Ljava/nio/file/Path;Ljava/lang/String;Lcom/naqqa/elasticsearch/transport/TransportService;Lcom/naqqa/elasticsearch/analysis/registry/AnalysisRegistry;Lcom/naqqa/elasticsearch/node/cluster/ClusterStateManager;Lcom/naqqa/elasticsearch/node/cluster/NodeConnections;Lcom/naqqa/elasticsearch/common/threadpool/ThreadPool;)V 198 <appendix> member <vmtarget> ; # com/naqqa/elasticsearch/node/indices/IndicesService$$Lambda+0x000001f5181bb030
instanceKlass  @bci com/naqqa/elasticsearch/node/indices/IndicesService <init> (Ljava/nio/file/Path;Ljava/lang/String;Lcom/naqqa/elasticsearch/transport/TransportService;Lcom/naqqa/elasticsearch/analysis/registry/AnalysisRegistry;Lcom/naqqa/elasticsearch/node/cluster/ClusterStateManager;Lcom/naqqa/elasticsearch/node/cluster/NodeConnections;Lcom/naqqa/elasticsearch/common/threadpool/ThreadPool;)V 186 <appendix> member <vmtarget> ; # com/naqqa/elasticsearch/node/indices/IndicesService$$Lambda+0x000001f5181bae10
instanceKlass  @bci com/naqqa/elasticsearch/node/indices/IndicesService <init> (Ljava/nio/file/Path;Ljava/lang/String;Lcom/naqqa/elasticsearch/transport/TransportService;Lcom/naqqa/elasticsearch/analysis/registry/AnalysisRegistry;Lcom/naqqa/elasticsearch/node/cluster/ClusterStateManager;Lcom/naqqa/elasticsearch/node/cluster/NodeConnections;Lcom/naqqa/elasticsearch/common/threadpool/ThreadPool;)V 180 <appendix> argL0 ; # com/naqqa/elasticsearch/node/indices/IndicesService$$Lambda+0x000001f5181babf8
instanceKlass  @bci com/naqqa/elasticsearch/node/indices/IndicesService <init> (Ljava/nio/file/Path;Ljava/lang/String;Lcom/naqqa/elasticsearch/transport/TransportService;Lcom/naqqa/elasticsearch/analysis/registry/AnalysisRegistry;Lcom/naqqa/elasticsearch/node/cluster/ClusterStateManager;Lcom/naqqa/elasticsearch/node/cluster/NodeConnections;Lcom/naqqa/elasticsearch/common/threadpool/ThreadPool;)V 166 <appendix> member <vmtarget> ; # com/naqqa/elasticsearch/node/indices/IndicesService$$Lambda+0x000001f5181ba9d8
instanceKlass  @bci com/naqqa/elasticsearch/node/indices/PeerRecoveryService <init> (Lcom/naqqa/elasticsearch/transport/TransportService;Lcom/naqqa/elasticsearch/common/threadpool/ThreadPool;Ljava/lang/String;Lcom/naqqa/elasticsearch/node/indices/PeerRecoveryService$SourceResolver;)V 62 <appendix> member <vmtarget> ; # com/naqqa/elasticsearch/node/indices/PeerRecoveryService$$Lambda+0x000001f5181ba7b8
instanceKlass  @bci com/naqqa/elasticsearch/node/cluster/Wire register (Lcom/naqqa/elasticsearch/transport/TransportService;Ljava/lang/String;Lcom/naqqa/elasticsearch/node/cluster/Wire$AsyncHandler;)V 8 <appendix> member <vmtarget> ; # com/naqqa/elasticsearch/node/cluster/Wire$$Lambda+0x000001f5181ba598
instanceKlass  @bci com/naqqa/elasticsearch/node/cluster/Wire register (Lcom/naqqa/elasticsearch/transport/TransportService;Ljava/lang/String;Lcom/naqqa/elasticsearch/node/cluster/Wire$AsyncHandler;)V 2 <appendix> argL0 ; # com/naqqa/elasticsearch/node/cluster/Wire$$Lambda+0x000001f5181ba380
instanceKlass com/naqqa/elasticsearch/node/cluster/Wire
instanceKlass  @bci com/naqqa/elasticsearch/node/indices/PeerRecoveryService <init> (Lcom/naqqa/elasticsearch/transport/TransportService;Lcom/naqqa/elasticsearch/common/threadpool/ThreadPool;Ljava/lang/String;Lcom/naqqa/elasticsearch/node/indices/PeerRecoveryService$SourceResolver;)V 50 <appendix> member <vmtarget> ; # com/naqqa/elasticsearch/node/indices/PeerRecoveryService$$Lambda+0x000001f5181b9d00
instanceKlass com/naqqa/elasticsearch/node/cluster/Wire$AsyncHandler
instanceKlass  @bci com/naqqa/elasticsearch/node/indices/IndicesService <init> (Ljava/nio/file/Path;Ljava/lang/String;Lcom/naqqa/elasticsearch/transport/TransportService;Lcom/naqqa/elasticsearch/analysis/registry/AnalysisRegistry;Lcom/naqqa/elasticsearch/node/cluster/ClusterStateManager;Lcom/naqqa/elasticsearch/node/cluster/NodeConnections;Lcom/naqqa/elasticsearch/common/threadpool/ThreadPool;)V 153 <appendix> member <vmtarget> ; # com/naqqa/elasticsearch/node/indices/IndicesService$$Lambda+0x000001f5181b98e8
instanceKlass com/naqqa/elasticsearch/node/indices/PeerRecoveryService$SourceResolver
instanceKlass com/naqqa/elasticsearch/index/recovery/LiveOpsSource
instanceKlass com/naqqa/elasticsearch/node/indices/PeerRecoveryService
instanceKlass com/naqqa/elasticsearch/node/indices/IndicesService
instanceKlass java/util/AbstractMap$1$1
instanceKlass com/naqqa/elasticsearch/cluster/state/MapCustom
instanceKlass com/naqqa/elasticsearch/cluster/state/Custom
instanceKlass  @bci com/naqqa/elasticsearch/cluster/node/ClusterNode <init> (Ljava/lang/String;Lcom/naqqa/elasticsearch/cluster/node/DiscoveryNode;Lcom/naqqa/elasticsearch/cluster/discovery/ClusterTransport;Ljava/nio/file/Path;Ljava/util/List;Ljava/util/List;JJJIJJLcom/naqqa/elasticsearch/cluster/routing/allocation/AllocationService;)V 108 <appendix> member <vmtarget> ; # com/naqqa/elasticsearch/cluster/node/ClusterNode$$Lambda+0x000001f5181b8830
instanceKlass com/naqqa/elasticsearch/cluster/service/MasterService$PublishFunction
instanceKlass  @bci com/naqqa/elasticsearch/cluster/node/ClusterNode <init> (Ljava/lang/String;Lcom/naqqa/elasticsearch/cluster/node/DiscoveryNode;Lcom/naqqa/elasticsearch/cluster/discovery/ClusterTransport;Ljava/nio/file/Path;Ljava/util/List;Ljava/util/List;JJJIJJLcom/naqqa/elasticsearch/cluster/routing/allocation/AllocationService;)V 102 <appendix> member <vmtarget> ; # com/naqqa/elasticsearch/cluster/node/ClusterNode$$Lambda+0x000001f5181b8418
instanceKlass  @bci com/naqqa/elasticsearch/cluster/node/ClusterNode <init> (Ljava/lang/String;Lcom/naqqa/elasticsearch/cluster/node/DiscoveryNode;Lcom/naqqa/elasticsearch/cluster/discovery/ClusterTransport;Ljava/nio/file/Path;Ljava/util/List;Ljava/util/List;JJJIJJLcom/naqqa/elasticsearch/cluster/routing/allocation/AllocationService;)V 88 <appendix> member <vmtarget> ; # com/naqqa/elasticsearch/cluster/node/ClusterNode$$Lambda+0x000001f5181b81f8
instanceKlass com/naqqa/elasticsearch/cluster/service/MasterService$PublishCallback
instanceKlass com/naqqa/elasticsearch/cluster/service/MasterService
instanceKlass  @bci com/naqqa/elasticsearch/cluster/coordination/Coordinator <init> (Lcom/naqqa/elasticsearch/cluster/node/DiscoveryNode;Lcom/naqqa/elasticsearch/cluster/discovery/ClusterTransport;Ljava/nio/file/Path;Ljava/util/List;Ljava/util/List;JJJIJJLjava/util/function/Consumer;)V 286 <appendix> member <vmtarget> ; # com/naqqa/elasticsearch/cluster/coordination/Coordinator$$Lambda+0x000001f5181b7ab0
instanceKlass  @bci com/naqqa/elasticsearch/cluster/coordination/Coordinator <init> (Lcom/naqqa/elasticsearch/cluster/node/DiscoveryNode;Lcom/naqqa/elasticsearch/cluster/discovery/ClusterTransport;Ljava/nio/file/Path;Ljava/util/List;Ljava/util/List;JJJIJJLjava/util/function/Consumer;)V 272 <appendix> member <vmtarget> ; # com/naqqa/elasticsearch/cluster/coordination/Coordinator$$Lambda+0x000001f5181b7890
instanceKlass  @bci com/naqqa/elasticsearch/cluster/coordination/Coordinator <init> (Lcom/naqqa/elasticsearch/cluster/node/DiscoveryNode;Lcom/naqqa/elasticsearch/cluster/discovery/ClusterTransport;Ljava/nio/file/Path;Ljava/util/List;Ljava/util/List;JJJIJJLjava/util/function/Consumer;)V 258 <appendix> member <vmtarget> ; # com/naqqa/elasticsearch/cluster/coordination/Coordinator$$Lambda+0x000001f5181b7670
instanceKlass  @bci com/naqqa/elasticsearch/cluster/coordination/Coordinator <init> (Lcom/naqqa/elasticsearch/cluster/node/DiscoveryNode;Lcom/naqqa/elasticsearch/cluster/discovery/ClusterTransport;Ljava/nio/file/Path;Ljava/util/List;Ljava/util/List;JJJIJJLjava/util/function/Consumer;)V 244 <appendix> member <vmtarget> ; # com/naqqa/elasticsearch/cluster/coordination/Coordinator$$Lambda+0x000001f5181b7450
instanceKlass  @bci com/naqqa/elasticsearch/cluster/coordination/Coordinator <init> (Lcom/naqqa/elasticsearch/cluster/node/DiscoveryNode;Lcom/naqqa/elasticsearch/cluster/discovery/ClusterTransport;Ljava/nio/file/Path;Ljava/util/List;Ljava/util/List;JJJIJJLjava/util/function/Consumer;)V 230 <appendix> member <vmtarget> ; # com/naqqa/elasticsearch/cluster/coordination/Coordinator$$Lambda+0x000001f5181b7230
instanceKlass  @bci com/naqqa/elasticsearch/cluster/coordination/Coordinator <init> (Lcom/naqqa/elasticsearch/cluster/node/DiscoveryNode;Lcom/naqqa/elasticsearch/cluster/discovery/ClusterTransport;Ljava/nio/file/Path;Ljava/util/List;Ljava/util/List;JJJIJJLjava/util/function/Consumer;)V 216 <appendix> member <vmtarget> ; # com/naqqa/elasticsearch/cluster/coordination/Coordinator$$Lambda+0x000001f5181b7010
instanceKlass  @bci com/naqqa/elasticsearch/cluster/coordination/Coordinator <init> (Lcom/naqqa/elasticsearch/cluster/node/DiscoveryNode;Lcom/naqqa/elasticsearch/cluster/discovery/ClusterTransport;Ljava/nio/file/Path;Ljava/util/List;Ljava/util/List;JJJIJJLjava/util/function/Consumer;)V 201 <appendix> member <vmtarget> ; # com/naqqa/elasticsearch/cluster/coordination/Coordinator$$Lambda+0x000001f5181b6df0
instanceKlass  @bci com/naqqa/elasticsearch/cluster/coordination/Coordinator <init> (Lcom/naqqa/elasticsearch/cluster/node/DiscoveryNode;Lcom/naqqa/elasticsearch/cluster/discovery/ClusterTransport;Ljava/nio/file/Path;Ljava/util/List;Ljava/util/List;JJJIJJLjava/util/function/Consumer;)V 187 <appendix> member <vmtarget> ; # com/naqqa/elasticsearch/cluster/coordination/Coordinator$$Lambda+0x000001f5181b6bd0
instanceKlass com/naqqa/elasticsearch/cluster/coordination/ClusterBootstrapService
instanceKlass  @bci com/naqqa/elasticsearch/cluster/coordination/LeaderChecker <init> (Lcom/naqqa/elasticsearch/cluster/node/DiscoveryNode;Lcom/naqqa/elasticsearch/cluster/discovery/ClusterTransport;JJILjava/util/function/Consumer;)V 60 <appendix> member <vmtarget> ; # com/naqqa/elasticsearch/cluster/coordination/LeaderChecker$$Lambda+0x000001f5181b67a8
instanceKlass  @bci com/naqqa/elasticsearch/cluster/coordination/Coordinator <init> (Lcom/naqqa/elasticsearch/cluster/node/DiscoveryNode;Lcom/naqqa/elasticsearch/cluster/discovery/ClusterTransport;Ljava/nio/file/Path;Ljava/util/List;Ljava/util/List;JJJIJJLjava/util/function/Consumer;)V 168 <appendix> member <vmtarget> ; # com/naqqa/elasticsearch/cluster/coordination/Coordinator$$Lambda+0x000001f5181b6578
instanceKlass com/naqqa/elasticsearch/cluster/coordination/LeaderChecker
instanceKlass  @bci com/naqqa/elasticsearch/cluster/coordination/FollowersChecker <init> (Lcom/naqqa/elasticsearch/cluster/node/DiscoveryNode;Lcom/naqqa/elasticsearch/cluster/discovery/ClusterTransport;JJILjava/util/function/Consumer;)V 52 <appendix> member <vmtarget> ; # com/naqqa/elasticsearch/cluster/coordination/FollowersChecker$$Lambda+0x000001f5181b6150
instanceKlass  @bci com/naqqa/elasticsearch/cluster/coordination/Coordinator <init> (Lcom/naqqa/elasticsearch/cluster/node/DiscoveryNode;Lcom/naqqa/elasticsearch/cluster/discovery/ClusterTransport;Ljava/nio/file/Path;Ljava/util/List;Ljava/util/List;JJJIJJLjava/util/function/Consumer;)V 143 <appendix> member <vmtarget> ; # com/naqqa/elasticsearch/cluster/coordination/Coordinator$$Lambda+0x000001f5181b5f20
instanceKlass com/naqqa/elasticsearch/cluster/coordination/FollowersChecker
instanceKlass  @bci com/naqqa/elasticsearch/cluster/discovery/PeerFinder <init> (Lcom/naqqa/elasticsearch/cluster/node/DiscoveryNode;Lcom/naqqa/elasticsearch/cluster/discovery/ClusterTransport;Ljava/util/List;Ljava/util/function/Supplier;J)V 61 <appendix> member <vmtarget> ; # com/naqqa/elasticsearch/cluster/discovery/PeerFinder$$Lambda+0x000001f5181b5af8
instanceKlass com/naqqa/elasticsearch/cluster/discovery/ClusterTransport$TransportRequestHandler
instanceKlass  @bci com/naqqa/elasticsearch/cluster/coordination/Coordinator <init> (Lcom/naqqa/elasticsearch/cluster/node/DiscoveryNode;Lcom/naqqa/elasticsearch/cluster/discovery/ClusterTransport;Ljava/nio/file/Path;Ljava/util/List;Ljava/util/List;JJJIJJLjava/util/function/Consumer;)V 116 <appendix> member <vmtarget> ; # com/naqqa/elasticsearch/cluster/coordination/Coordinator$$Lambda+0x000001f5181b56e0
instanceKlass com/naqqa/elasticsearch/cluster/discovery/PeerFinder
instanceKlass java/io/DataOutput
instanceKlass com/naqqa/elasticsearch/cluster/coordination/PersistedClusterState
instanceKlass com/naqqa/elasticsearch/cluster/coordination/CoordinationState
instanceKlass  @bci com/naqqa/elasticsearch/cluster/node/ClusterNode <init> (Ljava/lang/String;Lcom/naqqa/elasticsearch/cluster/node/DiscoveryNode;Lcom/naqqa/elasticsearch/cluster/discovery/ClusterTransport;Ljava/nio/file/Path;Ljava/util/List;Ljava/util/List;JJJIJJLcom/naqqa/elasticsearch/cluster/routing/allocation/AllocationService;)V 63 <appendix> member <vmtarget> ; # com/naqqa/elasticsearch/cluster/node/ClusterNode$$Lambda+0x000001f5181b4a68
instanceKlass com/naqqa/elasticsearch/cluster/discovery/ClusterTransport$TransportResponseHandler
instanceKlass com/naqqa/elasticsearch/cluster/coordination/Coordinator
instanceKlass com/naqqa/elasticsearch/cluster/service/ClusterApplierService
instanceKlass com/naqqa/elasticsearch/cluster/coordination/Coordinator$PublishListener
instanceKlass com/naqqa/elasticsearch/cluster/node/ClusterNode
instanceKlass com/naqqa/elasticsearch/cluster/discovery/StaticSeedHostsProvider
instanceKlass com/naqqa/elasticsearch/cluster/discovery/SeedHostsProvider
instanceKlass com/naqqa/elasticsearch/cluster/discovery/ClusterTransport$TransportChannel
instanceKlass com/naqqa/elasticsearch/node/cluster/LoopbackClusterTransport
instanceKlass com/naqqa/elasticsearch/cluster/routing/allocation/DiskUsageProvider$1
instanceKlass com/naqqa/elasticsearch/cluster/routing/allocation/DiskUsageProvider
instanceKlass com/naqqa/elasticsearch/cluster/routing/allocation/BalancedShardsAllocator
instanceKlass com/naqqa/elasticsearch/cluster/routing/allocation/AllocationService
instanceKlass com/naqqa/elasticsearch/node/cluster/NodeAllocationDeciders$ExistingPrimaryDecider
instanceKlass com/naqqa/elasticsearch/node/cluster/NodeAllocationDeciders$NoRelocationDecider
instanceKlass com/naqqa/elasticsearch/node/cluster/NodeAllocationDeciders$LiveDataNodeDecider
instanceKlass com/naqqa/elasticsearch/cluster/routing/allocation/decider/EnableAllocationDecider
instanceKlass com/naqqa/elasticsearch/cluster/routing/allocation/decider/FilterAllocationDecider
instanceKlass com/naqqa/elasticsearch/cluster/routing/allocation/decider/MaxRetryAllocationDecider
instanceKlass com/naqqa/elasticsearch/cluster/routing/allocation/decider/SameShardAllocationDecider
instanceKlass com/naqqa/elasticsearch/cluster/routing/allocation/AllocationDecider
instanceKlass com/naqqa/elasticsearch/cluster/routing/allocation/AllocationDeciders
instanceKlass  @bci com/naqqa/elasticsearch/node/cluster/ClusterStateManager <init> (Ljava/lang/String;Lcom/naqqa/elasticsearch/cluster/node/DiscoveryNode;Ljava/nio/file/Path;JLcom/naqqa/elasticsearch/node/cluster/ClusterStateManager$DiscoveryConfig;Lcom/naqqa/elasticsearch/transport/TransportService;Lcom/naqqa/elasticsearch/node/cluster/NodeConnections;)V 74 <appendix> member <vmtarget> ; # com/naqqa/elasticsearch/node/cluster/ClusterStateManager$$Lambda+0x000001f5181b1968
instanceKlass  @bci com/naqqa/elasticsearch/node/cluster/ClusterStateManager <init> (Ljava/lang/String;Lcom/naqqa/elasticsearch/cluster/node/DiscoveryNode;Ljava/nio/file/Path;JLcom/naqqa/elasticsearch/node/cluster/ClusterStateManager$DiscoveryConfig;Lcom/naqqa/elasticsearch/transport/TransportService;Lcom/naqqa/elasticsearch/node/cluster/NodeConnections;)V 61 <appendix> member <vmtarget> ; # com/naqqa/elasticsearch/node/cluster/ClusterStateManager$$Lambda+0x000001f5181b1748
instanceKlass  @bci com/naqqa/elasticsearch/node/cluster/ClusterStateManager <init> (Ljava/lang/String;Lcom/naqqa/elasticsearch/cluster/node/DiscoveryNode;Ljava/nio/file/Path;JLcom/naqqa/elasticsearch/node/cluster/ClusterStateManager$DiscoveryConfig;Lcom/naqqa/elasticsearch/transport/TransportService;Lcom/naqqa/elasticsearch/node/cluster/NodeConnections;)V 17 <appendix> member <vmtarget> ; # com/naqqa/elasticsearch/node/cluster/ClusterStateManager$$Lambda+0x000001f5181b1528
instanceKlass com/naqqa/elasticsearch/cluster/service/ClusterStateTaskExecutor
instanceKlass java/io/DataInput
instanceKlass com/naqqa/elasticsearch/cluster/service/ClusterStateTaskExecutor$TaskListener
instanceKlass com/naqqa/elasticsearch/cluster/discovery/ClusterTransport
instanceKlass com/naqqa/elasticsearch/node/cluster/ClusterStateManager
instanceKlass com/naqqa/elasticsearch/node/cluster/NodeConnections
instanceKlass com/naqqa/elasticsearch/cluster/node/DiscoveryNode
instanceKlass java/util/RegularEnumSet$EnumSetIterator
instanceKlass  @bci com/naqqa/elasticsearch/node/Node startComponents ()V 634 <appendix> member <vmtarget> ; # com/naqqa/elasticsearch/node/Node$$Lambda+0x000001f5181af8c8
instanceKlass com/naqqa/elasticsearch/common/settings/AbstractScopedSettings
instanceKlass  @bci com/naqqa/elasticsearch/common/breaker/CircuitBreakerService registerChild (Ljava/lang/String;JDLcom/naqqa/elasticsearch/common/breaker/CircuitBreaker$Durability;)V 16 <appendix> member <vmtarget> ; # com/naqqa/elasticsearch/common/breaker/CircuitBreakerService$$Lambda+0x000001f5181af048
instanceKlass  @cpi com/naqqa/elasticsearch/search/suggest/completion/CompletionSuggester 236 form vmentry <vmtarget> ; # java/lang/invoke/LambdaForm$DMH+0x000001f5181abc00
instanceKlass com/naqqa/elasticsearch/common/breaker/ChildMemoryCircuitBreaker
instanceKlass com/naqqa/elasticsearch/common/breaker/CircuitBreaker
instanceKlass com/naqqa/elasticsearch/common/breaker/CircuitBreakerService
instanceKlass  @bci com/naqqa/elasticsearch/node/Node startComponents ()V 296 <appendix> member <vmtarget> ; # com/naqqa/elasticsearch/node/Node$$Lambda+0x000001f5181ae0c8
instanceKlass  @cpi sun/net/httpserver/ExchangeImpl 603 form vmentry <vmtarget> ; # java/lang/invoke/LambdaForm$DMH+0x000001f5181ab800
instanceKlass  @bci com/naqqa/elasticsearch/node/Node startComponents ()V 275 <appendix> member <vmtarget> ; # com/naqqa/elasticsearch/node/Node$$Lambda+0x000001f5181adea8
instanceKlass  @bci com/naqqa/elasticsearch/node/Node startComponents ()V 264 <appendix> member <vmtarget> ; # com/naqqa/elasticsearch/node/Node$$Lambda+0x000001f5181adc88
instanceKlass sun/nio/fs/WindowsFileCopy
instanceKlass  @bci com/naqqa/elasticsearch/common/settings/Setting doubleSetting (Ljava/lang/String;D[Lcom/naqqa/elasticsearch/common/settings/Setting$Property;)Lcom/naqqa/elasticsearch/common/settings/Setting; 11 <appendix> argL0 ; # com/naqqa/elasticsearch/common/settings/Setting$$Lambda+0x000001f5181ada50
instanceKlass  @bci com/naqqa/elasticsearch/search/aggs/support/DoubleValuesSource scaled (Lcom/naqqa/elasticsearch/search/aggs/support/LongValuesSource;D)Lcom/naqqa/elasticsearch/search/aggs/support/DoubleValuesSource; 18 <appendix> form vmentry <vmtarget> ; # java/lang/invoke/LambdaForm$DMH+0x000001f5181ab400
instanceKlass  @bci com/naqqa/elasticsearch/common/settings/Setting doubleSetting (Ljava/lang/String;D[Lcom/naqqa/elasticsearch/common/settings/Setting$Property;)Lcom/naqqa/elasticsearch/common/settings/Setting; 6 <appendix> member <vmtarget> ; # com/naqqa/elasticsearch/common/settings/Setting$$Lambda+0x000001f5181ad818
instanceKlass  @cpi com/naqqa/elasticsearch/common/settings/Setting 365 form vmentry <vmtarget> ; # java/lang/invoke/LambdaForm$DMH+0x000001f5181ab000
instanceKlass  @bci com/naqqa/elasticsearch/common/settings/Setting timeSetting (Ljava/lang/String;Lcom/naqqa/elasticsearch/common/unit/TimeValue;[Lcom/naqqa/elasticsearch/common/settings/Setting$Property;)Lcom/naqqa/elasticsearch/common/settings/Setting; 12 <appendix> member <vmtarget> ; # com/naqqa/elasticsearch/common/settings/Setting$$Lambda+0x000001f5181ad5d8
instanceKlass  @bci com/naqqa/elasticsearch/common/settings/Setting timeSetting (Ljava/lang/String;Lcom/naqqa/elasticsearch/common/unit/TimeValue;[Lcom/naqqa/elasticsearch/common/settings/Setting$Property;)Lcom/naqqa/elasticsearch/common/settings/Setting; 6 <appendix> member <vmtarget> ; # com/naqqa/elasticsearch/common/settings/Setting$$Lambda+0x000001f5181ad398
instanceKlass  @bci com/naqqa/elasticsearch/common/settings/Setting boolSetting (Ljava/lang/String;Z[Lcom/naqqa/elasticsearch/common/settings/Setting$Property;)Lcom/naqqa/elasticsearch/common/settings/Setting; 11 <appendix> argL0 ; # com/naqqa/elasticsearch/common/settings/Setting$$Lambda+0x000001f5181ad160
instanceKlass  @bci com/naqqa/elasticsearch/common/settings/Setting boolSetting (Ljava/lang/String;Z[Lcom/naqqa/elasticsearch/common/settings/Setting$Property;)Lcom/naqqa/elasticsearch/common/settings/Setting; 6 <appendix> member <vmtarget> ; # com/naqqa/elasticsearch/common/settings/Setting$$Lambda+0x000001f5181acf28
instanceKlass  @bci com/naqqa/elasticsearch/common/settings/Setting intSetting (Ljava/lang/String;III[Lcom/naqqa/elasticsearch/common/settings/Setting$Property;)Lcom/naqqa/elasticsearch/common/settings/Setting; 14 <adapter> ; # java/lang/invoke/LambdaForm$MH+0x000001f5181aac00
# instanceKlass java/lang/invoke/LambdaForm$DMH+0x000001f5181aa800
instanceKlass  @bci com/naqqa/elasticsearch/common/settings/Setting intSetting (Ljava/lang/String;III[Lcom/naqqa/elasticsearch/common/settings/Setting$Property;)Lcom/naqqa/elasticsearch/common/settings/Setting; 14 <appendix> form vmentry <vmtarget> ; # java/lang/invoke/LambdaForm$DMH+0x000001f5181aa400
instanceKlass  @bci com/naqqa/elasticsearch/common/settings/Setting intSetting (Ljava/lang/String;III[Lcom/naqqa/elasticsearch/common/settings/Setting$Property;)Lcom/naqqa/elasticsearch/common/settings/Setting; 14 <appendix> member <vmtarget> ; # com/naqqa/elasticsearch/common/settings/Setting$$Lambda+0x000001f5181acce8
instanceKlass  @cpi com/naqqa/elasticsearch/common/settings/Setting 353 form vmentry <vmtarget> ; # java/lang/invoke/LambdaForm$DMH+0x000001f5181aa000
instanceKlass  @bci com/naqqa/elasticsearch/common/settings/Setting intSetting (Ljava/lang/String;III[Lcom/naqqa/elasticsearch/common/settings/Setting$Property;)Lcom/naqqa/elasticsearch/common/settings/Setting; 6 <appendix> member <vmtarget> ; # com/naqqa/elasticsearch/common/settings/Setting$$Lambda+0x000001f5181acab0
instanceKlass  @bci com/naqqa/elasticsearch/common/settings/Setting listSetting (Ljava/lang/String;Ljava/util/List;[Lcom/naqqa/elasticsearch/common/settings/Setting$Property;)Lcom/naqqa/elasticsearch/common/settings/Setting; 11 <appendix> argL0 ; # com/naqqa/elasticsearch/common/settings/Setting$$Lambda+0x000001f5181ac878
instanceKlass  @bci com/naqqa/elasticsearch/common/settings/Setting listSetting (Ljava/lang/String;Ljava/util/List;[Lcom/naqqa/elasticsearch/common/settings/Setting$Property;)Lcom/naqqa/elasticsearch/common/settings/Setting; 6 <appendix> member <vmtarget> ; # com/naqqa/elasticsearch/common/settings/Setting$$Lambda+0x000001f5181ac638
instanceKlass  @bci com/naqqa/elasticsearch/common/settings/Setting simpleString (Ljava/lang/String;Ljava/lang/String;[Lcom/naqqa/elasticsearch/common/settings/Setting$Property;)Lcom/naqqa/elasticsearch/common/settings/Setting; 6 <appendix> member <vmtarget> ; # com/naqqa/elasticsearch/common/settings/Setting$$Lambda+0x000001f5181ac3f8
instanceKlass  @bci java/util/function/Function identity ()Ljava/util/function/Function; 0 <appendix> argL0 ; # java/util/function/Function$$Lambda+0x000001f5180fe8c8
instanceKlass com/naqqa/elasticsearch/common/settings/Setting
instanceKlass  @bci com/naqqa/elasticsearch/node/Node <clinit> ()V 11 <appendix> argL0 ; # com/naqqa/elasticsearch/node/Node$$Lambda+0x000001f5181a7b00
instanceKlass com/naqqa/elasticsearch/http/HttpServerTransport
instanceKlass com/naqqa/elasticsearch/http/Router$RouteDecorator
instanceKlass com/naqqa/elasticsearch/rest/search/SearchActionService
instanceKlass com/naqqa/elasticsearch/rest/indices/IndexAdminActionService
instanceKlass com/naqqa/elasticsearch/rest/cluster/ClusterAdminActionService
instanceKlass com/naqqa/elasticsearch/rest/cat/CatActionService
instanceKlass com/naqqa/elasticsearch/rest/document/DocumentActionService
instanceKlass com/naqqa/elasticsearch/http/RestErrorRenderer
instanceKlass com/naqqa/elasticsearch/indices/ilm/IndexLifecycleActionExecutor
instanceKlass com/naqqa/elasticsearch/ingest/IngestScriptService
instanceKlass com/naqqa/elasticsearch/cluster/service/ClusterStateApplier
instanceKlass com/naqqa/elasticsearch/common/settings/Settings$Builder
instanceKlass com/naqqa/elasticsearch/bench/EmbeddedNode
instanceKlass com/naqqa/elasticsearch/bench/ProductTrackEndToEndTest
instanceKlass java/time/Instant$1
# instanceKlass java/lang/invoke/LambdaForm$MH+0x000001f5181a9c00
# instanceKlass java/lang/invoke/LambdaForm$BMH+0x000001f5181a9800
# instanceKlass java/lang/invoke/LambdaForm$DMH+0x000001f5181a9400
# instanceKlass java/lang/invoke/LambdaForm$MH+0x000001f5181a9000
# instanceKlass java/lang/invoke/LambdaForm$BMH+0x000001f5181a8c00
# instanceKlass java/lang/invoke/LambdaForm$DMH+0x000001f5181a8800
# instanceKlass java/lang/invoke/LambdaForm$MH+0x000001f5181a8400
# instanceKlass java/lang/invoke/LambdaForm$MH+0x000001f5181a8000
# instanceKlass java/lang/invoke/LambdaForm$DMH+0x000001f5181a3c00
# instanceKlass java/lang/invoke/LambdaForm$MH+0x000001f5181a3800
# instanceKlass java/lang/invoke/LambdaForm$DMH+0x000001f5181a3400
# instanceKlass java/lang/invoke/LambdaForm$MH+0x000001f5181a3000
# instanceKlass java/lang/invoke/LambdaForm$MH+0x000001f5181a2c00
# instanceKlass java/lang/invoke/LambdaForm$MH+0x000001f5181a2800
# instanceKlass java/lang/invoke/LambdaForm$MH+0x000001f5181a2400
# instanceKlass java/lang/invoke/LambdaForm$MH+0x000001f5181a2000
# instanceKlass java/lang/invoke/LambdaForm$MH+0x000001f5181a1c00
# instanceKlass java/lang/invoke/LambdaForm$DMH+0x000001f5181a1800
# instanceKlass java/lang/invoke/LambdaForm$MH+0x000001f5181a1400
instanceKlass  @bci com/naqqa/elasticsearch/common/geo/GeoTest haversineArcAndPlaneDistance ()V 52 <appendix> form vmentry <vmtarget> ; # java/lang/invoke/LambdaForm$MH+0x000001f5181a1000
instanceKlass java/lang/StringUTF16$CharsSpliterator
instanceKlass java/util/stream/Sink$ChainedInt
instanceKlass  @bci java/util/stream/FindOps$FindSink$OfInt <clinit> ()V 43 <appendix> argL0 ; # java/util/stream/FindOps$FindSink$OfInt$$Lambda+0x800000049
instanceKlass  @bci java/util/stream/FindOps$FindSink$OfInt <clinit> ()V 38 <appendix> argL0 ; # java/util/stream/FindOps$FindSink$OfInt$$Lambda+0x80000004b
instanceKlass  @bci java/util/stream/FindOps$FindSink$OfInt <clinit> ()V 16 <appendix> argL0 ; # java/util/stream/FindOps$FindSink$OfInt$$Lambda+0x80000004a
instanceKlass  @bci java/util/stream/FindOps$FindSink$OfInt <clinit> ()V 11 <appendix> argL0 ; # java/util/stream/FindOps$FindSink$OfInt$$Lambda+0x80000004c
instanceKlass java/util/OptionalInt
instanceKlass  @bci java/text/DecimalFormatSymbols findNonFormatChar (Ljava/lang/String;C)C 4 <appendix> argL0 ; # java/text/DecimalFormatSymbols$$Lambda+0x80000000d
instanceKlass java/util/function/IntPredicate
instanceKlass java/lang/StringLatin1$CharsSpliterator
instanceKlass sun/util/resources/Bundles$CacheKeyReference
instanceKlass  @bci java/util/ResourceBundle$ResourceBundleProviderHelper newResourceBundle (Ljava/lang/Class;)Ljava/util/ResourceBundle; 22 <appendix> member <vmtarget> ; # java/util/ResourceBundle$ResourceBundleProviderHelper$$Lambda+0x800000012
instanceKlass java/util/ResourceBundle$ResourceBundleProviderHelper
instanceKlass  @bci sun/util/cldr/CLDRLocaleProviderAdapter applyAliases (Ljava/util/Locale;)Ljava/util/Locale; 4 <appendix> argL0 ; # sun/util/cldr/CLDRLocaleProviderAdapter$$Lambda+0x800000064
instanceKlass sun/util/resources/Bundles$CacheKey
instanceKlass java/util/ResourceBundle$1
instanceKlass jdk/internal/access/JavaUtilResourceBundleAccess
instanceKlass sun/util/resources/Bundles
instanceKlass sun/util/resources/LocaleData$LocaleDataStrategy
instanceKlass sun/util/resources/Bundles$Strategy
instanceKlass sun/util/resources/LocaleData$1
instanceKlass java/util/ResourceBundle
instanceKlass java/util/ResourceBundle$Control
instanceKlass sun/util/resources/LocaleData
instanceKlass sun/util/locale/provider/LocaleResources
instanceKlass sun/util/locale/provider/CalendarDataUtility
instanceKlass sun/util/locale/provider/AvailableLanguageTags
instanceKlass  @bci sun/util/locale/provider/JRELocaleProviderAdapter getDecimalFormatSymbolsProvider ()Ljava/text/spi/DecimalFormatSymbolsProvider; 8 <appendix> member <vmtarget> ; # sun/util/locale/provider/JRELocaleProviderAdapter$$Lambda+0x80000006b
instanceKlass sun/util/resources/cldr/provider/CLDRLocaleDataMetaInfo
instanceKlass  @bci sun/util/cldr/CLDRLocaleProviderAdapter <init> ()V 4 <appendix> argL0 ; # sun/util/cldr/CLDRLocaleProviderAdapter$$Lambda+0x800000066
instanceKlass sun/util/cldr/CLDRBaseLocaleDataMetaInfo
instanceKlass sun/util/locale/provider/LocaleDataMetaInfo
instanceKlass sun/util/locale/provider/ResourceBundleBasedAdapter
instanceKlass sun/util/locale/provider/LocaleProviderAdapter
instanceKlass java/util/spi/LocaleServiceProvider
instanceKlass java/text/DecimalFormatSymbols
instanceKlass java/util/Formatter$Flags
instanceKlass java/util/Formatter$FormatSpecifier
instanceKlass java/util/Formatter$FormatString
instanceKlass java/util/Formatter$Conversion
instanceKlass java/util/Formatter
instanceKlass com/naqqa/elasticsearch/bench/dataset/WikiLikeDataset
instanceKlass com/naqqa/elasticsearch/bench/dataset/AliasSampler
instanceKlass com/naqqa/elasticsearch/bench/dataset/ProductLikeDataset
instanceKlass com/naqqa/elasticsearch/bench/ProductLikeDatasetTest
instanceKlass  @bci java/util/regex/Pattern union (Ljava/util/regex/Pattern$CharPredicate;Ljava/util/regex/Pattern$CharPredicate;Z)Ljava/util/regex/Pattern$CharPredicate; 6 <appendix> member <vmtarget> ; # java/util/regex/Pattern$$Lambda+0x800000033
instanceKlass  @bci com/naqqa/elasticsearch/analysis/tokenizer/NGramTokenizer <clinit> ()V 0 <appendix> argL0 ; # com/naqqa/elasticsearch/analysis/tokenizer/NGramTokenizer$$Lambda+0x000001f5181a4c20
instanceKlass com/naqqa/elasticsearch/analysis/tokenizer/NGramTokenizer$CodepointMatcher
instanceKlass com/naqqa/elasticsearch/analysis/tokenizer/TokenizersSmokeTest
instanceKlass com/naqqa/elasticsearch/analysis/synonym/SynonymMap$Node
instanceKlass com/naqqa/elasticsearch/analysis/synonym/SynonymMap
instanceKlass com/naqqa/elasticsearch/analysis/synonym/SynonymFilterTest
instanceKlass  @bci com/naqqa/elasticsearch/analysis/stop/StopwordListsTest unknownAndImmutable ()V 49 <appendix> argL0 ; # com/naqqa/elasticsearch/analysis/stop/StopwordListsTest$$Lambda+0x000001f5181a4000
instanceKlass com/naqqa/elasticsearch/analysis/stop/StopwordListsTest
instanceKlass com/naqqa/elasticsearch/analysis/stem/snowball/RussianSnowballStemmerTest
instanceKlass com/naqqa/elasticsearch/analysis/stem/snowball/RomanianSnowballStemmerTest
instanceKlass com/naqqa/elasticsearch/analysis/stem/snowball/FrenchSnowballStemmerTest
instanceKlass com/naqqa/elasticsearch/analysis/stem/english/EnglishStemmerTest
instanceKlass com/naqqa/elasticsearch/analysis/registry/LanguageRegistrationTest
instanceKlass  @bci com/naqqa/elasticsearch/analysis/registry/TokenFilterFactories create (Ljava/lang/String;Ljava/lang/String;Lcom/naqqa/elasticsearch/analysis/AnalysisSettings;Lcom/naqqa/elasticsearch/analysis/AnalysisContext;Ljava/util/function/Function;)Lcom/naqqa/elasticsearch/analysis/TokenFilterFactory; 1942 <appendix> member <vmtarget> ; # com/naqqa/elasticsearch/analysis/registry/TokenFilterFactories$$Lambda+0x000001f51819ef28
instanceKlass  @bci com/naqqa/elasticsearch/analysis/registry/TokenFilterFactories create (Ljava/lang/String;Ljava/lang/String;Lcom/naqqa/elasticsearch/analysis/AnalysisSettings;Lcom/naqqa/elasticsearch/analysis/AnalysisContext;Ljava/util/function/Function;)Lcom/naqqa/elasticsearch/analysis/TokenFilterFactory; 1887 <appendix> member <vmtarget> ; # com/naqqa/elasticsearch/analysis/registry/TokenFilterFactories$$Lambda+0x000001f51819ecd0
instanceKlass  @bci com/naqqa/elasticsearch/analysis/registry/AnalysisRegistry$Builder resolveFilter (Ljava/lang/String;)Lcom/naqqa/elasticsearch/analysis/TokenFilterFactory; 86 <appendix> member <vmtarget> ; # com/naqqa/elasticsearch/analysis/registry/AnalysisRegistry$Builder$$Lambda+0x000001f51819ea90
instanceKlass  @bci com/naqqa/elasticsearch/analysis/registry/ConcurrentStemmingTest assertThreadSafe (Ljava/lang/String;Lcom/naqqa/elasticsearch/analysis/Analyzer;Ljava/lang/String;)V 68 <adapter> ; # java/lang/invoke/LambdaForm$MH+0x000001f5181a0c00
# instanceKlass java/lang/invoke/LambdaForm$DMH+0x000001f5181a0800
instanceKlass  @bci com/naqqa/elasticsearch/analysis/registry/ConcurrentStemmingTest assertThreadSafe (Ljava/lang/String;Lcom/naqqa/elasticsearch/analysis/Analyzer;Ljava/lang/String;)V 68 <appendix> form vmentry <vmtarget> ; # java/lang/invoke/LambdaForm$DMH+0x000001f5181a0400
instanceKlass  @bci com/naqqa/elasticsearch/analysis/registry/ConcurrentStemmingTest assertThreadSafe (Ljava/lang/String;Lcom/naqqa/elasticsearch/analysis/Analyzer;Ljava/lang/String;)V 68 <appendix> member <vmtarget> ; # com/naqqa/elasticsearch/analysis/registry/ConcurrentStemmingTest$$Lambda+0x000001f51819e870
instanceKlass  @cpi com/naqqa/elasticsearch/analysis/registry/ConcurrentStemmingTest 229 form vmentry <vmtarget> ; # java/lang/invoke/LambdaForm$DMH+0x000001f5181a0000
instanceKlass com/naqqa/elasticsearch/analysis/registry/ConcurrentStemmingTest
instanceKlass com/naqqa/elasticsearch/analysis/stem/snowball/NordicSupport
instanceKlass com/naqqa/elasticsearch/analysis/registry/BuiltinAnalyzersTest
instanceKlass  @bci com/naqqa/elasticsearch/analysis/registry/AnalyzeActionTest unknownAnalyzerThrowsElasticsearchStyleError ()V 42 <appendix> member <vmtarget> ; # com/naqqa/elasticsearch/analysis/registry/AnalyzeActionTest$$Lambda+0x000001f51819e050
instanceKlass  @bci com/naqqa/elasticsearch/analysis/registry/TokenFilterFactories create (Ljava/lang/String;Ljava/lang/String;Lcom/naqqa/elasticsearch/analysis/AnalysisSettings;Lcom/naqqa/elasticsearch/analysis/AnalysisContext;Ljava/util/function/Function;)Lcom/naqqa/elasticsearch/analysis/TokenFilterFactory; 1616 <appendix> member <vmtarget> ; # com/naqqa/elasticsearch/analysis/registry/TokenFilterFactories$$Lambda+0x000001f51819de00
instanceKlass  @bci com/naqqa/elasticsearch/analysis/registry/AnalysisRegistry$Builder resolveFilter (Ljava/lang/String;)Lcom/naqqa/elasticsearch/analysis/TokenFilterFactory; 111 <appendix> member <vmtarget> ; # com/naqqa/elasticsearch/analysis/registry/AnalysisRegistry$Builder$$Lambda+0x000001f51819dbc0
instanceKlass  @bci com/naqqa/elasticsearch/analysis/registry/AnalysisRegistry$Builder buildAnalyzer (Ljava/lang/String;Lcom/naqqa/elasticsearch/analysis/AnalysisSettings;)Lcom/naqqa/elasticsearch/analysis/Analyzer; 96 <appendix> member <vmtarget> ; # com/naqqa/elasticsearch/analysis/registry/AnalysisRegistry$Builder$$Lambda+0x000001f51819d980
instanceKlass  @bci com/naqqa/elasticsearch/analysis/registry/TokenizerFactories create (Ljava/lang/String;Ljava/lang/String;Lcom/naqqa/elasticsearch/analysis/AnalysisSettings;Lcom/naqqa/elasticsearch/analysis/AnalysisContext;)Lcom/naqqa/elasticsearch/analysis/TokenizerFactory; 466 <appendix> member <vmtarget> ; # com/naqqa/elasticsearch/analysis/registry/TokenizerFactories$$Lambda+0x000001f51819d760
instanceKlass  @bci com/naqqa/elasticsearch/analysis/registry/AnalysisRegistry$Builder buildAnalyzer (Ljava/lang/String;Lcom/naqqa/elasticsearch/analysis/AnalysisSettings;)Lcom/naqqa/elasticsearch/analysis/Analyzer; 66 <appendix> member <vmtarget> ; # com/naqqa/elasticsearch/analysis/registry/AnalysisRegistry$Builder$$Lambda+0x000001f51819d520
instanceKlass java/util/stream/Nodes$ArrayNode
instanceKlass  @bci java/util/stream/ReferencePipeline toArray ()[Ljava/lang/Object; 1 <appendix> argL0 ; # java/util/stream/ReferencePipeline$$Lambda+0x000001f5180fe0b8
instanceKlass java/util/ImmutableCollections$Access$1
instanceKlass jdk/internal/access/JavaUtilCollectionAccess
instanceKlass java/util/ImmutableCollections$Access
instanceKlass  @bci com/naqqa/elasticsearch/analysis/registry/AnalyzeActionTest analyzeWithExplicitTokenizerAndFilters ()V 85 <appendix> argL0 ; # com/naqqa/elasticsearch/analysis/registry/AnalyzeActionTest$$Lambda+0x000001f51819d2e8
instanceKlass  @bci com/naqqa/elasticsearch/analysis/registry/TokenFilterFactories create (Ljava/lang/String;Ljava/lang/String;Lcom/naqqa/elasticsearch/analysis/AnalysisSettings;Lcom/naqqa/elasticsearch/analysis/AnalysisContext;Ljava/util/function/Function;)Lcom/naqqa/elasticsearch/analysis/TokenFilterFactory; 1583 <appendix> member <vmtarget> ; # com/naqqa/elasticsearch/analysis/registry/TokenFilterFactories$$Lambda+0x000001f51819d090
instanceKlass com/naqqa/elasticsearch/analysis/registry/TokenFilterFactories
instanceKlass  @bci com/naqqa/elasticsearch/analysis/registry/AnalyzeAction resolveTokenFilters (Ljava/lang/Object;)Ljava/util/List; 70 <appendix> member <vmtarget> ; # com/naqqa/elasticsearch/analysis/registry/AnalyzeAction$$Lambda+0x000001f51819a0f8
instanceKlass com/naqqa/elasticsearch/analysis/registry/TokenizerFactories$1
instanceKlass  @bci com/naqqa/elasticsearch/analysis/registry/TokenizerFactories create (Ljava/lang/String;Ljava/lang/String;Lcom/naqqa/elasticsearch/analysis/AnalysisSettings;Lcom/naqqa/elasticsearch/analysis/AnalysisContext;)Lcom/naqqa/elasticsearch/analysis/TokenizerFactory; 477 <appendix> member <vmtarget> ; # com/naqqa/elasticsearch/analysis/registry/TokenizerFactories$$Lambda+0x000001f518199ca0
instanceKlass com/naqqa/elasticsearch/analysis/registry/TokenizerFactories
instanceKlass com/naqqa/elasticsearch/analysis/registry/AnalyzeAction
instanceKlass com/naqqa/elasticsearch/analysis/registry/AnalyzeActionTest
instanceKlass  @bci com/naqqa/elasticsearch/analysis/phonetic/SoundexTest testNonAsciiLettersRejected ()V 33 <appendix> member <vmtarget> ; # com/naqqa/elasticsearch/analysis/phonetic/SoundexTest$$Lambda+0x000001f518198220
instanceKlass  @bci com/naqqa/elasticsearch/analysis/phonetic/SoundexTest testNonAsciiLettersRejected ()V 20 <appendix> member <vmtarget> ; # com/naqqa/elasticsearch/analysis/phonetic/SoundexTest$$Lambda+0x000001f518198000
instanceKlass com/naqqa/elasticsearch/analysis/phonetic/SoundexTest
instanceKlass com/naqqa/elasticsearch/analysis/phonetic/RefinedSoundexTest
instanceKlass  @bci com/naqqa/elasticsearch/analysis/phonetic/PhoneticEncodersTest testUnknown ()V 2 <appendix> argL0 ; # com/naqqa/elasticsearch/analysis/phonetic/PhoneticEncodersTest$$Lambda+0x000001f518194a38
instanceKlass com/naqqa/elasticsearch/analysis/phonetic/RefinedSoundex
instanceKlass com/naqqa/elasticsearch/analysis/phonetic/Soundex
instanceKlass com/naqqa/elasticsearch/analysis/phonetic/PhoneticEncoders
instanceKlass com/naqqa/elasticsearch/analysis/phonetic/PhoneticEncodersTest
instanceKlass com/naqqa/elasticsearch/analysis/phonetic/Nysiis
instanceKlass com/naqqa/elasticsearch/analysis/phonetic/NysiisTest
instanceKlass com/naqqa/elasticsearch/analysis/phonetic/Metaphone
instanceKlass com/naqqa/elasticsearch/analysis/phonetic/MetaphoneTest
instanceKlass  @bci java/util/regex/Pattern union (Ljava/util/regex/Pattern$CharPredicate;Ljava/util/regex/Pattern$CharPredicate;Z)Ljava/util/regex/Pattern$CharPredicate; 14 <appendix> member <vmtarget> ; # java/util/regex/Pattern$$Lambda+0x000001f5180fd830
instanceKlass  @bci java/util/regex/CharPredicates category (I)Ljava/util/regex/Pattern$CharPredicate; 1 <appendix> member <vmtarget> ; # java/util/regex/CharPredicates$$Lambda+0x000001f5180fd5d8
instanceKlass com/naqqa/elasticsearch/analysis/phonetic/KoelnerPhonetik
instanceKlass com/naqqa/elasticsearch/analysis/phonetic/KoelnerPhonetikTest
instanceKlass com/naqqa/elasticsearch/analysis/phonetic/DoubleMetaphoneMatches
instanceKlass com/naqqa/elasticsearch/analysis/phonetic/DoubleMetaphone$Result
instanceKlass com/naqqa/elasticsearch/analysis/phonetic/DoubleMetaphone
instanceKlass com/naqqa/elasticsearch/analysis/phonetic/DoubleMetaphoneTest
instanceKlass com/naqqa/elasticsearch/analysis/phonetic/SoundexUtils
instanceKlass com/naqqa/elasticsearch/analysis/phonetic/ColognePhonetic$Output
instanceKlass com/naqqa/elasticsearch/analysis/phonetic/ColognePhonetic
instanceKlass com/naqqa/elasticsearch/analysis/phonetic/ColognePhoneticTest
instanceKlass  @bci java/util/regex/Pattern Range (II)Ljava/util/regex/Pattern$CharPredicate; 23 <appendix> member <vmtarget> ; # java/util/regex/Pattern$$Lambda+0x80000002b
instanceKlass com/naqqa/elasticsearch/analysis/phonetic/Caverphone2
instanceKlass com/naqqa/elasticsearch/analysis/phonetic/Caverphone1
instanceKlass com/naqqa/elasticsearch/analysis/phonetic/PhoneticEncoder
instanceKlass com/naqqa/elasticsearch/analysis/phonetic/CaverphoneTest
instanceKlass com/naqqa/elasticsearch/analysis/lang/c/ThaiDictionary
instanceKlass com/naqqa/elasticsearch/analysis/lang/c/ThaiTokenizerTest
instanceKlass com/naqqa/elasticsearch/analysis/lang/c/SoraniNormalizer
instanceKlass com/naqqa/elasticsearch/analysis/lang/c/SoraniAnalyzerTest
instanceKlass com/naqqa/elasticsearch/analysis/lang/c/PersianNormalizer
instanceKlass com/naqqa/elasticsearch/analysis/lang/c/ArabicNormalizer
instanceKlass com/naqqa/elasticsearch/analysis/lang/c/PersianAnalyzerTest
instanceKlass com/naqqa/elasticsearch/analysis/lang/c/HindiNormalizer
instanceKlass com/naqqa/elasticsearch/analysis/lang/c/HindiAnalyzerTest
instanceKlass com/naqqa/elasticsearch/analysis/lang/c/SuffixStemmer
instanceKlass com/naqqa/elasticsearch/analysis/lang/c/BengaliNormalizer
instanceKlass com/naqqa/elasticsearch/analysis/lang/c/IndicNormalizer
instanceKlass com/naqqa/elasticsearch/analysis/lang/c/BengaliAnalyzerTest
instanceKlass com/naqqa/elasticsearch/analysis/lang/b/SerbianStemmer
instanceKlass com/naqqa/elasticsearch/analysis/lang/b/SerbianStemmerTest
# instanceKlass java/lang/invoke/LambdaForm$MH+0x000001f518194000
instanceKlass com/naqqa/elasticsearch/analysis/lang/b/LithuanianStemmer
instanceKlass com/naqqa/elasticsearch/analysis/lang/b/LithuanianStemmerTest
instanceKlass com/naqqa/elasticsearch/analysis/lang/b/LatvianStemmer$Affix
instanceKlass com/naqqa/elasticsearch/analysis/lang/b/LatvianStemmerTest
instanceKlass java/util/Arrays$ArrayItr
instanceKlass com/naqqa/elasticsearch/analysis/lang/b/GreekExceptionSet
instanceKlass com/naqqa/elasticsearch/analysis/lang/b/GreekStemmerCore
instanceKlass com/naqqa/elasticsearch/analysis/lang/b/GreekStemmerTest
instanceKlass com/naqqa/elasticsearch/analysis/stem/light/RslpPluralStep$Rule
instanceKlass com/naqqa/elasticsearch/analysis/stem/light/RslpPluralStep
instanceKlass com/naqqa/elasticsearch/analysis/lang/b/GalicianAnalyzerFactoryTest
instanceKlass com/naqqa/elasticsearch/analysis/lang/b/SnowballAmong
instanceKlass com/naqqa/elasticsearch/analysis/lang/b/SnowballProgram
instanceKlass com/naqqa/elasticsearch/analysis/lang/b/EstonianStemmer
instanceKlass com/naqqa/elasticsearch/analysis/lang/b/EstonianStemmerTest
instanceKlass com/naqqa/elasticsearch/analysis/lang/b/CzechStemmerTest
instanceKlass  @bci com/naqqa/elasticsearch/analysis/lang/b/AbstractCharStemmer <clinit> ()V 0 <appendix> argL0 ; # com/naqqa/elasticsearch/analysis/lang/b/AbstractCharStemmer$$Lambda+0x000001f51818e0d0
instanceKlass com/naqqa/elasticsearch/analysis/lang/b/AbstractCharStemmer
instanceKlass com/naqqa/elasticsearch/analysis/lang/b/BulgarianStemmerTest
instanceKlass sun/util/locale/LocaleObjectCache
instanceKlass sun/util/locale/BaseLocale$Key
instanceKlass sun/util/locale/StringTokenIterator
instanceKlass sun/util/locale/LanguageTag
instanceKlass sun/util/locale/ParseStatus
instanceKlass sun/util/locale/InternalLocaleBuilder$CaseInsensitiveChar
instanceKlass sun/util/locale/InternalLocaleBuilder
instanceKlass java/util/Locale$Builder
instanceKlass com/naqqa/elasticsearch/analysis/lang/b/BrazilianStemmerCore
instanceKlass com/naqqa/elasticsearch/analysis/lang/b/BrazilianStemmer
instanceKlass com/naqqa/elasticsearch/analysis/lang/b/BrazilianStemmerTest
instanceKlass  @bci com/naqqa/elasticsearch/analysis/lang/a/TurkishAnalyzerFactory create (Ljava/util/Map;)Lcom/naqqa/elasticsearch/analysis/Analyzer; 85 <appendix> member <vmtarget> ; # com/naqqa/elasticsearch/analysis/lang/a/TurkishAnalyzerFactory$$Lambda+0x000001f51818d1f0
instanceKlass com/naqqa/elasticsearch/analysis/lang/a/TurkishAnalyzerFactoryTest
instanceKlass com/naqqa/elasticsearch/analysis/lang/a/IrishAnalyzerFactoryTest
instanceKlass com/naqqa/elasticsearch/analysis/lang/a/IndonesianAnalyzerFactoryTest
instanceKlass com/naqqa/elasticsearch/analysis/lang/a/HungarianAnalyzerFactoryTest
instanceKlass com/naqqa/elasticsearch/analysis/lang/a/CatalanAnalyzerFactoryTest
instanceKlass com/naqqa/elasticsearch/analysis/lang/a/BasqueAnalyzerFactoryTest
instanceKlass com/naqqa/elasticsearch/analysis/lang/a/ArmenianAnalyzerFactoryTest
instanceKlass com/naqqa/elasticsearch/analysis/lang/a/ArabicAnalyzerFactoryTest
instanceKlass com/naqqa/elasticsearch/analysis/hyphenation/Hyphenation
instanceKlass  @bci com/naqqa/elasticsearch/analysis/hyphenation/HyphenationTree$Node getOrCreate (C)Lcom/naqqa/elasticsearch/analysis/hyphenation/HyphenationTree$Node; 26 <appendix> argL0 ; # com/naqqa/elasticsearch/analysis/hyphenation/HyphenationTree$Node$$Lambda+0x000001f51818a9b8
instanceKlass com/naqqa/elasticsearch/analysis/hyphenation/Hyphen
instanceKlass com/sun/org/apache/xerces/internal/impl/Constants$ArrayEnumeration
instanceKlass com/sun/org/apache/xerces/internal/impl/Constants
instanceKlass com/sun/org/apache/xerces/internal/impl/dtd/XMLContentSpec
instanceKlass com/sun/org/apache/xerces/internal/impl/dtd/models/ContentModelValidator
instanceKlass com/sun/org/apache/xerces/internal/impl/dtd/DTDGrammar
instanceKlass com/sun/org/apache/xerces/internal/xni/grammars/Grammar
instanceKlass com/sun/org/apache/xerces/internal/impl/validation/EntityState
instanceKlass com/sun/org/apache/xerces/internal/util/URI
instanceKlass com/sun/org/apache/xerces/internal/parsers/AbstractSAXParser$LocatorProxy
instanceKlass org/xml/sax/ext/Locator2
instanceKlass org/xml/sax/Locator
instanceKlass com/sun/org/apache/xerces/internal/util/XMLSymbols
instanceKlass com/sun/org/apache/xerces/internal/util/XMLChar
instanceKlass com/sun/xml/internal/stream/Entity
instanceKlass com/sun/xml/internal/stream/util/BufferAllocator
instanceKlass com/sun/xml/internal/stream/util/ThreadLocalBufferAllocator
instanceKlass com/sun/org/apache/xerces/internal/impl/XMLEntityManager$EncodingInfo
instanceKlass com/sun/org/apache/xerces/internal/utils/XMLLimitAnalyzer
instanceKlass com/sun/org/apache/xerces/internal/xni/parser/XMLInputSource
instanceKlass com/sun/org/apache/xerces/internal/impl/ExternalSubsetResolver
instanceKlass com/sun/org/apache/xerces/internal/util/EntityResolverWrapper
instanceKlass org/xml/sax/ext/EntityResolver2
instanceKlass  @bci com/naqqa/elasticsearch/analysis/hyphenation/HyphenationTree loadPatterns (Ljava/io/InputStream;)V 88 <appendix> argL0 ; # com/naqqa/elasticsearch/analysis/hyphenation/HyphenationTree$$Lambda+0x000001f51818a598
instanceKlass sun/invoke/util/VerifyAccess$1
instanceKlass org/xml/sax/InputSource
instanceKlass com/sun/org/apache/xerces/internal/util/ErrorHandlerWrapper
instanceKlass com/sun/org/apache/xerces/internal/xni/parser/XMLErrorHandler
instanceKlass org/xml/sax/helpers/DefaultHandler
instanceKlass org/xml/sax/DTDHandler
instanceKlass org/xml/sax/EntityResolver
instanceKlass com/sun/org/apache/xerces/internal/parsers/AbstractSAXParser$AttributesProxy
instanceKlass org/xml/sax/ext/Attributes2
instanceKlass org/xml/sax/Attributes
instanceKlass org/xml/sax/AttributeList
instanceKlass com/sun/org/apache/xerces/internal/util/FeatureState
instanceKlass com/sun/org/apache/xerces/internal/util/PropertyState
instanceKlass com/sun/org/apache/xerces/internal/impl/msg/XMLMessageFormatter
instanceKlass com/sun/org/apache/xerces/internal/util/MessageFormatter
instanceKlass com/sun/org/apache/xerces/internal/impl/XMLVersionDetector
instanceKlass com/sun/org/apache/xerces/internal/impl/validation/ValidationManager
instanceKlass com/sun/org/apache/xerces/internal/impl/dv/dtd/NMTOKENDatatypeValidator
instanceKlass com/sun/org/apache/xerces/internal/impl/dv/dtd/NOTATIONDatatypeValidator
instanceKlass com/sun/org/apache/xerces/internal/impl/dv/dtd/ENTITYDatatypeValidator
instanceKlass com/sun/org/apache/xerces/internal/impl/dv/dtd/ListDatatypeValidator
instanceKlass com/sun/org/apache/xerces/internal/impl/dv/dtd/IDREFDatatypeValidator
instanceKlass com/sun/org/apache/xerces/internal/impl/dv/dtd/IDDatatypeValidator
instanceKlass com/sun/org/apache/xerces/internal/impl/dv/dtd/StringDatatypeValidator
instanceKlass com/sun/org/apache/xerces/internal/impl/dv/DatatypeValidator
instanceKlass com/sun/org/apache/xerces/internal/impl/dv/DTDDVFactory
instanceKlass com/sun/org/apache/xerces/internal/impl/dtd/DTDGrammarBucket
instanceKlass com/sun/org/apache/xerces/internal/impl/dtd/XMLAttributeDecl
instanceKlass com/sun/org/apache/xerces/internal/impl/dtd/XMLSimpleType
instanceKlass com/sun/org/apache/xerces/internal/impl/dtd/XMLElementDecl
instanceKlass com/sun/org/apache/xerces/internal/impl/validation/ValidationState
instanceKlass com/sun/org/apache/xerces/internal/impl/dv/ValidationContext
instanceKlass com/sun/org/apache/xerces/internal/impl/dtd/XMLDTDValidator
instanceKlass com/sun/org/apache/xerces/internal/impl/RevalidationHandler
instanceKlass com/sun/org/apache/xerces/internal/impl/dtd/XMLDTDValidatorFilter
instanceKlass com/sun/org/apache/xerces/internal/xni/parser/XMLDocumentFilter
instanceKlass com/sun/org/apache/xerces/internal/impl/dtd/XMLEntityDecl
instanceKlass com/sun/org/apache/xerces/internal/impl/dtd/XMLDTDProcessor
instanceKlass com/sun/org/apache/xerces/internal/xni/parser/XMLDTDContentModelFilter
instanceKlass com/sun/org/apache/xerces/internal/xni/parser/XMLDTDFilter
instanceKlass com/sun/org/apache/xerces/internal/xni/parser/XMLDTDScanner
instanceKlass com/sun/org/apache/xerces/internal/xni/parser/XMLDTDContentModelSource
instanceKlass com/sun/org/apache/xerces/internal/xni/parser/XMLDTDSource
instanceKlass com/sun/org/apache/xerces/internal/xni/grammars/XMLDTDDescription
instanceKlass com/sun/org/apache/xerces/internal/xni/grammars/XMLGrammarDescription
instanceKlass com/sun/org/apache/xerces/internal/impl/XMLDocumentScannerImpl$TrailingMiscDriver
instanceKlass com/sun/org/apache/xerces/internal/impl/XMLDocumentScannerImpl$PrologDriver
instanceKlass com/sun/org/apache/xerces/internal/impl/XMLDocumentScannerImpl$XMLDeclDriver
instanceKlass com/sun/org/apache/xerces/internal/util/NamespaceSupport
instanceKlass com/sun/org/apache/xerces/internal/xni/NamespaceContext
instanceKlass com/sun/org/apache/xerces/internal/util/XMLAttributesImpl$Attribute
instanceKlass com/sun/org/apache/xerces/internal/util/XMLAttributesImpl
instanceKlass com/sun/org/apache/xerces/internal/xni/XMLAttributes
instanceKlass com/sun/org/apache/xerces/internal/impl/XMLDocumentFragmentScannerImpl$FragmentContentDriver
instanceKlass com/sun/org/apache/xerces/internal/impl/XMLDocumentFragmentScannerImpl$Driver
instanceKlass com/sun/org/apache/xerces/internal/impl/XMLDocumentFragmentScannerImpl$ElementStack2
instanceKlass com/sun/org/apache/xerces/internal/xni/QName
instanceKlass com/sun/org/apache/xerces/internal/impl/XMLDocumentFragmentScannerImpl$ElementStack
instanceKlass com/sun/org/apache/xerces/internal/xni/XMLString
instanceKlass com/sun/org/apache/xerces/internal/impl/XMLScanner
instanceKlass com/sun/xml/internal/stream/XMLBufferListener
instanceKlass com/sun/org/apache/xerces/internal/impl/XMLEntityHandler
instanceKlass com/sun/org/apache/xerces/internal/xni/parser/XMLDocumentScanner
instanceKlass com/sun/org/apache/xerces/internal/xni/parser/XMLDocumentSource
instanceKlass com/sun/org/apache/xerces/internal/impl/XMLErrorReporter
instanceKlass com/sun/org/apache/xerces/internal/impl/XMLEntityScanner
instanceKlass com/sun/org/apache/xerces/internal/xni/XMLLocator
instanceKlass com/sun/xml/internal/stream/XMLEntityStorage
instanceKlass com/sun/org/apache/xerces/internal/util/AugmentationsImpl$AugmentationsItemsContainer
instanceKlass com/sun/org/apache/xerces/internal/util/AugmentationsImpl
instanceKlass com/sun/org/apache/xerces/internal/xni/Augmentations
instanceKlass com/sun/org/apache/xerces/internal/util/XMLResourceIdentifierImpl
instanceKlass com/sun/org/apache/xerces/internal/xni/XMLResourceIdentifier
instanceKlass com/sun/org/apache/xerces/internal/impl/XMLEntityManager
instanceKlass com/sun/org/apache/xerces/internal/xni/parser/XMLEntityResolver
instanceKlass com/sun/org/apache/xerces/internal/xni/parser/XMLComponent
instanceKlass com/sun/org/apache/xerces/internal/util/SymbolTable$Entry
instanceKlass com/sun/org/apache/xerces/internal/util/SymbolTable
instanceKlass jdk/xml/internal/JdkConstants
instanceKlass jdk/xml/internal/JdkXmlUtils
instanceKlass com/sun/org/apache/xerces/internal/util/ParserConfigurationSettings
instanceKlass com/sun/org/apache/xerces/internal/parsers/XML11Configurable
instanceKlass com/sun/org/apache/xerces/internal/xni/parser/XMLPullParserConfiguration
instanceKlass com/sun/org/apache/xerces/internal/xni/parser/XMLParserConfiguration
instanceKlass com/sun/org/apache/xerces/internal/xni/parser/XMLComponentManager
instanceKlass com/sun/org/apache/xerces/internal/parsers/XMLParser
instanceKlass com/sun/org/apache/xerces/internal/xni/XMLDTDContentModelHandler
instanceKlass com/sun/org/apache/xerces/internal/xni/XMLDTDHandler
instanceKlass com/sun/org/apache/xerces/internal/xni/XMLDocumentHandler
instanceKlass org/xml/sax/XMLReader
instanceKlass org/xml/sax/Parser
instanceKlass com/sun/org/apache/xerces/internal/utils/XMLSecurityPropertyManager
instanceKlass com/sun/org/apache/xerces/internal/utils/XMLSecurityManager
instanceKlass javax/xml/parsers/SAXParser
instanceKlass com/sun/org/apache/xerces/internal/xs/PSVIProvider
instanceKlass com/sun/org/apache/xerces/internal/jaxp/JAXPConstants
instanceKlass  @bci javax/xml/parsers/FactoryFinder newInstance (Ljava/lang/Class;Ljava/lang/String;Ljava/lang/ClassLoader;ZZ)Ljava/lang/Object; 104 <appendix> member <vmtarget> ; # javax/xml/parsers/FactoryFinder$$Lambda+0x000001f5180e0bc8
instanceKlass  @bci jdk/xml/internal/SecuritySupport getContextClassLoader ()Ljava/lang/ClassLoader; 0 <appendix> argL0 ; # jdk/xml/internal/SecuritySupport$$Lambda+0x000001f5180e0750
instanceKlass  @bci javax/xml/parsers/FactoryFinder find (Ljava/lang/Class;Ljava/lang/String;)Ljava/lang/Object; 104 <appendix> member <vmtarget> ; # javax/xml/parsers/FactoryFinder$$Lambda+0x000001f5180e0530
instanceKlass javax/xml/parsers/FactoryFinder$1
instanceKlass  @bci jdk/xml/internal/SecuritySupport getFileInputStream (Ljava/io/File;)Ljava/io/FileInputStream; 1 <appendix> member <vmtarget> ; # jdk/xml/internal/SecuritySupport$$Lambda+0x000001f5180e00e8
instanceKlass  @bci jdk/xml/internal/SecuritySupport doesFileExist (Ljava/io/File;)Z 1 <appendix> member <vmtarget> ; # jdk/xml/internal/SecuritySupport$$Lambda+0x000001f5180dfec8
instanceKlass  @bci javax/xml/parsers/FactoryFinder find (Ljava/lang/Class;Ljava/lang/String;)Ljava/lang/Object; 6 <appendix> member <vmtarget> ; # javax/xml/parsers/FactoryFinder$$Lambda+0x000001f5180dfca8
instanceKlass  @bci jdk/xml/internal/SecuritySupport getSystemProperty (Ljava/lang/String;)Ljava/lang/String; 1 <appendix> member <vmtarget> ; # jdk/xml/internal/SecuritySupport$$Lambda+0x000001f5180dfa88
instanceKlass jdk/xml/internal/SecuritySupport
instanceKlass javax/xml/parsers/FactoryFinder
instanceKlass javax/xml/parsers/SAXParserFactory
instanceKlass com/naqqa/elasticsearch/analysis/hyphenation/HyphenationTree$Node
instanceKlass org/xml/sax/ErrorHandler
instanceKlass org/xml/sax/ContentHandler
instanceKlass com/naqqa/elasticsearch/analysis/hyphenation/HyphenationTree
instanceKlass com/naqqa/elasticsearch/analysis/hyphenation/HyphenationTreeTest
instanceKlass com/naqqa/elasticsearch/analysis/folding/AsciiFolderTest
instanceKlass  @bci com/naqqa/elasticsearch/analysis/filter/worddelimiter/WordDelimiterSettingsTest invalidTypeRules ()V 71 <appendix> argL0 ; # com/naqqa/elasticsearch/analysis/filter/worddelimiter/WordDelimiterSettingsTest$$Lambda+0x000001f518189798
instanceKlass  @bci com/naqqa/elasticsearch/analysis/filter/worddelimiter/WordDelimiterSettingsTest invalidTypeRules ()V 48 <appendix> argL0 ; # com/naqqa/elasticsearch/analysis/filter/worddelimiter/WordDelimiterSettingsTest$$Lambda+0x000001f518189580
instanceKlass  @bci com/naqqa/elasticsearch/analysis/filter/worddelimiter/WordDelimiterSettingsTest invalidTypeRules ()V 25 <appendix> argL0 ; # com/naqqa/elasticsearch/analysis/filter/worddelimiter/WordDelimiterSettingsTest$$Lambda+0x000001f518189368
instanceKlass  @bci com/naqqa/elasticsearch/analysis/filter/worddelimiter/WordDelimiterSettingsTest invalidTypeRules ()V 2 <appendix> argL0 ; # com/naqqa/elasticsearch/analysis/filter/worddelimiter/WordDelimiterSettingsTest$$Lambda+0x000001f518189150
instanceKlass  @bci com/naqqa/elasticsearch/analysis/filter/worddelimiter/WordDelimiterSettingsTest invalidBoolean ()V 2 <appendix> argL0 ; # com/naqqa/elasticsearch/analysis/filter/worddelimiter/WordDelimiterSettingsTest$$Lambda+0x000001f518188f38
instanceKlass com/naqqa/elasticsearch/analysis/filter/worddelimiter/WordDelimiterSettingsTest
instanceKlass  @bci com/naqqa/elasticsearch/analysis/filter/worddelimiter/WordDelimiterGraphFilterTest invalidFlag ()V 3 <appendix> argL0 ; # com/naqqa/elasticsearch/analysis/filter/worddelimiter/WordDelimiterGraphFilterTest$$Lambda+0x000001f518188ae8
instanceKlass  @bci com/naqqa/elasticsearch/analysis/filter/worddelimiter/WdAssert assertTokens (Lcom/naqqa/elasticsearch/analysis/TokenStream;[Ljava/lang/String;[I[I[I[I)V 199 <appendix> argL0 ; # com/naqqa/elasticsearch/analysis/filter/worddelimiter/WdAssert$$Lambda+0x000001f5181888d0
instanceKlass com/naqqa/elasticsearch/analysis/filter/worddelimiter/SlowWdf
instanceKlass com/naqqa/elasticsearch/analysis/filter/worddelimiter/WordDelimiterGraphFilterTest
instanceKlass  @bci com/naqqa/elasticsearch/analysis/filter/worddelimiter/WdAssert assertTokens (Lcom/naqqa/elasticsearch/analysis/TokenStream;[Ljava/lang/String;[I[I[I[I)V 157 <appendix> argL0 ; # com/naqqa/elasticsearch/analysis/filter/worddelimiter/WdAssert$$Lambda+0x000001f518188000
instanceKlass  @bci com/naqqa/elasticsearch/analysis/filter/worddelimiter/WdAssert assertTokens (Lcom/naqqa/elasticsearch/analysis/TokenStream;[Ljava/lang/String;[I[I[I[I)V 115 <appendix> argL0 ; # com/naqqa/elasticsearch/analysis/filter/worddelimiter/WdAssert$$Lambda+0x000001f518186c00
instanceKlass java/util/stream/Nodes$IntArrayNode
instanceKlass java/util/stream/Node$Builder$OfInt
instanceKlass java/util/stream/Sink$OfInt
instanceKlass java/util/function/IntConsumer
instanceKlass java/util/stream/Node$Builder
instanceKlass java/util/stream/Node$OfDouble
instanceKlass java/util/stream/Node$OfLong
instanceKlass java/util/stream/Node$OfInt
instanceKlass java/util/stream/Node$OfPrimitive
instanceKlass java/util/stream/Nodes$EmptyNode
instanceKlass java/util/stream/Node
instanceKlass java/util/stream/Nodes
instanceKlass  @bci java/util/stream/IntPipeline toArray ()[I 1 <appendix> argL0 ; # java/util/stream/IntPipeline$$Lambda+0x000001f5180dd8b8
instanceKlass java/util/function/IntFunction
instanceKlass java/util/stream/IntStream
instanceKlass  @bci com/naqqa/elasticsearch/analysis/filter/worddelimiter/WdAssert assertTokens (Lcom/naqqa/elasticsearch/analysis/TokenStream;[Ljava/lang/String;[I[I[I[I)V 75 <appendix> argL0 ; # com/naqqa/elasticsearch/analysis/filter/worddelimiter/WdAssert$$Lambda+0x000001f518187cd0
instanceKlass java/util/function/ToIntFunction
instanceKlass  @bci com/naqqa/elasticsearch/analysis/filter/worddelimiter/WordDelimiterFilter sortBuffered ()V 51 <appendix> member <vmtarget> ; # com/naqqa/elasticsearch/analysis/filter/worddelimiter/WordDelimiterFilter$$Lambda+0x000001f518187a38
instanceKlass  @cpi com/naqqa/elasticsearch/analysis/filter/worddelimiter/WordDelimiterFilter 369 form vmentry <vmtarget> ; # java/lang/invoke/LambdaForm$DMH+0x000001f518186800
instanceKlass com/naqqa/elasticsearch/analysis/filter/worddelimiter/WdAssert
instanceKlass com/naqqa/elasticsearch/analysis/filter/worddelimiter/WordDelimiterFilter$Concatenation
instanceKlass java/lang/Byte$ByteCache
instanceKlass java/util/regex/IntHashSet
instanceKlass java/util/regex/Matcher
instanceKlass java/util/regex/MatchResult
instanceKlass  @bci java/util/regex/CharPredicates ASCII_SPACE ()Ljava/util/regex/Pattern$BmpCharPredicate; 0 <appendix> argL0 ; # java/util/regex/CharPredicates$$Lambda+0x800000027
instanceKlass  @bci java/util/regex/Pattern DOT ()Ljava/util/regex/Pattern$CharPredicate; 0 <appendix> argL0 ; # java/util/regex/Pattern$$Lambda+0x000001f5180dcb80
instanceKlass com/naqqa/elasticsearch/analysis/filter/worddelimiter/WordDelimiterSettings
instanceKlass com/naqqa/elasticsearch/analysis/filter/worddelimiter/WordDelimiterFilterTest
instanceKlass  @bci com/naqqa/elasticsearch/analysis/filter/worddelimiter/WordDelimiterGraphFilter sortParts (II)V 46 <appendix> member <vmtarget> ; # com/naqqa/elasticsearch/analysis/filter/worddelimiter/WordDelimiterGraphFilter$$Lambda+0x000001f518182e58
instanceKlass com/naqqa/elasticsearch/analysis/filter/worddelimiter/WordDelimiterGraphFilter$Concatenation
instanceKlass com/naqqa/elasticsearch/analysis/filter/worddelimiter/WordDelimiterIterator
instanceKlass  @bci com/naqqa/elasticsearch/analysis/filter/ShingleFilter build ()V 234 <appendix> member <vmtarget> ; # com/naqqa/elasticsearch/analysis/filter/ShingleFilter$$Lambda+0x000001f5181827b0
instanceKlass com/naqqa/elasticsearch/analysis/folding/AsciiFolder
instanceKlass com/naqqa/elasticsearch/analysis/filter/FiltersSmokeTest
instanceKlass com/naqqa/elasticsearch/analysis/charfilter/html/HtmlCharacterEntities
instanceKlass com/naqqa/elasticsearch/analysis/charfilter/html/HtmlStripScanner
instanceKlass com/naqqa/elasticsearch/analysis/charfilter/html/HtmlStripCharFilterTest
instanceKlass  @bci com/naqqa/elasticsearch/action/write/DistributedWriteTest testUpsertCreatesDocWhenAbsent ()V 39 <appendix> member <vmtarget> ; # com/naqqa/elasticsearch/action/write/DistributedWriteTest$$Lambda+0x000001f518181298
instanceKlass com/naqqa/elasticsearch/common/logging/LoggerMessageFormat
instanceKlass  @bci com/naqqa/elasticsearch/action/write/DistributedWriteTest testUpdateRetryOnConflictResolvesConcurrentVersionBump ()V 96 <appendix> member <vmtarget> ; # com/naqqa/elasticsearch/action/write/DistributedWriteTest$$Lambda+0x000001f518180e78
instanceKlass  @bci com/naqqa/elasticsearch/action/write/DistributedWriteTest testUpdateRetryOnConflictResolvesConcurrentVersionBump ()V 39 <appendix> member <vmtarget> ; # com/naqqa/elasticsearch/action/write/DistributedWriteTest$$Lambda+0x000001f518180c58
instanceKlass com/naqqa/elasticsearch/index/replication/TranslogResync
instanceKlass  @bci com/naqqa/elasticsearch/cluster/coordination/CoordinationState handleStartJoin (Lcom/naqqa/elasticsearch/cluster/coordination/StartJoinRequest;)Lcom/naqqa/elasticsearch/cluster/coordination/Join; 24 <appendix> form vmentry <vmtarget> ; # java/lang/invoke/LambdaForm$MH+0x000001f518186400
instanceKlass  @bci com/naqqa/elasticsearch/cluster/coordination/CoordinationState handleStartJoin (Lcom/naqqa/elasticsearch/cluster/coordination/StartJoinRequest;)Lcom/naqqa/elasticsearch/cluster/coordination/Join; 24 <appendix> argL3 form vmentry <vmtarget> ; # java/lang/invoke/LambdaForm$MH+0x000001f518186000
instanceKlass  @bci com/naqqa/elasticsearch/common/breaker/ChildMemoryCircuitBreaker addEstimateBytesAndMaybeBreak (JLjava/lang/String;)D 80 <appendix> argL4 argL2 form vmentry <vmtarget> ; # java/lang/invoke/LambdaForm$MH+0x000001f518185c00
# instanceKlass java/lang/invoke/LambdaForm$MH+0x000001f518185800
# instanceKlass java/lang/invoke/LambdaForm$MH+0x000001f518185400
# instanceKlass java/lang/invoke/LambdaForm$MH+0x000001f518185000
instanceKlass  @bci com/naqqa/elasticsearch/cluster/coordination/CoordinationState handleStartJoin (Lcom/naqqa/elasticsearch/cluster/coordination/StartJoinRequest;)Lcom/naqqa/elasticsearch/cluster/coordination/Join; 24 <appendix> argL1 form vmentry <vmtarget> ; # java/lang/invoke/LambdaForm$MH+0x000001f518184c00
# instanceKlass java/lang/invoke/LambdaForm$MH+0x000001f518184800
# instanceKlass java/lang/invoke/LambdaForm$MH+0x000001f518184400
# instanceKlass java/lang/invoke/LambdaForm$MH+0x000001f518184000
instanceKlass  @bci com/naqqa/elasticsearch/action/write/DistributedWriteTest testStalePrimaryTriggersExactlyOneRetryThenSucceeds ()V 104 <appendix> member <vmtarget> ; # com/naqqa/elasticsearch/action/write/DistributedWriteTest$$Lambda+0x000001f518180838
instanceKlass  @bci com/naqqa/elasticsearch/action/write/DistributedWriteTest testStalePrimaryTriggersExactlyOneRetryThenSucceeds ()V 92 <appendix> member <vmtarget> ; # com/naqqa/elasticsearch/action/write/DistributedWriteTest$$Lambda+0x000001f518180618
instanceKlass com/naqqa/elasticsearch/action/write/RelocationRetryListener
instanceKlass  @bci com/naqqa/elasticsearch/action/write/DistributedWriteTest testRefreshImmediateTriggersSynchronousRefresh ()V 39 <appendix> member <vmtarget> ; # com/naqqa/elasticsearch/action/write/DistributedWriteTest$$Lambda+0x000001f518180000
instanceKlass  @bci com/naqqa/elasticsearch/index/replication/ReplicationOperation$1 reader ()Lcom/naqqa/elasticsearch/common/io/stream/Writeable$Reader; 0 <appendix> argL0 ; # com/naqqa/elasticsearch/index/replication/ReplicationOperation$1$$Lambda+0x000001f51817dc00
instanceKlass com/naqqa/elasticsearch/index/replication/ReplicationResponse
instanceKlass com/naqqa/elasticsearch/index/replication/ReplicationGroup$2
instanceKlass  @bci com/naqqa/elasticsearch/index/replication/ReplicationGroup connectionTo (Lcom/naqqa/elasticsearch/index/replication/ShardCopy;)Lcom/naqqa/elasticsearch/transport/Connection; 10 <appendix> member <vmtarget> ; # com/naqqa/elasticsearch/index/replication/ReplicationGroup$$Lambda+0x000001f51817f960
instanceKlass com/naqqa/elasticsearch/index/replication/ReplicationOperation$1
instanceKlass  @bci com/naqqa/elasticsearch/action/write/DistributedWriteTest testIndexGetDeleteRoundTrip ()V 38 <appendix> member <vmtarget> ; # com/naqqa/elasticsearch/action/write/DistributedWriteTest$$Lambda+0x000001f51817f4f0
instanceKlass  @bci com/naqqa/elasticsearch/index/replication/ReplicationGroup registerHandler (Lcom/naqqa/elasticsearch/index/replication/ShardCopy;)V 13 <appendix> member <vmtarget> ; # com/naqqa/elasticsearch/index/replication/ReplicationGroup$$Lambda+0x000001f51817f2d0
instanceKlass  @cpi com/naqqa/elasticsearch/http/nio/NioHttpServerTransport 637 form vmentry <vmtarget> ; # java/lang/invoke/LambdaForm$DMH+0x000001f51817d800
instanceKlass  @bci com/naqqa/elasticsearch/index/replication/ReplicationGroup registerHandler (Lcom/naqqa/elasticsearch/index/replication/ShardCopy;)V 6 <appendix> argL0 ; # com/naqqa/elasticsearch/index/replication/ReplicationGroup$$Lambda+0x000001f51817f0b8
instanceKlass  @bci com/naqqa/elasticsearch/action/write/DistributedWriteTest testDetectNoopSkipsUpdate ()V 39 <appendix> member <vmtarget> ; # com/naqqa/elasticsearch/action/write/DistributedWriteTest$$Lambda+0x000001f51817ee98
instanceKlass jdk/internal/misc/Blocker$ForkJoinPools
instanceKlass jdk/internal/misc/CarrierThread$1
instanceKlass  @bci java/lang/VirtualThread lambda$createDefaultScheduler$1 (Ljava/util/concurrent/ForkJoinPool;)Ljava/util/concurrent/ForkJoinWorkerThread; 1 <appendix> member <vmtarget> ; # java/lang/VirtualThread$$Lambda+0x000001f5180dbc78
instanceKlass  @bci java/lang/VirtualThread <init> (Ljava/util/concurrent/Executor;Ljava/lang/String;ILjava/lang/Runnable;)V 71 <appendix> member <vmtarget> ; # java/lang/VirtualThread$$Lambda+0x000001f5180db5b0
instanceKlass java/lang/VirtualThread$VThreadContinuation$1
instanceKlass java/lang/Thread$Constants$1
instanceKlass  @bci java/lang/VirtualThread createDelayedTaskScheduler ()Ljava/util/concurrent/ScheduledExecutorService; 22 <appendix> argL0 ; # java/lang/VirtualThread$$Lambda+0x000001f5180da8b8
instanceKlass  @bci java/lang/VirtualThread lambda$createDefaultScheduler$4 (Ljava/util/concurrent/ForkJoinPool$ForkJoinWorkerThreadFactory;)Ljava/util/concurrent/ForkJoinPool; 118 <appendix> argL0 ; # java/lang/VirtualThread$$Lambda+0x000001f5180da670
instanceKlass  @cpi jdk/internal/net/http/common/Utils 1310 form vmentry <vmtarget> ; # java/lang/invoke/LambdaForm$DMH+0x000001f51817d400
instanceKlass  @bci java/lang/VirtualThread lambda$createDefaultScheduler$4 (Ljava/util/concurrent/ForkJoinPool$ForkJoinWorkerThreadFactory;)Ljava/util/concurrent/ForkJoinPool; 95 <appendix> argL0 ; # java/lang/VirtualThread$$Lambda+0x000001f5180da458
instanceKlass  @bci java/lang/VirtualThread createDefaultScheduler ()Ljava/util/concurrent/ForkJoinPool; 7 <appendix> member <vmtarget> ; # java/lang/VirtualThread$$Lambda+0x000001f5180da238
instanceKlass  @bci java/lang/VirtualThread createDefaultScheduler ()Ljava/util/concurrent/ForkJoinPool; 0 <appendix> argL0 ; # java/lang/VirtualThread$$Lambda+0x000001f5180da020
instanceKlass jdk/internal/vm/ContinuationSupport
instanceKlass java/util/concurrent/ThreadPerTaskExecutor$TaskRunner
instanceKlass  @bci com/naqqa/elasticsearch/action/write/BulkCoordinator execute (Lcom/naqqa/elasticsearch/action/write/BulkRequest;)Lcom/naqqa/elasticsearch/action/write/BulkResponse; 442 <appendix> form vmentry <vmtarget> ; # java/lang/invoke/LambdaForm$DMH+0x000001f51817d000
instanceKlass  @bci com/naqqa/elasticsearch/action/write/BulkCoordinator execute (Lcom/naqqa/elasticsearch/action/write/BulkRequest;)Lcom/naqqa/elasticsearch/action/write/BulkResponse; 442 <appendix> member <vmtarget> ; # com/naqqa/elasticsearch/action/write/BulkCoordinator$$Lambda+0x000001f51817ea70
instanceKlass  @cpi com/naqqa/elasticsearch/node/rest/NodeRestFilter 232 form vmentry <vmtarget> ; # java/lang/invoke/LambdaForm$DMH+0x000001f51817cc00
instanceKlass  @bci com/naqqa/elasticsearch/action/write/BulkCoordinator execute (Lcom/naqqa/elasticsearch/action/write/BulkRequest;)Lcom/naqqa/elasticsearch/action/write/BulkResponse; 294 <appendix> argL0 ; # com/naqqa/elasticsearch/action/write/BulkCoordinator$$Lambda+0x000001f51817e838
instanceKlass  @bci com/naqqa/elasticsearch/action/write/BulkCoordinator execute (Lcom/naqqa/elasticsearch/action/write/BulkRequest;)Lcom/naqqa/elasticsearch/action/write/BulkResponse; 266 <appendix> argL0 ; # com/naqqa/elasticsearch/action/write/BulkCoordinator$$Lambda+0x000001f51817e600
instanceKlass com/naqqa/elasticsearch/action/write/BulkCoordinator
instanceKlass  @bci com/naqqa/elasticsearch/action/write/DistributedWriteTest testBulkAcrossTwoShardsPreservesOrderWithPartialFailure ()V 164 <appendix> member <vmtarget> ; # com/naqqa/elasticsearch/action/write/DistributedWriteTest$$Lambda+0x000001f5181738d8
instanceKlass  @bci com/naqqa/elasticsearch/action/write/DistributedWriteTest$ShardCluster <init> (Ljava/lang/String;II)V 52 <appendix> argL0 ; # com/naqqa/elasticsearch/action/write/DistributedWriteTest$ShardCluster$$Lambda+0x000001f5181736c0
instanceKlass com/naqqa/elasticsearch/action/write/DistributedWriteTest$Node
instanceKlass com/naqqa/elasticsearch/action/write/DistributedWriteTest$ShardCluster
instanceKlass com/naqqa/elasticsearch/action/write/DistributedWriteTest
instanceKlass  @bci com/naqqa/elasticsearch/action/search/SearchCoordinatorTest shardFailureRecordedAndAllowPartialFalseAborts ()V 220 <appendix> member <vmtarget> ; # com/naqqa/elasticsearch/action/search/SearchCoordinatorTest$$Lambda+0x000001f518172e28
instanceKlass  @bci com/naqqa/elasticsearch/transport/ConnectTransportException <init> (Lcom/naqqa/elasticsearch/transport/DiscoveryNode;Ljava/lang/String;Ljava/lang/Throwable;)V 14 <appendix> form vmentry <vmtarget> ; # java/lang/invoke/LambdaForm$MH+0x000001f51817c800
# instanceKlass java/lang/invoke/LambdaForm$MH+0x000001f51817c400
instanceKlass  @bci com/naqqa/elasticsearch/transport/ConnectTransportException <init> (Lcom/naqqa/elasticsearch/transport/DiscoveryNode;Ljava/lang/String;Ljava/lang/Throwable;)V 14 <appendix> form names 10 function resolvedHandle form vmentry <vmtarget> ; # java/lang/invoke/LambdaForm$DMH+0x000001f51817c000
instanceKlass  @bci com/naqqa/elasticsearch/transport/ConnectTransportException <init> (Lcom/naqqa/elasticsearch/transport/DiscoveryNode;Ljava/lang/String;Ljava/lang/Throwable;)V 14 <appendix> argL3 form vmentry <vmtarget> ; # java/lang/invoke/LambdaForm$MH+0x000001f51817bc00
# instanceKlass java/lang/invoke/LambdaForm$MH+0x000001f51817b800
instanceKlass  @bci com/naqqa/elasticsearch/transport/ConnectTransportException <init> (Lcom/naqqa/elasticsearch/transport/DiscoveryNode;Ljava/lang/String;Ljava/lang/Throwable;)V 14 <appendix> argL3 form names 7 function resolvedHandle form vmentry <vmtarget> ; # java/lang/invoke/LambdaForm$DMH+0x000001f51817b400
instanceKlass  @bci com/naqqa/elasticsearch/transport/ConnectTransportException <init> (Lcom/naqqa/elasticsearch/transport/DiscoveryNode;Ljava/lang/String;Ljava/lang/Throwable;)V 14 <appendix> argL3 argL2 form vmentry <vmtarget> ; # java/lang/invoke/LambdaForm$MH+0x000001f51817b000
# instanceKlass java/lang/invoke/LambdaForm$MH+0x000001f51817ac00
# instanceKlass java/lang/invoke/LambdaForm$MH+0x000001f51817a800
# instanceKlass java/lang/invoke/LambdaForm$MH+0x000001f51817a400
# instanceKlass java/lang/invoke/LambdaForm$MH+0x000001f51817a000
instanceKlass  @bci com/naqqa/elasticsearch/transport/ConnectTransportException <init> (Lcom/naqqa/elasticsearch/transport/DiscoveryNode;Ljava/lang/String;Ljava/lang/Throwable;)V 14 <appendix> form names 14 function resolvedHandle form vmentry <vmtarget> ; # java/lang/invoke/LambdaForm$DMH+0x000001f518179c00
instanceKlass  @bci com/naqqa/elasticsearch/transport/ConnectTransportException <init> (Lcom/naqqa/elasticsearch/transport/DiscoveryNode;Ljava/lang/String;Ljava/lang/Throwable;)V 14 <appendix> argL1 form vmentry <vmtarget> ; # java/lang/invoke/LambdaForm$MH+0x000001f518179800
instanceKlass  @bci com/naqqa/elasticsearch/http/nio/HttpResponseEncoder encode (ILcom/naqqa/elasticsearch/http/HttpHeaders;[BZ)[B 22 <appendix> argL1 form vmentry <vmtarget> ; # java/lang/invoke/LambdaForm$MH+0x000001f518179400
# instanceKlass java/lang/invoke/LambdaForm$MH+0x000001f518179000
# instanceKlass java/lang/invoke/LambdaForm$MH+0x000001f518178c00
# instanceKlass java/lang/invoke/LambdaForm$MH+0x000001f518178800
# instanceKlass java/lang/invoke/LambdaForm$MH+0x000001f518178400
# instanceKlass java/lang/invoke/LambdaForm$MH+0x000001f518178000
instanceKlass sun/net/util/SocketExceptions
instanceKlass java/util/ArrayList$SubList$1
instanceKlass com/naqqa/elasticsearch/action/search/SearchCoordinator$3
instanceKlass com/naqqa/elasticsearch/action/search/ShardFieldCollector$3
instanceKlass com/naqqa/elasticsearch/action/search/ShardFieldCollector$2
instanceKlass com/naqqa/elasticsearch/codec/docvalues/SortedDocValuesReader
instanceKlass  @bci com/naqqa/elasticsearch/action/search/ShardFieldCollector <init> (Lcom/naqqa/elasticsearch/search/execution/Sort;I)V 22 <appendix> argL0 ; # com/naqqa/elasticsearch/action/search/ShardFieldCollector$$Lambda+0x000001f518177a88
instanceKlass com/naqqa/elasticsearch/action/search/ShardFieldCollector
instanceKlass com/naqqa/elasticsearch/search/execution/SortField
instanceKlass com/naqqa/elasticsearch/search/execution/Sort
instanceKlass jdk/internal/math/FloatToDecimal
instanceKlass  @bci com/naqqa/elasticsearch/action/search/SearchCoordinatorTest dfsProducesDifferentScoreThanPlainOnSkewedCorpus ()V 318 <adapter> ; # java/lang/invoke/LambdaForm$MH+0x000001f518171c00
# instanceKlass java/lang/invoke/LambdaForm$DMH+0x000001f518171800
instanceKlass  @bci com/naqqa/elasticsearch/action/search/SearchCoordinatorTest dfsProducesDifferentScoreThanPlainOnSkewedCorpus ()V 318 <appendix> form vmentry <vmtarget> ; # java/lang/invoke/LambdaForm$MH+0x000001f518171400
instanceKlass  @bci com/naqqa/elasticsearch/action/search/SearchCoordinator search (Lcom/naqqa/elasticsearch/cluster/routing/RoutingTable;Lcom/naqqa/elasticsearch/action/search/SearchRequest;)Lcom/naqqa/elasticsearch/action/search/SearchResponse; 1098 <appendix> argL0 ; # com/naqqa/elasticsearch/action/search/SearchCoordinator$$Lambda+0x000001f5181769c8
instanceKlass  @bci com/naqqa/elasticsearch/action/search/SearchCoordinator search (Lcom/naqqa/elasticsearch/cluster/routing/RoutingTable;Lcom/naqqa/elasticsearch/action/search/SearchRequest;)Lcom/naqqa/elasticsearch/action/search/SearchResponse; 969 <appendix> argL0 ; # com/naqqa/elasticsearch/action/search/SearchCoordinator$$Lambda+0x000001f518176790
instanceKlass com/naqqa/elasticsearch/action/search/ShardSearchService$DfsResponse
instanceKlass com/naqqa/elasticsearch/search/query/DisjunctionScorers
instanceKlass  @bci java/util/stream/MatchOps makeRef (Ljava/util/function/Predicate;Ljava/util/stream/MatchOps$MatchKind;)Ljava/util/stream/TerminalOp; 20 <appendix> member <vmtarget> ; # java/util/stream/MatchOps$$Lambda+0x000001f5180d8ac0
instanceKlass java/util/stream/MatchOps$BooleanTerminalSink
instanceKlass java/util/stream/MatchOps$MatchOp
instanceKlass java/util/stream/MatchOps
instanceKlass  @bci com/naqqa/elasticsearch/search/query/BooleanQuery createWeight (Lcom/naqqa/elasticsearch/search/execution/IndexSearcher;Lcom/naqqa/elasticsearch/search/query/ScoreMode;F)Lcom/naqqa/elasticsearch/search/query/Weight; 45 <appendix> argL0 ; # com/naqqa/elasticsearch/search/query/BooleanQuery$$Lambda+0x000001f518174ed0
instanceKlass java/util/AbstractList$RandomAccessSpliterator
instanceKlass com/naqqa/elasticsearch/search/query/BooleanQuery$Builder
instanceKlass com/naqqa/elasticsearch/action/search/ShardSearchService$CanMatchResponse
instanceKlass com/naqqa/elasticsearch/action/search/CanMatchFilter$LongRangeCanMatchFilter
instanceKlass com/naqqa/elasticsearch/action/search/CanMatchFilter
instanceKlass com/naqqa/elasticsearch/action/search/SearchCoordinatorTest
instanceKlass  @bci com/naqqa/elasticsearch/search/aggs/bucket/terms/InternalTerms reduce (Ljava/util/List;Lcom/naqqa/elasticsearch/search/aggs/ReduceContext;)Lcom/naqqa/elasticsearch/search/aggs/InternalAggregation; 301 <appendix> argL0 ; # com/naqqa/elasticsearch/search/aggs/bucket/terms/InternalTerms$$Lambda+0x000001f51816f780
instanceKlass com/naqqa/elasticsearch/search/aggs/BucketValueExtractor
instanceKlass java/util/Collections$ReverseComparator2
# instanceKlass java/util/Comparator$$Lambda+0x000001f5180d73c8
instanceKlass java/util/Collections$ReverseComparator
instanceKlass  @bci java/util/Comparator comparingDouble (Ljava/util/function/ToDoubleFunction;)Ljava/util/Comparator; 6 <appendix> member <vmtarget> ; # java/util/Comparator$$Lambda+0x000001f5180d6e90
# instanceKlass com/naqqa/elasticsearch/search/aggs/bucket/terms/TermsOrder$$Lambda+0x000001f51816f360
instanceKlass  @bci com/naqqa/elasticsearch/search/aggs/bucket/terms/TermsOrder comparator ()Ljava/util/Comparator; 22 <appendix> member <vmtarget> ; # com/naqqa/elasticsearch/search/aggs/bucket/terms/TermsOrder$$Lambda+0x000001f51816f140
instanceKlass  @cpi com/naqqa/elasticsearch/search/aggs/bucket/terms/TermsOrder 145 form vmentry <vmtarget> ; # java/lang/invoke/LambdaForm$DMH+0x000001f518170c00
instanceKlass java/util/function/ToDoubleFunction
instanceKlass com/naqqa/elasticsearch/search/aggs/bucket/terms/TermsBucket
instanceKlass com/naqqa/elasticsearch/action/search/AggsPhase$CombinedCollector$1
instanceKlass com/naqqa/elasticsearch/action/search/AggsPhase$CombinedCollector
instanceKlass  @bci com/naqqa/elasticsearch/action/search/SearchResponse$Failure toString ()Ljava/lang/String; 1 <appendix> form vmentry <vmtarget> ; # java/lang/invoke/LambdaForm$MH+0x000001f518170800
# instanceKlass java/lang/invoke/LambdaForm$MH+0x000001f518170400
# instanceKlass java/lang/invoke/LambdaForm$MH+0x000001f518170000
# instanceKlass java/lang/invoke/LambdaForm$MH+0x000001f51816dc00
# instanceKlass java/lang/invoke/LambdaForm$MH+0x000001f51816d800
# instanceKlass java/lang/invoke/LambdaForm$MH+0x000001f51816d400
# instanceKlass java/lang/invoke/LambdaForm$MH+0x000001f51816d000
# instanceKlass java/lang/invoke/LambdaForm$MH+0x000001f51816cc00
# instanceKlass java/lang/invoke/LambdaForm$MH+0x000001f51816c800
instanceKlass  @bci java/lang/invoke/BootstrapMethodInvoker invoke (Ljava/lang/Class;Ljava/lang/invoke/MethodHandle;Ljava/lang/String;Ljava/lang/Object;Ljava/lang/Object;Ljava/lang/Class;)Ljava/lang/Object; 894 <adapter> ; # java/lang/invoke/LambdaForm$MH+0x000001f51816c400
instanceKlass  @bci com/naqqa/elasticsearch/action/search/AggsPhase lambda$fieldTypesFrom$2 (Ljava/util/Map;Lcom/naqqa/elasticsearch/index/mapper/MapperService;Ljava/lang/String;)Lcom/naqqa/elasticsearch/node/search/QueryFactory$FieldType; 3 <appendix> member <vmtarget> ; # com/naqqa/elasticsearch/action/search/AggsPhase$$Lambda+0x000001f51816e650
instanceKlass  @bci com/naqqa/elasticsearch/search/aggs/bucket/IncludeExclude parse (Ljava/util/Map;)Ljava/util/function/Predicate; 32 <appendix> argL0 ; # com/naqqa/elasticsearch/search/aggs/bucket/IncludeExclude$$Lambda+0x000001f51816e408
instanceKlass com/naqqa/elasticsearch/search/aggs/bucket/IncludeExclude
instanceKlass com/naqqa/elasticsearch/search/aggs/bucket/terms/TermsOrder
instanceKlass  @bci com/naqqa/elasticsearch/action/search/AggsWiringTest exceedingMaxBucketsSurfacesAsClearFailureNotCorruptedResults ()V 172 <appendix> member <vmtarget> ; # com/naqqa/elasticsearch/action/search/AggsWiringTest$$Lambda+0x000001f51816bd40
instanceKlass com/naqqa/elasticsearch/test/Assert$ThrowingRunnable
instanceKlass java/time/LocalTime$1
instanceKlass java/time/format/DateTimeFormatterBuilder$2
instanceKlass java/time/LocalDate$1
instanceKlass java/time/ZonedDateTime$1
instanceKlass java/time/format/DateTimePrintContext
instanceKlass  @bci com/naqqa/elasticsearch/search/aggs/bucket/histogram/InternalDateHistogram reduce (Ljava/util/List;Lcom/naqqa/elasticsearch/search/aggs/ReduceContext;)Lcom/naqqa/elasticsearch/search/aggs/InternalAggregation; 161 <appendix> argL0 ; # com/naqqa/elasticsearch/search/aggs/bucket/histogram/InternalDateHistogram$$Lambda+0x000001f51816b8b8
instanceKlass  @bci com/naqqa/elasticsearch/search/aggs/bucket/BucketReduceUtil groupByKey (Ljava/util/List;)Ljava/util/LinkedHashMap; 72 <appendix> argL0 ; # com/naqqa/elasticsearch/search/aggs/bucket/BucketReduceUtil$$Lambda+0x000001f51816b680
instanceKlass com/naqqa/elasticsearch/search/aggs/bucket/BucketReduceUtil
instanceKlass  @bci com/naqqa/elasticsearch/search/aggs/InternalAggregations reduceAll (Ljava/util/List;Lcom/naqqa/elasticsearch/search/aggs/ReduceContext;)Lcom/naqqa/elasticsearch/search/aggs/InternalAggregations; 116 <appendix> argL0 ; # com/naqqa/elasticsearch/search/aggs/InternalAggregations$$Lambda+0x000001f51816b248
instanceKlass  @bci com/naqqa/elasticsearch/search/aggs/InternalAggregationStreams <clinit> ()V 600 <appendix> argL0 ; # com/naqqa/elasticsearch/search/aggs/InternalAggregationStreams$$Lambda+0x000001f51816b030
instanceKlass  @bci com/naqqa/elasticsearch/search/aggs/InternalAggregationStreams <clinit> ()V 595 <appendix> argL0 ; # com/naqqa/elasticsearch/search/aggs/InternalAggregationStreams$$Lambda+0x000001f51816ae18
instanceKlass  @bci com/naqqa/elasticsearch/search/aggs/InternalAggregationStreams <clinit> ()V 584 <appendix> argL0 ; # com/naqqa/elasticsearch/search/aggs/InternalAggregationStreams$$Lambda+0x000001f51816ac00
instanceKlass  @bci com/naqqa/elasticsearch/search/aggs/InternalAggregationStreams <clinit> ()V 579 <appendix> argL0 ; # com/naqqa/elasticsearch/search/aggs/InternalAggregationStreams$$Lambda+0x000001f51816a9e8
instanceKlass  @bci com/naqqa/elasticsearch/search/aggs/InternalAggregationStreams <clinit> ()V 568 <appendix> argL0 ; # com/naqqa/elasticsearch/search/aggs/InternalAggregationStreams$$Lambda+0x000001f51816a7d0
instanceKlass  @bci com/naqqa/elasticsearch/search/aggs/InternalAggregationStreams <clinit> ()V 563 <appendix> argL0 ; # com/naqqa/elasticsearch/search/aggs/InternalAggregationStreams$$Lambda+0x000001f51816a5b8
instanceKlass  @bci com/naqqa/elasticsearch/search/aggs/InternalAggregationStreams <clinit> ()V 549 <appendix> member <vmtarget> ; # com/naqqa/elasticsearch/search/aggs/InternalAggregationStreams$$Lambda+0x000001f51816a398
instanceKlass  @cpi com/naqqa/elasticsearch/search/aggs/InternalAggregationStreams 1348 form vmentry <vmtarget> ; # java/lang/invoke/LambdaForm$DMH+0x000001f51816c000
instanceKlass  @bci com/naqqa/elasticsearch/search/aggs/InternalAggregationStreams <clinit> ()V 543 <appendix> argL0 ; # com/naqqa/elasticsearch/search/aggs/InternalAggregationStreams$$Lambda+0x000001f51816a180
instanceKlass  @bci com/naqqa/elasticsearch/search/aggs/InternalAggregationStreams <clinit> ()V 476 <appendix> argL0 ; # com/naqqa/elasticsearch/search/aggs/InternalAggregationStreams$$Lambda+0x000001f518169f68
instanceKlass  @bci com/naqqa/elasticsearch/search/aggs/InternalAggregationStreams <clinit> ()V 471 <appendix> argL0 ; # com/naqqa/elasticsearch/search/aggs/InternalAggregationStreams$$Lambda+0x000001f518169d50
instanceKlass  @bci com/naqqa/elasticsearch/search/aggs/InternalAggregationStreams <clinit> ()V 460 <appendix> argL0 ; # com/naqqa/elasticsearch/search/aggs/InternalAggregationStreams$$Lambda+0x000001f518169b38
instanceKlass  @bci com/naqqa/elasticsearch/search/aggs/InternalAggregationStreams <clinit> ()V 455 <appendix> argL0 ; # com/naqqa/elasticsearch/search/aggs/InternalAggregationStreams$$Lambda+0x000001f518169920
instanceKlass  @bci com/naqqa/elasticsearch/search/aggs/InternalAggregationStreams <clinit> ()V 444 <appendix> argL0 ; # com/naqqa/elasticsearch/search/aggs/InternalAggregationStreams$$Lambda+0x000001f518169708
instanceKlass  @bci com/naqqa/elasticsearch/search/aggs/InternalAggregationStreams <clinit> ()V 439 <appendix> argL0 ; # com/naqqa/elasticsearch/search/aggs/InternalAggregationStreams$$Lambda+0x000001f5181694f0
instanceKlass  @bci com/naqqa/elasticsearch/search/aggs/InternalAggregationStreams <clinit> ()V 428 <appendix> argL0 ; # com/naqqa/elasticsearch/search/aggs/InternalAggregationStreams$$Lambda+0x000001f5181692d8
instanceKlass  @bci com/naqqa/elasticsearch/search/aggs/InternalAggregationStreams <clinit> ()V 423 <appendix> argL0 ; # com/naqqa/elasticsearch/search/aggs/InternalAggregationStreams$$Lambda+0x000001f5181690c0
instanceKlass  @bci com/naqqa/elasticsearch/search/aggs/InternalAggregationStreams <clinit> ()V 412 <appendix> argL0 ; # com/naqqa/elasticsearch/search/aggs/InternalAggregationStreams$$Lambda+0x000001f518168ea8
instanceKlass  @bci com/naqqa/elasticsearch/search/aggs/InternalAggregationStreams <clinit> ()V 407 <appendix> argL0 ; # com/naqqa/elasticsearch/search/aggs/InternalAggregationStreams$$Lambda+0x000001f518168c90
instanceKlass  @bci com/naqqa/elasticsearch/search/aggs/InternalAggregationStreams <clinit> ()V 396 <appendix> argL0 ; # com/naqqa/elasticsearch/search/aggs/InternalAggregationStreams$$Lambda+0x000001f518168a78
instanceKlass  @bci com/naqqa/elasticsearch/search/aggs/InternalAggregationStreams <clinit> ()V 391 <appendix> argL0 ; # com/naqqa/elasticsearch/search/aggs/InternalAggregationStreams$$Lambda+0x000001f518168860
instanceKlass  @bci com/naqqa/elasticsearch/search/aggs/InternalAggregationStreams <clinit> ()V 380 <appendix> argL0 ; # com/naqqa/elasticsearch/search/aggs/InternalAggregationStreams$$Lambda+0x000001f518168648
instanceKlass  @bci com/naqqa/elasticsearch/search/aggs/InternalAggregationStreams <clinit> ()V 375 <appendix> argL0 ; # com/naqqa/elasticsearch/search/aggs/InternalAggregationStreams$$Lambda+0x000001f518168430
instanceKlass  @bci com/naqqa/elasticsearch/search/aggs/InternalAggregationStreams <clinit> ()V 364 <appendix> argL0 ; # com/naqqa/elasticsearch/search/aggs/InternalAggregationStreams$$Lambda+0x000001f518168218
instanceKlass  @bci com/naqqa/elasticsearch/search/aggs/InternalAggregationStreams <clinit> ()V 359 <appendix> argL0 ; # com/naqqa/elasticsearch/search/aggs/InternalAggregationStreams$$Lambda+0x000001f518168000
instanceKlass  @bci com/naqqa/elasticsearch/search/aggs/InternalAggregationStreams <clinit> ()V 348 <appendix> argL0 ; # com/naqqa/elasticsearch/search/aggs/InternalAggregationStreams$$Lambda+0x000001f518164c00
instanceKlass  @bci com/naqqa/elasticsearch/search/aggs/InternalAggregationStreams <clinit> ()V 343 <appendix> argL0 ; # com/naqqa/elasticsearch/search/aggs/InternalAggregationStreams$$Lambda+0x000001f518165c90
instanceKlass  @bci com/naqqa/elasticsearch/search/aggs/InternalAggregationStreams <clinit> ()V 332 <appendix> argL0 ; # com/naqqa/elasticsearch/search/aggs/InternalAggregationStreams$$Lambda+0x000001f518165a78
instanceKlass  @bci com/naqqa/elasticsearch/search/aggs/InternalAggregationStreams <clinit> ()V 327 <appendix> argL0 ; # com/naqqa/elasticsearch/search/aggs/InternalAggregationStreams$$Lambda+0x000001f518165860
instanceKlass  @bci com/naqqa/elasticsearch/search/aggs/InternalAggregationStreams <clinit> ()V 316 <appendix> argL0 ; # com/naqqa/elasticsearch/search/aggs/InternalAggregationStreams$$Lambda+0x000001f518165648
instanceKlass  @bci com/naqqa/elasticsearch/search/aggs/InternalAggregationStreams <clinit> ()V 311 <appendix> argL0 ; # com/naqqa/elasticsearch/search/aggs/InternalAggregationStreams$$Lambda+0x000001f518165430
instanceKlass  @bci com/naqqa/elasticsearch/search/aggs/InternalAggregationStreams <clinit> ()V 300 <appendix> argL0 ; # com/naqqa/elasticsearch/search/aggs/InternalAggregationStreams$$Lambda+0x000001f518165218
instanceKlass  @bci com/naqqa/elasticsearch/search/aggs/InternalAggregationStreams <clinit> ()V 295 <appendix> argL0 ; # com/naqqa/elasticsearch/search/aggs/InternalAggregationStreams$$Lambda+0x000001f518165000
instanceKlass  @bci com/naqqa/elasticsearch/search/aggs/InternalAggregationStreams <clinit> ()V 284 <appendix> argL0 ; # com/naqqa/elasticsearch/search/aggs/InternalAggregationStreams$$Lambda+0x000001f518167d50
instanceKlass  @bci com/naqqa/elasticsearch/search/aggs/InternalAggregationStreams <clinit> ()V 279 <appendix> argL0 ; # com/naqqa/elasticsearch/search/aggs/InternalAggregationStreams$$Lambda+0x000001f518167b38
instanceKlass  @bci com/naqqa/elasticsearch/search/aggs/InternalAggregationStreams <clinit> ()V 268 <appendix> argL0 ; # com/naqqa/elasticsearch/search/aggs/InternalAggregationStreams$$Lambda+0x000001f518167920
instanceKlass  @bci com/naqqa/elasticsearch/search/aggs/InternalAggregationStreams <clinit> ()V 263 <appendix> argL0 ; # com/naqqa/elasticsearch/search/aggs/InternalAggregationStreams$$Lambda+0x000001f518167708
instanceKlass  @bci com/naqqa/elasticsearch/search/aggs/InternalAggregationStreams <clinit> ()V 252 <appendix> argL0 ; # com/naqqa/elasticsearch/search/aggs/InternalAggregationStreams$$Lambda+0x000001f5181674f0
instanceKlass  @bci com/naqqa/elasticsearch/search/aggs/InternalAggregationStreams <clinit> ()V 247 <appendix> argL0 ; # com/naqqa/elasticsearch/search/aggs/InternalAggregationStreams$$Lambda+0x000001f5181672d8
instanceKlass  @bci com/naqqa/elasticsearch/search/aggs/InternalAggregationStreams <clinit> ()V 236 <appendix> argL0 ; # com/naqqa/elasticsearch/search/aggs/InternalAggregationStreams$$Lambda+0x000001f5181670c0
instanceKlass  @bci com/naqqa/elasticsearch/search/aggs/InternalAggregationStreams <clinit> ()V 231 <appendix> argL0 ; # com/naqqa/elasticsearch/search/aggs/InternalAggregationStreams$$Lambda+0x000001f518166ea8
instanceKlass  @bci com/naqqa/elasticsearch/search/aggs/InternalAggregationStreams <clinit> ()V 220 <appendix> argL0 ; # com/naqqa/elasticsearch/search/aggs/InternalAggregationStreams$$Lambda+0x000001f518166c90
instanceKlass  @bci com/naqqa/elasticsearch/search/aggs/InternalAggregationStreams <clinit> ()V 215 <appendix> argL0 ; # com/naqqa/elasticsearch/search/aggs/InternalAggregationStreams$$Lambda+0x000001f518166a78
instanceKlass  @bci com/naqqa/elasticsearch/search/aggs/InternalAggregationStreams <clinit> ()V 204 <appendix> argL0 ; # com/naqqa/elasticsearch/search/aggs/InternalAggregationStreams$$Lambda+0x000001f518166860
instanceKlass  @bci com/naqqa/elasticsearch/search/aggs/InternalAggregationStreams <clinit> ()V 199 <appendix> argL0 ; # com/naqqa/elasticsearch/search/aggs/InternalAggregationStreams$$Lambda+0x000001f518166648
instanceKlass  @bci com/naqqa/elasticsearch/search/aggs/InternalAggregationStreams <clinit> ()V 188 <appendix> argL0 ; # com/naqqa/elasticsearch/search/aggs/InternalAggregationStreams$$Lambda+0x000001f518166430
instanceKlass  @bci com/naqqa/elasticsearch/search/aggs/InternalAggregationStreams <clinit> ()V 183 <appendix> argL0 ; # com/naqqa/elasticsearch/search/aggs/InternalAggregationStreams$$Lambda+0x000001f518166218
instanceKlass  @bci com/naqqa/elasticsearch/search/aggs/InternalAggregationStreams <clinit> ()V 172 <appendix> argL0 ; # com/naqqa/elasticsearch/search/aggs/InternalAggregationStreams$$Lambda+0x000001f518166000
instanceKlass  @bci com/naqqa/elasticsearch/search/aggs/InternalAggregationStreams <clinit> ()V 167 <appendix> argL0 ; # com/naqqa/elasticsearch/search/aggs/InternalAggregationStreams$$Lambda+0x000001f518163d88
instanceKlass  @bci com/naqqa/elasticsearch/search/aggs/InternalAggregationStreams <clinit> ()V 156 <appendix> argL0 ; # com/naqqa/elasticsearch/search/aggs/InternalAggregationStreams$$Lambda+0x000001f518163b70
instanceKlass  @bci com/naqqa/elasticsearch/search/aggs/InternalAggregationStreams <clinit> ()V 151 <appendix> argL0 ; # com/naqqa/elasticsearch/search/aggs/InternalAggregationStreams$$Lambda+0x000001f518163958
instanceKlass  @bci com/naqqa/elasticsearch/search/aggs/InternalAggregationStreams <clinit> ()V 140 <appendix> argL0 ; # com/naqqa/elasticsearch/search/aggs/InternalAggregationStreams$$Lambda+0x000001f518163740
instanceKlass  @bci com/naqqa/elasticsearch/search/aggs/InternalAggregationStreams <clinit> ()V 135 <appendix> argL0 ; # com/naqqa/elasticsearch/search/aggs/InternalAggregationStreams$$Lambda+0x000001f518163528
instanceKlass  @bci com/naqqa/elasticsearch/search/aggs/InternalAggregationStreams <clinit> ()V 124 <appendix> argL0 ; # com/naqqa/elasticsearch/search/aggs/InternalAggregationStreams$$Lambda+0x000001f518163310
instanceKlass  @bci com/naqqa/elasticsearch/search/aggs/InternalAggregationStreams <clinit> ()V 119 <appendix> argL0 ; # com/naqqa/elasticsearch/search/aggs/InternalAggregationStreams$$Lambda+0x000001f5181630f8
instanceKlass  @bci com/naqqa/elasticsearch/search/aggs/InternalAggregationStreams <clinit> ()V 108 <appendix> argL0 ; # com/naqqa/elasticsearch/search/aggs/InternalAggregationStreams$$Lambda+0x000001f518162ee0
instanceKlass  @bci com/naqqa/elasticsearch/search/aggs/InternalAggregationStreams <clinit> ()V 103 <appendix> argL0 ; # com/naqqa/elasticsearch/search/aggs/InternalAggregationStreams$$Lambda+0x000001f518162cc8
instanceKlass  @bci com/naqqa/elasticsearch/search/aggs/InternalAggregationStreams <clinit> ()V 92 <appendix> argL0 ; # com/naqqa/elasticsearch/search/aggs/InternalAggregationStreams$$Lambda+0x000001f518162ab0
instanceKlass  @bci com/naqqa/elasticsearch/search/aggs/InternalAggregationStreams <clinit> ()V 87 <appendix> argL0 ; # com/naqqa/elasticsearch/search/aggs/InternalAggregationStreams$$Lambda+0x000001f518162898
instanceKlass  @bci com/naqqa/elasticsearch/search/aggs/InternalAggregationStreams <clinit> ()V 76 <appendix> argL0 ; # com/naqqa/elasticsearch/search/aggs/InternalAggregationStreams$$Lambda+0x000001f518162680
instanceKlass  @bci com/naqqa/elasticsearch/search/aggs/InternalAggregationStreams <clinit> ()V 71 <appendix> argL0 ; # com/naqqa/elasticsearch/search/aggs/InternalAggregationStreams$$Lambda+0x000001f518162468
instanceKlass  @bci com/naqqa/elasticsearch/search/aggs/InternalAggregationStreams <clinit> ()V 60 <appendix> argL0 ; # com/naqqa/elasticsearch/search/aggs/InternalAggregationStreams$$Lambda+0x000001f518162250
instanceKlass  @bci com/naqqa/elasticsearch/search/aggs/InternalAggregationStreams <clinit> ()V 55 <appendix> argL0 ; # com/naqqa/elasticsearch/search/aggs/InternalAggregationStreams$$Lambda+0x000001f518162038
instanceKlass  @bci com/naqqa/elasticsearch/search/aggs/InternalAggregationStreams <clinit> ()V 44 <appendix> argL0 ; # com/naqqa/elasticsearch/search/aggs/InternalAggregationStreams$$Lambda+0x000001f518161e20
instanceKlass  @bci com/naqqa/elasticsearch/search/aggs/InternalAggregationStreams <clinit> ()V 39 <appendix> argL0 ; # com/naqqa/elasticsearch/search/aggs/InternalAggregationStreams$$Lambda+0x000001f518161c08
instanceKlass  @bci com/naqqa/elasticsearch/search/aggs/InternalAggregationStreams <clinit> ()V 28 <appendix> argL0 ; # com/naqqa/elasticsearch/search/aggs/InternalAggregationStreams$$Lambda+0x000001f5181619f0
instanceKlass  @cpi com/naqqa/elasticsearch/search/aggs/InternalAggregationStreams 1174 form vmentry <vmtarget> ; # java/lang/invoke/LambdaForm$DMH+0x000001f518164800
instanceKlass com/naqqa/elasticsearch/search/aggs/InternalAggregationStreams$Reader
instanceKlass  @bci com/naqqa/elasticsearch/search/aggs/InternalAggregationStreams <clinit> ()V 23 <appendix> argL0 ; # com/naqqa/elasticsearch/search/aggs/InternalAggregationStreams$$Lambda+0x000001f5181615e0
instanceKlass  @cpi com/naqqa/elasticsearch/search/aggs/InternalAggregationStreams 1170 form vmentry <vmtarget> ; # java/lang/invoke/LambdaForm$DMH+0x000001f518164400
instanceKlass  @cpi com/sun/crypto/provider/PBKDF2KeyImpl 344 form vmentry <vmtarget> ; # java/lang/invoke/LambdaForm$DMH+0x000001f518164000
instanceKlass com/naqqa/elasticsearch/search/aggs/InternalAggregationStreams$Writer
instanceKlass com/naqqa/elasticsearch/search/aggs/InternalAggregationStreams
instanceKlass com/naqqa/elasticsearch/search/aggs/ReduceContext
# instanceKlass com/naqqa/elasticsearch/search/aggs/bucket/histogram/DateHistogramAggregator$$Lambda+0x000001f518160d50
# instanceKlass com/naqqa/elasticsearch/search/aggs/bucket/histogram/DateHistogramAggregator$$Lambda+0x000001f518160ac0
instanceKlass  @bci com/naqqa/elasticsearch/search/aggs/bucket/histogram/DateHistogramAggregator buildAggregation (J)Lcom/naqqa/elasticsearch/search/aggs/InternalAggregation; 90 <appendix> argL0 ; # com/naqqa/elasticsearch/search/aggs/bucket/histogram/DateHistogramAggregator$$Lambda+0x000001f518160830
instanceKlass com/naqqa/elasticsearch/search/aggs/bucket/histogram/DateHistogramBucket
instanceKlass com/naqqa/elasticsearch/search/aggs/MultiBucketsAggregation$Bucket
instanceKlass com/naqqa/elasticsearch/action/search/AggsPhase$Result
instanceKlass com/naqqa/elasticsearch/search/aggs/support/BucketArrays
instanceKlass com/naqqa/elasticsearch/common/collect/LongLongHashMap
instanceKlass java/time/zone/ZoneOffsetTransition
instanceKlass java/time/ZonedDateTime
instanceKlass java/time/chrono/ChronoZonedDateTime
instanceKlass com/naqqa/elasticsearch/action/search/AggsPhase$AggsCollector$1
instanceKlass com/naqqa/elasticsearch/common/collect/LongObjectHashMap
instanceKlass com/naqqa/elasticsearch/common/collect/LongArrayList
instanceKlass com/naqqa/elasticsearch/search/aggs/support/BucketOrds
instanceKlass com/naqqa/elasticsearch/search/aggs/support/DocValuesAdapters$3
instanceKlass com/naqqa/elasticsearch/search/aggs/support/DocValuesAdapters
instanceKlass com/naqqa/elasticsearch/search/aggs/support/ParamsHelper
instanceKlass  @bci com/naqqa/elasticsearch/search/aggs/AggregatorFactories <clinit> ()V 511 <appendix> argL0 ; # com/naqqa/elasticsearch/search/aggs/AggregatorFactories$$Lambda+0x000001f51815e328
instanceKlass  @bci com/naqqa/elasticsearch/search/aggs/AggregatorFactories <clinit> ()V 500 <appendix> argL0 ; # com/naqqa/elasticsearch/search/aggs/AggregatorFactories$$Lambda+0x000001f51815dc78
instanceKlass  @bci com/naqqa/elasticsearch/search/aggs/AggregatorFactories <clinit> ()V 489 <appendix> argL0 ; # com/naqqa/elasticsearch/search/aggs/AggregatorFactories$$Lambda+0x000001f51815d818
instanceKlass  @bci com/naqqa/elasticsearch/search/aggs/AggregatorFactories <clinit> ()V 478 <appendix> argL0 ; # com/naqqa/elasticsearch/search/aggs/AggregatorFactories$$Lambda+0x000001f51815d3b0
instanceKlass  @bci com/naqqa/elasticsearch/search/aggs/AggregatorFactories <clinit> ()V 467 <appendix> argL0 ; # com/naqqa/elasticsearch/search/aggs/AggregatorFactories$$Lambda+0x000001f51815cf48
instanceKlass  @bci com/naqqa/elasticsearch/search/aggs/AggregatorFactories <clinit> ()V 456 <appendix> argL0 ; # com/naqqa/elasticsearch/search/aggs/AggregatorFactories$$Lambda+0x000001f51815c8b8
instanceKlass com/naqqa/elasticsearch/search/aggs/bucket/nested/ParentAggregator
instanceKlass  @bci com/naqqa/elasticsearch/search/aggs/AggregatorFactories <clinit> ()V 445 <appendix> argL0 ; # com/naqqa/elasticsearch/search/aggs/AggregatorFactories$$Lambda+0x000001f51815c4a0
instanceKlass com/naqqa/elasticsearch/search/aggs/bucket/nested/ChildrenAggregator
instanceKlass  @bci com/naqqa/elasticsearch/search/aggs/AggregatorFactories <clinit> ()V 434 <appendix> argL0 ; # com/naqqa/elasticsearch/search/aggs/AggregatorFactories$$Lambda+0x000001f51815c088
instanceKlass com/naqqa/elasticsearch/search/aggs/bucket/nested/ReverseNestedAggregator
instanceKlass  @bci com/naqqa/elasticsearch/search/aggs/AggregatorFactories <clinit> ()V 423 <appendix> argL0 ; # com/naqqa/elasticsearch/search/aggs/AggregatorFactories$$Lambda+0x000001f51815bc70
instanceKlass com/naqqa/elasticsearch/search/aggs/bucket/nested/NestedAggregator
instanceKlass  @bci com/naqqa/elasticsearch/search/aggs/AggregatorFactories <clinit> ()V 412 <appendix> argL0 ; # com/naqqa/elasticsearch/search/aggs/AggregatorFactories$$Lambda+0x000001f51815b610
instanceKlass com/naqqa/elasticsearch/search/aggs/bucket/filter/MissingAggregator
instanceKlass  @bci com/naqqa/elasticsearch/search/aggs/AggregatorFactories <clinit> ()V 402 <appendix> argL0 ; # com/naqqa/elasticsearch/search/aggs/AggregatorFactories$$Lambda+0x000001f51815b1f8
instanceKlass com/naqqa/elasticsearch/search/aggs/bucket/filter/GlobalAggregator
instanceKlass  @bci com/naqqa/elasticsearch/search/aggs/AggregatorFactories <clinit> ()V 392 <appendix> argL0 ; # com/naqqa/elasticsearch/search/aggs/AggregatorFactories$$Lambda+0x000001f51815ade0
instanceKlass  @bci com/naqqa/elasticsearch/search/aggs/AggregatorFactories <clinit> ()V 382 <appendix> argL0 ; # com/naqqa/elasticsearch/search/aggs/AggregatorFactories$$Lambda+0x000001f51815a730
instanceKlass com/naqqa/elasticsearch/search/aggs/bucket/filter/FilterAggregator
instanceKlass  @bci com/naqqa/elasticsearch/search/aggs/AggregatorFactories <clinit> ()V 372 <appendix> argL0 ; # com/naqqa/elasticsearch/search/aggs/AggregatorFactories$$Lambda+0x000001f51815a0d0
instanceKlass  @bci com/naqqa/elasticsearch/search/aggs/AggregatorFactories <clinit> ()V 362 <appendix> argL0 ; # com/naqqa/elasticsearch/search/aggs/AggregatorFactories$$Lambda+0x000001f518159c68
instanceKlass  @bci com/naqqa/elasticsearch/search/aggs/AggregatorFactories <clinit> ()V 352 <appendix> argL0 ; # com/naqqa/elasticsearch/search/aggs/AggregatorFactories$$Lambda+0x000001f518159800
instanceKlass  @bci com/naqqa/elasticsearch/search/aggs/AggregatorFactories <clinit> ()V 342 <appendix> argL0 ; # com/naqqa/elasticsearch/search/aggs/AggregatorFactories$$Lambda+0x000001f5181593a0
instanceKlass  @bci com/naqqa/elasticsearch/search/aggs/AggregatorFactories <clinit> ()V 332 <appendix> argL0 ; # com/naqqa/elasticsearch/search/aggs/AggregatorFactories$$Lambda+0x000001f518158d00
instanceKlass com/naqqa/elasticsearch/search/aggs/bucket/range/DateRangeAggregator
instanceKlass  @bci com/naqqa/elasticsearch/search/aggs/AggregatorFactories <clinit> ()V 322 <appendix> argL0 ; # com/naqqa/elasticsearch/search/aggs/AggregatorFactories$$Lambda+0x000001f5181588e8
instanceKlass  @bci com/naqqa/elasticsearch/search/aggs/AggregatorFactories <clinit> ()V 312 <appendix> argL0 ; # com/naqqa/elasticsearch/search/aggs/AggregatorFactories$$Lambda+0x000001f518158248
instanceKlass  @bci com/naqqa/elasticsearch/search/aggs/AggregatorFactories <clinit> ()V 302 <appendix> argL0 ; # com/naqqa/elasticsearch/search/aggs/AggregatorFactories$$Lambda+0x000001f518157af8
instanceKlass  @bci com/naqqa/elasticsearch/search/aggs/AggregatorFactories <clinit> ()V 292 <appendix> argL0 ; # com/naqqa/elasticsearch/search/aggs/AggregatorFactories$$Lambda+0x000001f518157690
instanceKlass  @bci com/naqqa/elasticsearch/search/aggs/AggregatorFactories <clinit> ()V 282 <appendix> argL0 ; # com/naqqa/elasticsearch/search/aggs/AggregatorFactories$$Lambda+0x000001f518156fe0
instanceKlass  @bci com/naqqa/elasticsearch/search/aggs/AggregatorFactories <clinit> ()V 272 <appendix> argL0 ; # com/naqqa/elasticsearch/search/aggs/AggregatorFactories$$Lambda+0x000001f518156930
instanceKlass com/naqqa/elasticsearch/search/aggs/bucket/terms/SignificantTextAggregator
instanceKlass  @bci com/naqqa/elasticsearch/search/aggs/AggregatorFactories <clinit> ()V 262 <appendix> argL0 ; # com/naqqa/elasticsearch/search/aggs/AggregatorFactories$$Lambda+0x000001f518156518
instanceKlass  @bci com/naqqa/elasticsearch/search/aggs/AggregatorFactories <clinit> ()V 252 <appendix> argL0 ; # com/naqqa/elasticsearch/search/aggs/AggregatorFactories$$Lambda+0x000001f518155e68
instanceKlass  @bci com/naqqa/elasticsearch/search/aggs/AggregatorFactories <clinit> ()V 242 <appendix> argL0 ; # com/naqqa/elasticsearch/search/aggs/AggregatorFactories$$Lambda+0x000001f518155a00
instanceKlass  @bci com/naqqa/elasticsearch/search/aggs/AggregatorFactories <clinit> ()V 232 <appendix> argL0 ; # com/naqqa/elasticsearch/search/aggs/AggregatorFactories$$Lambda+0x000001f518155358
instanceKlass com/naqqa/elasticsearch/search/aggs/MultiBucketsAggregation
instanceKlass  @bci com/naqqa/elasticsearch/search/aggs/AggregatorFactories <clinit> ()V 222 <appendix> argL0 ; # com/naqqa/elasticsearch/search/aggs/AggregatorFactories$$Lambda+0x000001f518154868
instanceKlass  @bci com/naqqa/elasticsearch/search/aggs/AggregatorFactories <clinit> ()V 212 <appendix> argL0 ; # com/naqqa/elasticsearch/search/aggs/AggregatorFactories$$Lambda+0x000001f518154210
instanceKlass  @bci com/naqqa/elasticsearch/search/aggs/AggregatorFactories <clinit> ()V 202 <appendix> argL0 ; # com/naqqa/elasticsearch/search/aggs/AggregatorFactories$$Lambda+0x000001f518153b98
instanceKlass  @bci com/naqqa/elasticsearch/search/aggs/AggregatorFactories <clinit> ()V 192 <appendix> argL0 ; # com/naqqa/elasticsearch/search/aggs/AggregatorFactories$$Lambda+0x000001f518153520
instanceKlass  @bci com/naqqa/elasticsearch/search/aggs/AggregatorFactories <clinit> ()V 182 <appendix> argL0 ; # com/naqqa/elasticsearch/search/aggs/AggregatorFactories$$Lambda+0x000001f518152ec0
instanceKlass  @bci com/naqqa/elasticsearch/search/aggs/AggregatorFactories <clinit> ()V 172 <appendix> argL0 ; # com/naqqa/elasticsearch/search/aggs/AggregatorFactories$$Lambda+0x000001f518152858
instanceKlass  @bci com/naqqa/elasticsearch/search/aggs/AggregatorFactories <clinit> ()V 162 <appendix> argL0 ; # com/naqqa/elasticsearch/search/aggs/AggregatorFactories$$Lambda+0x000001f518152200
instanceKlass  @bci com/naqqa/elasticsearch/search/aggs/AggregatorFactories <clinit> ()V 152 <appendix> argL0 ; # com/naqqa/elasticsearch/search/aggs/AggregatorFactories$$Lambda+0x000001f518151ba8
instanceKlass  @bci com/naqqa/elasticsearch/search/aggs/AggregatorFactories <clinit> ()V 142 <appendix> argL0 ; # com/naqqa/elasticsearch/search/aggs/AggregatorFactories$$Lambda+0x000001f518151550
instanceKlass  @bci com/naqqa/elasticsearch/search/aggs/AggregatorFactories <clinit> ()V 132 <appendix> argL0 ; # com/naqqa/elasticsearch/search/aggs/AggregatorFactories$$Lambda+0x000001f518150ee8
instanceKlass  @bci com/naqqa/elasticsearch/search/aggs/AggregatorFactories <clinit> ()V 122 <appendix> argL0 ; # com/naqqa/elasticsearch/search/aggs/AggregatorFactories$$Lambda+0x000001f518150880
instanceKlass  @bci com/naqqa/elasticsearch/search/aggs/AggregatorFactories <clinit> ()V 112 <appendix> argL0 ; # com/naqqa/elasticsearch/search/aggs/AggregatorFactories$$Lambda+0x000001f518150220
instanceKlass  @bci com/naqqa/elasticsearch/search/aggs/AggregatorFactories <clinit> ()V 102 <appendix> argL0 ; # com/naqqa/elasticsearch/search/aggs/AggregatorFactories$$Lambda+0x000001f51814f9d0
instanceKlass  @bci com/naqqa/elasticsearch/search/aggs/AggregatorFactories <clinit> ()V 92 <appendix> argL0 ; # com/naqqa/elasticsearch/search/aggs/AggregatorFactories$$Lambda+0x000001f51814f358
instanceKlass  @bci com/naqqa/elasticsearch/search/aggs/AggregatorFactories <clinit> ()V 82 <appendix> argL0 ; # com/naqqa/elasticsearch/search/aggs/AggregatorFactories$$Lambda+0x000001f51814ece0
instanceKlass  @bci com/naqqa/elasticsearch/search/aggs/AggregatorFactories <clinit> ()V 72 <appendix> argL0 ; # com/naqqa/elasticsearch/search/aggs/AggregatorFactories$$Lambda+0x000001f51814e670
instanceKlass  @bci com/naqqa/elasticsearch/search/aggs/AggregatorFactories <clinit> ()V 62 <appendix> argL0 ; # com/naqqa/elasticsearch/search/aggs/AggregatorFactories$$Lambda+0x000001f51814dfe0
instanceKlass  @bci com/naqqa/elasticsearch/search/aggs/AggregatorFactories <clinit> ()V 52 <appendix> argL0 ; # com/naqqa/elasticsearch/search/aggs/AggregatorFactories$$Lambda+0x000001f51814d958
instanceKlass  @bci com/naqqa/elasticsearch/search/aggs/AggregatorFactories <clinit> ()V 42 <appendix> argL0 ; # com/naqqa/elasticsearch/search/aggs/AggregatorFactories$$Lambda+0x000001f51814d2e8
instanceKlass  @bci com/naqqa/elasticsearch/search/aggs/AggregatorFactories <clinit> ()V 32 <appendix> argL0 ; # com/naqqa/elasticsearch/search/aggs/AggregatorFactories$$Lambda+0x000001f51814cc78
instanceKlass  @bci com/naqqa/elasticsearch/search/aggs/AggregatorFactories <clinit> ()V 22 <appendix> argL0 ; # com/naqqa/elasticsearch/search/aggs/AggregatorFactories$$Lambda+0x000001f51814c608
instanceKlass  @bci com/naqqa/elasticsearch/search/aggs/AggregatorFactories <clinit> ()V 12 <appendix> argL0 ; # com/naqqa/elasticsearch/search/aggs/AggregatorFactories$$Lambda+0x000001f51814bf98
instanceKlass com/naqqa/elasticsearch/search/aggs/SingleValueMetric
instanceKlass com/naqqa/elasticsearch/search/aggs/InternalAggregation
instanceKlass com/naqqa/elasticsearch/search/aggs/AggParseContext
instanceKlass com/naqqa/elasticsearch/search/aggs/AggregatorFactories$AggParser
instanceKlass com/naqqa/elasticsearch/search/aggs/Aggregator
instanceKlass com/naqqa/elasticsearch/search/aggs/AggregatorFactories
instanceKlass com/naqqa/elasticsearch/action/search/AggsPhase$LeafValuesLookup
instanceKlass com/naqqa/elasticsearch/search/aggs/support/ValuesLookup
instanceKlass com/naqqa/elasticsearch/action/search/AggsPhase$AggsCollector
instanceKlass com/naqqa/elasticsearch/search/aggs/support/MultiBucketConsumer
instanceKlass java/time/temporal/TemporalQueries$7
instanceKlass java/time/temporal/TemporalQueries$6
instanceKlass java/time/temporal/TemporalQueries$5
instanceKlass java/time/temporal/TemporalQueries$4
instanceKlass java/time/temporal/TemporalQueries$3
instanceKlass java/time/temporal/TemporalQueries$2
instanceKlass java/time/temporal/TemporalQueries$1
instanceKlass java/time/temporal/TemporalQueries
instanceKlass java/time/LocalTime
instanceKlass java/time/LocalDate
instanceKlass java/time/chrono/ChronoLocalDate
instanceKlass  @bci java/util/regex/Pattern CIRange (II)Ljava/util/regex/Pattern$CharPredicate; 2 <appendix> member <vmtarget> ; # java/util/regex/Pattern$$Lambda+0x000001f5180d5b30
instanceKlass  @bci java/util/regex/Pattern SingleI (II)Ljava/util/regex/Pattern$BmpCharPredicate; 2 <appendix> member <vmtarget> ; # java/util/regex/Pattern$$Lambda+0x000001f5180d58a8
instanceKlass java/time/format/Parsed
instanceKlass java/time/format/DateTimeParseContext
instanceKlass java/text/ParsePosition
instanceKlass  @bci java/time/Instant parse (Ljava/lang/CharSequence;)Ljava/time/Instant; 4 <appendix> argL0 ; # java/time/Instant$$Lambda+0x000001f5180d5018
instanceKlass java/time/Instant
instanceKlass com/naqqa/elasticsearch/action/search/AggsWiringTest
instanceKlass  @bci com/naqqa/elasticsearch/action/get/TransportGetAction mget (Lcom/naqqa/elasticsearch/cluster/routing/RoutingTable;Lcom/naqqa/elasticsearch/action/get/MultiGetRequest;)Lcom/naqqa/elasticsearch/action/get/MultiGetResponse; 433 <appendix> argL0 ; # com/naqqa/elasticsearch/action/get/TransportGetAction$$Lambda+0x000001f518149778
instanceKlass com/naqqa/elasticsearch/action/get/ShardGetService$ShardMultiGetResponse
instanceKlass  @bci com/naqqa/elasticsearch/action/get/TransportGetAction mget (Lcom/naqqa/elasticsearch/cluster/routing/RoutingTable;Lcom/naqqa/elasticsearch/action/get/MultiGetRequest;)Lcom/naqqa/elasticsearch/action/get/MultiGetResponse; 150 <appendix> argL0 ; # com/naqqa/elasticsearch/action/get/TransportGetAction$$Lambda+0x000001f5181492f8
instanceKlass com/naqqa/elasticsearch/action/get/TransportGetAction$1
instanceKlass  @bci com/naqqa/elasticsearch/action/get/TransportGetAction connectionFor (Ljava/lang/String;)Lcom/naqqa/elasticsearch/transport/Connection; 6 <appendix> member <vmtarget> ; # com/naqqa/elasticsearch/action/get/TransportGetAction$$Lambda+0x000001f518148460
instanceKlass  @bci com/naqqa/elasticsearch/action/get/TransportGetAction get (Lcom/naqqa/elasticsearch/cluster/routing/RoutingTable;Lcom/naqqa/elasticsearch/action/get/GetRequest;)Lcom/naqqa/elasticsearch/action/get/GetResponse; 134 <appendix> argL0 ; # com/naqqa/elasticsearch/action/get/TransportGetAction$$Lambda+0x000001f518148248
instanceKlass com/naqqa/elasticsearch/action/get/ShardGetService$ShardGetResponse
instanceKlass com/naqqa/elasticsearch/action/get/TransportGetAction
instanceKlass com/naqqa/elasticsearch/action/search/ClusterSearchTestSupport$Cluster
instanceKlass  @bci com/naqqa/elasticsearch/index/engine/InternalEngine startBackgroundRefresh ()V 35 <appendix> member <vmtarget> ; # com/naqqa/elasticsearch/index/engine/InternalEngine$$Lambda+0x000001f518143cd0
instanceKlass  @bci com/naqqa/elasticsearch/index/engine/InternalEngine startBackgroundRefresh ()V 19 <appendix> argL0 ; # com/naqqa/elasticsearch/index/engine/InternalEngine$$Lambda+0x000001f518143ab8
instanceKlass  @bci com/naqqa/elasticsearch/action/get/ShardGetService <init> (Lcom/naqqa/elasticsearch/transport/TransportService;Ljava/util/function/Function;)V 35 <appendix> member <vmtarget> ; # com/naqqa/elasticsearch/action/get/ShardGetService$$Lambda+0x000001f518143898
instanceKlass  @bci com/naqqa/elasticsearch/action/get/ShardGetService <init> (Lcom/naqqa/elasticsearch/transport/TransportService;Ljava/util/function/Function;)V 29 <appendix> argL0 ; # com/naqqa/elasticsearch/action/get/ShardGetService$$Lambda+0x000001f518143680
instanceKlass com/naqqa/elasticsearch/action/get/ShardGetService$ShardMultiGetRequest
instanceKlass  @bci com/naqqa/elasticsearch/action/get/ShardGetService <init> (Lcom/naqqa/elasticsearch/transport/TransportService;Ljava/util/function/Function;)V 18 <appendix> member <vmtarget> ; # com/naqqa/elasticsearch/action/get/ShardGetService$$Lambda+0x000001f518143218
instanceKlass  @bci com/naqqa/elasticsearch/action/get/ShardGetService <init> (Lcom/naqqa/elasticsearch/transport/TransportService;Ljava/util/function/Function;)V 12 <appendix> argL0 ; # com/naqqa/elasticsearch/action/get/ShardGetService$$Lambda+0x000001f518143000
instanceKlass com/naqqa/elasticsearch/action/get/ShardGetService$ShardGetRequest
instanceKlass  @bci com/naqqa/elasticsearch/action/search/ClusterSearchTestSupport$Node <init> (Ljava/lang/String;)V 107 <appendix> member <vmtarget> ; # com/naqqa/elasticsearch/action/search/ClusterSearchTestSupport$Node$$Lambda+0x000001f518147ab8
instanceKlass com/naqqa/elasticsearch/action/get/ShardGetService
instanceKlass  @bci com/naqqa/elasticsearch/action/search/ClusterSearchTestSupport$Node <init> (Ljava/lang/String;)V 81 <appendix> member <vmtarget> ; # com/naqqa/elasticsearch/action/search/ClusterSearchTestSupport$Node$$Lambda+0x000001f518147670
instanceKlass com/naqqa/elasticsearch/action/search/ClusterSearchTestSupport$Node
instanceKlass com/naqqa/elasticsearch/action/search/ClusterSearchTestSupport
instanceKlass com/naqqa/elasticsearch/action/get/TransportGetActionTest
instanceKlass  @bci com/naqqa/elasticsearch/action/write/TransportUpdateAction attempt (Lcom/naqqa/elasticsearch/rest/document/DocumentActionService$UpdateRequest;Lcom/naqqa/elasticsearch/action/write/RefreshPolicy;)Lcom/naqqa/elasticsearch/rest/document/DocumentActionService$UpdateResult; 37 <appendix> member <vmtarget> ; # com/naqqa/elasticsearch/action/write/TransportUpdateAction$$Lambda+0x000001f518146a18
instanceKlass  @bci com/naqqa/elasticsearch/cluster/support/FakeNetwork send (Lcom/naqqa/elasticsearch/cluster/node/DiscoveryNode;Lcom/naqqa/elasticsearch/cluster/node/DiscoveryNode;Ljava/lang/String;[BLcom/naqqa/elasticsearch/cluster/discovery/ClusterTransport$TransportResponseHandler;)V 107 <appendix> form vmentry <vmtarget> ; # java/lang/invoke/LambdaForm$DMH+0x000001f518142400
instanceKlass  @bci com/naqqa/elasticsearch/action/byquery/UpdateByQueryAction execute (Ljava/lang/String;Ljava/util/Map;Ljava/util/function/UnaryOperator;Lcom/naqqa/elasticsearch/action/byquery/ByQueryOptions;)Lcom/naqqa/elasticsearch/action/byquery/BulkByScrollResponse; 161 <appendix> member <vmtarget> ; # com/naqqa/elasticsearch/action/byquery/UpdateByQueryAction$$Lambda+0x000001f5181463e8
instanceKlass com/naqqa/elasticsearch/action/write/TransportUpdateAction
instanceKlass  @bci com/naqqa/elasticsearch/action/byquery/UpdateByQueryAction execute (Ljava/lang/String;Ljava/util/Map;Ljava/util/function/UnaryOperator;Lcom/naqqa/elasticsearch/action/byquery/ByQueryOptions;)Lcom/naqqa/elasticsearch/action/byquery/BulkByScrollResponse; 62 <appendix> member <vmtarget> ; # com/naqqa/elasticsearch/action/byquery/UpdateByQueryAction$$Lambda+0x000001f518145fc0
instanceKlass com/naqqa/elasticsearch/action/write/UpdateScriptExecutor
instanceKlass  @bci com/naqqa/elasticsearch/action/byquery/ByQueryActionsTest updateByQueryAppliesTransformToMatchedDocs ()V 111 <appendix> argL0 ; # com/naqqa/elasticsearch/action/byquery/ByQueryActionsTest$$Lambda+0x000001f518145b78
instanceKlass  @bci com/naqqa/elasticsearch/action/byquery/UpdateByQueryAction <init> (Lcom/naqqa/elasticsearch/action/write/RelocationAwareRouter;Lcom/naqqa/elasticsearch/action/byquery/ByQuerySearchHooks;Lcom/naqqa/elasticsearch/monitor/tasks/TaskManager;Lcom/naqqa/elasticsearch/action/byquery/ThrottleRegistry;)V 27 <appendix> member <vmtarget> ; # com/naqqa/elasticsearch/action/byquery/UpdateByQueryAction$$Lambda+0x000001f518145958
instanceKlass com/naqqa/elasticsearch/action/byquery/UpdateByQueryAction
instanceKlass com/naqqa/elasticsearch/codec/docvalues/NumericDocValuesReader
instanceKlass com/naqqa/elasticsearch/codec/points/BKDReader
instanceKlass com/naqqa/elasticsearch/codec/NumericUtils
instanceKlass com/naqqa/elasticsearch/codec/docvalues/NumericDocValuesWriter
instanceKlass com/naqqa/elasticsearch/codec/points/BKDWriter$Point
instanceKlass com/naqqa/elasticsearch/codec/points/BKDWriter
instanceKlass  @bci jdk/internal/net/http/common/Utils getIntegerProperty (Ljava/lang/String;I)I 2 <appendix> form vmentry <vmtarget> ; # java/lang/invoke/LambdaForm$DMH+0x000001f518142000
instanceKlass  @bci com/naqqa/elasticsearch/index/engine/segment/SegmentWriter addPoint (Ljava/util/Map;Lcom/naqqa/elasticsearch/index/mapper/IndexableField;I)V 82 <appendix> member <vmtarget> ; # com/naqqa/elasticsearch/index/engine/segment/SegmentWriter$$Lambda+0x000001f518144678
instanceKlass  @cpi com/naqqa/elasticsearch/index/engine/segment/SegmentWriter 886 form vmentry <vmtarget> ; # java/lang/invoke/LambdaForm$DMH+0x000001f518141c00
instanceKlass com/naqqa/elasticsearch/index/engine/segment/SegmentWriter$PointBuild
instanceKlass  @bci com/naqqa/elasticsearch/index/engine/segment/SegmentWriter write (Lcom/naqqa/elasticsearch/store/Directory;Ljava/lang/String;Ljava/util/List;)Lcom/naqqa/elasticsearch/codec/segment/SegmentInfo; 547 <appendix> member <vmtarget> ; # com/naqqa/elasticsearch/index/engine/segment/SegmentWriter$$Lambda+0x000001f518144238
instanceKlass  @bci com/naqqa/elasticsearch/index/engine/segment/SegmentWriter write (Lcom/naqqa/elasticsearch/store/Directory;Ljava/lang/String;Ljava/util/List;)Lcom/naqqa/elasticsearch/codec/segment/SegmentInfo; 523 <appendix> member <vmtarget> ; # com/naqqa/elasticsearch/index/engine/segment/SegmentWriter$$Lambda+0x000001f518144000
instanceKlass com/naqqa/elasticsearch/index/mapper/NumericUtils
instanceKlass  @bci com/naqqa/elasticsearch/codec/CodecIntegrationTest writesAndReadsBackAFullSegment ()V 532 <appendix> form vmentry <vmtarget> ; # java/lang/invoke/LambdaForm$MH+0x000001f518141800
# instanceKlass java/lang/invoke/LambdaForm$MH+0x000001f518141400
instanceKlass  @bci com/naqqa/elasticsearch/codec/CodecIntegrationTest writesAndReadsBackAFullSegment ()V 532 <appendix> form names 6 function resolvedHandle form vmentry <vmtarget> ; # java/lang/invoke/LambdaForm$DMH+0x000001f518141000
instanceKlass  @bci com/naqqa/elasticsearch/codec/CodecIntegrationTest writesAndReadsBackAFullSegment ()V 532 <appendix> argL3 form vmentry <vmtarget> ; # java/lang/invoke/LambdaForm$MH+0x000001f518140c00
# instanceKlass java/lang/invoke/LambdaForm$MH+0x000001f518140800
# instanceKlass java/lang/invoke/LambdaForm$MH+0x000001f518140400
# instanceKlass java/lang/invoke/LambdaForm$MH+0x000001f518140000
# instanceKlass java/lang/invoke/LambdaForm$MH+0x000001f51813bc00
instanceKlass  @bci com/naqqa/elasticsearch/codec/CodecIntegrationTest writesAndReadsBackAFullSegment ()V 532 <appendix> form names 10 function resolvedHandle form vmentry <vmtarget> ; # java/lang/invoke/LambdaForm$DMH+0x000001f51813b800
instanceKlass  @bci com/naqqa/elasticsearch/codec/CodecIntegrationTest writesAndReadsBackAFullSegment ()V 532 <appendix> argL1 form vmentry <vmtarget> ; # java/lang/invoke/LambdaForm$MH+0x000001f51813b400
# instanceKlass java/lang/invoke/LambdaForm$MH+0x000001f51813b000
# instanceKlass java/lang/invoke/LambdaForm$MH+0x000001f51813ac00
# instanceKlass java/lang/invoke/LambdaForm$MH+0x000001f51813a800
instanceKlass  @bci com/naqqa/elasticsearch/action/byquery/ByQueryActionsTest rethrottleReducesTotalRunTimeOfASlowBatchAction ()V 163 <appendix> member <vmtarget> ; # com/naqqa/elasticsearch/action/byquery/ByQueryActionsTest$$Lambda+0x000001f51813fbc0
instanceKlass com/naqqa/elasticsearch/action/byquery/RethrottleAction
instanceKlass  @bci com/naqqa/elasticsearch/action/write/TransportIndexAction execute (Lcom/naqqa/elasticsearch/rest/document/DocumentActionService$IndexRequest;Lcom/naqqa/elasticsearch/index/replication/WaitForActiveShards;Z)Lcom/naqqa/elasticsearch/rest/document/DocumentActionService$IndexResult; 101 <adapter> ; # java/lang/invoke/LambdaForm$MH+0x000001f51813a400
# instanceKlass java/lang/invoke/LambdaForm$DMH+0x000001f51813a000
instanceKlass  @bci com/naqqa/elasticsearch/action/write/TransportIndexAction execute (Lcom/naqqa/elasticsearch/rest/document/DocumentActionService$IndexRequest;Lcom/naqqa/elasticsearch/index/replication/WaitForActiveShards;Z)Lcom/naqqa/elasticsearch/rest/document/DocumentActionService$IndexResult; 101 <appendix> form vmentry <vmtarget> ; # java/lang/invoke/LambdaForm$DMH+0x000001f518139c00
instanceKlass  @bci com/naqqa/elasticsearch/action/write/TransportIndexAction execute (Lcom/naqqa/elasticsearch/rest/document/DocumentActionService$IndexRequest;Lcom/naqqa/elasticsearch/index/replication/WaitForActiveShards;Z)Lcom/naqqa/elasticsearch/rest/document/DocumentActionService$IndexResult; 101 <appendix> member <vmtarget> ; # com/naqqa/elasticsearch/action/write/TransportIndexAction$$Lambda+0x000001f51813f590
instanceKlass  @cpi com/naqqa/elasticsearch/action/write/TransportIndexAction 253 form vmentry <vmtarget> ; # java/lang/invoke/LambdaForm$DMH+0x000001f518139800
instanceKlass  @bci com/naqqa/elasticsearch/http/nio/NioHttpServerTransport dispatch (Lcom/naqqa/elasticsearch/http/nio/Connection;Lcom/naqqa/elasticsearch/http/nio/ParsedRequest;)V 27 <appendix> form vmentry <vmtarget> ; # java/lang/invoke/LambdaForm$DMH+0x000001f518139400
instanceKlass  @bci com/naqqa/elasticsearch/action/byquery/ReindexAction execute (Ljava/lang/String;Ljava/util/Map;Ljava/lang/String;Ljava/util/function/UnaryOperator;Lcom/naqqa/elasticsearch/action/byquery/ByQueryOptions;)Lcom/naqqa/elasticsearch/action/byquery/BulkByScrollResponse; 138 <appendix> member <vmtarget> ; # com/naqqa/elasticsearch/action/byquery/ReindexAction$$Lambda+0x000001f51813f168
instanceKlass  @bci java/util/function/UnaryOperator identity ()Ljava/util/function/UnaryOperator; 0 <appendix> argL0 ; # java/util/function/UnaryOperator$$Lambda+0x000001f5180d4dc8
instanceKlass java/util/function/UnaryOperator
instanceKlass  @bci com/naqqa/elasticsearch/action/byquery/ReindexAction <init> (Lcom/naqqa/elasticsearch/action/write/RelocationAwareRouter;Lcom/naqqa/elasticsearch/action/byquery/ByQuerySearchHooks;Lcom/naqqa/elasticsearch/monitor/tasks/TaskManager;Lcom/naqqa/elasticsearch/action/byquery/ThrottleRegistry;)V 39 <appendix> member <vmtarget> ; # com/naqqa/elasticsearch/action/byquery/ReindexAction$$Lambda+0x000001f51813ef48
instanceKlass com/naqqa/elasticsearch/action/write/TransportIndexAction
instanceKlass com/naqqa/elasticsearch/action/byquery/ReindexAction
instanceKlass  @bci com/naqqa/elasticsearch/action/byquery/ByQueryActionsTest reindexCopiesMatchingDocsFromSourceToFreshDestination ()V 198 <appendix> member <vmtarget> ; # com/naqqa/elasticsearch/action/byquery/ByQueryActionsTest$$Lambda+0x000001f51813e6a0
instanceKlass  @bci com/naqqa/elasticsearch/action/byquery/TermVectorsAction analyzeField (Lcom/naqqa/elasticsearch/analysis/Analyzer;Ljava/lang/String;Ljava/lang/String;)Ljava/util/Map; 115 <appendix> argL0 ; # com/naqqa/elasticsearch/action/byquery/TermVectorsAction$$Lambda+0x000001f51813e468
instanceKlass com/naqqa/elasticsearch/common/json/JsonParser$1
instanceKlass com/naqqa/elasticsearch/common/xcontent/AbstractXContentParser$1
instanceKlass java/io/Reader
instanceKlass com/naqqa/elasticsearch/common/xcontent/AbstractXContentParser
instanceKlass com/naqqa/elasticsearch/common/xcontent/XContentParser
instanceKlass com/naqqa/elasticsearch/action/write/SourceUtils
instanceKlass com/naqqa/elasticsearch/action/byquery/TermVectorsAction
instanceKlass com/naqqa/elasticsearch/action/byquery/MultiTermVectorsAction
instanceKlass com/naqqa/elasticsearch/codec/norms/NormsReader
instanceKlass com/naqqa/elasticsearch/codec/norms/NormsWriter
instanceKlass com/naqqa/elasticsearch/analysis/tokenizer/WordBreak$1
instanceKlass com/naqqa/elasticsearch/analysis/tokenizer/WordBreak
instanceKlass com/naqqa/elasticsearch/analysis/FilteredText
instanceKlass com/naqqa/elasticsearch/analysis/TokenStreamComponents
instanceKlass  @bci com/naqqa/elasticsearch/analysis/OffsetCorrector <clinit> ()V 0 <appendix> argL0 ; # com/naqqa/elasticsearch/analysis/OffsetCorrector$$Lambda+0x000001f5181368a8
instanceKlass  @cpi com/naqqa/elasticsearch/analysis/OffsetCorrector 25 form vmentry <vmtarget> ; # java/lang/invoke/LambdaForm$DMH+0x000001f518139000
instanceKlass com/naqqa/elasticsearch/analysis/OffsetCorrector
instanceKlass com/naqqa/elasticsearch/analysis/Token
instanceKlass java/util/IdentityHashMap$IdentityHashMapIterator
instanceKlass com/naqqa/elasticsearch/index/engine/GetResult
instanceKlass java/util/concurrent/atomic/Striped64$Cell
instanceKlass java/lang/invoke/MethodHandleImpl$CountingWrapper$1
instanceKlass jdk/internal/foreign/MemorySessionImpl
instanceKlass java/lang/foreign/MemorySegment$Scope
instanceKlass com/naqqa/elasticsearch/action/byquery/ShardRefresher
instanceKlass com/naqqa/elasticsearch/action/write/RefreshCoordinator$1
instanceKlass com/naqqa/elasticsearch/action/write/RefreshCoordinator
instanceKlass com/naqqa/elasticsearch/index/replication/ReplicationRequest
instanceKlass com/naqqa/elasticsearch/index/replication/ReplicationOperation
instanceKlass  @bci com/naqqa/elasticsearch/action/write/TransportDeleteAction execute (Lcom/naqqa/elasticsearch/rest/document/DocumentActionService$DeleteRequest;Lcom/naqqa/elasticsearch/index/replication/WaitForActiveShards;Z)Lcom/naqqa/elasticsearch/rest/document/DocumentActionService$DeleteResult; 67 <adapter> ; # java/lang/invoke/LambdaForm$MH+0x000001f518138c00
# instanceKlass java/lang/invoke/LambdaForm$DMH+0x000001f518138800
instanceKlass  @bci com/naqqa/elasticsearch/action/write/TransportDeleteAction execute (Lcom/naqqa/elasticsearch/rest/document/DocumentActionService$DeleteRequest;Lcom/naqqa/elasticsearch/index/replication/WaitForActiveShards;Z)Lcom/naqqa/elasticsearch/rest/document/DocumentActionService$DeleteResult; 67 <appendix> form vmentry <vmtarget> ; # java/lang/invoke/LambdaForm$DMH+0x000001f518138400
instanceKlass  @bci com/naqqa/elasticsearch/action/write/TransportDeleteAction execute (Lcom/naqqa/elasticsearch/rest/document/DocumentActionService$DeleteRequest;Lcom/naqqa/elasticsearch/index/replication/WaitForActiveShards;Z)Lcom/naqqa/elasticsearch/rest/document/DocumentActionService$DeleteResult; 67 <appendix> member <vmtarget> ; # com/naqqa/elasticsearch/action/write/TransportDeleteAction$$Lambda+0x000001f5181344d0
instanceKlass  @cpi com/naqqa/elasticsearch/action/write/TransportDeleteAction 184 form vmentry <vmtarget> ; # java/lang/invoke/LambdaForm$DMH+0x000001f518138000
instanceKlass com/naqqa/elasticsearch/index/engine/DeleteResult
instanceKlass com/naqqa/elasticsearch/action/write/ShardWriteOperation
instanceKlass com/naqqa/elasticsearch/index/replication/WaitForActiveShards
instanceKlass com/naqqa/elasticsearch/action/search/ShardSearchService$ShardFetchResponse
instanceKlass  @bci com/naqqa/elasticsearch/action/search/SearchCoordinator search (Lcom/naqqa/elasticsearch/cluster/routing/RoutingTable;Lcom/naqqa/elasticsearch/action/search/SearchRequest;)Lcom/naqqa/elasticsearch/action/search/SearchResponse; 1845 <appendix> argL0 ; # com/naqqa/elasticsearch/action/search/SearchCoordinator$$Lambda+0x000001f518132bf8
instanceKlass com/naqqa/elasticsearch/action/search/SearchCoordinator$MergedHits
instanceKlass com/naqqa/elasticsearch/action/search/SearchCoordinator$MergedHit
instanceKlass  @bci com/naqqa/elasticsearch/action/search/SearchCoordinator$2 reader ()Lcom/naqqa/elasticsearch/common/io/stream/Writeable$Reader; 5 <appendix> member <vmtarget> ; # com/naqqa/elasticsearch/action/search/SearchCoordinator$2$$Lambda+0x000001f5181323d8
# instanceKlass com/naqqa/elasticsearch/action/search/SearchCoordinator$2$$Lambda+0x000001f5181321b8
instanceKlass com/naqqa/elasticsearch/action/search/ShardSearchService$ShardQueryResponse
instanceKlass com/naqqa/elasticsearch/search/execution/ScoreDoc
instanceKlass com/naqqa/elasticsearch/search/execution/TopScoreDocCollector$2
instanceKlass com/naqqa/elasticsearch/search/similarity/BM25Similarity$BM25Scorer
instanceKlass jdk/internal/math/MathUtils
instanceKlass jdk/internal/math/DoubleToDecimal
instanceKlass com/naqqa/elasticsearch/codec/postings/PostingsReader$SkipEntry
instanceKlass com/naqqa/elasticsearch/codec/DocIdSetIterator
instanceKlass com/naqqa/elasticsearch/codec/postings/PostingsReader
instanceKlass com/naqqa/elasticsearch/codec/terms/BlockTermDictReader$Enum
instanceKlass com/naqqa/elasticsearch/search/execution/LeafCollector
instanceKlass com/naqqa/elasticsearch/search/execution/TopScoreDocCollector
instanceKlass com/naqqa/elasticsearch/search/execution/LeafReaderContext
instanceKlass com/naqqa/elasticsearch/search/similarity/SimWeight
instanceKlass com/naqqa/elasticsearch/search/similarity/SimScorer
instanceKlass com/naqqa/elasticsearch/search/similarity/BM25Similarity
instanceKlass java/util/concurrent/CountDownLatch
instanceKlass java/lang/ThreadBuilders$BaseThreadFactory
instanceKlass java/lang/ThreadBuilders
instanceKlass java/lang/ThreadBuilders$BaseThreadBuilder
instanceKlass java/lang/Thread$Builder$OfVirtual
instanceKlass java/lang/Thread$Builder
instanceKlass com/naqqa/elasticsearch/search/execution/SearchExecutors
instanceKlass com/naqqa/elasticsearch/search/execution/CollectorManager
instanceKlass com/naqqa/elasticsearch/search/similarity/Similarity
instanceKlass com/naqqa/elasticsearch/search/execution/IndexSearcher
instanceKlass com/naqqa/elasticsearch/action/search/EngineLeafReader
instanceKlass com/naqqa/elasticsearch/index/engine/segment/SegmentReaderSource
instanceKlass com/naqqa/elasticsearch/search/execution/LeafReader
instanceKlass com/naqqa/elasticsearch/action/search/EngineSearchContext
# instanceKlass com/naqqa/elasticsearch/index/engine/InternalEngine$$Lambda+0x000001f51812f528
instanceKlass  @bci com/naqqa/elasticsearch/index/engine/InternalEngine acquireSearcher ()Lcom/naqqa/elasticsearch/index/engine/EngineSearcher; 69 <appendix> member <vmtarget> ; # com/naqqa/elasticsearch/index/engine/InternalEngine$$Lambda+0x000001f51812f308
instanceKlass com/naqqa/elasticsearch/index/engine/EngineSearcher
instanceKlass  @bci com/naqqa/elasticsearch/action/search/AggsPhase fieldTypesFrom (Lcom/naqqa/elasticsearch/index/mapper/MapperService;)Ljava/util/function/Function; 20 <appendix> member <vmtarget> ; # com/naqqa/elasticsearch/action/search/AggsPhase$$Lambda+0x000001f51812ee90
# instanceKlass com/naqqa/elasticsearch/action/search/AggsPhase$$Lambda+0x000001f51812ec50
instanceKlass com/naqqa/elasticsearch/action/search/AggsPhase$3
instanceKlass com/naqqa/elasticsearch/action/search/AggsPhase$2
instanceKlass com/naqqa/elasticsearch/action/search/AggsPhase$1
instanceKlass com/naqqa/elasticsearch/search/aggs/support/GeoPointValuesSource
instanceKlass com/naqqa/elasticsearch/search/aggs/support/SortedSetValues
instanceKlass com/naqqa/elasticsearch/search/aggs/support/LongValuesSource
instanceKlass com/naqqa/elasticsearch/action/search/AggsPhase
instanceKlass com/naqqa/elasticsearch/action/search/QueryCodec
instanceKlass  @bci com/naqqa/elasticsearch/transport/TransportService sendRequest (Lcom/naqqa/elasticsearch/transport/Connection;Ljava/lang/String;Lcom/naqqa/elasticsearch/transport/TransportRequest;Lcom/naqqa/elasticsearch/transport/TransportRequestOptions;Lcom/naqqa/elasticsearch/transport/TransportResponseHandler;)V 57 <appendix> member <vmtarget> ; # com/naqqa/elasticsearch/transport/TransportService$$Lambda+0x000001f51812d758
instanceKlass com/naqqa/elasticsearch/action/search/SearchCoordinator$2
instanceKlass com/naqqa/elasticsearch/transport/TransportRequestOptions
instanceKlass  @bci com/naqqa/elasticsearch/transport/TransportService connectToNode (Lcom/naqqa/elasticsearch/transport/DiscoveryNode;Lcom/naqqa/elasticsearch/transport/ConnectionProfile;)Lcom/naqqa/elasticsearch/transport/Connection; 336 <appendix> member <vmtarget> ; # com/naqqa/elasticsearch/transport/TransportService$$Lambda+0x000001f51812d0d8
instanceKlass  @bci com/naqqa/elasticsearch/transport/TransportService$1 reader ()Lcom/naqqa/elasticsearch/common/io/stream/Writeable$Reader; 0 <appendix> argL0 ; # com/naqqa/elasticsearch/transport/TransportService$1$$Lambda+0x000001f51812cec0
instanceKlass com/naqqa/elasticsearch/transport/HandshakeResponse
instanceKlass com/naqqa/elasticsearch/transport/TransportService$TransportChannelImpl
instanceKlass com/naqqa/elasticsearch/transport/TransportVersion
instanceKlass  @bci com/naqqa/elasticsearch/common/util/concurrent/ThreadContext preserveContext (Ljava/lang/Runnable;)Ljava/lang/Runnable; 14 <appendix> member <vmtarget> ; # com/naqqa/elasticsearch/common/util/concurrent/ThreadContext$$Lambda+0x000001f51812c420
instanceKlass  @bci com/naqqa/elasticsearch/transport/TcpTransport dispatch (Lcom/naqqa/elasticsearch/transport/TcpChannel;[B)V 3 <appendix> member <vmtarget> ; # com/naqqa/elasticsearch/transport/TcpTransport$$Lambda+0x000001f51812c200
instanceKlass com/naqqa/elasticsearch/transport/TransportStatus
instanceKlass com/naqqa/elasticsearch/transport/MessageCodec
instanceKlass  @bci com/naqqa/elasticsearch/transport/NodeChannels channel (Lcom/naqqa/elasticsearch/transport/ConnectionProfile$ChannelType;)Lcom/naqqa/elasticsearch/transport/TcpChannel; 95 <appendix> argL0 ; # com/naqqa/elasticsearch/transport/NodeChannels$$Lambda+0x000001f518123af0
instanceKlass  @bci com/naqqa/elasticsearch/codec/CodecIntegrationTest writesAndReadsBackAFullSegment ()V 532 <adapter> ; # java/lang/invoke/LambdaForm$MH+0x000001f518128400
instanceKlass  @bci com/naqqa/elasticsearch/transport/TransportService handshakeSync (Lcom/naqqa/elasticsearch/transport/NodeChannels;J)Lcom/naqqa/elasticsearch/transport/HandshakeResponse; 72 <appendix> form vmentry <vmtarget> ; # java/lang/invoke/LambdaForm$DMH+0x000001f518128000
instanceKlass  @bci com/naqqa/elasticsearch/transport/TransportService handshakeSync (Lcom/naqqa/elasticsearch/transport/NodeChannels;J)Lcom/naqqa/elasticsearch/transport/HandshakeResponse; 72 <appendix> member <vmtarget> ; # com/naqqa/elasticsearch/transport/TransportService$$Lambda+0x000001f5181238d0
instanceKlass  @cpi com/naqqa/elasticsearch/transport/TransportService 741 form vmentry <vmtarget> ; # java/lang/invoke/LambdaForm$DMH+0x000001f518122c00
instanceKlass com/naqqa/elasticsearch/transport/TransportService$ResponseContext
instanceKlass com/naqqa/elasticsearch/transport/TransportService$1
instanceKlass  @bci com/naqqa/elasticsearch/transport/NodeChannels <init> (Lcom/naqqa/elasticsearch/transport/DiscoveryNode;Ljava/util/Map;Lcom/naqqa/elasticsearch/transport/TcpTransport;)V 176 <appendix> member <vmtarget> ; # com/naqqa/elasticsearch/transport/NodeChannels$$Lambda+0x000001f518123240
instanceKlass com/naqqa/elasticsearch/transport/NodeChannels
instanceKlass java/util/concurrent/ForkJoinTask$Aux
instanceKlass jdk/internal/util/random/RandomSupport
instanceKlass  @bci com/naqqa/elasticsearch/transport/TcpTransport openChannel (Ljava/net/InetSocketAddress;)Ljava/util/concurrent/CompletableFuture; 88 <appendix> member <vmtarget> ; # com/naqqa/elasticsearch/transport/TcpTransport$$Lambda+0x000001f518127d28
instanceKlass  @bci com/naqqa/elasticsearch/transport/TcpTransport doAccept ()V 90 <appendix> member <vmtarget> ; # com/naqqa/elasticsearch/transport/TcpTransport$$Lambda+0x000001f518127af8
instanceKlass java/util/concurrent/ConcurrentLinkedDeque$Node
instanceKlass com/naqqa/elasticsearch/transport/FrameDecoder
instanceKlass sun/nio/ch/OptionKey
instanceKlass sun/nio/ch/SocketOptionRegistry$LazyInitialization
instanceKlass sun/nio/ch/SocketOptionRegistry$RegistryKey
instanceKlass sun/nio/ch/SocketOptionRegistry
instanceKlass sun/nio/ch/ExtendedSocketOption$1
instanceKlass sun/nio/ch/ExtendedSocketOption
instanceKlass sun/nio/ch/SocketChannelImpl$DefaultOptionsHolder
instanceKlass java/util/EnumMap$EntryIterator$Entry
instanceKlass java/util/EnumMap$EnumMapIterator
instanceKlass com/naqqa/elasticsearch/transport/ConnectionProfile$Builder
instanceKlass com/naqqa/elasticsearch/transport/ConnectionProfile
instanceKlass  @bci com/naqqa/elasticsearch/action/search/SearchCoordinator connectionFor (Ljava/lang/String;)Lcom/naqqa/elasticsearch/transport/Connection; 88 <appendix> member <vmtarget> ; # com/naqqa/elasticsearch/action/search/SearchCoordinator$$Lambda+0x000001f518126c80
instanceKlass  @bci com/naqqa/elasticsearch/action/search/ShardCopySelector$RoundRobin select (Lcom/naqqa/elasticsearch/cluster/routing/ShardId;Ljava/util/List;)Lcom/naqqa/elasticsearch/cluster/routing/ShardRouting; 16 <appendix> argL0 ; # com/naqqa/elasticsearch/action/search/ShardCopySelector$RoundRobin$$Lambda+0x000001f518126a48
instanceKlass com/naqqa/elasticsearch/action/search/PreferenceResolver
instanceKlass com/naqqa/elasticsearch/common/hash/Murmur3HashFunction
instanceKlass com/naqqa/elasticsearch/action/write/ShardRouter
instanceKlass  @bci com/naqqa/elasticsearch/codec/storedfields/StoredFieldsTest roundTrip (B)V 45 <appendix> form vmentry <vmtarget> ; # java/lang/invoke/LambdaForm$MH+0x000001f518122800
instanceKlass  @bci com/naqqa/elasticsearch/codec/storedfields/StoredFieldsTest roundTrip (B)V 45 <appendix> argL3 form vmentry <vmtarget> ; # java/lang/invoke/LambdaForm$MH+0x000001f518122400
instanceKlass  @bci com/naqqa/elasticsearch/common/automaton/AutomatonTest levenshteinAutomatonMatchesBruteForce ()V 179 <appendix> argL4 argL2 form vmentry <vmtarget> ; # java/lang/invoke/LambdaForm$MH+0x000001f518122000
# instanceKlass java/lang/invoke/LambdaForm$MH+0x000001f518121c00
# instanceKlass java/lang/invoke/LambdaForm$MH+0x000001f518121800
# instanceKlass java/lang/invoke/LambdaForm$MH+0x000001f518121400
instanceKlass  @bci com/naqqa/elasticsearch/common/geo/GeoTileUtils stringEncode (J)Ljava/lang/String; 29 <appendix> argL1 argL0 form vmentry <vmtarget> ; # java/lang/invoke/LambdaForm$MH+0x000001f518121000
# instanceKlass java/lang/invoke/LambdaForm$MH+0x000001f518120c00
# instanceKlass java/lang/invoke/LambdaForm$MH+0x000001f518120800
# instanceKlass java/lang/invoke/LambdaForm$MH+0x000001f518120400
instanceKlass com/naqqa/elasticsearch/search/execution/QueryCache
instanceKlass com/naqqa/elasticsearch/search/execution/QueryCaches
instanceKlass  @bci com/naqqa/elasticsearch/action/byquery/DeleteByQueryAction execute (Ljava/lang/String;Ljava/util/Map;Lcom/naqqa/elasticsearch/action/byquery/ByQueryOptions;)Lcom/naqqa/elasticsearch/action/byquery/BulkByScrollResponse; 106 <appendix> member <vmtarget> ; # com/naqqa/elasticsearch/action/byquery/DeleteByQueryAction$$Lambda+0x000001f518125288
instanceKlass com/naqqa/elasticsearch/action/byquery/BulkByScrollExecutor$DocHandler
instanceKlass com/naqqa/elasticsearch/test/Assert
instanceKlass  @bci com/naqqa/elasticsearch/action/byquery/DeleteByQueryAction execute (Ljava/lang/String;Ljava/util/Map;Lcom/naqqa/elasticsearch/action/byquery/ByQueryOptions;)Lcom/naqqa/elasticsearch/action/byquery/BulkByScrollResponse; 97 <appendix> member <vmtarget> ; # com/naqqa/elasticsearch/action/byquery/DeleteByQueryAction$$Lambda+0x000001f518124860
instanceKlass com/naqqa/elasticsearch/action/byquery/BulkByScrollExecutor$AfterBatch
instanceKlass com/naqqa/elasticsearch/action/byquery/ThrottleController
instanceKlass com/naqqa/elasticsearch/monitor/tasks/TaskCancellationSignal
instanceKlass java/util/concurrent/ForkJoinTask
instanceKlass java/util/concurrent/CompletableFuture$AsynchronousCompletionTask
instanceKlass java/util/concurrent/CompletableFuture$AltResult
instanceKlass java/util/concurrent/CompletableFuture
instanceKlass com/naqqa/elasticsearch/monitor/tasks/Task
instanceKlass com/naqqa/elasticsearch/search/query/Term
instanceKlass com/naqqa/elasticsearch/search/query/Weight
instanceKlass com/naqqa/elasticsearch/search/advanced/common/QueryBuilderToQuery$ConversionContext
instanceKlass com/naqqa/elasticsearch/script/mustache/MustacheScriptEngine
instanceKlass com/naqqa/elasticsearch/script/expression/ExpressionScriptEngine
instanceKlass com/naqqa/elasticsearch/script/CompiledScript
instanceKlass com/naqqa/elasticsearch/script/painless/PainlessScriptEngine
instanceKlass  @bci com/naqqa/elasticsearch/script/ScriptSettings <init> ()V 55 <appendix> argL0 ; # com/naqqa/elasticsearch/script/ScriptSettings$$Lambda+0x000001f51811de18
instanceKlass  @cpi com/naqqa/elasticsearch/script/ScriptSettings 317 form vmentry <vmtarget> ; # java/lang/invoke/LambdaForm$DMH+0x000001f518120000
instanceKlass java/util/function/LongSupplier
instanceKlass com/naqqa/elasticsearch/script/ScriptSettings
instanceKlass com/naqqa/elasticsearch/script/ScriptEngine
instanceKlass com/naqqa/elasticsearch/script/ScriptService
instanceKlass com/naqqa/elasticsearch/cluster/service/ClusterStateListener
instanceKlass com/naqqa/elasticsearch/search/bridge/join/ParentChildDocMapping
instanceKlass com/naqqa/elasticsearch/search/bridge/function/FunctionSpec
instanceKlass com/naqqa/elasticsearch/search/advanced/common/QueryBuilderToQuery
instanceKlass com/naqqa/elasticsearch/index/query/QueryParseUtils
instanceKlass  @bci com/naqqa/elasticsearch/index/query/QueryParser <clinit> ()V 555 <appendix> argL0 ; # com/naqqa/elasticsearch/index/query/QueryParser$$Lambda+0x000001f518117110
instanceKlass  @bci com/naqqa/elasticsearch/index/query/QueryParser <clinit> ()V 544 <appendix> argL0 ; # com/naqqa/elasticsearch/index/query/QueryParser$$Lambda+0x000001f518116c28
instanceKlass  @bci com/naqqa/elasticsearch/index/query/QueryParser <clinit> ()V 533 <appendix> argL0 ; # com/naqqa/elasticsearch/index/query/QueryParser$$Lambda+0x000001f518116740
instanceKlass  @bci com/naqqa/elasticsearch/index/query/QueryParser <clinit> ()V 522 <appendix> argL0 ; # com/naqqa/elasticsearch/index/query/QueryParser$$Lambda+0x000001f518116258
instanceKlass  @bci com/naqqa/elasticsearch/index/query/QueryParser <clinit> ()V 511 <appendix> argL0 ; # com/naqqa/elasticsearch/index/query/QueryParser$$Lambda+0x000001f518115d70
instanceKlass  @bci com/naqqa/elasticsearch/index/query/QueryParser <clinit> ()V 500 <appendix> argL0 ; # com/naqqa/elasticsearch/index/query/QueryParser$$Lambda+0x000001f518115880
instanceKlass  @bci com/naqqa/elasticsearch/index/query/QueryParser <clinit> ()V 489 <appendix> argL0 ; # com/naqqa/elasticsearch/index/query/QueryParser$$Lambda+0x000001f518115398
instanceKlass  @bci com/naqqa/elasticsearch/index/query/QueryParser <clinit> ()V 478 <appendix> argL0 ; # com/naqqa/elasticsearch/index/query/QueryParser$$Lambda+0x000001f518114eb0
instanceKlass  @bci com/naqqa/elasticsearch/index/query/QueryParser <clinit> ()V 467 <appendix> argL0 ; # com/naqqa/elasticsearch/index/query/QueryParser$$Lambda+0x000001f5181149c0
instanceKlass com/naqqa/elasticsearch/index/query/span/SpanQueryBuilder
instanceKlass  @bci com/naqqa/elasticsearch/index/query/QueryParser <clinit> ()V 456 <appendix> argL0 ; # com/naqqa/elasticsearch/index/query/QueryParser$$Lambda+0x000001f5181142e0
instanceKlass  @bci com/naqqa/elasticsearch/index/query/QueryParser <clinit> ()V 445 <appendix> argL0 ; # com/naqqa/elasticsearch/index/query/QueryParser$$Lambda+0x000001f518113e10
instanceKlass  @bci com/naqqa/elasticsearch/index/query/QueryParser <clinit> ()V 434 <appendix> argL0 ; # com/naqqa/elasticsearch/index/query/QueryParser$$Lambda+0x000001f518113948
instanceKlass  @bci com/naqqa/elasticsearch/index/query/QueryParser <clinit> ()V 423 <appendix> argL0 ; # com/naqqa/elasticsearch/index/query/QueryParser$$Lambda+0x000001f518113480
instanceKlass  @bci com/naqqa/elasticsearch/index/query/QueryParser <clinit> ()V 412 <appendix> argL0 ; # com/naqqa/elasticsearch/index/query/QueryParser$$Lambda+0x000001f518112fb8
instanceKlass com/naqqa/elasticsearch/index/query/RankFeatureQueryBuilder$ScoreFunction
instanceKlass  @bci com/naqqa/elasticsearch/index/query/QueryParser <clinit> ()V 401 <appendix> argL0 ; # com/naqqa/elasticsearch/index/query/QueryParser$$Lambda+0x000001f5181128f8
instanceKlass  @bci com/naqqa/elasticsearch/index/query/QueryParser <clinit> ()V 390 <appendix> argL0 ; # com/naqqa/elasticsearch/index/query/QueryParser$$Lambda+0x000001f518112430
instanceKlass  @bci com/naqqa/elasticsearch/index/query/QueryParser <clinit> ()V 379 <appendix> argL0 ; # com/naqqa/elasticsearch/index/query/QueryParser$$Lambda+0x000001f518111f60
instanceKlass  @bci com/naqqa/elasticsearch/index/query/QueryParser <clinit> ()V 368 <appendix> argL0 ; # com/naqqa/elasticsearch/index/query/QueryParser$$Lambda+0x000001f518111a90
instanceKlass  @bci com/naqqa/elasticsearch/index/query/QueryParser <clinit> ()V 357 <appendix> argL0 ; # com/naqqa/elasticsearch/index/query/QueryParser$$Lambda+0x000001f5181115c0
instanceKlass  @bci com/naqqa/elasticsearch/index/query/QueryParser <clinit> ()V 346 <appendix> argL0 ; # com/naqqa/elasticsearch/index/query/QueryParser$$Lambda+0x000001f5181110f8
instanceKlass  @bci com/naqqa/elasticsearch/index/query/QueryParser <clinit> ()V 335 <appendix> argL0 ; # com/naqqa/elasticsearch/index/query/QueryParser$$Lambda+0x000001f518110c30
instanceKlass  @bci com/naqqa/elasticsearch/index/query/QueryParser <clinit> ()V 324 <appendix> argL0 ; # com/naqqa/elasticsearch/index/query/QueryParser$$Lambda+0x000001f518110768
instanceKlass  @bci com/naqqa/elasticsearch/index/query/QueryParser <clinit> ()V 313 <appendix> argL0 ; # com/naqqa/elasticsearch/index/query/QueryParser$$Lambda+0x000001f518110298
instanceKlass  @bci com/naqqa/elasticsearch/index/query/QueryParser <clinit> ()V 302 <appendix> argL0 ; # com/naqqa/elasticsearch/index/query/QueryParser$$Lambda+0x000001f518108cd0
instanceKlass  @bci com/naqqa/elasticsearch/index/query/QueryParser <clinit> ()V 292 <appendix> argL0 ; # com/naqqa/elasticsearch/index/query/QueryParser$$Lambda+0x000001f518108800
instanceKlass  @bci com/naqqa/elasticsearch/index/query/QueryParser <clinit> ()V 282 <appendix> argL0 ; # com/naqqa/elasticsearch/index/query/QueryParser$$Lambda+0x000001f518109990
instanceKlass  @bci com/naqqa/elasticsearch/index/query/QueryParser <clinit> ()V 272 <appendix> argL0 ; # com/naqqa/elasticsearch/index/query/QueryParser$$Lambda+0x000001f5181094c8
instanceKlass  @bci com/naqqa/elasticsearch/index/query/QueryParser <clinit> ()V 262 <appendix> argL0 ; # com/naqqa/elasticsearch/index/query/QueryParser$$Lambda+0x000001f518109000
instanceKlass  @bci com/naqqa/elasticsearch/index/query/QueryParser <clinit> ()V 252 <appendix> argL0 ; # com/naqqa/elasticsearch/index/query/QueryParser$$Lambda+0x000001f51810ba40
instanceKlass  @bci com/naqqa/elasticsearch/index/query/QueryParser <clinit> ()V 242 <appendix> argL0 ; # com/naqqa/elasticsearch/index/query/QueryParser$$Lambda+0x000001f51810b578
instanceKlass com/naqqa/elasticsearch/index/query/ScoreFunctionBuilder
instanceKlass  @bci com/naqqa/elasticsearch/index/query/QueryParser <clinit> ()V 232 <appendix> argL0 ; # com/naqqa/elasticsearch/index/query/QueryParser$$Lambda+0x000001f51810aeb8
instanceKlass  @bci com/naqqa/elasticsearch/index/query/QueryParser <clinit> ()V 222 <appendix> argL0 ; # com/naqqa/elasticsearch/index/query/QueryParser$$Lambda+0x000001f51810a9f0
instanceKlass  @bci com/naqqa/elasticsearch/index/query/QueryParser <clinit> ()V 212 <appendix> argL0 ; # com/naqqa/elasticsearch/index/query/QueryParser$$Lambda+0x000001f51810a528
instanceKlass  @bci com/naqqa/elasticsearch/index/query/QueryParser <clinit> ()V 202 <appendix> argL0 ; # com/naqqa/elasticsearch/index/query/QueryParser$$Lambda+0x000001f51810fdc8
instanceKlass  @bci com/naqqa/elasticsearch/index/query/QueryParser <clinit> ()V 192 <appendix> argL0 ; # com/naqqa/elasticsearch/index/query/QueryParser$$Lambda+0x000001f51810fb90
instanceKlass  @bci com/naqqa/elasticsearch/index/query/QueryParser <clinit> ()V 182 <appendix> argL0 ; # com/naqqa/elasticsearch/index/query/QueryParser$$Lambda+0x000001f51810f6c8
instanceKlass  @bci com/naqqa/elasticsearch/index/query/QueryParser <clinit> ()V 172 <appendix> argL0 ; # com/naqqa/elasticsearch/index/query/QueryParser$$Lambda+0x000001f51810f1f8
instanceKlass  @bci com/naqqa/elasticsearch/index/query/QueryParser <clinit> ()V 162 <appendix> argL0 ; # com/naqqa/elasticsearch/index/query/QueryParser$$Lambda+0x000001f51810ed28
instanceKlass  @bci com/naqqa/elasticsearch/index/query/QueryParser <clinit> ()V 152 <appendix> argL0 ; # com/naqqa/elasticsearch/index/query/QueryParser$$Lambda+0x000001f51810e858
instanceKlass  @bci com/naqqa/elasticsearch/index/query/QueryParser <clinit> ()V 142 <appendix> argL0 ; # com/naqqa/elasticsearch/index/query/QueryParser$$Lambda+0x000001f51810e388
instanceKlass  @bci com/naqqa/elasticsearch/index/query/QueryParser <clinit> ()V 132 <appendix> argL0 ; # com/naqqa/elasticsearch/index/query/QueryParser$$Lambda+0x000001f51810dec0
instanceKlass  @bci com/naqqa/elasticsearch/index/query/QueryParser <clinit> ()V 122 <appendix> argL0 ; # com/naqqa/elasticsearch/index/query/QueryParser$$Lambda+0x000001f51810d9f0
instanceKlass  @bci com/naqqa/elasticsearch/index/query/QueryParser <clinit> ()V 112 <appendix> argL0 ; # com/naqqa/elasticsearch/index/query/QueryParser$$Lambda+0x000001f51810d528
instanceKlass  @bci com/naqqa/elasticsearch/index/query/QueryParser <clinit> ()V 102 <appendix> argL0 ; # com/naqqa/elasticsearch/index/query/QueryParser$$Lambda+0x000001f51810d060
instanceKlass  @bci com/naqqa/elasticsearch/index/query/QueryParser <clinit> ()V 92 <appendix> argL0 ; # com/naqqa/elasticsearch/index/query/QueryParser$$Lambda+0x000001f51810cb90
instanceKlass com/naqqa/elasticsearch/index/query/IntervalsQueryBuilder$IntervalsSource
instanceKlass  @bci com/naqqa/elasticsearch/index/query/QueryParser <clinit> ()V 82 <appendix> argL0 ; # com/naqqa/elasticsearch/index/query/QueryParser$$Lambda+0x000001f51810c4d0
instanceKlass  @bci com/naqqa/elasticsearch/index/query/QueryParser <clinit> ()V 72 <appendix> argL0 ; # com/naqqa/elasticsearch/index/query/QueryParser$$Lambda+0x000001f51810c000
instanceKlass  @bci com/naqqa/elasticsearch/index/query/QueryParser <clinit> ()V 62 <appendix> argL0 ; # com/naqqa/elasticsearch/index/query/QueryParser$$Lambda+0x000001f518107a58
instanceKlass  @bci com/naqqa/elasticsearch/index/query/QueryParser <clinit> ()V 52 <appendix> argL0 ; # com/naqqa/elasticsearch/index/query/QueryParser$$Lambda+0x000001f518107588
instanceKlass  @bci com/naqqa/elasticsearch/index/query/QueryParser <clinit> ()V 42 <appendix> argL0 ; # com/naqqa/elasticsearch/index/query/QueryParser$$Lambda+0x000001f5181070b8
instanceKlass  @bci com/naqqa/elasticsearch/index/query/QueryParser <clinit> ()V 32 <appendix> argL0 ; # com/naqqa/elasticsearch/index/query/QueryParser$$Lambda+0x000001f518106be8
instanceKlass  @bci com/naqqa/elasticsearch/index/query/QueryParser <clinit> ()V 22 <appendix> argL0 ; # com/naqqa/elasticsearch/index/query/QueryParser$$Lambda+0x000001f518106718
instanceKlass  @bci com/naqqa/elasticsearch/index/query/QueryParser <clinit> ()V 12 <appendix> argL0 ; # com/naqqa/elasticsearch/index/query/QueryParser$$Lambda+0x000001f518106248
instanceKlass com/naqqa/elasticsearch/index/query/AbstractQueryBuilder
instanceKlass com/naqqa/elasticsearch/index/query/QueryBuilder
instanceKlass com/naqqa/elasticsearch/index/query/QueryParser
instanceKlass com/naqqa/elasticsearch/action/byquery/QueryClauseConverter
instanceKlass com/naqqa/elasticsearch/action/write/IndexNameResolver
instanceKlass java/lang/Thread$ThreadNumbering
instanceKlass  @bci com/naqqa/elasticsearch/node/rest/NodeRestFilter decorate (Lcom/naqqa/elasticsearch/http/RestMethod;Ljava/lang/String;Lcom/naqqa/elasticsearch/http/RestHandler;)Lcom/naqqa/elasticsearch/http/RestHandler; 13 <appendix> form vmentry <vmtarget> ; # java/lang/invoke/LambdaForm$DMH+0x000001f518108400
instanceKlass  @bci com/naqqa/elasticsearch/action/byquery/ByQueryActionsTest cancellationStopsBatchActionBeforeCompletingAllBatches ()V 149 <appendix> member <vmtarget> ; # com/naqqa/elasticsearch/action/byquery/ByQueryActionsTest$$Lambda+0x000001f518104c30
instanceKlass  @cpi com/naqqa/elasticsearch/action/write/DistributedWriteTest 609 form vmentry <vmtarget> ; # java/lang/invoke/LambdaForm$DMH+0x000001f518108000
instanceKlass  @bci com/naqqa/elasticsearch/action/byquery/DeleteByQueryAction <init> (Lcom/naqqa/elasticsearch/action/write/RelocationAwareRouter;Lcom/naqqa/elasticsearch/action/byquery/ByQuerySearchHooks;Lcom/naqqa/elasticsearch/monitor/tasks/TaskManager;Lcom/naqqa/elasticsearch/action/byquery/ThrottleRegistry;)V 39 <appendix> member <vmtarget> ; # com/naqqa/elasticsearch/action/byquery/DeleteByQueryAction$$Lambda+0x000001f518104a10
instanceKlass com/naqqa/elasticsearch/action/byquery/BulkByScrollExecutor
instanceKlass com/naqqa/elasticsearch/action/write/TransportDeleteAction
instanceKlass  @bci com/naqqa/elasticsearch/action/byquery/ByQuerySearchHooks defaults (Lcom/naqqa/elasticsearch/action/search/SearchCoordinator;)Lcom/naqqa/elasticsearch/action/byquery/ByQuerySearchHooks; 15 <appendix> member <vmtarget> ; # com/naqqa/elasticsearch/action/byquery/ByQuerySearchHooks$$Lambda+0x000001f5181043e0
instanceKlass com/naqqa/elasticsearch/action/search/SearchRequest
instanceKlass com/naqqa/elasticsearch/action/byquery/ByQuerySearchHooks$Searcher
instanceKlass  @bci com/naqqa/elasticsearch/action/byquery/ByQuerySearchHooks defaults (Lcom/naqqa/elasticsearch/action/search/SearchCoordinator;)Lcom/naqqa/elasticsearch/action/byquery/ByQuerySearchHooks; 4 <appendix> argL0 ; # com/naqqa/elasticsearch/action/byquery/ByQuerySearchHooks$$Lambda+0x000001f518103bc0
instanceKlass com/naqqa/elasticsearch/search/query/Query
instanceKlass com/naqqa/elasticsearch/action/byquery/ByQuerySearchHooks$QueryConverter
instanceKlass com/naqqa/elasticsearch/action/byquery/ThrottleRegistry
instanceKlass com/naqqa/elasticsearch/action/search/ShardCopySelector$AdaptiveReplica
instanceKlass com/naqqa/elasticsearch/action/search/ShardCopySelector$RoundRobin
instanceKlass com/naqqa/elasticsearch/common/util/PriorityQueue
instanceKlass com/naqqa/elasticsearch/action/search/ShardCopySelector
instanceKlass com/naqqa/elasticsearch/action/search/SearchCoordinator
instanceKlass java/util/concurrent/CompletionStage
instanceKlass com/naqqa/elasticsearch/monitor/tasks/TaskManager
instanceKlass  @bci com/naqqa/elasticsearch/action/byquery/ByQueryTestCluster router ()Lcom/naqqa/elasticsearch/action/write/RelocationAwareRouter; 5 <appendix> member <vmtarget> ; # com/naqqa/elasticsearch/action/byquery/ByQueryTestCluster$$Lambda+0x000001f518101e08
instanceKlass com/naqqa/elasticsearch/action/write/ClusterStateSupplier
instanceKlass com/naqqa/elasticsearch/http/RestStatusProvider
instanceKlass java/util/concurrent/ForkJoinPool$2
instanceKlass jdk/internal/access/JavaUtilConcurrentFJPAccess
instanceKlass java/util/concurrent/ForkJoinPool$DefaultForkJoinWorkerThreadFactory
instanceKlass java/util/concurrent/ForkJoinPool$WorkQueue
instanceKlass java/util/concurrent/ForkJoinPool$ForkJoinWorkerThreadFactory
instanceKlass com/naqqa/elasticsearch/action/write/RelocationAwareRouter
instanceKlass  @bci com/naqqa/elasticsearch/index/engine/InternalEngine scheduleMaybeMerge ()V 25 <appendix> member <vmtarget> ; # com/naqqa/elasticsearch/index/engine/InternalEngine$$Lambda+0x000001f518100ea8
instanceKlass com/naqqa/elasticsearch/codec/fst/FSTEnum$Frame
instanceKlass com/naqqa/elasticsearch/codec/fst/FST$State
instanceKlass com/naqqa/elasticsearch/codec/fst/FST$Arc
instanceKlass com/naqqa/elasticsearch/codec/fst/FSTEnum$ByteList
instanceKlass com/naqqa/elasticsearch/codec/fst/FSTEnum
instanceKlass com/naqqa/elasticsearch/codec/terms/TermsEnum
instanceKlass com/naqqa/elasticsearch/codec/terms/BlockTermDictReader
instanceKlass com/naqqa/elasticsearch/codec/docvalues/NumericBlockCodec$SequentialBitReader
instanceKlass com/naqqa/elasticsearch/codec/docvalues/SortedSetDocValuesReader
instanceKlass com/naqqa/elasticsearch/index/engine/segment/SegmentReader$1
instanceKlass com/naqqa/elasticsearch/codec/storedfields/StoredFieldsReader
instanceKlass com/naqqa/elasticsearch/index/engine/segment/SegmentReader
instanceKlass com/naqqa/elasticsearch/codec/segment/SegmentInfoFormat
instanceKlass com/naqqa/elasticsearch/codec/segment/SegmentInfo
instanceKlass com/naqqa/elasticsearch/codec/livedocs/LiveDocsFormat
instanceKlass com/naqqa/elasticsearch/codec/livedocs/FixedBitSet
instanceKlass com/naqqa/elasticsearch/codec/DirectWriter
instanceKlass java/util/DualPivotQuicksort
instanceKlass com/naqqa/elasticsearch/codec/docvalues/NumericBlockCodec
instanceKlass  @bci com/naqqa/elasticsearch/codec/docvalues/SimpleTermDictionary lookupOrd ([[B[B)I 2 <appendix> argL0 ; # com/naqqa/elasticsearch/codec/docvalues/SimpleTermDictionary$$Lambda+0x000001f5180bec18
instanceKlass  @bci com/naqqa/elasticsearch/codec/docvalues/SortedSetDocValuesWriter dedupSorted ([[B)[[B 9 <appendix> argL0 ; # com/naqqa/elasticsearch/codec/docvalues/SortedSetDocValuesWriter$$Lambda+0x000001f5180be988
instanceKlass com/naqqa/elasticsearch/codec/docvalues/SimpleTermDictionary
instanceKlass com/naqqa/elasticsearch/codec/docvalues/SortedSetDocValuesWriter
instanceKlass com/naqqa/elasticsearch/codec/fst/FST
instanceKlass com/naqqa/elasticsearch/codec/fst/FSTBuilder$MutableState
instanceKlass com/naqqa/elasticsearch/codec/fst/FSTBuilder
instanceKlass com/naqqa/elasticsearch/codec/postings/PostingsFlags
instanceKlass com/naqqa/elasticsearch/codec/SmallFloat
instanceKlass  @bci com/naqqa/elasticsearch/index/engine/segment/SegmentWriter sortTerms (Ljava/util/Map;)Ljava/util/List; 87 <appendix> argL0 ; # com/naqqa/elasticsearch/index/engine/segment/SegmentWriter$$Lambda+0x000001f5180bd4f0
instanceKlass com/naqqa/elasticsearch/codec/postings/PostingsWriter
instanceKlass com/naqqa/elasticsearch/codec/terms/BlockTermDictWriter
instanceKlass  @bci com/naqqa/elasticsearch/analysis/phonetic/KoelnerPhonetik getVariations (Ljava/lang/String;)Ljava/util/List; 209 <appendix> form vmentry <vmtarget> ; # java/lang/invoke/LambdaForm$MH+0x000001f5180bac00
# instanceKlass java/lang/invoke/LambdaForm$MH+0x000001f5180ba800
instanceKlass  @bci com/naqqa/elasticsearch/analysis/phonetic/KoelnerPhonetik getVariations (Ljava/lang/String;)Ljava/util/List; 209 <appendix> argL3 form vmentry <vmtarget> ; # java/lang/invoke/LambdaForm$MH+0x000001f5180ba400
# instanceKlass java/lang/invoke/LambdaForm$MH+0x000001f5180ba000
# instanceKlass java/lang/invoke/LambdaForm$MH+0x000001f5180b9c00
# instanceKlass java/lang/invoke/LambdaForm$MH+0x000001f5180b9800
# instanceKlass java/lang/invoke/LambdaForm$MH+0x000001f5180b9400
instanceKlass  @bci com/naqqa/elasticsearch/analysis/phonetic/KoelnerPhonetik getVariations (Ljava/lang/String;)Ljava/util/List; 209 <appendix> argL1 form vmentry <vmtarget> ; # java/lang/invoke/LambdaForm$MH+0x000001f5180b9000
# instanceKlass java/lang/invoke/LambdaForm$MH+0x000001f5180b8c00
# instanceKlass java/lang/invoke/LambdaForm$MH+0x000001f5180b8800
# instanceKlass java/lang/invoke/LambdaForm$MH+0x000001f5180b8400
instanceKlass com/naqqa/elasticsearch/codec/fieldinfos/FieldInfosFormat
instanceKlass com/naqqa/elasticsearch/codec/fieldinfos/FieldInfo
instanceKlass com/naqqa/elasticsearch/codec/LZ4
instanceKlass com/naqqa/elasticsearch/index/engine/segment/StoredDocCodec
instanceKlass  @bci com/naqqa/elasticsearch/index/engine/segment/SegmentWriter write (Lcom/naqqa/elasticsearch/store/Directory;Ljava/lang/String;Ljava/util/List;)Lcom/naqqa/elasticsearch/codec/segment/SegmentInfo; 627 <appendix> member <vmtarget> ; # com/naqqa/elasticsearch/index/engine/segment/SegmentWriter$$Lambda+0x000001f5180b3a90
instanceKlass  @bci com/naqqa/elasticsearch/index/engine/segment/SegmentWriter write (Lcom/naqqa/elasticsearch/store/Directory;Ljava/lang/String;Ljava/util/List;)Lcom/naqqa/elasticsearch/codec/segment/SegmentInfo; 404 <appendix> member <vmtarget> ; # com/naqqa/elasticsearch/index/engine/segment/SegmentWriter$$Lambda+0x000001f5180b3858
instanceKlass com/naqqa/elasticsearch/index/engine/segment/SegmentWriter$1
instanceKlass  @bci com/naqqa/elasticsearch/index/engine/segment/SegmentWriter addTerm (Ljava/util/Map;Ljava/lang/String;ILcom/naqqa/elasticsearch/index/mapper/IndexedTerm;Z)V 58 <appendix> argL0 ; # com/naqqa/elasticsearch/index/engine/segment/SegmentWriter$$Lambda+0x000001f5180b3420
instanceKlass  @bci com/naqqa/elasticsearch/index/engine/segment/SegmentWriter addTerm (Ljava/util/Map;Ljava/lang/String;ILcom/naqqa/elasticsearch/index/mapper/IndexedTerm;Z)V 37 <appendix> argL0 ; # com/naqqa/elasticsearch/index/engine/segment/SegmentWriter$$Lambda+0x000001f5180b31e8
instanceKlass  @bci com/naqqa/elasticsearch/index/engine/segment/SegmentWriter addTerm (Ljava/util/Map;Ljava/lang/String;ILcom/naqqa/elasticsearch/index/mapper/IndexedTerm;Z)V 2 <appendix> argL0 ; # com/naqqa/elasticsearch/index/engine/segment/SegmentWriter$$Lambda+0x000001f5180b2fb0
instanceKlass com/naqqa/elasticsearch/index/engine/segment/SegmentWriter$FieldBuild
instanceKlass com/naqqa/elasticsearch/store/BitIO
instanceKlass com/naqqa/elasticsearch/store/CodecUtil
instanceKlass sun/nio/ch/Streams
instanceKlass java/nio/channels/Channels
instanceKlass java/util/zip/CRC32C
instanceKlass  @bci com/naqqa/elasticsearch/common/unit/RatioValue parseRatioValue (Ljava/lang/String;)Lcom/naqqa/elasticsearch/common/unit/RatioValue; 45 <appendix> form vmentry <vmtarget> ; # java/lang/invoke/LambdaForm$MH+0x000001f5180b8000
# instanceKlass java/lang/invoke/LambdaForm$MH+0x000001f5180b1c00
instanceKlass  @bci com/naqqa/elasticsearch/common/unit/RatioValue parseRatioValue (Ljava/lang/String;)Lcom/naqqa/elasticsearch/common/unit/RatioValue; 45 <appendix> argL3 form vmentry <vmtarget> ; # java/lang/invoke/LambdaForm$MH+0x000001f5180b1800
# instanceKlass java/lang/invoke/LambdaForm$MH+0x000001f5180b1400
# instanceKlass java/lang/invoke/LambdaForm$MH+0x000001f5180b1000
# instanceKlass java/lang/invoke/LambdaForm$MH+0x000001f5180b0c00
instanceKlass com/naqqa/elasticsearch/codec/Codec
instanceKlass com/naqqa/elasticsearch/codec/storedfields/StoredFieldsWriter
instanceKlass com/naqqa/elasticsearch/index/engine/segment/SegmentWriter
instanceKlass com/naqqa/elasticsearch/index/engine/IndexResult
instanceKlass com/naqqa/elasticsearch/index/translog/VersionValue
instanceKlass  @bci com/naqqa/elasticsearch/index/translog/TranslogWriter add (Lcom/naqqa/elasticsearch/index/translog/Operation;)Lcom/naqqa/elasticsearch/index/translog/Translog$Location; 140 <appendix> argL0 ; # com/naqqa/elasticsearch/index/translog/TranslogWriter$$Lambda+0x000001f5180b6948
instanceKlass  @bci com/naqqa/elasticsearch/index/translog/TranslogWriter add (Lcom/naqqa/elasticsearch/index/translog/Operation;)Lcom/naqqa/elasticsearch/index/translog/Translog$Location; 121 <appendix> argL0 ; # com/naqqa/elasticsearch/index/translog/TranslogWriter$$Lambda+0x000001f5180b6730
instanceKlass java/util/function/LongBinaryOperator
instanceKlass java/util/zip/ZipUtils
instanceKlass java/util/zip/Checksum$1
instanceKlass java/util/zip/CRC32
instanceKlass java/util/zip/Checksum
instanceKlass com/naqqa/elasticsearch/index/translog/OperationCodec$1
instanceKlass com/naqqa/elasticsearch/index/translog/OperationCodec
instanceKlass com/naqqa/elasticsearch/common/bytes/BytesArray
instanceKlass com/naqqa/elasticsearch/common/json/JsonGenerator
instanceKlass com/naqqa/elasticsearch/common/xcontent/XContentGenerator
instanceKlass com/naqqa/elasticsearch/common/json/JsonWriter
instanceKlass com/naqqa/elasticsearch/index/mapper/IndexableField
instanceKlass com/naqqa/elasticsearch/common/json/JsonArray
instanceKlass com/naqqa/elasticsearch/index/mapper/ContentPath
instanceKlass com/naqqa/elasticsearch/index/mapper/ParseContext
instanceKlass com/naqqa/elasticsearch/index/mapper/DocumentParser
instanceKlass  @bci com/naqqa/elasticsearch/cluster/support/FakeNetwork$ScheduledMessage equals (Ljava/lang/Object;)Z 2 <adapter> ; # java/lang/invoke/LambdaForm$MH+0x000001f5180b0800
# instanceKlass java/lang/invoke/LambdaForm$MH+0x000001f5180b0400
# instanceKlass java/lang/invoke/LambdaForm$MH+0x000001f5180b0000
instanceKlass  @bci com/naqqa/elasticsearch/cluster/support/FakeNetwork$ScheduledMessage equals (Ljava/lang/Object;)Z 2 <appendix> form vmentry <vmtarget> ; # java/lang/invoke/LambdaForm$MH+0x000001f5180afc00
instanceKlass  @bci com/naqqa/elasticsearch/bench/dataset/WikiLikeDataset$WikiDoc equals (Ljava/lang/Object;)Z 2 <appendix> argL1 form vmentry <vmtarget> ; # java/lang/invoke/LambdaForm$MH+0x000001f5180af800
instanceKlass  @bci com/naqqa/elasticsearch/common/geo/geometry/GeometryUtils$BoundsAccumulator add (Lcom/naqqa/elasticsearch/common/geo/geometry/Geometry;)V 25 <appendix> form names 11 function resolvedHandle form vmentry <vmtarget> ; # java/lang/invoke/LambdaForm$MH+0x000001f5180af400
instanceKlass  @bci com/naqqa/elasticsearch/common/geo/geometry/GeometryUtils$BoundsAccumulator add (Lcom/naqqa/elasticsearch/common/geo/geometry/Geometry;)V 25 <appendix> form names 11 function resolvedHandle form names 5 function resolvedHandle form vmentry <vmtarget> ; # java/lang/invoke/LambdaForm$DMH+0x000001f5180af000
# instanceKlass java/lang/invoke/LambdaForm$DMH+0x000001f5180aec00
instanceKlass java/lang/invoke/MethodHandleImpl$LoopClauses
instanceKlass java/lang/invoke/MethodHandleImpl$CasesHolder
# instanceKlass java/lang/invoke/LambdaForm$MH+0x000001f5180ae800
# instanceKlass java/lang/invoke/LambdaForm$MH+0x000001f5180ae400
# instanceKlass java/lang/invoke/LambdaForm$MH+0x000001f5180ae000
instanceKlass  @bci com/naqqa/elasticsearch/cluster/support/FakeNetwork$ScheduledMessage equals (Ljava/lang/Object;)Z 2 <appendix> form names 7 function resolvedHandle form vmentry <vmtarget> ; # java/lang/invoke/LambdaForm$DMH+0x000001f5180adc00
# instanceKlass java/lang/invoke/LambdaForm$MH+0x000001f5180ad800
# instanceKlass java/lang/invoke/LambdaForm$MH+0x000001f5180ad400
instanceKlass  @bci com/naqqa/elasticsearch/index/engine/EngineMergeConcurrencyStressTest lambda$concurrentIndexingRefreshFlushMergeAndSearchProducesNoRefCountErrorsOrLostDocs$0 (Ljava/util/concurrent/atomic/AtomicInteger;Lcom/naqqa/elasticsearch/index/shard/IndexShard;Ljava/util/concurrent/atomic/AtomicInteger;)V 7 <appendix> form vmentry <vmtarget> ; # java/lang/invoke/LambdaForm$MH+0x000001f5180ad000
instanceKlass  @bci com/naqqa/elasticsearch/index/engine/EngineMergeConcurrencyStressTest lambda$concurrentIndexingRefreshFlushMergeAndSearchProducesNoRefCountErrorsOrLostDocs$0 (Ljava/util/concurrent/atomic/AtomicInteger;Lcom/naqqa/elasticsearch/index/shard/IndexShard;Ljava/util/concurrent/atomic/AtomicInteger;)V 7 <appendix> argL3 form vmentry <vmtarget> ; # java/lang/invoke/LambdaForm$MH+0x000001f5180acc00
# instanceKlass java/lang/invoke/LambdaForm$MH+0x000001f5180ac800
# instanceKlass java/lang/invoke/LambdaForm$MH+0x000001f5180ac400
# instanceKlass java/lang/invoke/LambdaForm$MH+0x000001f5180ac000
instanceKlass com/naqqa/elasticsearch/cluster/state/Metadata$Builder
instanceKlass com/naqqa/elasticsearch/cluster/state/ClusterState$Builder
instanceKlass com/naqqa/elasticsearch/cluster/state/ClusterBlocks
instanceKlass com/naqqa/elasticsearch/cluster/coordination/VotingConfiguration
instanceKlass com/naqqa/elasticsearch/cluster/state/CoordinationMetadata
instanceKlass com/naqqa/elasticsearch/cluster/state/Metadata
instanceKlass com/naqqa/elasticsearch/cluster/node/DiscoveryNodes
instanceKlass com/naqqa/elasticsearch/cluster/state/Settings$Builder
instanceKlass com/naqqa/elasticsearch/cluster/state/Settings
instanceKlass com/naqqa/elasticsearch/cluster/state/IndexMetadata$Builder
instanceKlass com/naqqa/elasticsearch/cluster/state/IndexMetadata
instanceKlass com/naqqa/elasticsearch/cluster/routing/RoutingTable$Builder
instanceKlass com/naqqa/elasticsearch/cluster/routing/RoutingTable
instanceKlass com/naqqa/elasticsearch/cluster/routing/IndexShardRoutingTable
instanceKlass com/naqqa/elasticsearch/cluster/node/NodeIdentity
instanceKlass com/naqqa/elasticsearch/cluster/routing/AllocationId
instanceKlass com/naqqa/elasticsearch/cluster/routing/ShardRouting
instanceKlass com/naqqa/elasticsearch/index/seqno/GlobalCheckpointTracker
instanceKlass com/naqqa/elasticsearch/index/replication/ReplicationGroup
instanceKlass  @bci com/naqqa/elasticsearch/action/byquery/ByQueryTestCluster <init> (Ljava/lang/String;I)V 289 <appendix> argL0 ; # com/naqqa/elasticsearch/action/byquery/ByQueryTestCluster$$Lambda+0x000001f51809bbc0
instanceKlass com/naqqa/elasticsearch/index/replication/ReplicaFailureListener
instanceKlass com/naqqa/elasticsearch/index/replication/PrimaryContext
instanceKlass com/naqqa/elasticsearch/index/replication/ShardCopy
instanceKlass  @bci com/naqqa/elasticsearch/cluster/coordination/VotingConfigExclusion hashCode ()I 1 <adapter> ; # java/lang/invoke/LambdaForm$MH+0x000001f5180a7800
instanceKlass  @bci com/naqqa/elasticsearch/action/get/TransportGetAction$ShardKey hashCode ()I 1 <appendix> argL1 form vmentry <vmtarget> ; # java/lang/invoke/LambdaForm$MH+0x000001f5180a7400
instanceKlass  @bci com/naqqa/elasticsearch/common/geo/geometry/GeometryUtils$BoundsAccumulator add (Lcom/naqqa/elasticsearch/common/geo/geometry/Geometry;)V 25 <appendix> form names 4 function resolvedHandle form vmentry <vmtarget> ; # java/lang/invoke/LambdaForm$DMH+0x000001f5180a7000
instanceKlass  @bci com/naqqa/elasticsearch/cluster/coordination/VotingConfigExclusion hashCode ()I 1 <appendix> form vmentry <vmtarget> ; # java/lang/invoke/LambdaForm$MH+0x000001f5180a6c00
# instanceKlass java/lang/invoke/LambdaForm$MH+0x000001f5180a6800
# instanceKlass java/lang/invoke/LambdaForm$MH+0x000001f5180a6400
instanceKlass  @bci com/naqqa/elasticsearch/common/geo/geometry/GeometryUtils$BoundsAccumulator add (Lcom/naqqa/elasticsearch/common/geo/geometry/Geometry;)V 25 <appendix> argL4 form names 4 function resolvedHandle form vmentry <vmtarget> ; # java/lang/invoke/LambdaForm$DMH+0x000001f5180a6000
instanceKlass  @bci com/naqqa/elasticsearch/cluster/coordination/VotingConfigExclusion hashCode ()I 1 <appendix> argL1 form vmentry <vmtarget> ; # java/lang/invoke/LambdaForm$MH+0x000001f5180a5c00
instanceKlass  @bci com/naqqa/elasticsearch/cluster/coordination/VotingConfigExclusion hashCode ()I 1 <appendix> argL2 argL2 form vmentry <vmtarget> ; # java/lang/invoke/LambdaForm$MH+0x000001f5180a5800
instanceKlass  @bci java/lang/runtime/ObjectMethods bootstrap (Ljava/lang/invoke/MethodHandles$Lookup;Ljava/lang/String;Ljava/lang/invoke/TypeDescriptor;Ljava/lang/Class;Ljava/lang/String;[Ljava/lang/invoke/MethodHandle;)Ljava/lang/Object; 37 <appendix> argL0 ; # java/lang/runtime/ObjectMethods$$Lambda+0x000001f5180ca100
instanceKlass java/lang/invoke/DirectMethodHandle$1
# instanceKlass java/lang/invoke/LambdaForm$DMH+0x000001f5180a5400
# instanceKlass java/lang/invoke/LambdaForm$DMH+0x000001f5180a5000
# instanceKlass java/lang/invoke/LambdaForm$DMH+0x000001f5180a4c00
# instanceKlass java/lang/invoke/LambdaForm$DMH+0x000001f5180a4800
# instanceKlass java/lang/invoke/LambdaForm$DMH+0x000001f5180a4400
# instanceKlass java/lang/invoke/LambdaForm$DMH+0x000001f5180a4000
# instanceKlass java/lang/invoke/LambdaForm$DMH+0x000001f5180a3c00
# instanceKlass java/lang/invoke/LambdaForm$DMH+0x000001f5180a3800
# instanceKlass java/lang/invoke/LambdaForm$DMH+0x000001f5180a3400
# instanceKlass java/lang/invoke/LambdaForm$DMH+0x000001f5180a3000
instanceKlass  @cpi com/naqqa/elasticsearch/codec/docvalues/SortedDocValuesWriter 135 form vmentry <vmtarget> ; # java/lang/invoke/LambdaForm$DMH+0x000001f5180a2c00
# instanceKlass java/lang/invoke/LambdaForm$DMH+0x000001f5180a2800
# instanceKlass java/lang/invoke/LambdaForm$DMH+0x000001f5180a2400
instanceKlass java/lang/runtime/ObjectMethods$1
# instanceKlass java/lang/invoke/LambdaForm$MH+0x000001f5180a2000
instanceKlass sun/invoke/util/ValueConversions$WrapperCache
# instanceKlass java/lang/invoke/LambdaForm$MH+0x000001f5180a1c00
# instanceKlass java/lang/invoke/LambdaForm$MH+0x000001f5180a1800
# instanceKlass java/lang/invoke/LambdaForm$MH+0x000001f5180a1400
# instanceKlass java/lang/invoke/LambdaForm$MH+0x000001f5180a1000
# instanceKlass java/lang/invoke/LambdaForm$MH+0x000001f5180a0c00
instanceKlass  @bci com/naqqa/elasticsearch/common/geo/geometry/GeometryUtils$BoundsAccumulator add (Lcom/naqqa/elasticsearch/common/geo/geometry/Geometry;)V 25 <appendix> argL0 form names 4 function resolvedHandle form vmentry <vmtarget> ; # java/lang/invoke/LambdaForm$DMH+0x000001f5180a0800
# instanceKlass java/lang/invoke/LambdaForm$MH+0x000001f5180a0400
# instanceKlass java/lang/invoke/LambdaForm$DMH+0x000001f5180a0000
# instanceKlass java/lang/invoke/LambdaForm$DMH+0x000001f51809fc00
instanceKlass java/lang/invoke/MethodHandleImpl$ArrayAccessor
# instanceKlass java/lang/invoke/LambdaForm$MH+0x000001f51809f800
# instanceKlass java/lang/invoke/LambdaForm$MH+0x000001f51809f400
instanceKlass  @cpi jdk/internal/net/http/common/Utils 1290 form vmentry <vmtarget> ; # java/lang/invoke/LambdaForm$DMH+0x000001f51809f000
instanceKlass java/lang/invoke/MethodHandleImpl$Makers$2
instanceKlass java/lang/invoke/MethodHandleImpl$Makers$1
instanceKlass java/lang/invoke/MethodHandleImpl$Makers
instanceKlass  @bci java/lang/invoke/BootstrapMethodInvoker invoke (Ljava/lang/Class;Ljava/lang/invoke/MethodHandle;Ljava/lang/String;Ljava/lang/Object;Ljava/lang/Object;Ljava/lang/Class;)Ljava/lang/Object; 862 <adapter> ; # java/lang/invoke/LambdaForm$MH+0x000001f51809ec00
instanceKlass  @bci com/naqqa/elasticsearch/cluster/coordination/VotingConfigExclusion hashCode ()I 1 <appendix> argL1 argL1 form vmentry <vmtarget> ; # java/lang/invoke/LambdaForm$MH+0x000001f51809e800
# instanceKlass java/lang/invoke/LambdaForm$DMH+0x000001f51809e400
instanceKlass java/lang/runtime/ObjectMethods
instanceKlass com/naqqa/elasticsearch/index/translog/Translog$Snapshot
instanceKlass  @bci java/util/Comparator comparingLong (Ljava/util/function/ToLongFunction;)Ljava/util/Comparator; 6 <appendix> member <vmtarget> ; # java/util/Comparator$$Lambda+0x000001f5180c8d20
instanceKlass  @bci com/naqqa/elasticsearch/index/translog/Translog newSnapshot (J)Lcom/naqqa/elasticsearch/index/translog/Translog$Snapshot; 156 <appendix> argL0 ; # com/naqqa/elasticsearch/index/translog/Translog$$Lambda+0x000001f51809aad8
instanceKlass  @cpi com/naqqa/elasticsearch/index/translog/Translog 502 form vmentry <vmtarget> ; # java/lang/invoke/LambdaForm$DMH+0x000001f51809e000
instanceKlass java/util/function/ToLongFunction
instanceKlass com/naqqa/elasticsearch/index/translog/TranslogScanner
instanceKlass  @bci java/util/concurrent/Executors$AutoShutdownDelegatedExecutorService <init> (Ljava/util/concurrent/ExecutorService;)V 6 <appendix> member <vmtarget> ; # java/util/concurrent/Executors$AutoShutdownDelegatedExecutorService$$Lambda+0x000001f5180c88a8
instanceKlass  @cpi com/naqqa/elasticsearch/index/engine/EngineMergeConcurrencyStressTest 314 form vmentry <vmtarget> ; # java/lang/invoke/LambdaForm$DMH+0x000001f51809dc00
instanceKlass java/util/concurrent/LinkedBlockingQueue$Node
instanceKlass  @bci com/naqqa/elasticsearch/index/engine/InternalEngine <init> (Lcom/naqqa/elasticsearch/index/engine/EngineConfig;Lcom/naqqa/elasticsearch/store/Directory;Lcom/naqqa/elasticsearch/store/Lock;Lcom/naqqa/elasticsearch/codec/segment/SegmentInfos;Ljava/util/List;Lcom/naqqa/elasticsearch/index/seqno/LocalCheckpointTracker;Lcom/naqqa/elasticsearch/index/translog/Translog;)V 204 <appendix> argL0 ; # com/naqqa/elasticsearch/index/engine/InternalEngine$$Lambda+0x000001f51809a4b8
instanceKlass com/naqqa/elasticsearch/index/engine/segment/TieredMergePolicy
instanceKlass java/util/concurrent/atomic/AtomicBoolean
instanceKlass com/naqqa/elasticsearch/index/engine/DocBuffer
instanceKlass java/util/concurrent/locks/ReentrantReadWriteLock$WriteLock
instanceKlass java/util/concurrent/locks/ReentrantReadWriteLock$ReadLock
instanceKlass java/util/concurrent/locks/ReentrantReadWriteLock
instanceKlass java/util/concurrent/locks/ReadWriteLock
instanceKlass com/naqqa/elasticsearch/index/translog/LiveVersionMap
instanceKlass com/naqqa/elasticsearch/common/bytes/BytesReference
instanceKlass com/naqqa/elasticsearch/index/translog/TranslogHeader
instanceKlass com/naqqa/elasticsearch/index/translog/BaseTranslogReader
instanceKlass  @bci com/naqqa/elasticsearch/bench/dataset/TaxiLikeDataset trip (J)Lcom/naqqa/elasticsearch/bench/dataset/TaxiLikeDataset$TaxiTrip; 279 <appendix> form vmentry <vmtarget> ; # java/lang/invoke/LambdaForm$MH+0x000001f51809d800
instanceKlass  @bci com/naqqa/elasticsearch/bench/dataset/TaxiLikeDataset trip (J)Lcom/naqqa/elasticsearch/bench/dataset/TaxiLikeDataset$TaxiTrip; 279 <appendix> argL3 form vmentry <vmtarget> ; # java/lang/invoke/LambdaForm$MH+0x000001f51809d400
# instanceKlass java/lang/invoke/LambdaForm$MH+0x000001f51809d000
instanceKlass  @bci com/naqqa/elasticsearch/http/nio/HttpResponseEncoder encode (ILcom/naqqa/elasticsearch/http/HttpHeaders;[BZ)[B 22 <appendix> argL2 form vmentry <vmtarget> ; # java/lang/invoke/LambdaForm$MH+0x000001f51809cc00
# instanceKlass java/lang/invoke/LambdaForm$MH+0x000001f51809c800
instanceKlass  @bci com/naqqa/elasticsearch/codec/CodecIntegrationTest writesAndReadsBackAFullSegment ()V 532 <appendix> argL1 argL1 form vmentry <vmtarget> ; # java/lang/invoke/LambdaForm$MH+0x000001f51809c400
# instanceKlass java/lang/invoke/LambdaForm$MH+0x000001f51809c000
instanceKlass java/util/Base64$Encoder
instanceKlass java/util/Base64
instanceKlass com/naqqa/elasticsearch/common/UUIDs$MacAddressProvider
instanceKlass com/naqqa/elasticsearch/common/UUIDs
instanceKlass java/nio/file/Files$1
instanceKlass sun/nio/fs/WindowsFileSystem$2
instanceKlass java/nio/file/PathMatcher
instanceKlass  @bci java/util/regex/Pattern negate (Ljava/util/regex/Pattern$CharPredicate;)Ljava/util/regex/Pattern$CharPredicate; 1 <appendix> member <vmtarget> ; # java/util/regex/Pattern$$Lambda+0x800000032
instanceKlass sun/nio/fs/Globs
instanceKlass  @bci java/util/regex/CharPredicates ASCII_DIGIT ()Ljava/util/regex/Pattern$BmpCharPredicate; 0 <appendix> argL0 ; # java/util/regex/CharPredicates$$Lambda+0x800000026
instanceKlass java/util/regex/CharPredicates
instanceKlass com/naqqa/elasticsearch/index/translog/Translog
instanceKlass com/naqqa/elasticsearch/index/seqno/LocalCheckpointTracker
instanceKlass java/util/ComparableTimSort
instanceKlass com/naqqa/elasticsearch/codec/segment/SegmentInfos
instanceKlass sun/nio/ch/FileKey
instanceKlass sun/nio/ch/FileLockTable
instanceKlass java/nio/channels/FileLock
instanceKlass java/nio/file/attribute/FileTime
instanceKlass sun/nio/ch/FileChannelImpl$Closer
instanceKlass sun/nio/ch/NativeThreadSet
instanceKlass java/nio/channels/SeekableByteChannel
instanceKlass sun/nio/fs/WindowsChannelFactory$2
instanceKlass sun/nio/fs/WindowsChannelFactory$Flags
instanceKlass sun/nio/fs/WindowsChannelFactory$1
instanceKlass sun/nio/fs/WindowsChannelFactory
instanceKlass com/naqqa/elasticsearch/index/translog/Operation
instanceKlass com/naqqa/elasticsearch/index/engine/IndexingMemoryController$Accountable
instanceKlass com/naqqa/elasticsearch/index/engine/Engine
instanceKlass com/naqqa/elasticsearch/index/engine/IndexingMemoryController
instanceKlass com/naqqa/elasticsearch/index/engine/EngineConfig
instanceKlass com/naqqa/elasticsearch/common/unit/TimeValue
instanceKlass com/naqqa/elasticsearch/common/unit/ByteSizeValue
instanceKlass com/naqqa/elasticsearch/index/translog/TranslogConfig
instanceKlass sun/nio/fs/WindowsLinkSupport
instanceKlass com/naqqa/elasticsearch/store/Lock
instanceKlass com/naqqa/elasticsearch/store/DataOutput
instanceKlass com/naqqa/elasticsearch/store/RandomAccessInput
instanceKlass com/naqqa/elasticsearch/store/LockFactory
instanceKlass com/naqqa/elasticsearch/store/DataInput
instanceKlass sun/nio/fs/WindowsSecurityDescriptor
instanceKlass sun/nio/fs/WindowsPath$1
instanceKlass java/nio/file/TempFileHelper
instanceKlass java/nio/file/attribute/FileAttribute
instanceKlass com/naqqa/elasticsearch/index/mapper/DocumentMapper
instanceKlass com/naqqa/elasticsearch/index/mapper/Mapping
instanceKlass com/naqqa/elasticsearch/index/mapper/MetadataFieldMapper
instanceKlass java/util/Collections$UnmodifiableMap$UnmodifiableEntrySet$UnmodifiableEntry
instanceKlass java/util/Collections$UnmodifiableMap$UnmodifiableEntrySet$1
instanceKlass java/time/LocalDateTime
instanceKlass java/time/chrono/ChronoLocalDateTime
instanceKlass java/time/temporal/Temporal
instanceKlass java/time/zone/ZoneOffsetTransitionRule
instanceKlass java/time/zone/ZoneRules
instanceKlass java/time/format/DateTimeFormatterBuilder$DefaultValueParser
instanceKlass  @bci java/time/format/DateTimeFormatter <clinit> ()V 1075 <appendix> argL0 ; # java/time/format/DateTimeFormatter$$Lambda+0x800000010
instanceKlass  @bci java/time/format/DateTimeFormatter <clinit> ()V 1067 <appendix> argL0 ; # java/time/format/DateTimeFormatter$$Lambda+0x80000000f
instanceKlass java/time/Period
instanceKlass java/time/chrono/ChronoPeriod
instanceKlass java/time/format/DateTimeFormatterBuilder$TextPrinterParser
instanceKlass java/time/format/DateTimeTextProvider$1
instanceKlass java/time/format/DateTimeTextProvider
instanceKlass java/util/AbstractMap$SimpleImmutableEntry
instanceKlass java/time/format/DateTimeTextProvider$LocaleStore
instanceKlass java/time/format/DateTimeFormatterBuilder$InstantPrinterParser
instanceKlass java/time/format/DateTimeFormatterBuilder$StringLiteralPrinterParser
instanceKlass java/time/format/DateTimeFormatterBuilder$ZoneIdPrinterParser
instanceKlass java/time/format/DateTimeFormatterBuilder$OffsetIdPrinterParser
instanceKlass java/time/format/DecimalStyle
instanceKlass java/time/format/DateTimeFormatterBuilder$CompositePrinterParser
instanceKlass java/time/chrono/AbstractChronology
instanceKlass java/time/chrono/Chronology
instanceKlass java/time/format/DateTimeFormatterBuilder$CharLiteralPrinterParser
instanceKlass java/time/format/DateTimeFormatterBuilder$NumberPrinterParser
instanceKlass java/time/format/DateTimeFormatterBuilder$DateTimePrinterParser
instanceKlass java/time/format/DateTimeFormatter
instanceKlass java/time/temporal/JulianFields
instanceKlass java/time/temporal/IsoFields
instanceKlass java/time/temporal/ValueRange
instanceKlass java/time/Duration
instanceKlass java/time/temporal/TemporalAmount
instanceKlass java/time/temporal/TemporalUnit
instanceKlass java/util/regex/Pattern$TreeInfo
instanceKlass java/util/regex/Pattern$BitClass
instanceKlass java/util/regex/ASCII
instanceKlass  @bci java/util/regex/Pattern Single (I)Ljava/util/regex/Pattern$BmpCharPredicate; 1 <appendix> member <vmtarget> ; # java/util/regex/Pattern$$Lambda+0x80000002a
instanceKlass java/util/regex/Pattern$BmpCharPredicate
instanceKlass java/util/regex/Pattern$CharPredicate
instanceKlass java/util/regex/Pattern$Node
instanceKlass java/util/regex/Pattern
instanceKlass  @bci java/time/format/DateTimeFormatterBuilder <clinit> ()V 0 <appendix> argL0 ; # java/time/format/DateTimeFormatterBuilder$$Lambda+0x800000011
instanceKlass java/time/temporal/TemporalQuery
instanceKlass java/time/format/DateTimeFormatterBuilder
instanceKlass com/naqqa/elasticsearch/common/time/JavaDateFormatter
instanceKlass com/naqqa/elasticsearch/common/time/EpochSecondDateFormatter
instanceKlass com/naqqa/elasticsearch/common/time/EpochMillisDateFormatter
instanceKlass  @bci java/time/ZoneOffset ofTotalSeconds (I)Ljava/time/ZoneOffset; 37 <appendix> argL0 ; # java/time/ZoneOffset$$Lambda+0x80000000e
instanceKlass java/time/temporal/TemporalField
instanceKlass java/time/temporal/TemporalAdjuster
instanceKlass java/time/temporal/TemporalAccessor
instanceKlass java/time/ZoneId
instanceKlass com/naqqa/elasticsearch/common/time/DateFormatters
instanceKlass com/naqqa/elasticsearch/common/time/DateFormatter
instanceKlass com/naqqa/elasticsearch/common/json/JsonScalar
instanceKlass  @bci com/naqqa/elasticsearch/index/mapper/TypeParsers builtin ()Ljava/util/Map; 612 <appendix> argL0 ; # com/naqqa/elasticsearch/index/mapper/TypeParsers$$Lambda+0x000001f518089298
instanceKlass  @bci com/naqqa/elasticsearch/index/mapper/TypeParsers builtin ()Ljava/util/Map; 598 <appendix> argL0 ; # com/naqqa/elasticsearch/index/mapper/TypeParsers$$Lambda+0x000001f51808bc28
instanceKlass  @bci com/naqqa/elasticsearch/index/mapper/TypeParsers builtin ()Ljava/util/Map; 584 <appendix> argL0 ; # com/naqqa/elasticsearch/index/mapper/TypeParsers$$Lambda+0x000001f51808b770
instanceKlass  @bci com/naqqa/elasticsearch/index/mapper/TypeParsers builtin ()Ljava/util/Map; 570 <appendix> argL0 ; # com/naqqa/elasticsearch/index/mapper/TypeParsers$$Lambda+0x000001f51808b2c0
instanceKlass  @bci com/naqqa/elasticsearch/index/mapper/TypeParsers builtin ()Ljava/util/Map; 556 <appendix> argL0 ; # com/naqqa/elasticsearch/index/mapper/TypeParsers$$Lambda+0x000001f51808ae10
instanceKlass  @bci com/naqqa/elasticsearch/index/mapper/TypeParsers builtin ()Ljava/util/Map; 542 <appendix> argL0 ; # com/naqqa/elasticsearch/index/mapper/TypeParsers$$Lambda+0x000001f51808a960
instanceKlass  @bci com/naqqa/elasticsearch/index/mapper/TypeParsers builtin ()Ljava/util/Map; 528 <appendix> argL0 ; # com/naqqa/elasticsearch/index/mapper/TypeParsers$$Lambda+0x000001f51808a4b0
instanceKlass  @bci com/naqqa/elasticsearch/index/mapper/TypeParsers builtin ()Ljava/util/Map; 514 <appendix> argL0 ; # com/naqqa/elasticsearch/index/mapper/TypeParsers$$Lambda+0x000001f51808a000
instanceKlass  @bci com/naqqa/elasticsearch/index/mapper/TypeParsers builtin ()Ljava/util/Map; 500 <appendix> argL0 ; # com/naqqa/elasticsearch/index/mapper/TypeParsers$$Lambda+0x000001f51808fa90
instanceKlass  @bci com/naqqa/elasticsearch/index/mapper/TypeParsers builtin ()Ljava/util/Map; 486 <appendix> argL0 ; # com/naqqa/elasticsearch/index/mapper/TypeParsers$$Lambda+0x000001f51808f5d8
instanceKlass  @bci com/naqqa/elasticsearch/index/mapper/TypeParsers builtin ()Ljava/util/Map; 472 <appendix> argL0 ; # com/naqqa/elasticsearch/index/mapper/TypeParsers$$Lambda+0x000001f51808f128
instanceKlass  @bci com/naqqa/elasticsearch/index/mapper/TypeParsers builtin ()Ljava/util/Map; 458 <appendix> argL0 ; # com/naqqa/elasticsearch/index/mapper/TypeParsers$$Lambda+0x000001f51808ec70
instanceKlass  @bci com/naqqa/elasticsearch/index/mapper/TypeParsers builtin ()Ljava/util/Map; 444 <appendix> argL0 ; # com/naqqa/elasticsearch/index/mapper/TypeParsers$$Lambda+0x000001f51808e7b8
instanceKlass  @bci com/naqqa/elasticsearch/index/mapper/TypeParsers builtin ()Ljava/util/Map; 430 <appendix> argL0 ; # com/naqqa/elasticsearch/index/mapper/TypeParsers$$Lambda+0x000001f51808e308
instanceKlass  @bci com/naqqa/elasticsearch/index/mapper/TypeParsers builtin ()Ljava/util/Map; 416 <appendix> argL0 ; # com/naqqa/elasticsearch/index/mapper/TypeParsers$$Lambda+0x000001f51808de58
instanceKlass  @bci com/naqqa/elasticsearch/index/mapper/TypeParsers builtin ()Ljava/util/Map; 402 <appendix> argL0 ; # com/naqqa/elasticsearch/index/mapper/TypeParsers$$Lambda+0x000001f51808d9a8
instanceKlass  @bci com/naqqa/elasticsearch/index/mapper/TypeParsers builtin ()Ljava/util/Map; 388 <appendix> argL0 ; # com/naqqa/elasticsearch/index/mapper/TypeParsers$$Lambda+0x000001f51808d4f8
instanceKlass  @bci com/naqqa/elasticsearch/index/mapper/TypeParsers builtin ()Ljava/util/Map; 374 <appendix> argL0 ; # com/naqqa/elasticsearch/index/mapper/TypeParsers$$Lambda+0x000001f51808d040
instanceKlass  @bci com/naqqa/elasticsearch/index/mapper/RangeFieldMapper typeParser (Lcom/naqqa/elasticsearch/index/mapper/RangeFieldMapper$RangeType;)Lcom/naqqa/elasticsearch/index/mapper/TypeParser; 1 <appendix> member <vmtarget> ; # com/naqqa/elasticsearch/index/mapper/RangeFieldMapper$$Lambda+0x000001f51808cb80
instanceKlass  @bci com/naqqa/elasticsearch/index/mapper/TypeParsers builtin ()Ljava/util/Map; 270 <appendix> argL0 ; # com/naqqa/elasticsearch/index/mapper/TypeParsers$$Lambda+0x000001f51808c298
instanceKlass  @bci com/naqqa/elasticsearch/index/mapper/TypeParsers builtin ()Ljava/util/Map; 256 <appendix> argL0 ; # com/naqqa/elasticsearch/index/mapper/TypeParsers$$Lambda+0x000001f518087c18
instanceKlass  @bci com/naqqa/elasticsearch/index/mapper/TypeParsers builtin ()Ljava/util/Map; 242 <appendix> argL0 ; # com/naqqa/elasticsearch/index/mapper/TypeParsers$$Lambda+0x000001f518087768
instanceKlass  @bci com/naqqa/elasticsearch/index/mapper/DateFieldMapper typeParser (Z)Lcom/naqqa/elasticsearch/index/mapper/TypeParser; 1 <appendix> member <vmtarget> ; # com/naqqa/elasticsearch/index/mapper/DateFieldMapper$$Lambda+0x000001f5180872b8
instanceKlass  @cpi com/naqqa/elasticsearch/index/mapper/DateFieldMapper 202 form vmentry <vmtarget> ; # java/lang/invoke/LambdaForm$DMH+0x000001f518088c00
instanceKlass  @bci com/naqqa/elasticsearch/index/mapper/TypeParsers builtin ()Ljava/util/Map; 202 <appendix> argL0 ; # com/naqqa/elasticsearch/index/mapper/TypeParsers$$Lambda+0x000001f518086e00
instanceKlass  @bci com/naqqa/elasticsearch/index/mapper/NumberFieldMapper typeParser (Lcom/naqqa/elasticsearch/index/mapper/NumberFieldMapper$NumberType;)Lcom/naqqa/elasticsearch/index/mapper/TypeParser; 1 <appendix> member <vmtarget> ; # com/naqqa/elasticsearch/index/mapper/NumberFieldMapper$$Lambda+0x000001f518086940
instanceKlass  @cpi com/naqqa/elasticsearch/index/mapper/RangeFieldMapper 258 form vmentry <vmtarget> ; # java/lang/invoke/LambdaForm$DMH+0x000001f518088800
instanceKlass  @bci com/naqqa/elasticsearch/index/mapper/TypeParsers builtin ()Ljava/util/Map; 53 <appendix> argL0 ; # com/naqqa/elasticsearch/index/mapper/TypeParsers$$Lambda+0x000001f518086248
instanceKlass  @bci com/naqqa/elasticsearch/index/mapper/TypeParsers builtin ()Ljava/util/Map; 39 <appendix> argL0 ; # com/naqqa/elasticsearch/index/mapper/TypeParsers$$Lambda+0x000001f518085d90
instanceKlass com/naqqa/elasticsearch/index/mapper/FieldMapper
instanceKlass  @bci com/naqqa/elasticsearch/index/mapper/TypeParsers builtin ()Ljava/util/Map; 25 <appendix> argL0 ; # com/naqqa/elasticsearch/index/mapper/TypeParsers$$Lambda+0x000001f518085640
instanceKlass  @bci com/naqqa/elasticsearch/index/mapper/TypeParsers builtin ()Ljava/util/Map; 11 <appendix> argL0 ; # com/naqqa/elasticsearch/index/mapper/TypeParsers$$Lambda+0x000001f518085428
instanceKlass  @cpi com/naqqa/elasticsearch/index/mapper/TypeParsers 206 form vmentry <vmtarget> ; # java/lang/invoke/LambdaForm$DMH+0x000001f518088400
# instanceKlass java/lang/invoke/LambdaForm$DMH+0x000001f518088000
instanceKlass com/naqqa/elasticsearch/index/mapper/ObjectMapper
instanceKlass com/naqqa/elasticsearch/index/mapper/Mapper
instanceKlass com/naqqa/elasticsearch/common/json/JsonObject
instanceKlass com/naqqa/elasticsearch/common/json/JsonValue
instanceKlass com/naqqa/elasticsearch/index/mapper/TypeParser
instanceKlass com/naqqa/elasticsearch/index/mapper/TypeParsers
instanceKlass com/naqqa/elasticsearch/index/mapper/MappingParserContext
instanceKlass com/naqqa/elasticsearch/common/settings/Settings
instanceKlass com/naqqa/elasticsearch/index/mapper/MapperService
instanceKlass com/naqqa/elasticsearch/analysis/registry/IndexAnalyzers
instanceKlass com/naqqa/elasticsearch/analysis/registry/AnalysisRegistry$Builder$1
instanceKlass  @bci com/naqqa/elasticsearch/analysis/registry/AnalysisRegistry$Builder keywordTokenizerFactory ()Lcom/naqqa/elasticsearch/analysis/TokenizerFactory; 1 <appendix> argL0 ; # com/naqqa/elasticsearch/analysis/registry/AnalysisRegistry$Builder$$Lambda+0x000001f518083498
instanceKlass  @bci com/naqqa/elasticsearch/analysis/registry/AnalysisRegistry$Builder lowercaseNormalizer ()Lcom/naqqa/elasticsearch/analysis/Analyzer; 3 <appendix> argL0 ; # com/naqqa/elasticsearch/analysis/registry/AnalysisRegistry$Builder$$Lambda+0x000001f518083260
instanceKlass com/naqqa/elasticsearch/analysis/lang/c/ThaiAnalyzerFactory$1
instanceKlass  @bci com/naqqa/elasticsearch/analysis/lang/c/ThaiAnalyzerFactory tokenizer ()Ljava/util/function/Supplier; 0 <appendix> argL0 ; # com/naqqa/elasticsearch/analysis/lang/c/ThaiAnalyzerFactory$$Lambda+0x000001f518082e10
instanceKlass  @bci com/naqqa/elasticsearch/analysis/lang/c/ThaiAnalyzerFactory create (Ljava/util/Map;)Lcom/naqqa/elasticsearch/analysis/Analyzer; 29 <appendix> member <vmtarget> ; # com/naqqa/elasticsearch/analysis/lang/c/ThaiAnalyzerFactory$$Lambda+0x000001f518082990
instanceKlass  @bci com/naqqa/elasticsearch/analysis/lang/c/ThaiAnalyzerFactory create (Ljava/util/Map;)Lcom/naqqa/elasticsearch/analysis/Analyzer; 18 <appendix> argL0 ; # com/naqqa/elasticsearch/analysis/lang/c/ThaiAnalyzerFactory$$Lambda+0x000001f518082758
instanceKlass  @bci com/naqqa/elasticsearch/analysis/lang/c/ThaiAnalyzerFactory create (Ljava/util/Map;)Lcom/naqqa/elasticsearch/analysis/Analyzer; 7 <appendix> argL0 ; # com/naqqa/elasticsearch/analysis/lang/c/ThaiAnalyzerFactory$$Lambda+0x000001f518082520
instanceKlass com/naqqa/elasticsearch/analysis/lang/c/ThaiAnalyzerFactory
instanceKlass com/naqqa/elasticsearch/analysis/lang/c/SoraniAnalyzerFactory$1
instanceKlass  @bci com/naqqa/elasticsearch/analysis/lang/c/SoraniAnalyzerFactory tokenizer ()Ljava/util/function/Supplier; 0 <appendix> argL0 ; # com/naqqa/elasticsearch/analysis/lang/c/SoraniAnalyzerFactory$$Lambda+0x000001f518081ed0
instanceKlass  @bci com/naqqa/elasticsearch/analysis/lang/c/SoraniAnalyzerFactory create (Ljava/util/Map;)Lcom/naqqa/elasticsearch/analysis/Analyzer; 50 <appendix> argL0 ; # com/naqqa/elasticsearch/analysis/lang/c/SoraniAnalyzerFactory$$Lambda+0x000001f518081c98
instanceKlass  @bci com/naqqa/elasticsearch/analysis/lang/c/SoraniAnalyzerFactory create (Ljava/util/Map;)Lcom/naqqa/elasticsearch/analysis/Analyzer; 40 <appendix> member <vmtarget> ; # com/naqqa/elasticsearch/analysis/lang/c/SoraniAnalyzerFactory$$Lambda+0x000001f518081a58
instanceKlass  @bci com/naqqa/elasticsearch/analysis/lang/c/SoraniAnalyzerFactory create (Ljava/util/Map;)Lcom/naqqa/elasticsearch/analysis/Analyzer; 29 <appendix> argL0 ; # com/naqqa/elasticsearch/analysis/lang/c/SoraniAnalyzerFactory$$Lambda+0x000001f518081820
instanceKlass  @bci com/naqqa/elasticsearch/analysis/lang/c/SoraniAnalyzerFactory create (Ljava/util/Map;)Lcom/naqqa/elasticsearch/analysis/Analyzer; 18 <appendix> argL0 ; # com/naqqa/elasticsearch/analysis/lang/c/SoraniAnalyzerFactory$$Lambda+0x000001f5180815e8
instanceKlass  @bci com/naqqa/elasticsearch/analysis/lang/c/SoraniAnalyzerFactory create (Ljava/util/Map;)Lcom/naqqa/elasticsearch/analysis/Analyzer; 7 <appendix> argL0 ; # com/naqqa/elasticsearch/analysis/lang/c/SoraniAnalyzerFactory$$Lambda+0x000001f5180813b0
instanceKlass com/naqqa/elasticsearch/analysis/lang/c/SoraniAnalyzerFactory
instanceKlass com/naqqa/elasticsearch/analysis/lang/c/PersianAnalyzerFactory$2
instanceKlass  @bci com/naqqa/elasticsearch/analysis/lang/c/PersianAnalyzerFactory tokenizer ()Ljava/util/function/Supplier; 0 <appendix> argL0 ; # com/naqqa/elasticsearch/analysis/lang/c/PersianAnalyzerFactory$$Lambda+0x000001f518080b20
instanceKlass  @bci com/naqqa/elasticsearch/analysis/lang/c/PersianAnalyzerFactory create (Ljava/util/Map;)Lcom/naqqa/elasticsearch/analysis/Analyzer; 58 <appendix> member <vmtarget> ; # com/naqqa/elasticsearch/analysis/lang/c/PersianAnalyzerFactory$$Lambda+0x000001f5180808e0
instanceKlass  @bci com/naqqa/elasticsearch/analysis/lang/c/PersianAnalyzerFactory create (Ljava/util/Map;)Lcom/naqqa/elasticsearch/analysis/Analyzer; 47 <appendix> argL0 ; # com/naqqa/elasticsearch/analysis/lang/c/PersianAnalyzerFactory$$Lambda+0x000001f5180806a8
instanceKlass  @bci com/naqqa/elasticsearch/analysis/lang/c/PersianAnalyzerFactory create (Ljava/util/Map;)Lcom/naqqa/elasticsearch/analysis/Analyzer; 36 <appendix> argL0 ; # com/naqqa/elasticsearch/analysis/lang/c/PersianAnalyzerFactory$$Lambda+0x000001f518080470
instanceKlass  @bci com/naqqa/elasticsearch/analysis/lang/c/PersianAnalyzerFactory create (Ljava/util/Map;)Lcom/naqqa/elasticsearch/analysis/Analyzer; 25 <appendix> argL0 ; # com/naqqa/elasticsearch/analysis/lang/c/PersianAnalyzerFactory$$Lambda+0x000001f518080238
instanceKlass  @bci com/naqqa/elasticsearch/analysis/lang/c/PersianAnalyzerFactory create (Ljava/util/Map;)Lcom/naqqa/elasticsearch/analysis/Analyzer; 14 <appendix> argL0 ; # com/naqqa/elasticsearch/analysis/lang/c/PersianAnalyzerFactory$$Lambda+0x000001f518080000
instanceKlass com/naqqa/elasticsearch/analysis/CharFilter
instanceKlass com/naqqa/elasticsearch/analysis/lang/c/PersianAnalyzerFactory$1
instanceKlass com/naqqa/elasticsearch/analysis/CharFilterFactory
instanceKlass com/naqqa/elasticsearch/analysis/lang/c/PersianAnalyzerFactory
instanceKlass com/naqqa/elasticsearch/analysis/lang/c/BengaliAnalyzerFactory$1
instanceKlass  @bci com/naqqa/elasticsearch/analysis/lang/c/BengaliAnalyzerFactory tokenizer ()Ljava/util/function/Supplier; 0 <appendix> argL0 ; # com/naqqa/elasticsearch/analysis/lang/c/BengaliAnalyzerFactory$$Lambda+0x000001f51803d478
instanceKlass  @bci com/naqqa/elasticsearch/analysis/lang/c/BengaliAnalyzerFactory create (Ljava/util/Map;)Lcom/naqqa/elasticsearch/analysis/Analyzer; 61 <appendix> argL0 ; # com/naqqa/elasticsearch/analysis/lang/c/BengaliAnalyzerFactory$$Lambda+0x000001f51803d240
instanceKlass  @bci com/naqqa/elasticsearch/analysis/lang/c/BengaliAnalyzerFactory create (Ljava/util/Map;)Lcom/naqqa/elasticsearch/analysis/Analyzer; 51 <appendix> member <vmtarget> ; # com/naqqa/elasticsearch/analysis/lang/c/BengaliAnalyzerFactory$$Lambda+0x000001f51803d000
instanceKlass  @bci com/naqqa/elasticsearch/analysis/lang/c/BengaliAnalyzerFactory create (Ljava/util/Map;)Lcom/naqqa/elasticsearch/analysis/Analyzer; 40 <appendix> argL0 ; # com/naqqa/elasticsearch/analysis/lang/c/BengaliAnalyzerFactory$$Lambda+0x000001f51803fc90
instanceKlass  @bci com/naqqa/elasticsearch/analysis/lang/c/BengaliAnalyzerFactory create (Ljava/util/Map;)Lcom/naqqa/elasticsearch/analysis/Analyzer; 29 <appendix> argL0 ; # com/naqqa/elasticsearch/analysis/lang/c/BengaliAnalyzerFactory$$Lambda+0x000001f51803fa58
instanceKlass  @bci com/naqqa/elasticsearch/analysis/lang/c/BengaliAnalyzerFactory create (Ljava/util/Map;)Lcom/naqqa/elasticsearch/analysis/Analyzer; 18 <appendix> argL0 ; # com/naqqa/elasticsearch/analysis/lang/c/BengaliAnalyzerFactory$$Lambda+0x000001f51803f820
instanceKlass  @bci com/naqqa/elasticsearch/analysis/lang/c/BengaliAnalyzerFactory create (Ljava/util/Map;)Lcom/naqqa/elasticsearch/analysis/Analyzer; 7 <appendix> argL0 ; # com/naqqa/elasticsearch/analysis/lang/c/BengaliAnalyzerFactory$$Lambda+0x000001f51803f5e8
instanceKlass com/naqqa/elasticsearch/analysis/lang/c/BengaliAnalyzerFactory
instanceKlass com/naqqa/elasticsearch/analysis/lang/c/HindiAnalyzerFactory$1
instanceKlass  @bci com/naqqa/elasticsearch/analysis/lang/c/HindiAnalyzerFactory tokenizer ()Ljava/util/function/Supplier; 0 <appendix> argL0 ; # com/naqqa/elasticsearch/analysis/lang/c/HindiAnalyzerFactory$$Lambda+0x000001f51803ed58
instanceKlass  @bci com/naqqa/elasticsearch/analysis/lang/c/HindiAnalyzerFactory create (Ljava/util/Map;)Lcom/naqqa/elasticsearch/analysis/Analyzer; 61 <appendix> argL0 ; # com/naqqa/elasticsearch/analysis/lang/c/HindiAnalyzerFactory$$Lambda+0x000001f51803eb20
instanceKlass  @bci com/naqqa/elasticsearch/analysis/lang/c/HindiAnalyzerFactory create (Ljava/util/Map;)Lcom/naqqa/elasticsearch/analysis/Analyzer; 51 <appendix> member <vmtarget> ; # com/naqqa/elasticsearch/analysis/lang/c/HindiAnalyzerFactory$$Lambda+0x000001f51803e8e0
instanceKlass  @bci com/naqqa/elasticsearch/analysis/lang/c/HindiAnalyzerFactory create (Ljava/util/Map;)Lcom/naqqa/elasticsearch/analysis/Analyzer; 40 <appendix> argL0 ; # com/naqqa/elasticsearch/analysis/lang/c/HindiAnalyzerFactory$$Lambda+0x000001f51803e6a8
instanceKlass  @bci com/naqqa/elasticsearch/analysis/lang/c/HindiAnalyzerFactory create (Ljava/util/Map;)Lcom/naqqa/elasticsearch/analysis/Analyzer; 29 <appendix> argL0 ; # com/naqqa/elasticsearch/analysis/lang/c/HindiAnalyzerFactory$$Lambda+0x000001f51803e470
instanceKlass  @bci com/naqqa/elasticsearch/analysis/lang/c/HindiAnalyzerFactory create (Ljava/util/Map;)Lcom/naqqa/elasticsearch/analysis/Analyzer; 18 <appendix> argL0 ; # com/naqqa/elasticsearch/analysis/lang/c/HindiAnalyzerFactory$$Lambda+0x000001f51803e238
instanceKlass  @bci com/naqqa/elasticsearch/analysis/lang/c/HindiAnalyzerFactory create (Ljava/util/Map;)Lcom/naqqa/elasticsearch/analysis/Analyzer; 7 <appendix> argL0 ; # com/naqqa/elasticsearch/analysis/lang/c/HindiAnalyzerFactory$$Lambda+0x000001f51803e000
instanceKlass com/naqqa/elasticsearch/analysis/lang/c/HindiAnalyzerFactory
instanceKlass  @bci com/naqqa/elasticsearch/analysis/lang/a/TurkishAnalyzerFactory create (Ljava/util/Map;)Lcom/naqqa/elasticsearch/analysis/Analyzer; 116 <appendix> argL0 ; # com/naqqa/elasticsearch/analysis/lang/a/TurkishAnalyzerFactory$$Lambda+0x000001f51803b650
instanceKlass  @bci com/naqqa/elasticsearch/analysis/lang/a/TurkishAnalyzerFactory create (Ljava/util/Map;)Lcom/naqqa/elasticsearch/analysis/Analyzer; 102 <appendix> argL0 ; # com/naqqa/elasticsearch/analysis/lang/a/TurkishAnalyzerFactory$$Lambda+0x000001f51803b418
instanceKlass  @bci com/naqqa/elasticsearch/analysis/lang/a/TurkishAnalyzerFactory create (Ljava/util/Map;)Lcom/naqqa/elasticsearch/analysis/Analyzer; 58 <appendix> member <vmtarget> ; # com/naqqa/elasticsearch/analysis/lang/a/TurkishAnalyzerFactory$$Lambda+0x000001f51803b1d8
instanceKlass  @bci com/naqqa/elasticsearch/analysis/lang/a/TurkishAnalyzerFactory create (Ljava/util/Map;)Lcom/naqqa/elasticsearch/analysis/Analyzer; 40 <appendix> argL0 ; # com/naqqa/elasticsearch/analysis/lang/a/TurkishAnalyzerFactory$$Lambda+0x000001f51803afa0
instanceKlass  @bci com/naqqa/elasticsearch/analysis/lang/a/TurkishAnalyzerFactory create (Ljava/util/Map;)Lcom/naqqa/elasticsearch/analysis/Analyzer; 22 <appendix> argL0 ; # com/naqqa/elasticsearch/analysis/lang/a/TurkishAnalyzerFactory$$Lambda+0x000001f51803ad68
instanceKlass com/naqqa/elasticsearch/analysis/lang/a/TurkishAnalyzerFactory
instanceKlass  @bci com/naqqa/elasticsearch/analysis/lang/a/IrishAnalyzerFactory create (Ljava/util/Map;)Lcom/naqqa/elasticsearch/analysis/Analyzer; 152 <appendix> argL0 ; # com/naqqa/elasticsearch/analysis/lang/a/IrishAnalyzerFactory$$Lambda+0x000001f51803a710
instanceKlass  @bci com/naqqa/elasticsearch/analysis/lang/a/IrishAnalyzerFactory create (Ljava/util/Map;)Lcom/naqqa/elasticsearch/analysis/Analyzer; 138 <appendix> argL0 ; # com/naqqa/elasticsearch/analysis/lang/a/IrishAnalyzerFactory$$Lambda+0x000001f51803a4d8
instanceKlass  @bci com/naqqa/elasticsearch/analysis/lang/a/IrishAnalyzerFactory create (Ljava/util/Map;)Lcom/naqqa/elasticsearch/analysis/Analyzer; 92 <appendix> member <vmtarget> ; # com/naqqa/elasticsearch/analysis/lang/a/IrishAnalyzerFactory$$Lambda+0x000001f51803a298
instanceKlass  @bci com/naqqa/elasticsearch/analysis/lang/a/IrishAnalyzerFactory create (Ljava/util/Map;)Lcom/naqqa/elasticsearch/analysis/Analyzer; 73 <appendix> argL0 ; # com/naqqa/elasticsearch/analysis/lang/a/IrishAnalyzerFactory$$Lambda+0x000001f51803a060
instanceKlass  @bci com/naqqa/elasticsearch/analysis/lang/a/IrishAnalyzerFactory create (Ljava/util/Map;)Lcom/naqqa/elasticsearch/analysis/Analyzer; 54 <appendix> member <vmtarget> ; # com/naqqa/elasticsearch/analysis/lang/a/IrishAnalyzerFactory$$Lambda+0x000001f518039be0
instanceKlass  @bci com/naqqa/elasticsearch/analysis/lang/a/IrishAnalyzerFactory create (Ljava/util/Map;)Lcom/naqqa/elasticsearch/analysis/Analyzer; 34 <appendix> argL0 ; # com/naqqa/elasticsearch/analysis/lang/a/IrishAnalyzerFactory$$Lambda+0x000001f5180399a8
instanceKlass com/naqqa/elasticsearch/analysis/lang/a/IrishAnalyzerFactory
instanceKlass  @bci com/naqqa/elasticsearch/analysis/lang/a/IndonesianAnalyzerFactory create (Ljava/util/Map;)Lcom/naqqa/elasticsearch/analysis/Analyzer; 115 <appendix> argL0 ; # com/naqqa/elasticsearch/analysis/lang/a/IndonesianAnalyzerFactory$$Lambda+0x000001f518039590
instanceKlass  @bci com/naqqa/elasticsearch/analysis/lang/a/IndonesianAnalyzerFactory create (Ljava/util/Map;)Lcom/naqqa/elasticsearch/analysis/Analyzer; 101 <appendix> member <vmtarget> ; # com/naqqa/elasticsearch/analysis/lang/a/IndonesianAnalyzerFactory$$Lambda+0x000001f518039358
instanceKlass  @cpi com/naqqa/elasticsearch/common/settings/Setting 338 form vmentry <vmtarget> ; # java/lang/invoke/LambdaForm$DMH+0x000001f51803c000
instanceKlass  @bci com/naqqa/elasticsearch/analysis/lang/a/IndonesianAnalyzerFactory create (Ljava/util/Map;)Lcom/naqqa/elasticsearch/analysis/Analyzer; 54 <appendix> member <vmtarget> ; # com/naqqa/elasticsearch/analysis/lang/a/IndonesianAnalyzerFactory$$Lambda+0x000001f518039118
instanceKlass  @bci com/naqqa/elasticsearch/analysis/lang/a/IndonesianAnalyzerFactory create (Ljava/util/Map;)Lcom/naqqa/elasticsearch/analysis/Analyzer; 35 <appendix> argL0 ; # com/naqqa/elasticsearch/analysis/lang/a/IndonesianAnalyzerFactory$$Lambda+0x000001f518038ee0
instanceKlass com/naqqa/elasticsearch/analysis/lang/a/IndonesianAnalyzerFactory
instanceKlass  @bci com/naqqa/elasticsearch/analysis/lang/a/HungarianAnalyzerFactory create (Ljava/util/Map;)Lcom/naqqa/elasticsearch/analysis/Analyzer; 98 <appendix> argL0 ; # com/naqqa/elasticsearch/analysis/lang/a/HungarianAnalyzerFactory$$Lambda+0x000001f518038ac8
instanceKlass  @bci com/naqqa/elasticsearch/analysis/lang/a/HungarianAnalyzerFactory create (Ljava/util/Map;)Lcom/naqqa/elasticsearch/analysis/Analyzer; 84 <appendix> argL0 ; # com/naqqa/elasticsearch/analysis/lang/a/HungarianAnalyzerFactory$$Lambda+0x000001f518038890
instanceKlass  @bci com/naqqa/elasticsearch/analysis/lang/a/HungarianAnalyzerFactory create (Ljava/util/Map;)Lcom/naqqa/elasticsearch/analysis/Analyzer; 40 <appendix> member <vmtarget> ; # com/naqqa/elasticsearch/analysis/lang/a/HungarianAnalyzerFactory$$Lambda+0x000001f518038650
instanceKlass  @bci com/naqqa/elasticsearch/analysis/lang/a/HungarianAnalyzerFactory create (Ljava/util/Map;)Lcom/naqqa/elasticsearch/analysis/Analyzer; 22 <appendix> argL0 ; # com/naqqa/elasticsearch/analysis/lang/a/HungarianAnalyzerFactory$$Lambda+0x000001f518038418
instanceKlass com/naqqa/elasticsearch/analysis/lang/a/HungarianAnalyzerFactory
instanceKlass  @bci com/naqqa/elasticsearch/analysis/lang/a/CatalanAnalyzerFactory create (Ljava/util/Map;)Lcom/naqqa/elasticsearch/analysis/Analyzer; 134 <appendix> argL0 ; # com/naqqa/elasticsearch/analysis/lang/a/CatalanAnalyzerFactory$$Lambda+0x000001f518038000
instanceKlass  @bci com/naqqa/elasticsearch/analysis/lang/a/CatalanAnalyzerFactory create (Ljava/util/Map;)Lcom/naqqa/elasticsearch/analysis/Analyzer; 120 <appendix> argL0 ; # com/naqqa/elasticsearch/analysis/lang/a/CatalanAnalyzerFactory$$Lambda+0x000001f518030400
instanceKlass  @bci com/naqqa/elasticsearch/analysis/lang/a/CatalanAnalyzerFactory create (Ljava/util/Map;)Lcom/naqqa/elasticsearch/analysis/Analyzer; 74 <appendix> member <vmtarget> ; # com/naqqa/elasticsearch/analysis/lang/a/CatalanAnalyzerFactory$$Lambda+0x000001f518030c78
instanceKlass  @bci com/naqqa/elasticsearch/analysis/lang/a/CatalanAnalyzerFactory create (Ljava/util/Map;)Lcom/naqqa/elasticsearch/analysis/Analyzer; 55 <appendix> argL0 ; # com/naqqa/elasticsearch/analysis/lang/a/CatalanAnalyzerFactory$$Lambda+0x000001f518030a40
instanceKlass  @bci com/naqqa/elasticsearch/analysis/lang/a/CatalanAnalyzerFactory create (Ljava/util/Map;)Lcom/naqqa/elasticsearch/analysis/Analyzer; 36 <appendix> member <vmtarget> ; # com/naqqa/elasticsearch/analysis/lang/a/CatalanAnalyzerFactory$$Lambda+0x000001f518030800
instanceKlass com/naqqa/elasticsearch/analysis/lang/a/CatalanAnalyzerFactory
instanceKlass  @bci com/naqqa/elasticsearch/analysis/lang/a/BasqueAnalyzerFactory create (Ljava/util/Map;)Lcom/naqqa/elasticsearch/analysis/Analyzer; 98 <appendix> argL0 ; # com/naqqa/elasticsearch/analysis/lang/a/BasqueAnalyzerFactory$$Lambda+0x000001f518031ac8
instanceKlass  @bci com/naqqa/elasticsearch/analysis/lang/a/BasqueAnalyzerFactory create (Ljava/util/Map;)Lcom/naqqa/elasticsearch/analysis/Analyzer; 84 <appendix> argL0 ; # com/naqqa/elasticsearch/analysis/lang/a/BasqueAnalyzerFactory$$Lambda+0x000001f518031890
instanceKlass  @bci com/naqqa/elasticsearch/analysis/lang/a/BasqueAnalyzerFactory create (Ljava/util/Map;)Lcom/naqqa/elasticsearch/analysis/Analyzer; 40 <appendix> member <vmtarget> ; # com/naqqa/elasticsearch/analysis/lang/a/BasqueAnalyzerFactory$$Lambda+0x000001f518031650
instanceKlass  @bci com/naqqa/elasticsearch/analysis/lang/a/BasqueAnalyzerFactory create (Ljava/util/Map;)Lcom/naqqa/elasticsearch/analysis/Analyzer; 22 <appendix> argL0 ; # com/naqqa/elasticsearch/analysis/lang/a/BasqueAnalyzerFactory$$Lambda+0x000001f518031418
instanceKlass com/naqqa/elasticsearch/analysis/lang/a/BasqueAnalyzerFactory
instanceKlass  @bci com/naqqa/elasticsearch/analysis/lang/a/ArmenianAnalyzerFactory create (Ljava/util/Map;)Lcom/naqqa/elasticsearch/analysis/Analyzer; 98 <appendix> argL0 ; # com/naqqa/elasticsearch/analysis/lang/a/ArmenianAnalyzerFactory$$Lambda+0x000001f518031000
instanceKlass  @bci com/naqqa/elasticsearch/analysis/lang/a/ArmenianAnalyzerFactory create (Ljava/util/Map;)Lcom/naqqa/elasticsearch/analysis/Analyzer; 84 <appendix> argL0 ; # com/naqqa/elasticsearch/analysis/lang/a/ArmenianAnalyzerFactory$$Lambda+0x000001f518033c28
instanceKlass  @bci com/naqqa/elasticsearch/analysis/lang/a/ArmenianAnalyzerFactory create (Ljava/util/Map;)Lcom/naqqa/elasticsearch/analysis/Analyzer; 40 <appendix> member <vmtarget> ; # com/naqqa/elasticsearch/analysis/lang/a/ArmenianAnalyzerFactory$$Lambda+0x000001f5180339e8
instanceKlass  @bci com/naqqa/elasticsearch/analysis/lang/a/ArmenianAnalyzerFactory create (Ljava/util/Map;)Lcom/naqqa/elasticsearch/analysis/Analyzer; 22 <appendix> argL0 ; # com/naqqa/elasticsearch/analysis/lang/a/ArmenianAnalyzerFactory$$Lambda+0x000001f5180337b0
instanceKlass com/naqqa/elasticsearch/analysis/lang/a/ArmenianAnalyzerFactory
instanceKlass com/naqqa/elasticsearch/analysis/lang/a/LangAnalyzerSupport$1
instanceKlass  @bci com/naqqa/elasticsearch/analysis/lang/a/ArabicAnalyzerFactory create (Ljava/util/Map;)Lcom/naqqa/elasticsearch/analysis/Analyzer; 134 <appendix> argL0 ; # com/naqqa/elasticsearch/analysis/lang/a/ArabicAnalyzerFactory$$Lambda+0x000001f518033160
instanceKlass  @bci com/naqqa/elasticsearch/analysis/lang/a/ArabicAnalyzerFactory create (Ljava/util/Map;)Lcom/naqqa/elasticsearch/analysis/Analyzer; 120 <appendix> argL0 ; # com/naqqa/elasticsearch/analysis/lang/a/ArabicAnalyzerFactory$$Lambda+0x000001f518032f28
instanceKlass  @bci com/naqqa/elasticsearch/analysis/lang/a/ArabicAnalyzerFactory create (Ljava/util/Map;)Lcom/naqqa/elasticsearch/analysis/Analyzer; 76 <appendix> argL0 ; # com/naqqa/elasticsearch/analysis/lang/a/ArabicAnalyzerFactory$$Lambda+0x000001f518032cf0
instanceKlass  @bci com/naqqa/elasticsearch/analysis/lang/a/ArabicAnalyzerFactory create (Ljava/util/Map;)Lcom/naqqa/elasticsearch/analysis/Analyzer; 58 <appendix> member <vmtarget> ; # com/naqqa/elasticsearch/analysis/lang/a/ArabicAnalyzerFactory$$Lambda+0x000001f518032ab0
instanceKlass  @bci com/naqqa/elasticsearch/analysis/lang/a/ArabicAnalyzerFactory create (Ljava/util/Map;)Lcom/naqqa/elasticsearch/analysis/Analyzer; 40 <appendix> argL0 ; # com/naqqa/elasticsearch/analysis/lang/a/ArabicAnalyzerFactory$$Lambda+0x000001f518032878
instanceKlass  @bci com/naqqa/elasticsearch/analysis/lang/a/ArabicAnalyzerFactory create (Ljava/util/Map;)Lcom/naqqa/elasticsearch/analysis/Analyzer; 22 <appendix> argL0 ; # com/naqqa/elasticsearch/analysis/lang/a/ArabicAnalyzerFactory$$Lambda+0x000001f518032400
instanceKlass com/naqqa/elasticsearch/analysis/lang/a/LangAnalyzerSupport
instanceKlass com/naqqa/elasticsearch/analysis/lang/a/ArabicAnalyzerFactory
instanceKlass  @bci com/naqqa/elasticsearch/analysis/lang/b/SerbianAnalyzerFactory create (Ljava/util/Map;)Lcom/naqqa/elasticsearch/analysis/Analyzer; 44 <appendix> argL0 ; # com/naqqa/elasticsearch/analysis/lang/b/SerbianAnalyzerFactory$$Lambda+0x000001f518037c68
instanceKlass  @bci com/naqqa/elasticsearch/analysis/lang/b/SerbianAnalyzerFactory create (Ljava/util/Map;)Lcom/naqqa/elasticsearch/analysis/Analyzer; 27 <appendix> argL0 ; # com/naqqa/elasticsearch/analysis/lang/b/SerbianAnalyzerFactory$$Lambda+0x000001f518037a30
instanceKlass  @bci com/naqqa/elasticsearch/analysis/lang/b/SerbianAnalyzerFactory create (Ljava/util/Map;)Lcom/naqqa/elasticsearch/analysis/Analyzer; 8 <appendix> argL0 ; # com/naqqa/elasticsearch/analysis/lang/b/SerbianAnalyzerFactory$$Lambda+0x000001f5180377f8
instanceKlass com/naqqa/elasticsearch/analysis/lang/b/SerbianAnalyzerFactory
instanceKlass  @bci com/naqqa/elasticsearch/analysis/lang/b/LithuanianAnalyzerFactory create (Ljava/util/Map;)Lcom/naqqa/elasticsearch/analysis/Analyzer; 27 <appendix> argL0 ; # com/naqqa/elasticsearch/analysis/lang/b/LithuanianAnalyzerFactory$$Lambda+0x000001f518037180
instanceKlass  @bci com/naqqa/elasticsearch/analysis/lang/b/LithuanianAnalyzerFactory create (Ljava/util/Map;)Lcom/naqqa/elasticsearch/analysis/Analyzer; 8 <appendix> argL0 ; # com/naqqa/elasticsearch/analysis/lang/b/LithuanianAnalyzerFactory$$Lambda+0x000001f518036f48
instanceKlass com/naqqa/elasticsearch/analysis/lang/b/LithuanianAnalyzerFactory
instanceKlass  @bci com/naqqa/elasticsearch/analysis/lang/b/LatvianAnalyzerFactory create (Ljava/util/Map;)Lcom/naqqa/elasticsearch/analysis/Analyzer; 27 <appendix> argL0 ; # com/naqqa/elasticsearch/analysis/lang/b/LatvianAnalyzerFactory$$Lambda+0x000001f518036b10
instanceKlass  @bci com/naqqa/elasticsearch/analysis/lang/b/LatvianAnalyzerFactory create (Ljava/util/Map;)Lcom/naqqa/elasticsearch/analysis/Analyzer; 8 <appendix> argL0 ; # com/naqqa/elasticsearch/analysis/lang/b/LatvianAnalyzerFactory$$Lambda+0x000001f5180368d8
instanceKlass com/naqqa/elasticsearch/analysis/lang/b/LatvianAnalyzerFactory
instanceKlass  @bci com/naqqa/elasticsearch/analysis/lang/b/GreekAnalyzerFactory create (Ljava/util/Map;)Lcom/naqqa/elasticsearch/analysis/Analyzer; 27 <appendix> argL0 ; # com/naqqa/elasticsearch/analysis/lang/b/GreekAnalyzerFactory$$Lambda+0x000001f5180364a0
instanceKlass  @bci com/naqqa/elasticsearch/analysis/lang/b/GreekAnalyzerFactory create (Ljava/util/Map;)Lcom/naqqa/elasticsearch/analysis/Analyzer; 8 <appendix> argL0 ; # com/naqqa/elasticsearch/analysis/lang/b/GreekAnalyzerFactory$$Lambda+0x000001f518036268
instanceKlass com/naqqa/elasticsearch/analysis/lang/b/GreekAnalyzerFactory
instanceKlass  @bci com/naqqa/elasticsearch/analysis/lang/b/GalicianAnalyzerFactory create (Ljava/util/Map;)Lcom/naqqa/elasticsearch/analysis/Analyzer; 27 <appendix> argL0 ; # com/naqqa/elasticsearch/analysis/lang/b/GalicianAnalyzerFactory$$Lambda+0x000001f518035bf0
instanceKlass  @bci com/naqqa/elasticsearch/analysis/lang/b/GalicianAnalyzerFactory create (Ljava/util/Map;)Lcom/naqqa/elasticsearch/analysis/Analyzer; 8 <appendix> argL0 ; # com/naqqa/elasticsearch/analysis/lang/b/GalicianAnalyzerFactory$$Lambda+0x000001f5180359b8
instanceKlass com/naqqa/elasticsearch/analysis/lang/b/GalicianAnalyzerFactory
instanceKlass  @bci com/naqqa/elasticsearch/analysis/lang/b/EstonianAnalyzerFactory create (Ljava/util/Map;)Lcom/naqqa/elasticsearch/analysis/Analyzer; 27 <appendix> argL0 ; # com/naqqa/elasticsearch/analysis/lang/b/EstonianAnalyzerFactory$$Lambda+0x000001f518035580
instanceKlass  @bci com/naqqa/elasticsearch/analysis/lang/b/EstonianAnalyzerFactory create (Ljava/util/Map;)Lcom/naqqa/elasticsearch/analysis/Analyzer; 8 <appendix> argL0 ; # com/naqqa/elasticsearch/analysis/lang/b/EstonianAnalyzerFactory$$Lambda+0x000001f518035348
instanceKlass com/naqqa/elasticsearch/analysis/lang/b/EstonianAnalyzerFactory
instanceKlass  @bci com/naqqa/elasticsearch/analysis/lang/b/CzechAnalyzerFactory create (Ljava/util/Map;)Lcom/naqqa/elasticsearch/analysis/Analyzer; 27 <appendix> argL0 ; # com/naqqa/elasticsearch/analysis/lang/b/CzechAnalyzerFactory$$Lambda+0x000001f518034f10
instanceKlass  @bci com/naqqa/elasticsearch/analysis/lang/b/CzechAnalyzerFactory create (Ljava/util/Map;)Lcom/naqqa/elasticsearch/analysis/Analyzer; 8 <appendix> argL0 ; # com/naqqa/elasticsearch/analysis/lang/b/CzechAnalyzerFactory$$Lambda+0x000001f518034cd8
instanceKlass com/naqqa/elasticsearch/analysis/lang/b/CzechAnalyzerFactory
instanceKlass  @bci com/naqqa/elasticsearch/analysis/lang/b/BulgarianAnalyzerFactory create (Ljava/util/Map;)Lcom/naqqa/elasticsearch/analysis/Analyzer; 27 <appendix> argL0 ; # com/naqqa/elasticsearch/analysis/lang/b/BulgarianAnalyzerFactory$$Lambda+0x000001f5180348a0
instanceKlass  @bci com/naqqa/elasticsearch/analysis/lang/b/BulgarianAnalyzerFactory create (Ljava/util/Map;)Lcom/naqqa/elasticsearch/analysis/Analyzer; 8 <appendix> argL0 ; # com/naqqa/elasticsearch/analysis/lang/b/BulgarianAnalyzerFactory$$Lambda+0x000001f518034668
instanceKlass com/naqqa/elasticsearch/analysis/lang/b/BulgarianAnalyzerFactory
instanceKlass com/naqqa/elasticsearch/analysis/lang/b/LangAnalyzerSupport$1
instanceKlass  @bci com/naqqa/elasticsearch/analysis/lang/b/BrazilianAnalyzerFactory create (Ljava/util/Map;)Lcom/naqqa/elasticsearch/analysis/Analyzer; 27 <appendix> argL0 ; # com/naqqa/elasticsearch/analysis/lang/b/BrazilianAnalyzerFactory$$Lambda+0x000001f518034000
instanceKlass  @bci com/naqqa/elasticsearch/analysis/lang/b/LangAnalyzerSupport baseChain (Lcom/naqqa/elasticsearch/analysis/TokenFilterFactory;Ljava/util/List;Ljava/util/List;)Ljava/util/List; 20 <appendix> member <vmtarget> ; # com/naqqa/elasticsearch/analysis/lang/b/LangAnalyzerSupport$$Lambda+0x000001f51802fd40
instanceKlass com/naqqa/elasticsearch/analysis/stop/StopwordLists
instanceKlass  @bci com/naqqa/elasticsearch/analysis/lang/b/BrazilianAnalyzerFactory create (Ljava/util/Map;)Lcom/naqqa/elasticsearch/analysis/Analyzer; 8 <appendix> argL0 ; # com/naqqa/elasticsearch/analysis/lang/b/BrazilianAnalyzerFactory$$Lambda+0x000001f51802f908
instanceKlass com/naqqa/elasticsearch/analysis/lang/b/LangAnalyzerSupport
instanceKlass com/naqqa/elasticsearch/analysis/lang/b/BrazilianAnalyzerFactory
instanceKlass  @bci com/naqqa/elasticsearch/analysis/registry/BuiltinAnalyzers cjk ()Lcom/naqqa/elasticsearch/analysis/Analyzer; 53 <appendix> argL0 ; # com/naqqa/elasticsearch/analysis/registry/BuiltinAnalyzers$$Lambda+0x000001f51802f0b0
instanceKlass  @bci com/naqqa/elasticsearch/analysis/registry/BuiltinAnalyzers cjk ()Lcom/naqqa/elasticsearch/analysis/Analyzer; 34 <appendix> argL0 ; # com/naqqa/elasticsearch/analysis/registry/BuiltinAnalyzers$$Lambda+0x000001f51802ee78
instanceKlass  @bci com/naqqa/elasticsearch/analysis/registry/BuiltinAnalyzers cjk ()Lcom/naqqa/elasticsearch/analysis/Analyzer; 24 <appendix> argL0 ; # com/naqqa/elasticsearch/analysis/registry/BuiltinAnalyzers$$Lambda+0x000001f51802ec40
instanceKlass  @bci com/naqqa/elasticsearch/analysis/registry/BuiltinAnalyzers cjk ()Lcom/naqqa/elasticsearch/analysis/Analyzer; 14 <appendix> argL0 ; # com/naqqa/elasticsearch/analysis/registry/BuiltinAnalyzers$$Lambda+0x000001f51802ea08
instanceKlass  @bci com/naqqa/elasticsearch/index/engine/EngineMergeConcurrencyStressTest concurrentIndexingRefreshFlushMergeAndSearchProducesNoRefCountErrorsOrLostDocs ()V 167 <bsm> form vmentry <vmtarget> ; # java/lang/invoke/LambdaForm$DMH+0x000001f518030000
instanceKlass java/lang/invoke/MethodHandle$1
instanceKlass  @bci com/naqqa/elasticsearch/analysis/registry/BuiltinAnalyzers cjk ()Lcom/naqqa/elasticsearch/analysis/Analyzer; 3 <appendix> argL0 ; # com/naqqa/elasticsearch/analysis/registry/BuiltinAnalyzers$$Lambda+0x000001f51802e7d0
instanceKlass com/naqqa/elasticsearch/analysis/stem/snowball/FinnishSnowballStemmer
instanceKlass  @bci com/naqqa/elasticsearch/analysis/registry/BuiltinAnalyzers lambda$build$38 ()Lcom/naqqa/elasticsearch/analysis/Analyzer; 3 <appendix> argL0 ; # com/naqqa/elasticsearch/analysis/registry/BuiltinAnalyzers$$Lambda+0x000001f51802e390
instanceKlass com/naqqa/elasticsearch/analysis/stem/snowball/NorwegianSnowballStemmer
instanceKlass  @bci com/naqqa/elasticsearch/analysis/registry/BuiltinAnalyzers lambda$build$36 ()Lcom/naqqa/elasticsearch/analysis/Analyzer; 3 <appendix> argL0 ; # com/naqqa/elasticsearch/analysis/registry/BuiltinAnalyzers$$Lambda+0x000001f51802df50
instanceKlass com/naqqa/elasticsearch/analysis/stem/snowball/DanishSnowballStemmer
instanceKlass  @bci com/naqqa/elasticsearch/analysis/registry/BuiltinAnalyzers lambda$build$34 ()Lcom/naqqa/elasticsearch/analysis/Analyzer; 3 <appendix> argL0 ; # com/naqqa/elasticsearch/analysis/registry/BuiltinAnalyzers$$Lambda+0x000001f51802db10
instanceKlass com/naqqa/elasticsearch/analysis/stem/snowball/SwedishSnowballStemmer
instanceKlass  @bci com/naqqa/elasticsearch/analysis/registry/BuiltinAnalyzers lambda$build$32 ()Lcom/naqqa/elasticsearch/analysis/Analyzer; 3 <appendix> argL0 ; # com/naqqa/elasticsearch/analysis/registry/BuiltinAnalyzers$$Lambda+0x000001f51802d6d0
instanceKlass com/naqqa/elasticsearch/analysis/stem/snowball/RussianSnowballStemmer
instanceKlass  @bci com/naqqa/elasticsearch/analysis/registry/BuiltinAnalyzers lambda$build$30 ()Lcom/naqqa/elasticsearch/analysis/Analyzer; 3 <appendix> argL0 ; # com/naqqa/elasticsearch/analysis/registry/BuiltinAnalyzers$$Lambda+0x000001f51802d290
instanceKlass com/naqqa/elasticsearch/analysis/stem/snowball/SnowballSupport$Among
instanceKlass com/naqqa/elasticsearch/analysis/stem/snowball/SnowballSupport
instanceKlass  @bci com/naqqa/elasticsearch/analysis/registry/BuiltinAnalyzers lambda$build$28 ()Lcom/naqqa/elasticsearch/analysis/Analyzer; 3 <appendix> argL0 ; # com/naqqa/elasticsearch/analysis/registry/BuiltinAnalyzers$$Lambda+0x000001f51802ca00
instanceKlass  @bci com/naqqa/elasticsearch/analysis/registry/BuiltinAnalyzers lambda$build$26 ()Lcom/naqqa/elasticsearch/analysis/Analyzer; 3 <appendix> argL0 ; # com/naqqa/elasticsearch/analysis/registry/BuiltinAnalyzers$$Lambda+0x000001f51802c7e8
instanceKlass  @bci com/naqqa/elasticsearch/analysis/registry/BuiltinAnalyzers lambda$build$24 ()Lcom/naqqa/elasticsearch/analysis/Analyzer; 3 <appendix> argL0 ; # com/naqqa/elasticsearch/analysis/registry/BuiltinAnalyzers$$Lambda+0x000001f51802c5d0
instanceKlass  @bci com/naqqa/elasticsearch/analysis/registry/BuiltinAnalyzers lambda$build$22 ()Lcom/naqqa/elasticsearch/analysis/Analyzer; 3 <appendix> argL0 ; # com/naqqa/elasticsearch/analysis/registry/BuiltinAnalyzers$$Lambda+0x000001f51802c3b8
instanceKlass  @bci com/naqqa/elasticsearch/analysis/registry/BuiltinAnalyzers lambda$build$20 ()Lcom/naqqa/elasticsearch/analysis/Analyzer; 3 <appendix> argL0 ; # com/naqqa/elasticsearch/analysis/registry/BuiltinAnalyzers$$Lambda+0x000001f51802c1a0
instanceKlass  @bci com/naqqa/elasticsearch/analysis/registry/BuiltinAnalyzers lambda$build$18 ()Lcom/naqqa/elasticsearch/analysis/Analyzer; 3 <appendix> argL0 ; # com/naqqa/elasticsearch/analysis/registry/BuiltinAnalyzers$$Lambda+0x000001f51802bf88
instanceKlass  @bci com/naqqa/elasticsearch/analysis/registry/BuiltinAnalyzers language (Ljava/lang/String;Ljava/util/function/Supplier;Ljava/util/function/Supplier;Ljava/util/List;)Lcom/naqqa/elasticsearch/analysis/Analyzer; 36 <appendix> member <vmtarget> ; # com/naqqa/elasticsearch/analysis/registry/BuiltinAnalyzers$$Lambda+0x000001f51802bd48
instanceKlass  @bci com/naqqa/elasticsearch/analysis/stem/light/CharArrayStemmer <clinit> ()V 0 <appendix> argL0 ; # com/naqqa/elasticsearch/analysis/stem/light/CharArrayStemmer$$Lambda+0x000001f51802bb30
instanceKlass  @bci com/naqqa/elasticsearch/analysis/registry/BuiltinAnalyzers lambda$build$16 ()Lcom/naqqa/elasticsearch/analysis/Analyzer; 3 <appendix> argL0 ; # com/naqqa/elasticsearch/analysis/registry/BuiltinAnalyzers$$Lambda+0x000001f51802b918
instanceKlass  @bci com/naqqa/elasticsearch/analysis/registry/BuiltinAnalyzers language (Ljava/lang/String;Ljava/util/function/Supplier;Ljava/util/function/Supplier;Ljava/util/List;)Lcom/naqqa/elasticsearch/analysis/Analyzer; 137 <appendix> argL0 ; # com/naqqa/elasticsearch/analysis/registry/BuiltinAnalyzers$$Lambda+0x000001f51802b700
instanceKlass  @bci com/naqqa/elasticsearch/analysis/registry/BuiltinAnalyzers language (Ljava/lang/String;Ljava/util/function/Supplier;Ljava/util/function/Supplier;Ljava/util/List;)Lcom/naqqa/elasticsearch/analysis/Analyzer; 116 <appendix> member <vmtarget> ; # com/naqqa/elasticsearch/analysis/registry/BuiltinAnalyzers$$Lambda+0x000001f51802b4c0
instanceKlass  @bci com/naqqa/elasticsearch/analysis/registry/BuiltinAnalyzers language (Ljava/lang/String;Ljava/util/function/Supplier;Ljava/util/function/Supplier;Ljava/util/List;)Lcom/naqqa/elasticsearch/analysis/Analyzer; 97 <appendix> member <vmtarget> ; # com/naqqa/elasticsearch/analysis/registry/BuiltinAnalyzers$$Lambda+0x000001f51802b280
instanceKlass  @bci com/naqqa/elasticsearch/analysis/registry/BuiltinAnalyzers language (Ljava/lang/String;Ljava/util/function/Supplier;Ljava/util/function/Supplier;Ljava/util/List;)Lcom/naqqa/elasticsearch/analysis/Analyzer; 78 <appendix> argL0 ; # com/naqqa/elasticsearch/analysis/registry/BuiltinAnalyzers$$Lambda+0x000001f51802b048
instanceKlass  @bci com/naqqa/elasticsearch/analysis/registry/BuiltinAnalyzers language (Ljava/lang/String;Ljava/util/function/Supplier;Ljava/util/function/Supplier;Ljava/util/List;)Lcom/naqqa/elasticsearch/analysis/Analyzer; 59 <appendix> member <vmtarget> ; # com/naqqa/elasticsearch/analysis/registry/BuiltinAnalyzers$$Lambda+0x000001f51802ae08
instanceKlass com/naqqa/elasticsearch/analysis/stem/english/EnglishStemmer
instanceKlass com/naqqa/elasticsearch/analysis/stem/light/CharArrayStemmer
instanceKlass com/naqqa/elasticsearch/analysis/stem/Stemmers
instanceKlass  @bci com/naqqa/elasticsearch/analysis/registry/BuiltinAnalyzers lambda$build$14 ()Lcom/naqqa/elasticsearch/analysis/Analyzer; 8 <appendix> argL0 ; # com/naqqa/elasticsearch/analysis/registry/BuiltinAnalyzers$$Lambda+0x000001f518028440
instanceKlass com/naqqa/elasticsearch/analysis/stem/english/EnglishPossessiveStemmer
instanceKlass  @bci com/naqqa/elasticsearch/analysis/registry/BuiltinAnalyzers lambda$build$14 ()Lcom/naqqa/elasticsearch/analysis/Analyzer; 3 <appendix> argL0 ; # com/naqqa/elasticsearch/analysis/registry/BuiltinAnalyzers$$Lambda+0x000001f518028000
instanceKlass com/naqqa/elasticsearch/analysis/stem/Stemmer
instanceKlass  @bci com/naqqa/elasticsearch/analysis/registry/BuiltinAnalyzers lambda$build$12 ()Lcom/naqqa/elasticsearch/analysis/Analyzer; 18 <appendix> argL0 ; # com/naqqa/elasticsearch/analysis/registry/BuiltinAnalyzers$$Lambda+0x000001f518027b80
instanceKlass  @bci com/naqqa/elasticsearch/analysis/registry/BuiltinAnalyzers lambda$build$12 ()Lcom/naqqa/elasticsearch/analysis/Analyzer; 8 <appendix> argL0 ; # com/naqqa/elasticsearch/analysis/registry/BuiltinAnalyzers$$Lambda+0x000001f518027948
instanceKlass  @bci com/naqqa/elasticsearch/analysis/registry/BuiltinAnalyzers lambda$build$12 ()Lcom/naqqa/elasticsearch/analysis/Analyzer; 0 <appendix> argL0 ; # com/naqqa/elasticsearch/analysis/registry/BuiltinAnalyzers$$Lambda+0x000001f518027730
instanceKlass  @bci com/naqqa/elasticsearch/analysis/registry/BuiltinAnalyzers lambda$build$9 ()Lcom/naqqa/elasticsearch/analysis/Analyzer; 8 <appendix> argL0 ; # com/naqqa/elasticsearch/analysis/registry/BuiltinAnalyzers$$Lambda+0x000001f5180274f8
instanceKlass  @bci com/naqqa/elasticsearch/analysis/registry/BuiltinAnalyzers lambda$build$9 ()Lcom/naqqa/elasticsearch/analysis/Analyzer; 0 <appendix> argL0 ; # com/naqqa/elasticsearch/analysis/registry/BuiltinAnalyzers$$Lambda+0x000001f5180272e0
instanceKlass  @bci com/naqqa/elasticsearch/analysis/registry/BuiltinAnalyzers lambda$build$6 ()Lcom/naqqa/elasticsearch/analysis/Analyzer; 0 <appendix> argL0 ; # com/naqqa/elasticsearch/analysis/registry/BuiltinAnalyzers$$Lambda+0x000001f5180270c8
instanceKlass  @bci com/naqqa/elasticsearch/analysis/registry/BuiltinAnalyzers lambda$build$5 ()Lcom/naqqa/elasticsearch/analysis/Analyzer; 7 <appendix> argL0 ; # com/naqqa/elasticsearch/analysis/registry/BuiltinAnalyzers$$Lambda+0x000001f518026c50
instanceKlass  @bci com/naqqa/elasticsearch/analysis/registry/BuiltinAnalyzers lambda$build$5 ()Lcom/naqqa/elasticsearch/analysis/Analyzer; 0 <appendix> argL0 ; # com/naqqa/elasticsearch/analysis/registry/BuiltinAnalyzers$$Lambda+0x000001f518026a38
instanceKlass  @bci com/naqqa/elasticsearch/analysis/registry/BuiltinAnalyzers lambda$build$3 ()Lcom/naqqa/elasticsearch/analysis/Analyzer; 0 <appendix> argL0 ; # com/naqqa/elasticsearch/analysis/registry/BuiltinAnalyzers$$Lambda+0x000001f518026820
instanceKlass  @bci com/naqqa/elasticsearch/analysis/registry/BuiltinAnalyzers lambda$build$2 ()Lcom/naqqa/elasticsearch/analysis/Analyzer; 0 <appendix> argL0 ; # com/naqqa/elasticsearch/analysis/registry/BuiltinAnalyzers$$Lambda+0x000001f518026608
instanceKlass com/naqqa/elasticsearch/analysis/registry/BuiltinAnalyzers$1
instanceKlass com/naqqa/elasticsearch/analysis/TokenFilterFactory$2
instanceKlass com/naqqa/elasticsearch/analysis/TokenFilterFactory$1
instanceKlass com/naqqa/elasticsearch/analysis/TokenFilterFactory
instanceKlass  @bci com/naqqa/elasticsearch/analysis/registry/BuiltinAnalyzers lambda$build$1 ()Lcom/naqqa/elasticsearch/analysis/Analyzer; 8 <appendix> argL0 ; # com/naqqa/elasticsearch/analysis/registry/BuiltinAnalyzers$$Lambda+0x000001f518024f90
instanceKlass  @bci com/naqqa/elasticsearch/analysis/registry/BuiltinAnalyzers lambda$build$1 ()Lcom/naqqa/elasticsearch/analysis/Analyzer; 0 <appendix> argL0 ; # com/naqqa/elasticsearch/analysis/registry/BuiltinAnalyzers$$Lambda+0x000001f518024d78
instanceKlass  @bci com/naqqa/elasticsearch/analysis/registry/BuiltinAnalyzers build ()Ljava/util/Map; 599 <appendix> argL0 ; # com/naqqa/elasticsearch/analysis/registry/BuiltinAnalyzers$$Lambda+0x000001f518024b60
instanceKlass  @bci com/naqqa/elasticsearch/analysis/registry/BuiltinAnalyzers build ()Ljava/util/Map; 585 <appendix> argL0 ; # com/naqqa/elasticsearch/analysis/registry/BuiltinAnalyzers$$Lambda+0x000001f518024948
instanceKlass  @bci com/naqqa/elasticsearch/analysis/registry/BuiltinAnalyzers build ()Ljava/util/Map; 571 <appendix> argL0 ; # com/naqqa/elasticsearch/analysis/registry/BuiltinAnalyzers$$Lambda+0x000001f518024730
instanceKlass  @bci com/naqqa/elasticsearch/analysis/registry/BuiltinAnalyzers build ()Ljava/util/Map; 557 <appendix> argL0 ; # com/naqqa/elasticsearch/analysis/registry/BuiltinAnalyzers$$Lambda+0x000001f518024518
instanceKlass  @bci com/naqqa/elasticsearch/analysis/registry/BuiltinAnalyzers build ()Ljava/util/Map; 543 <appendix> argL0 ; # com/naqqa/elasticsearch/analysis/registry/BuiltinAnalyzers$$Lambda+0x000001f518024300
instanceKlass  @bci com/naqqa/elasticsearch/analysis/registry/BuiltinAnalyzers build ()Ljava/util/Map; 529 <appendix> argL0 ; # com/naqqa/elasticsearch/analysis/registry/BuiltinAnalyzers$$Lambda+0x000001f5180240e8
instanceKlass  @bci com/naqqa/elasticsearch/analysis/registry/BuiltinAnalyzers build ()Ljava/util/Map; 515 <appendix> argL0 ; # com/naqqa/elasticsearch/analysis/registry/BuiltinAnalyzers$$Lambda+0x000001f518023ed0
instanceKlass  @bci com/naqqa/elasticsearch/analysis/registry/BuiltinAnalyzers build ()Ljava/util/Map; 501 <appendix> argL0 ; # com/naqqa/elasticsearch/analysis/registry/BuiltinAnalyzers$$Lambda+0x000001f518023cb8
instanceKlass  @bci com/naqqa/elasticsearch/analysis/registry/BuiltinAnalyzers build ()Ljava/util/Map; 487 <appendix> argL0 ; # com/naqqa/elasticsearch/analysis/registry/BuiltinAnalyzers$$Lambda+0x000001f518023aa0
instanceKlass  @bci com/naqqa/elasticsearch/analysis/registry/BuiltinAnalyzers build ()Ljava/util/Map; 473 <appendix> argL0 ; # com/naqqa/elasticsearch/analysis/registry/BuiltinAnalyzers$$Lambda+0x000001f518023888
instanceKlass  @bci com/naqqa/elasticsearch/analysis/registry/BuiltinAnalyzers build ()Ljava/util/Map; 459 <appendix> argL0 ; # com/naqqa/elasticsearch/analysis/registry/BuiltinAnalyzers$$Lambda+0x000001f518023670
instanceKlass  @bci com/naqqa/elasticsearch/analysis/registry/BuiltinAnalyzers build ()Ljava/util/Map; 445 <appendix> argL0 ; # com/naqqa/elasticsearch/analysis/registry/BuiltinAnalyzers$$Lambda+0x000001f518023458
instanceKlass  @bci com/naqqa/elasticsearch/analysis/registry/BuiltinAnalyzers build ()Ljava/util/Map; 431 <appendix> argL0 ; # com/naqqa/elasticsearch/analysis/registry/BuiltinAnalyzers$$Lambda+0x000001f518023240
instanceKlass  @bci com/naqqa/elasticsearch/analysis/registry/BuiltinAnalyzers build ()Ljava/util/Map; 417 <appendix> argL0 ; # com/naqqa/elasticsearch/analysis/registry/BuiltinAnalyzers$$Lambda+0x000001f518023028
instanceKlass  @bci com/naqqa/elasticsearch/analysis/registry/BuiltinAnalyzers build ()Ljava/util/Map; 403 <appendix> argL0 ; # com/naqqa/elasticsearch/analysis/registry/BuiltinAnalyzers$$Lambda+0x000001f518022e10
instanceKlass  @bci com/naqqa/elasticsearch/analysis/registry/BuiltinAnalyzers build ()Ljava/util/Map; 389 <appendix> argL0 ; # com/naqqa/elasticsearch/analysis/registry/BuiltinAnalyzers$$Lambda+0x000001f518022bf8
instanceKlass  @bci com/naqqa/elasticsearch/analysis/registry/BuiltinAnalyzers build ()Ljava/util/Map; 375 <appendix> argL0 ; # com/naqqa/elasticsearch/analysis/registry/BuiltinAnalyzers$$Lambda+0x000001f5180229e0
instanceKlass  @bci com/naqqa/elasticsearch/analysis/registry/BuiltinAnalyzers build ()Ljava/util/Map; 361 <appendix> argL0 ; # com/naqqa/elasticsearch/analysis/registry/BuiltinAnalyzers$$Lambda+0x000001f5180227c8
instanceKlass  @bci com/naqqa/elasticsearch/analysis/registry/BuiltinAnalyzers build ()Ljava/util/Map; 347 <appendix> argL0 ; # com/naqqa/elasticsearch/analysis/registry/BuiltinAnalyzers$$Lambda+0x000001f5180225b0
instanceKlass  @bci com/naqqa/elasticsearch/analysis/registry/BuiltinAnalyzers build ()Ljava/util/Map; 333 <appendix> argL0 ; # com/naqqa/elasticsearch/analysis/registry/BuiltinAnalyzers$$Lambda+0x000001f518022398
instanceKlass  @bci com/naqqa/elasticsearch/analysis/registry/BuiltinAnalyzers build ()Ljava/util/Map; 319 <appendix> argL0 ; # com/naqqa/elasticsearch/analysis/registry/BuiltinAnalyzers$$Lambda+0x000001f518022180
instanceKlass  @bci com/naqqa/elasticsearch/analysis/registry/BuiltinAnalyzers build ()Ljava/util/Map; 305 <appendix> argL0 ; # com/naqqa/elasticsearch/analysis/registry/BuiltinAnalyzers$$Lambda+0x000001f518021f68
instanceKlass  @bci com/naqqa/elasticsearch/analysis/registry/BuiltinAnalyzers build ()Ljava/util/Map; 291 <appendix> argL0 ; # com/naqqa/elasticsearch/analysis/registry/BuiltinAnalyzers$$Lambda+0x000001f518021d50
instanceKlass  @bci com/naqqa/elasticsearch/analysis/registry/BuiltinAnalyzers build ()Ljava/util/Map; 277 <appendix> argL0 ; # com/naqqa/elasticsearch/analysis/registry/BuiltinAnalyzers$$Lambda+0x000001f518021b38
instanceKlass  @bci com/naqqa/elasticsearch/analysis/registry/BuiltinAnalyzers build ()Ljava/util/Map; 263 <appendix> argL0 ; # com/naqqa/elasticsearch/analysis/registry/BuiltinAnalyzers$$Lambda+0x000001f518021920
instanceKlass  @bci com/naqqa/elasticsearch/analysis/registry/BuiltinAnalyzers build ()Ljava/util/Map; 249 <appendix> argL0 ; # com/naqqa/elasticsearch/analysis/registry/BuiltinAnalyzers$$Lambda+0x000001f518021708
instanceKlass  @bci com/naqqa/elasticsearch/analysis/registry/BuiltinAnalyzers build ()Ljava/util/Map; 235 <appendix> argL0 ; # com/naqqa/elasticsearch/analysis/registry/BuiltinAnalyzers$$Lambda+0x000001f5180214f0
instanceKlass  @bci com/naqqa/elasticsearch/analysis/registry/BuiltinAnalyzers build ()Ljava/util/Map; 221 <appendix> argL0 ; # com/naqqa/elasticsearch/analysis/registry/BuiltinAnalyzers$$Lambda+0x000001f5180212d8
instanceKlass  @bci com/naqqa/elasticsearch/analysis/registry/BuiltinAnalyzers build ()Ljava/util/Map; 207 <appendix> argL0 ; # com/naqqa/elasticsearch/analysis/registry/BuiltinAnalyzers$$Lambda+0x000001f5180210c0
instanceKlass  @bci com/naqqa/elasticsearch/analysis/registry/BuiltinAnalyzers build ()Ljava/util/Map; 193 <appendix> argL0 ; # com/naqqa/elasticsearch/analysis/registry/BuiltinAnalyzers$$Lambda+0x000001f518020ea8
instanceKlass  @bci com/naqqa/elasticsearch/analysis/registry/BuiltinAnalyzers build ()Ljava/util/Map; 179 <appendix> argL0 ; # com/naqqa/elasticsearch/analysis/registry/BuiltinAnalyzers$$Lambda+0x000001f518020c90
instanceKlass  @bci com/naqqa/elasticsearch/analysis/registry/BuiltinAnalyzers build ()Ljava/util/Map; 165 <appendix> argL0 ; # com/naqqa/elasticsearch/analysis/registry/BuiltinAnalyzers$$Lambda+0x000001f518020a78
instanceKlass  @bci com/naqqa/elasticsearch/analysis/registry/BuiltinAnalyzers build ()Ljava/util/Map; 151 <appendix> argL0 ; # com/naqqa/elasticsearch/analysis/registry/BuiltinAnalyzers$$Lambda+0x000001f518020860
instanceKlass  @bci com/naqqa/elasticsearch/analysis/registry/BuiltinAnalyzers build ()Ljava/util/Map; 137 <appendix> argL0 ; # com/naqqa/elasticsearch/analysis/registry/BuiltinAnalyzers$$Lambda+0x000001f518020648
instanceKlass  @bci com/naqqa/elasticsearch/analysis/registry/BuiltinAnalyzers build ()Ljava/util/Map; 123 <appendix> argL0 ; # com/naqqa/elasticsearch/analysis/registry/BuiltinAnalyzers$$Lambda+0x000001f518020430
instanceKlass  @bci com/naqqa/elasticsearch/analysis/registry/BuiltinAnalyzers build ()Ljava/util/Map; 109 <appendix> argL0 ; # com/naqqa/elasticsearch/analysis/registry/BuiltinAnalyzers$$Lambda+0x000001f518020218
instanceKlass  @bci com/naqqa/elasticsearch/analysis/registry/BuiltinAnalyzers build ()Ljava/util/Map; 95 <appendix> argL0 ; # com/naqqa/elasticsearch/analysis/registry/BuiltinAnalyzers$$Lambda+0x000001f518020000
instanceKlass  @bci com/naqqa/elasticsearch/analysis/registry/BuiltinAnalyzers build ()Ljava/util/Map; 81 <appendix> argL0 ; # com/naqqa/elasticsearch/analysis/registry/BuiltinAnalyzers$$Lambda+0x000001f51801ac00
instanceKlass  @bci com/naqqa/elasticsearch/analysis/registry/BuiltinAnalyzers build ()Ljava/util/Map; 67 <appendix> argL0 ; # com/naqqa/elasticsearch/analysis/registry/BuiltinAnalyzers$$Lambda+0x000001f51801bce0
instanceKlass  @bci com/naqqa/elasticsearch/analysis/registry/BuiltinAnalyzers build ()Ljava/util/Map; 53 <appendix> argL0 ; # com/naqqa/elasticsearch/analysis/registry/BuiltinAnalyzers$$Lambda+0x000001f51801bac8
instanceKlass  @bci com/naqqa/elasticsearch/analysis/registry/BuiltinAnalyzers build ()Ljava/util/Map; 39 <appendix> argL0 ; # com/naqqa/elasticsearch/analysis/registry/BuiltinAnalyzers$$Lambda+0x000001f51801b8b0
instanceKlass  @bci com/naqqa/elasticsearch/analysis/registry/BuiltinAnalyzers build ()Ljava/util/Map; 25 <appendix> argL0 ; # com/naqqa/elasticsearch/analysis/registry/BuiltinAnalyzers$$Lambda+0x000001f51801b698
instanceKlass  @bci com/naqqa/elasticsearch/analysis/registry/BuiltinAnalyzers build ()Ljava/util/Map; 11 <appendix> argL0 ; # com/naqqa/elasticsearch/analysis/registry/BuiltinAnalyzers$$Lambda+0x000001f51801b480
instanceKlass com/naqqa/elasticsearch/analysis/registry/BuiltinAnalyzers
instanceKlass com/naqqa/elasticsearch/analysis/AnalysisSettings
instanceKlass com/naqqa/elasticsearch/analysis/TokenizerFactory
instanceKlass com/naqqa/elasticsearch/analysis/TokenStream
instanceKlass com/naqqa/elasticsearch/analysis/Analyzer
instanceKlass com/naqqa/elasticsearch/analysis/registry/AnalysisRegistry$Builder
instanceKlass com/naqqa/elasticsearch/analysis/AnalysisContext
instanceKlass com/naqqa/elasticsearch/analysis/registry/AnalysisRegistry
instanceKlass  @bci com/naqqa/elasticsearch/action/search/ShardSearchService <init> (Lcom/naqqa/elasticsearch/transport/TransportService;Ljava/util/function/Function;)V 91 <appendix> member <vmtarget> ; # com/naqqa/elasticsearch/action/search/ShardSearchService$$Lambda+0x000001f51801d390
instanceKlass  @bci com/naqqa/elasticsearch/action/search/ShardSearchService <init> (Lcom/naqqa/elasticsearch/transport/TransportService;Ljava/util/function/Function;)V 85 <appendix> argL0 ; # com/naqqa/elasticsearch/action/search/ShardSearchService$$Lambda+0x000001f51801d178
instanceKlass com/naqqa/elasticsearch/action/search/ShardSearchService$ShardFetchRequest
instanceKlass  @bci com/naqqa/elasticsearch/action/search/ShardSearchService <init> (Lcom/naqqa/elasticsearch/transport/TransportService;Ljava/util/function/Function;)V 74 <appendix> member <vmtarget> ; # com/naqqa/elasticsearch/action/search/ShardSearchService$$Lambda+0x000001f51801cd08
instanceKlass  @bci com/naqqa/elasticsearch/action/search/ShardSearchService <init> (Lcom/naqqa/elasticsearch/transport/TransportService;Ljava/util/function/Function;)V 68 <appendix> argL0 ; # com/naqqa/elasticsearch/action/search/ShardSearchService$$Lambda+0x000001f51801caf0
instanceKlass com/naqqa/elasticsearch/action/search/ShardSearchService$ShardQueryRequest
instanceKlass  @bci com/naqqa/elasticsearch/action/search/ShardSearchService <init> (Lcom/naqqa/elasticsearch/transport/TransportService;Ljava/util/function/Function;)V 57 <appendix> member <vmtarget> ; # com/naqqa/elasticsearch/action/search/ShardSearchService$$Lambda+0x000001f51801c688
instanceKlass  @bci com/naqqa/elasticsearch/action/search/ShardSearchService <init> (Lcom/naqqa/elasticsearch/transport/TransportService;Ljava/util/function/Function;)V 51 <appendix> argL0 ; # com/naqqa/elasticsearch/action/search/ShardSearchService$$Lambda+0x000001f51801c470
instanceKlass com/naqqa/elasticsearch/action/search/ShardSearchService$CanMatchRequest
instanceKlass  @bci com/naqqa/elasticsearch/action/search/ShardSearchService <init> (Lcom/naqqa/elasticsearch/transport/TransportService;Ljava/util/function/Function;)V 40 <appendix> member <vmtarget> ; # com/naqqa/elasticsearch/action/search/ShardSearchService$$Lambda+0x000001f51801c000
instanceKlass  @bci com/naqqa/elasticsearch/action/search/ShardSearchService <init> (Lcom/naqqa/elasticsearch/transport/TransportService;Ljava/util/function/Function;)V 34 <appendix> argL0 ; # com/naqqa/elasticsearch/action/search/ShardSearchService$$Lambda+0x000001f518013db8
instanceKlass com/naqqa/elasticsearch/action/search/ShardSearchService$DfsRequest
instanceKlass  @bci com/naqqa/elasticsearch/action/byquery/ByQueryTestCluster$Node <init> (Ljava/lang/String;)V 81 <appendix> member <vmtarget> ; # com/naqqa/elasticsearch/action/byquery/ByQueryTestCluster$Node$$Lambda+0x000001f518013930
instanceKlass com/naqqa/elasticsearch/index/shard/IndexShard
instanceKlass  @cpi com/naqqa/elasticsearch/rest/RestModule 989 form vmentry <vmtarget> ; # java/lang/invoke/LambdaForm$DMH+0x000001f51801a800
instanceKlass com/naqqa/elasticsearch/search/execution/Collector
instanceKlass com/naqqa/elasticsearch/action/search/ShardSearchService
instanceKlass java/util/concurrent/Executors$RunnableAdapter
instanceKlass java/util/concurrent/Callable
instanceKlass java/util/concurrent/FutureTask$WaitNode
instanceKlass java/util/concurrent/FutureTask
instanceKlass  @bci com/naqqa/elasticsearch/transport/TransportService doStart ()V 95 <appendix> member <vmtarget> ; # com/naqqa/elasticsearch/transport/TransportService$$Lambda+0x000001f518012ed0
instanceKlass  @bci com/naqqa/elasticsearch/transport/TransportService registerBuiltinHandlers ()V 28 <appendix> member <vmtarget> ; # com/naqqa/elasticsearch/transport/TransportService$$Lambda+0x000001f518012cb0
instanceKlass  @bci com/naqqa/elasticsearch/transport/TransportService registerBuiltinHandlers ()V 22 <appendix> argL0 ; # com/naqqa/elasticsearch/transport/TransportService$$Lambda+0x000001f518012a98
instanceKlass com/naqqa/elasticsearch/transport/EmptyRequest
instanceKlass com/naqqa/elasticsearch/transport/TransportService$RequestHandlerRegistry
instanceKlass  @bci com/naqqa/elasticsearch/transport/TransportService registerBuiltinHandlers ()V 10 <appendix> member <vmtarget> ; # com/naqqa/elasticsearch/transport/TransportService$$Lambda+0x000001f518012430
instanceKlass com/naqqa/elasticsearch/transport/TransportRequestHandler
instanceKlass  @bci com/naqqa/elasticsearch/transport/TransportService registerBuiltinHandlers ()V 4 <appendix> argL0 ; # com/naqqa/elasticsearch/transport/TransportService$$Lambda+0x000001f518012020
instanceKlass com/naqqa/elasticsearch/transport/HandshakeRequest
instanceKlass com/naqqa/elasticsearch/common/io/stream/Writeable$Reader
instanceKlass java/nio/channels/spi/AbstractSelector$1
instanceKlass  @bci com/naqqa/elasticsearch/transport/TcpTransport start ()V 19 <appendix> member <vmtarget> ; # com/naqqa/elasticsearch/transport/TcpTransport$$Lambda+0x000001f5180117c0
instanceKlass java/lang/invoke/ConstantBootstraps
instanceKlass java/nio/channels/SelectionKey
instanceKlass sun/net/NetHooks
instanceKlass sun/nio/ch/ServerSocketChannelImpl$DefaultOptionsHolder
instanceKlass java/net/StandardSocketOptions$StdSocketOption
instanceKlass java/net/StandardSocketOptions
instanceKlass java/net/SocketImpl
instanceKlass java/net/SocketOptions
instanceKlass  @bci sun/nio/ch/ServerSocketAdaptor create (Lsun/nio/ch/ServerSocketChannelImpl;)Ljava/net/ServerSocket; 1 <appendix> member <vmtarget> ; # sun/nio/ch/ServerSocketAdaptor$$Lambda+0x000001f5180796f8
instanceKlass java/net/ServerSocket
instanceKlass java/nio/BufferMismatch
instanceKlass sun/nio/ch/IOStatus
instanceKlass sun/nio/ch/Util$BufferCache
instanceKlass sun/nio/ch/NativeThread
instanceKlass java/nio/channels/spi/AbstractInterruptibleChannel$1
instanceKlass sun/nio/ch/Interruptible
instanceKlass java/nio/channels/GatheringByteChannel
instanceKlass java/nio/channels/ScatteringByteChannel
instanceKlass java/nio/channels/ByteChannel
instanceKlass java/nio/channels/WritableByteChannel
instanceKlass java/nio/channels/ReadableByteChannel
instanceKlass jdk/net/ExtendedSocketOptions$2
instanceKlass jdk/net/ExtendedSocketOptions$PlatformSocketOptions
instanceKlass jdk/net/ExtendedSocketOptions$ExtSocketOption
instanceKlass java/net/SocketOption
instanceKlass jdk/net/ExtendedSocketOptions
instanceKlass sun/net/ext/ExtendedSocketOptions
instanceKlass sun/nio/ch/Net$1
instanceKlass sun/nio/ch/Net
instanceKlass sun/security/provider/AbstractDrbg$NonceProvider
instanceKlass  @bci sun/security/provider/AbstractDrbg$SeederHolder <clinit> ()V 42 <appendix> member <vmtarget> ; # sun/security/provider/AbstractDrbg$SeederHolder$$Lambda+0x000001f5180732a8
instanceKlass  @cpi sun/security/provider/AbstractDrbg$SeederHolder 91 form vmentry <vmtarget> ; # java/lang/invoke/LambdaForm$DMH+0x000001f51801a400
# instanceKlass java/lang/invoke/LambdaForm$DMH+0x000001f51801a000
instanceKlass java/net/NetworkInterface$1
instanceKlass java/net/DefaultInterface
instanceKlass java/net/Inet6Address$Inet6AddressHolder
instanceKlass java/net/InterfaceAddress
instanceKlass java/net/NetworkInterface
instanceKlass java/lang/invoke/VarHandle$AccessDescriptor
instanceKlass sun/security/provider/ByteArrayAccess$BE
instanceKlass sun/security/provider/ByteArrayAccess
instanceKlass sun/security/provider/SeedGenerator$1
instanceKlass sun/security/util/MessageDigestSpi2
instanceKlass sun/security/jca/GetInstance$Instance
instanceKlass java/security/MessageDigestSpi
instanceKlass sun/security/provider/SeedGenerator
instanceKlass sun/security/provider/AbstractDrbg$SeederHolder
instanceKlass java/security/DrbgParameters$NextBytes
instanceKlass sun/nio/ch/NativeDispatcher
instanceKlass sun/nio/ch/SelChImpl
instanceKlass java/nio/channels/spi/AbstractInterruptibleChannel
instanceKlass java/nio/channels/InterruptibleChannel
instanceKlass java/nio/channels/NetworkChannel
instanceKlass java/nio/channels/Channel
instanceKlass java/net/ProtocolFamily
instanceKlass  @bci sun/security/provider/certpath/ldap/JdkLDAP <init> ()V 15 <appendix> member <vmtarget> ; # sun/security/provider/certpath/ldap/JdkLDAP$$Lambda+0x000001f51806e2c0
instanceKlass com/sun/security/sasl/Provider$1
instanceKlass  @bci sun/security/ssl/SunJSSE registerAlgorithms ()V 1 <appendix> member <vmtarget> ; # sun/security/ssl/SunJSSE$$Lambda+0x000001f51806ce20
instanceKlass java/security/spec/ECFieldF2m
instanceKlass sun/security/util/ObjectIdentifier
instanceKlass sun/security/util/ByteArrayTagOrder
instanceKlass sun/security/util/ByteArrayLexOrder
instanceKlass sun/security/util/DerEncoder
instanceKlass java/security/spec/ECParameterSpec
instanceKlass java/security/spec/AlgorithmParameterSpec
instanceKlass java/security/spec/ECPoint
instanceKlass java/security/spec/EllipticCurve
instanceKlass java/security/spec/ECFieldFp
instanceKlass java/security/spec/ECField
instanceKlass sun/security/util/CurveDB
instanceKlass sun/security/ec/SunEC$1
instanceKlass org/jcp/xml/dsig/internal/dom/XMLDSigRI$2
instanceKlass org/jcp/xml/dsig/internal/dom/XMLDSigRI$1
instanceKlass  @bci sun/security/jgss/SunProvider <init> ()V 15 <appendix> member <vmtarget> ; # sun/security/jgss/SunProvider$$Lambda+0x000001f518018228
instanceKlass sun/security/mscapi/SunMSCAPI$2
instanceKlass sun/security/mscapi/SunMSCAPI$1
instanceKlass com/sun/security/sasl/gsskerb/JdkSASL$1
instanceKlass  @bci sun/security/pkcs11/SunPKCS11 register (Lsun/security/pkcs11/SunPKCS11$Descriptor;)V 27 <appendix> argL0 ; # sun/security/pkcs11/SunPKCS11$$Lambda+0x000001f518016268
instanceKlass sun/security/pkcs11/SunPKCS11$Descriptor
instanceKlass javax/security/auth/callback/CallbackHandler
instanceKlass javax/security/auth/Subject
instanceKlass sun/security/smartcardio/SunPCSC$1
instanceKlass jdk/internal/module/ModulePatcher$PatchedModuleReader
instanceKlass sun/security/jca/ProviderConfig$ProviderLoader
instanceKlass sun/security/jca/ProviderConfig$3
instanceKlass sun/security/rsa/SunRsaSignEntries
instanceKlass sun/security/jca/GetInstance
instanceKlass java/lang/ProcessEnvironment$CheckedEntry
instanceKlass java/lang/ProcessEnvironment$CheckedEntrySet$1
instanceKlass java/lang/ProcessEnvironment$EntryComparator
instanceKlass java/lang/ProcessEnvironment$NameComparator
instanceKlass sun/net/NetProperties$1
instanceKlass sun/net/NetProperties
instanceKlass  @bci sun/nio/ch/UnixDomainSocketsUtil getTempDir ()Ljava/lang/String; 0 <appendix> argL0 ; # sun/nio/ch/UnixDomainSocketsUtil$$Lambda+0x000001f518065648
instanceKlass sun/nio/ch/UnixDomainSocketsUtil
instanceKlass sun/nio/ch/UnixDomainSockets
instanceKlass sun/nio/ch/PipeImpl$Initializer$LoopbackConnector
instanceKlass sun/nio/ch/PipeImpl$Initializer
instanceKlass  @bci sun/security/provider/AbstractDrbg <clinit> ()V 12 <appendix> argL0 ; # sun/security/provider/AbstractDrbg$$Lambda+0x000001f518064bd8
instanceKlass  @cpi sun/security/provider/AbstractDrbg 383 form vmentry <vmtarget> ; # java/lang/invoke/LambdaForm$DMH+0x000001f518014c00
# instanceKlass java/lang/invoke/LambdaForm$DMH+0x000001f518014800
instanceKlass sun/security/provider/EntropySource
instanceKlass sun/security/provider/AbstractDrbg
instanceKlass java/security/DrbgParameters$Instantiation
instanceKlass java/security/DrbgParameters
instanceKlass sun/security/provider/MoreDrbgParameters
instanceKlass  @bci sun/security/provider/DRBG <init> (Ljava/security/SecureRandomParameters;)V 26 <appendix> argL0 ; # sun/security/provider/DRBG$$Lambda+0x000001f5180636c8
instanceKlass java/security/SecureRandomSpi
instanceKlass java/security/SecureRandomParameters
instanceKlass jdk/internal/event/Event
instanceKlass sun/security/util/SecurityProviderConstants
instanceKlass java/security/Provider$UString
instanceKlass java/security/Provider$Service
instanceKlass sun/security/provider/NativePRNG$NonBlocking
instanceKlass sun/security/provider/NativePRNG$Blocking
instanceKlass sun/security/provider/NativePRNG
instanceKlass sun/security/provider/SunEntries$1
instanceKlass sun/security/provider/SunEntries
instanceKlass sun/security/util/SecurityConstants
instanceKlass java/util/AbstractList$Itr
instanceKlass sun/security/jca/ProviderList$2
instanceKlass jdk/internal/math/FloatingDecimal$ASCIIToBinaryBuffer
instanceKlass jdk/internal/math/FloatingDecimal$PreparedASCIIToBinaryBuffer
instanceKlass jdk/internal/math/FloatingDecimal$ASCIIToBinaryConverter
instanceKlass jdk/internal/math/FloatingDecimal$BinaryToASCIIBuffer
instanceKlass jdk/internal/math/FloatingDecimal$ExceptionalBinaryToASCIIBuffer
instanceKlass jdk/internal/math/FloatingDecimal$BinaryToASCIIConverter
instanceKlass jdk/internal/math/FloatingDecimal
instanceKlass java/security/Provider$EngineDescription
instanceKlass sun/util/locale/LocaleUtils
instanceKlass sun/util/locale/BaseLocale
instanceKlass java/util/Locale
instanceKlass java/security/Provider$ServiceKey
instanceKlass sun/security/jca/ProviderConfig
instanceKlass sun/security/jca/ProviderList
instanceKlass sun/security/jca/Providers
instanceKlass java/util/Random
instanceKlass java/util/random/RandomGenerator
instanceKlass java/nio/channels/Pipe
instanceKlass sun/nio/ch/WEPoll
instanceKlass sun/nio/ch/Util$2
instanceKlass sun/nio/ch/IOUtil
instanceKlass sun/nio/ch/Util
instanceKlass  @bci sun/nio/ch/DefaultSelectorProvider <clinit> ()V 0 <appendix> argL0 ; # sun/nio/ch/DefaultSelectorProvider$$Lambda+0x000001f518058968
instanceKlass sun/nio/ch/DefaultSelectorProvider
instanceKlass  @bci java/nio/channels/spi/SelectorProvider$Holder provider ()Ljava/nio/channels/spi/SelectorProvider; 0 <appendix> argL0 ; # java/nio/channels/spi/SelectorProvider$Holder$$Lambda+0x000001f5180580b0
instanceKlass java/nio/channels/spi/SelectorProvider$Holder
instanceKlass java/nio/channels/spi/SelectorProvider
instanceKlass java/nio/channels/Selector
instanceKlass java/util/concurrent/atomic/Striped64$1
instanceKlass com/naqqa/elasticsearch/common/util/concurrent/ContextPreservingExecutorService
instanceKlass  @bci com/naqqa/elasticsearch/transport/TransportService doStart ()V 18 <appendix> member <vmtarget> ; # com/naqqa/elasticsearch/transport/TransportService$$Lambda+0x000001f5180112e0
instanceKlass  @cpi com/naqqa/elasticsearch/transport/TransportService 751 form vmentry <vmtarget> ; # java/lang/invoke/LambdaForm$DMH+0x000001f518014400
instanceKlass com/naqqa/elasticsearch/transport/TcpChannel
instanceKlass com/naqqa/elasticsearch/transport/TransportMessageListener
instanceKlass jdk/internal/logger/DefaultLoggerFinder$1
instanceKlass java/util/logging/Logger$SystemLoggerHelper$1
instanceKlass java/util/logging/Logger$SystemLoggerHelper
instanceKlass java/util/logging/LogManager$4
instanceKlass jdk/internal/logger/BootstrapLogger$BootstrapExecutors
instanceKlass jdk/internal/logger/BootstrapLogger$RedirectedLoggers
instanceKlass java/util/ServiceLoader$ProviderImpl
instanceKlass java/util/ServiceLoader$Provider
instanceKlass java/util/ServiceLoader$1
instanceKlass jdk/internal/loader/URLClassPath$1
instanceKlass java/lang/CompoundEnumeration
instanceKlass jdk/internal/loader/BuiltinClassLoader$1
instanceKlass java/util/Collections$EmptyEnumeration
instanceKlass java/util/Collections$EmptyIterator
instanceKlass jdk/internal/jimage/ImageLocation
instanceKlass jdk/internal/jimage/decompressor/Decompressor
instanceKlass jdk/internal/jimage/ImageStringsReader
instanceKlass jdk/internal/jimage/ImageStrings
instanceKlass jdk/internal/jimage/ImageHeader
instanceKlass java/nio/Bits$1
instanceKlass jdk/internal/misc/VM$BufferPool
instanceKlass java/nio/Bits
instanceKlass sun/nio/ch/DirectBuffer
instanceKlass jdk/internal/jimage/NativeImageBuffer$1
instanceKlass jdk/internal/jimage/NativeImageBuffer
instanceKlass jdk/internal/jimage/BasicImageReader$1
instanceKlass jdk/internal/jimage/BasicImageReader
instanceKlass jdk/internal/jimage/ImageReader
instanceKlass jdk/internal/jimage/ImageReaderFactory$1
instanceKlass jdk/internal/jimage/ImageReaderFactory
instanceKlass jdk/internal/module/SystemModuleFinders$SystemImage
instanceKlass jdk/internal/module/SystemModuleFinders$SystemModuleReader
instanceKlass java/lang/module/ModuleReader
instanceKlass jdk/internal/loader/BuiltinClassLoader$5
instanceKlass jdk/internal/loader/BuiltinClassLoader$2
instanceKlass jdk/internal/module/Resources
instanceKlass java/util/ServiceLoader$3
instanceKlass java/util/ServiceLoader$2
instanceKlass java/util/ServiceLoader$LazyClassPathLookupIterator
instanceKlass java/util/Spliterators$1Adapter
instanceKlass java/util/Spliterators$ArraySpliterator
instanceKlass java/util/ServiceLoader$ModuleServicesLookupIterator
instanceKlass java/util/ServiceLoader
instanceKlass jdk/internal/logger/BootstrapLogger$DetectBackend$1
instanceKlass jdk/internal/logger/BootstrapLogger$DetectBackend
instanceKlass jdk/internal/logger/BootstrapLogger
instanceKlass sun/util/logging/PlatformLogger$ConfigurableBridge
instanceKlass sun/util/logging/PlatformLogger$Bridge
instanceKlass java/lang/System$Logger
instanceKlass java/util/stream/Streams
instanceKlass java/util/stream/Stream$Builder
instanceKlass java/util/stream/Streams$AbstractStreamBuilderImpl
instanceKlass  @bci java/util/logging/Level$KnownLevel findByName (Ljava/lang/String;Ljava/util/function/Function;)Ljava/util/Optional; 29 <appendix> argL0 ; # java/util/logging/Level$KnownLevel$$Lambda+0x800000025
instanceKlass java/util/ArrayList$ArrayListSpliterator
instanceKlass  @bci java/util/logging/Level findLevel (Ljava/lang/String;)Ljava/util/logging/Level; 13 <appendix> argL0 ; # java/util/logging/Level$$Lambda+0x800000013
instanceKlass java/util/Hashtable$Enumerator
instanceKlass java/util/Collections$SynchronizedCollection
instanceKlass java/util/Properties$EntrySet
instanceKlass java/util/Collections$3
instanceKlass java/util/logging/LogManager$LoggerContext$1
instanceKlass java/util/logging/LogManager$VisitedLoggers
instanceKlass  @bci com/naqqa/elasticsearch/cluster/support/AllocationTestSupport dataNode (Ljava/lang/String;Ljava/util/Map;)Lcom/naqqa/elasticsearch/cluster/node/DiscoveryNode; 7 <appendix> form vmentry <vmtarget> ; # java/lang/invoke/LambdaForm$MH+0x000001f518014000
instanceKlass java/util/logging/LogManager$2
instanceKlass java/lang/System$LoggerFinder
instanceKlass java/security/Security$1
instanceKlass jdk/internal/access/JavaSecurityPropertiesAccess
instanceKlass java/util/concurrent/ConcurrentHashMap$MapEntry
instanceKlass java/util/Properties$LineReader
instanceKlass  @bci java/security/Security <clinit> ()V 9 <appendix> argL0 ; # java/security/Security$$Lambda+0x80000000b
instanceKlass java/security/Security
instanceKlass sun/security/util/SecurityProperties
instanceKlass sun/security/util/FilePermCompat
instanceKlass java/util/logging/LogManager$LoggingProviderAccess
instanceKlass sun/util/logging/internal/LoggingProviderImpl$LogManagerAccess
instanceKlass java/lang/Shutdown$Lock
instanceKlass java/lang/Shutdown
instanceKlass java/lang/ApplicationShutdownHooks$1
instanceKlass java/lang/ApplicationShutdownHooks
instanceKlass java/util/Collections$SynchronizedMap
instanceKlass java/util/logging/LogManager$LogNode
instanceKlass java/util/logging/LogManager$LoggerContext
instanceKlass java/util/logging/LogManager$1
instanceKlass java/util/logging/LogManager
instanceKlass java/util/logging/Logger$ConfigurationData
instanceKlass java/util/logging/Logger$LoggerBundle
instanceKlass  @bci java/util/logging/Level$KnownLevel add (Ljava/util/logging/Level;)V 49 <appendix> argL0 ; # java/util/logging/Level$KnownLevel$$Lambda+0x800000024
instanceKlass  @bci java/util/logging/Level$KnownLevel add (Ljava/util/logging/Level;)V 19 <appendix> argL0 ; # java/util/logging/Level$KnownLevel$$Lambda+0x800000023
instanceKlass java/util/logging/Level
instanceKlass java/util/logging/Handler
instanceKlass java/util/logging/Logger
instanceKlass com/naqqa/elasticsearch/common/logging/ESLogger
instanceKlass com/naqqa/elasticsearch/transport/TcpTransport
instanceKlass java/util/concurrent/RunnableScheduledFuture
instanceKlass java/util/concurrent/ScheduledFuture
instanceKlass java/util/concurrent/Delayed
instanceKlass java/util/concurrent/RunnableFuture
instanceKlass java/util/concurrent/Future
instanceKlass java/util/concurrent/Executors$DelegatedExecutorService
instanceKlass java/util/concurrent/ScheduledExecutorService
instanceKlass java/util/concurrent/Executors
instanceKlass  @bci com/naqqa/elasticsearch/transport/TransportService doStart ()V 1 <appendix> argL0 ; # com/naqqa/elasticsearch/transport/TransportService$$Lambda+0x000001f5180108b8
instanceKlass java/util/concurrent/CopyOnWriteArrayList$COWIterator
instanceKlass com/naqqa/elasticsearch/transport/TransportSettings
instanceKlass java/net/InetSocketAddress$InetSocketAddressHolder
instanceKlass java/net/InetAddress$PlatformResolver
instanceKlass java/net/spi/InetAddressResolver
instanceKlass java/net/spi/InetAddressResolver$LookupPolicy
instanceKlass java/net/Inet4AddressImpl
instanceKlass java/net/Inet6AddressImpl
instanceKlass java/net/InetAddressImpl
instanceKlass java/util/concurrent/ConcurrentSkipListMap$Node
instanceKlass java/util/concurrent/ConcurrentSkipListMap$Index
instanceKlass java/util/concurrent/ConcurrentNavigableMap
instanceKlass java/util/NavigableSet
instanceKlass java/util/SortedSet
instanceKlass java/net/InetAddress$InetAddressHolder
instanceKlass java/net/InetAddress$1
instanceKlass jdk/internal/access/JavaNetInetAddressAccess
instanceKlass java/net/InetAddress
instanceKlass java/net/SocketAddress
instanceKlass com/naqqa/elasticsearch/transport/TransportResponse
instanceKlass com/naqqa/elasticsearch/transport/TransportChannel
instanceKlass com/naqqa/elasticsearch/transport/TransportRequest
instanceKlass com/naqqa/elasticsearch/common/io/stream/Writeable
instanceKlass com/naqqa/elasticsearch/transport/TransportResponseHandler
instanceKlass com/naqqa/elasticsearch/transport/Connection
instanceKlass java/util/concurrent/LinkedTransferQueue$DualNode
instanceKlass java/util/concurrent/TransferQueue
instanceKlass com/naqqa/elasticsearch/common/threadpool/ThreadPool$ExecutorHolder
instanceKlass jdk/internal/vm/ThreadContainers
instanceKlass jdk/internal/vm/StackableScope
instanceKlass java/util/concurrent/ThreadPoolExecutor$AbortPolicy
instanceKlass java/util/concurrent/AbstractExecutorService
instanceKlass com/naqqa/elasticsearch/common/threadpool/ThreadPool$RejectingHandler
instanceKlass  @bci com/naqqa/elasticsearch/common/threadpool/ThreadPool register (Ljava/lang/String;II)V 1 <appendix> member <vmtarget> ; # com/naqqa/elasticsearch/common/threadpool/ThreadPool$$Lambda+0x000001f51800e420
instanceKlass  @bci com/naqqa/elasticsearch/common/util/concurrent/ThreadContext <init> ()V 5 <appendix> argL0 ; # com/naqqa/elasticsearch/common/util/concurrent/ThreadContext$$Lambda+0x000001f51800e208
instanceKlass com/naqqa/elasticsearch/common/util/concurrent/ThreadContext$ThreadContextStruct
instanceKlass com/naqqa/elasticsearch/common/util/concurrent/ThreadContext
instanceKlass java/lang/invoke/VarForm
instanceKlass java/lang/invoke/VarHandleGuards
instanceKlass java/lang/invoke/VarHandles
instanceKlass com/naqqa/elasticsearch/common/lifecycle/Lifecycle
instanceKlass java/util/concurrent/ExecutorService
instanceKlass java/util/concurrent/Executor
instanceKlass java/util/concurrent/RejectedExecutionHandler
instanceKlass java/util/concurrent/BlockingQueue
instanceKlass com/naqqa/elasticsearch/common/lifecycle/AbstractLifecycleComponent
instanceKlass com/naqqa/elasticsearch/common/lifecycle/LifecycleComponent
instanceKlass  @bci com/naqqa/elasticsearch/common/settings/YamlSettingsLoader load (Ljava/lang/String;)Lcom/naqqa/elasticsearch/common/settings/Settings; 212 <appendix> form vmentry <vmtarget> ; # java/lang/invoke/LambdaForm$MH+0x000001f51800d000
# instanceKlass java/lang/invoke/LambdaForm$MH+0x000001f51800cc00
instanceKlass  @bci com/naqqa/elasticsearch/common/settings/YamlSettingsLoader load (Ljava/lang/String;)Lcom/naqqa/elasticsearch/common/settings/Settings; 212 <appendix> argL3 form vmentry <vmtarget> ; # java/lang/invoke/LambdaForm$MH+0x000001f51800c800
# instanceKlass java/lang/invoke/LambdaForm$MH+0x000001f51800c400
# instanceKlass java/lang/invoke/LambdaForm$MH+0x000001f51800c000
# instanceKlass java/lang/invoke/LambdaForm$MH+0x000001f518009c00
# instanceKlass java/lang/invoke/LambdaForm$MH+0x000001f518009800
instanceKlass  @bci com/naqqa/elasticsearch/common/settings/YamlSettingsLoader load (Ljava/lang/String;)Lcom/naqqa/elasticsearch/common/settings/Settings; 212 <appendix> argL1 form vmentry <vmtarget> ; # java/lang/invoke/LambdaForm$MH+0x000001f518009400
instanceKlass  @bci com/naqqa/elasticsearch/index/engine/EngineMergeConcurrencyStressTest lambda$concurrentIndexingRefreshFlushMergeAndSearchProducesNoRefCountErrorsOrLostDocs$0 (Ljava/util/concurrent/atomic/AtomicInteger;Lcom/naqqa/elasticsearch/index/shard/IndexShard;Ljava/util/concurrent/atomic/AtomicInteger;)V 7 <appendix> argL1 form vmentry <vmtarget> ; # java/lang/invoke/LambdaForm$MH+0x000001f518009000
# instanceKlass java/lang/invoke/LambdaForm$MH+0x000001f518008c00
# instanceKlass java/lang/invoke/LambdaForm$MH+0x000001f518008800
# instanceKlass java/lang/invoke/LambdaForm$MH+0x000001f518008400
instanceKlass com/naqqa/elasticsearch/action/byquery/ByQueryTestCluster$Node
instanceKlass com/naqqa/elasticsearch/cluster/routing/IndexRoutingTable$Builder
instanceKlass com/naqqa/elasticsearch/cluster/routing/IndexRoutingTable
instanceKlass com/naqqa/elasticsearch/store/Directory
instanceKlass com/naqqa/elasticsearch/action/byquery/ByQueryTestCluster
# instanceKlass java/lang/invoke/LambdaForm$MH+0x000001f518008000
# instanceKlass java/lang/invoke/LambdaForm$MH+0x000001f518007c00
instanceKlass  @cpi jdk/internal/net/http/Http1AsyncReceiver 674 form vmentry <vmtarget> ; # java/lang/invoke/LambdaForm$DMH+0x000001f518007800
instanceKlass  @bci com/naqqa/elasticsearch/http/nio/HttpResponseEncoder encode (ILcom/naqqa/elasticsearch/http/HttpHeaders;[BZ)[B 121 <appendix> form vmentry <vmtarget> ; # java/lang/invoke/LambdaForm$MH+0x000001f518007400
instanceKlass java/util/TreeMap$PrivateEntryIterator
instanceKlass java/util/TreeMap$Entry
instanceKlass java/lang/invoke/LambdaFormEditor$1
instanceKlass java/util/NavigableMap
instanceKlass java/util/SortedMap
# instanceKlass java/lang/invoke/LambdaForm$MH+0x000001f518007000
instanceKlass  @bci com/naqqa/elasticsearch/http/nio/HttpResponseEncoder encode (ILcom/naqqa/elasticsearch/http/HttpHeaders;[BZ)[B 121 <appendix> argL3 form vmentry <vmtarget> ; # java/lang/invoke/LambdaForm$MH+0x000001f518006c00
instanceKlass java/lang/invoke/MethodHandles$1
instanceKlass  @bci com/naqqa/elasticsearch/cluster/routing/ShardRouting toString ()Ljava/lang/String; 33 <appendix> argL4 argL2 form vmentry <vmtarget> ; # java/lang/invoke/LambdaForm$MH+0x000001f518006800
# instanceKlass java/lang/invoke/LambdaForm$MH+0x000001f518006400
# instanceKlass java/lang/invoke/LambdaForm$MH+0x000001f518006000
# instanceKlass java/lang/invoke/LambdaForm$MH+0x000001f518005c00
instanceKlass  @bci com/naqqa/elasticsearch/http/nio/HttpResponseEncoder encode (ILcom/naqqa/elasticsearch/http/HttpHeaders;[BZ)[B 121 <appendix> argL1 form vmentry <vmtarget> ; # java/lang/invoke/LambdaForm$MH+0x000001f518005800
# instanceKlass java/lang/invoke/LambdaForm$MH+0x000001f518005400
instanceKlass  @bci com/naqqa/elasticsearch/http/nio/HttpResponseEncoder encode (ILcom/naqqa/elasticsearch/http/HttpHeaders;[BZ)[B 22 <appendix> argL1 argL1 form vmentry <vmtarget> ; # java/lang/invoke/LambdaForm$MH+0x000001f518005000
# instanceKlass java/lang/invoke/LambdaForm$MH+0x000001f518004c00
# instanceKlass java/lang/invoke/LambdaForm$MH+0x000001f518004800
instanceKlass java/lang/Long$LongCache
# instanceKlass java/lang/invoke/LambdaForm$MH+0x000001f518004400
instanceKlass java/lang/annotation/Target
# instanceKlass java/lang/invoke/LambdaForm$MH+0x000001f518004000
instanceKlass  @bci com/naqqa/elasticsearch/index/engine/EngineMergeConcurrencyStressTest startLoop (Ljava/lang/String;Ljava/util/concurrent/atomic/AtomicBoolean;Ljava/util/List;Lcom/naqqa/elasticsearch/index/engine/EngineMergeConcurrencyStressTest$Op;)Ljava/lang/Thread; 13 <appendix> form vmentry <vmtarget> ; # java/lang/invoke/LambdaForm$MH+0x000001f518002c00
instanceKlass java/lang/reflect/Proxy$ProxyBuilder$1
instanceKlass jdk/internal/org/objectweb/asm/Edge
instanceKlass  @bci java/lang/reflect/ProxyGenerator addProxyMethod (Ljava/lang/reflect/Method;Ljava/lang/Class;)V 23 <appendix> argL0 ; # java/lang/reflect/ProxyGenerator$$Lambda+0x000001f51804e600
instanceKlass  @bci java/lang/reflect/ProxyGenerator addProxyMethod (Ljava/lang/reflect/ProxyGenerator$ProxyMethod;)V 10 <appendix> argL0 ; # java/lang/reflect/ProxyGenerator$$Lambda+0x000001f51804e3c8
instanceKlass java/lang/reflect/ProxyGenerator$ProxyMethod
instanceKlass  @bci java/lang/reflect/Proxy getLoader (Ljava/lang/Module;)Ljava/lang/ClassLoader; 6 <appendix> member <vmtarget> ; # java/lang/reflect/Proxy$$Lambda+0x000001f51804da30
instanceKlass  @bci java/lang/WeakPairMap computeIfAbsent (Ljava/lang/Object;Ljava/lang/Object;Ljava/util/function/BiFunction;)Ljava/lang/Object; 18 <appendix> member <vmtarget> ; # java/lang/WeakPairMap$$Lambda+0x000001f51804d5e8
instanceKlass  @bci java/lang/Module implAddExportsOrOpens (Ljava/lang/String;Ljava/lang/Module;ZZ)V 145 <appendix> argL0 ; # java/lang/Module$$Lambda+0x000001f51804d3c0
instanceKlass  @bci java/lang/module/ModuleDescriptor$Builder packages (Ljava/util/Set;)Ljava/lang/module/ModuleDescriptor$Builder; 17 <appendix> argL0 ; # java/lang/module/ModuleDescriptor$Builder$$Lambda+0x800000002
instanceKlass jdk/internal/module/Checks
instanceKlass java/lang/module/ModuleDescriptor$Builder
instanceKlass  @bci java/lang/reflect/Proxy$ProxyBuilder getDynamicModule (Ljava/lang/ClassLoader;)Ljava/lang/Module; 4 <appendix> argL0 ; # java/lang/reflect/Proxy$ProxyBuilder$$Lambda+0x000001f51804ca88
instanceKlass java/util/LinkedHashMap$LinkedHashIterator
instanceKlass java/lang/PublicMethods
instanceKlass java/util/Collections$1
instanceKlass java/lang/reflect/Proxy$ProxyBuilder
instanceKlass  @bci java/lang/reflect/Proxy getProxyConstructor (Ljava/lang/Class;Ljava/lang/ClassLoader;[Ljava/lang/Class;)Ljava/lang/reflect/Constructor; 35 <appendix> argL0 ; # java/lang/reflect/Proxy$$Lambda+0x000001f51804b7e8
instanceKlass java/lang/ClassValue$Version
instanceKlass java/lang/ClassValue$Identity
instanceKlass java/lang/ClassValue
instanceKlass java/lang/reflect/Proxy
instanceKlass sun/reflect/annotation/AnnotationInvocationHandler
instanceKlass java/lang/reflect/InvocationHandler
instanceKlass sun/reflect/annotation/AnnotationParser$1
instanceKlass sun/reflect/annotation/ExceptionProxy
instanceKlass java/lang/annotation/Inherited
instanceKlass java/lang/annotation/Retention
instanceKlass sun/reflect/annotation/AnnotationType$1
instanceKlass sun/reflect/annotation/AnnotationType
instanceKlass java/lang/reflect/GenericArrayType
instanceKlass sun/reflect/generics/visitor/Reifier
instanceKlass sun/reflect/generics/visitor/TypeTreeVisitor
instanceKlass sun/reflect/generics/factory/CoreReflectionFactory
instanceKlass sun/reflect/generics/factory/GenericsFactory
instanceKlass sun/reflect/generics/scope/AbstractScope
instanceKlass sun/reflect/generics/scope/Scope
instanceKlass sun/reflect/generics/tree/ClassTypeSignature
instanceKlass sun/reflect/generics/tree/SimpleClassTypeSignature
instanceKlass sun/reflect/generics/tree/FieldTypeSignature
instanceKlass sun/reflect/generics/tree/BaseType
instanceKlass sun/reflect/generics/tree/TypeSignature
instanceKlass sun/reflect/generics/tree/ReturnType
instanceKlass sun/reflect/generics/tree/TypeArgument
instanceKlass sun/reflect/generics/tree/TypeTree
instanceKlass sun/reflect/generics/tree/Tree
instanceKlass sun/reflect/generics/parser/SignatureParser
instanceKlass com/naqqa/elasticsearch/test/Test
instanceKlass  @bci com/naqqa/elasticsearch/test/TestRunner main ([Ljava/lang/String;)V 250 <appendix> argL0 ; # com/naqqa/elasticsearch/test/TestRunner$$Lambda+0x000001f518003830
instanceKlass com/naqqa/elasticsearch/action/byquery/DeleteByQueryAction
instanceKlass java/util/concurrent/atomic/AtomicReference
instanceKlass com/naqqa/elasticsearch/cluster/state/ClusterState
instanceKlass com/naqqa/elasticsearch/cluster/io/Writeable
instanceKlass com/naqqa/elasticsearch/action/byquery/ByQueryActionsTest
instanceKlass java/util/StringJoiner
instanceKlass  @bci java/util/stream/SortedOps$RefSortingSink end ()V 48 <appendix> member <vmtarget> ; # java/util/stream/SortedOps$RefSortingSink$$Lambda+0x000001f5180468b8
instanceKlass  @cpi java/util/stream/SortedOps$RefSortingSink 128 form vmentry <vmtarget> ; # java/lang/invoke/LambdaForm$DMH+0x000001f518002800
instanceKlass java/util/TimSort
instanceKlass java/util/Arrays$LegacyMergeSort
instanceKlass sun/nio/fs/BasicFileAttributesHolder
instanceKlass java/util/stream/ForEachOps$ForEachOp
instanceKlass java/util/stream/ForEachOps
instanceKlass  @bci com/naqqa/elasticsearch/test/TestRunner main ([Ljava/lang/String;)V 81 <appendix> member <vmtarget> ; # com/naqqa/elasticsearch/test/TestRunner$$Lambda+0x000001f518001c80
instanceKlass  @cpi com/naqqa/elasticsearch/index/engine/EngineMergeConcurrencyStressTest 311 form vmentry <vmtarget> ; # java/lang/invoke/LambdaForm$DMH+0x000001f518002400
instanceKlass java/util/stream/SortedOps
instanceKlass  @bci java/util/Comparator comparing (Ljava/util/function/Function;)Ljava/util/Comparator; 6 <appendix> member <vmtarget> ; # java/util/Comparator$$Lambda+0x000001f518044db0
instanceKlass  @bci java/lang/invoke/BootstrapMethodInvoker invoke (Ljava/lang/Class;Ljava/lang/invoke/MethodHandle;Ljava/lang/String;Ljava/lang/Object;Ljava/lang/Object;Ljava/lang/Class;)Ljava/lang/Object; 462 <adapter> ; # java/lang/invoke/LambdaForm$MH+0x000001f518002000
instanceKlass  @cpi com/naqqa/elasticsearch/common/automaton/Automaton 226 form vmentry <vmtarget> ; # java/lang/invoke/LambdaForm$DMH+0x000001f518001400
instanceKlass  @bci com/naqqa/elasticsearch/test/TestRunner main ([Ljava/lang/String;)V 66 <appendix> argL0 ; # com/naqqa/elasticsearch/test/TestRunner$$Lambda+0x000001f518001a48
instanceKlass  @bci com/naqqa/elasticsearch/test/TestRunner main ([Ljava/lang/String;)V 56 <appendix> argL0 ; # com/naqqa/elasticsearch/test/TestRunner$$Lambda+0x000001f518001800
instanceKlass  @bci java/nio/file/Files walk (Ljava/nio/file/Path;I[Ljava/nio/file/FileVisitOption;)Ljava/util/stream/Stream; 43 <appendix> argL0 ; # java/nio/file/Files$$Lambda+0x000001f518044b78
instanceKlass  @bci java/nio/file/Files walk (Ljava/nio/file/Path;I[Ljava/nio/file/FileVisitOption;)Ljava/util/stream/Stream; 30 <appendix> member <vmtarget> ; # java/nio/file/Files$$Lambda+0x000001f518044958
instanceKlass  @cpi javax/crypto/spec/SecretKeySpec 161 form vmentry <vmtarget> ; # java/lang/invoke/LambdaForm$DMH+0x000001f518001000
instanceKlass java/nio/file/FileTreeWalker$Event
instanceKlass sun/nio/fs/WindowsDirectoryStream$WindowsDirectoryIterator
instanceKlass java/nio/file/FileTreeWalker$DirectoryNode
instanceKlass sun/nio/fs/WindowsDirectoryStream
instanceKlass java/nio/file/DirectoryStream
instanceKlass java/nio/file/Files$AcceptAllFilter
instanceKlass java/nio/file/DirectoryStream$Filter
instanceKlass sun/nio/fs/WindowsNativeDispatcher$CompletionStatus
instanceKlass sun/nio/fs/WindowsNativeDispatcher$AclInformation
instanceKlass sun/nio/fs/WindowsNativeDispatcher$Account
instanceKlass sun/nio/fs/WindowsNativeDispatcher$DiskFreeSpace
instanceKlass sun/nio/fs/WindowsNativeDispatcher$VolumeInformation
instanceKlass sun/nio/fs/WindowsNativeDispatcher$FirstStream
instanceKlass sun/nio/fs/WindowsNativeDispatcher$FirstFile
instanceKlass java/util/Enumeration
instanceKlass java/util/concurrent/ConcurrentHashMap$Traverser
instanceKlass jdk/internal/loader/NativeLibraries$3
instanceKlass jdk/internal/loader/NativeLibrary
instanceKlass java/util/ArrayDeque$DeqIterator
instanceKlass jdk/internal/loader/NativeLibraries$NativeLibraryContext$1
instanceKlass jdk/internal/loader/NativeLibraries$NativeLibraryContext
instanceKlass jdk/internal/loader/NativeLibraries$2
instanceKlass jdk/internal/loader/NativeLibraries$1
instanceKlass jdk/internal/loader/NativeLibraries$LibraryPaths
instanceKlass sun/nio/fs/WindowsNativeDispatcher
instanceKlass sun/nio/fs/NativeBuffer$Deallocator
instanceKlass sun/nio/fs/NativeBuffer
instanceKlass java/lang/ThreadLocal$ThreadLocalMap
instanceKlass java/lang/ThreadLocal
instanceKlass sun/nio/fs/NativeBuffers
instanceKlass sun/nio/fs/WindowsFileAttributes
instanceKlass java/nio/file/attribute/DosFileAttributes
instanceKlass sun/nio/fs/AbstractBasicFileAttributeView
instanceKlass sun/nio/fs/DynamicFileAttributeView
instanceKlass sun/nio/fs/WindowsFileAttributeViews
instanceKlass sun/nio/fs/Util
instanceKlass java/nio/file/attribute/BasicFileAttributeView
instanceKlass java/nio/file/attribute/FileAttributeView
instanceKlass java/nio/file/attribute/AttributeView
instanceKlass java/nio/file/attribute/BasicFileAttributes
instanceKlass java/nio/file/CopyOption
instanceKlass java/nio/file/FileTreeWalker
instanceKlass java/nio/file/FileTreeIterator
instanceKlass java/nio/file/Files
instanceKlass sun/nio/fs/WindowsPath
instanceKlass java/net/URI$Parser
instanceKlass sun/nio/fs/WindowsPathParser$Result
instanceKlass sun/nio/fs/WindowsPathParser
instanceKlass java/nio/file/FileSystem
instanceKlass java/nio/file/OpenOption
instanceKlass java/nio/file/spi/FileSystemProvider
instanceKlass sun/nio/fs/DefaultFileSystemProvider
instanceKlass java/nio/file/FileSystems$DefaultFileSystemHolder$1
instanceKlass java/nio/file/FileSystems$DefaultFileSystemHolder
instanceKlass java/nio/file/FileSystems
instanceKlass java/nio/file/Paths
instanceKlass jdk/internal/misc/PreviewFeatures
instanceKlass jdk/internal/misc/MainMethodFinder
instanceKlass com/naqqa/elasticsearch/test/TestRunner
instanceKlass sun/security/util/Debug
instanceKlass java/security/SecureClassLoader$DebugHolder
instanceKlass java/security/Permission
instanceKlass java/security/Guard
instanceKlass java/security/PermissionCollection
instanceKlass java/security/SecureClassLoader$1
instanceKlass java/io/FileInputStream$1
instanceKlass sun/nio/ByteBuffered
instanceKlass java/lang/Package$VersionInfo
instanceKlass java/lang/NamedPackage
instanceKlass jdk/internal/loader/Resource
instanceKlass jdk/internal/loader/URLClassPath$Loader
instanceKlass jdk/internal/loader/URLClassPath$3
instanceKlass java/security/PrivilegedExceptionAction
instanceKlass sun/net/util/URLUtil
instanceKlass sun/nio/cs/ArrayDecoder
instanceKlass java/nio/charset/CharsetDecoder
instanceKlass sun/launcher/LauncherHelper
instanceKlass jdk/internal/vm/PostVMInitHook$1
instanceKlass jdk/internal/util/EnvUtils
instanceKlass jdk/internal/vm/PostVMInitHook$2
instanceKlass jdk/internal/vm/PostVMInitHook
instanceKlass java/lang/invoke/StringConcatFactory
instanceKlass jdk/internal/module/ModuleBootstrap$SafeModuleFinder
instanceKlass java/nio/charset/CoderResult
instanceKlass java/lang/StringCoding
instanceKlass java/lang/Readable
instanceKlass java/lang/ModuleLayer$Controller
instanceKlass java/util/concurrent/CopyOnWriteArrayList
instanceKlass jdk/internal/module/ServicesCatalog$ServiceProvider
instanceKlass jdk/internal/loader/AbstractClassLoaderValue$Memoizer
instanceKlass jdk/internal/module/ModuleLoaderMap$Modules
instanceKlass jdk/internal/module/ModuleLoaderMap$Mapper
instanceKlass jdk/internal/module/ModuleLoaderMap
instanceKlass java/lang/module/ResolvedModule
instanceKlass java/util/Collections$UnmodifiableCollection$1
instanceKlass java/util/SequencedMap
instanceKlass java/util/SequencedSet
instanceKlass java/lang/ModuleLayer
instanceKlass java/util/ImmutableCollections$ListItr
instanceKlass java/util/ListIterator
instanceKlass java/lang/module/ModuleFinder$1
instanceKlass java/nio/file/Path
instanceKlass java/nio/file/Watchable
instanceKlass java/lang/module/Resolver
instanceKlass java/lang/module/Configuration
instanceKlass  @bci java/util/stream/FindOps$FindSink$OfRef <clinit> ()V 43 <appendix> argL0 ; # java/util/stream/FindOps$FindSink$OfRef$$Lambda+0x80000004d
instanceKlass  @bci java/util/stream/FindOps$FindSink$OfRef <clinit> ()V 38 <appendix> argL0 ; # java/util/stream/FindOps$FindSink$OfRef$$Lambda+0x80000004f
instanceKlass  @bci java/util/stream/FindOps$FindSink$OfRef <clinit> ()V 16 <appendix> argL0 ; # java/util/stream/FindOps$FindSink$OfRef$$Lambda+0x80000004e
instanceKlass  @bci java/util/stream/FindOps$FindSink$OfRef <clinit> ()V 11 <appendix> argL0 ; # java/util/stream/FindOps$FindSink$OfRef$$Lambda+0x800000050
instanceKlass java/util/stream/FindOps$FindOp
instanceKlass java/util/stream/FindOps$FindSink
instanceKlass java/util/stream/FindOps
instanceKlass  @bci jdk/internal/module/DefaultRoots exportsAPI (Ljava/lang/module/ModuleDescriptor;)Z 9 <appendix> argL0 ; # jdk/internal/module/DefaultRoots$$Lambda+0x800000056
instanceKlass java/util/stream/Sink$ChainedReference
instanceKlass java/util/stream/ReduceOps$AccumulatingSink
instanceKlass java/util/stream/TerminalSink
instanceKlass java/util/stream/Sink
instanceKlass java/util/function/Consumer
instanceKlass java/util/stream/ReduceOps$Box
instanceKlass java/util/stream/ReduceOps$ReduceOp
instanceKlass java/util/stream/TerminalOp
instanceKlass java/util/stream/ReduceOps
instanceKlass  @bci java/util/stream/Collectors castingIdentity ()Ljava/util/function/Function; 0 <appendix> argL0 ; # java/util/stream/Collectors$$Lambda+0x800000043
instanceKlass  @bci java/util/stream/Collectors toSet ()Ljava/util/stream/Collector; 14 <appendix> argL0 ; # java/util/stream/Collectors$$Lambda+0x800000041
instanceKlass java/util/function/BinaryOperator
instanceKlass  @bci java/util/stream/Collectors toSet ()Ljava/util/stream/Collector; 9 <appendix> argL0 ; # java/util/stream/Collectors$$Lambda+0x80000003a
instanceKlass java/util/function/BiConsumer
instanceKlass  @bci java/util/stream/Collectors toSet ()Ljava/util/stream/Collector; 4 <appendix> argL0 ; # java/util/stream/Collectors$$Lambda+0x800000046
instanceKlass java/util/stream/Collector
instanceKlass java/util/Collections$UnmodifiableCollection
instanceKlass java/util/stream/Collectors
instanceKlass  @bci jdk/internal/module/DefaultRoots compute (Ljava/lang/module/ModuleFinder;Ljava/lang/module/ModuleFinder;)Ljava/util/Set; 42 <appendix> argL0 ; # jdk/internal/module/DefaultRoots$$Lambda+0x800000053
instanceKlass  @bci jdk/internal/module/DefaultRoots compute (Ljava/lang/module/ModuleFinder;Ljava/lang/module/ModuleFinder;)Ljava/util/Set; 32 <appendix> member <vmtarget> ; # jdk/internal/module/DefaultRoots$$Lambda+0x800000057
instanceKlass  @bci jdk/internal/module/DefaultRoots compute (Ljava/lang/module/ModuleFinder;Ljava/lang/module/ModuleFinder;)Ljava/util/Set; 21 <appendix> argL0 ; # jdk/internal/module/DefaultRoots$$Lambda+0x800000054
instanceKlass java/util/concurrent/ForkJoinPool$ManagedBlocker
instanceKlass java/util/concurrent/locks/AbstractQueuedSynchronizer$Node
instanceKlass java/lang/ref/Cleaner$Cleanable
instanceKlass jdk/internal/ref/CleanerImpl
instanceKlass java/lang/ref/Cleaner$1
instanceKlass java/lang/ref/Cleaner
instanceKlass jdk/internal/ref/CleanerFactory$1
instanceKlass java/util/concurrent/ThreadFactory
instanceKlass jdk/internal/ref/CleanerFactory
instanceKlass  @bci sun/security/ec/XDHKeyAgreement engineDoPhase (Ljava/security/Key;Z)Ljava/security/Key; 70 <appendix> form vmentry <vmtarget> ; # java/lang/invoke/LambdaForm$MH+0x000001f518000800
instanceKlass  @bci jdk/internal/module/DefaultRoots compute (Ljava/lang/module/ModuleFinder;Ljava/lang/module/ModuleFinder;)Ljava/util/Set; 11 <appendix> argL0 ; # jdk/internal/module/DefaultRoots$$Lambda+0x800000055
instanceKlass java/lang/invoke/LambdaProxyClassArchive
instanceKlass java/lang/invoke/InfoFromMemberName
instanceKlass java/lang/invoke/MethodHandleInfo
instanceKlass jdk/internal/org/objectweb/asm/ConstantDynamic
instanceKlass jdk/internal/org/objectweb/asm/Handle
instanceKlass sun/security/action/GetBooleanAction
instanceKlass java/lang/invoke/AbstractValidatingLambdaMetafactory
instanceKlass java/lang/invoke/BootstrapMethodInvoker
instanceKlass java/util/function/Predicate
instanceKlass java/lang/WeakPairMap$Pair$Lookup
instanceKlass java/lang/WeakPairMap$Pair
instanceKlass java/lang/WeakPairMap
instanceKlass java/lang/Module$ReflectionData
instanceKlass java/lang/invoke/LambdaMetafactory
# instanceKlass java/lang/invoke/LambdaForm$MH+0x000001f518000400
instanceKlass java/lang/invoke/MethodHandles$Lookup$ClassDefiner
instanceKlass java/lang/invoke/MethodHandles$Lookup$ClassFile
instanceKlass jdk/internal/org/objectweb/asm/Handler
instanceKlass jdk/internal/org/objectweb/asm/Attribute
instanceKlass jdk/internal/org/objectweb/asm/FieldVisitor
instanceKlass java/util/ArrayList$Itr
instanceKlass sun/invoke/empty/Empty
instanceKlass sun/invoke/util/VerifyType
instanceKlass java/lang/invoke/InvokerBytecodeGenerator$ClassData
instanceKlass jdk/internal/org/objectweb/asm/AnnotationVisitor
instanceKlass jdk/internal/org/objectweb/asm/Frame
instanceKlass jdk/internal/org/objectweb/asm/Label
instanceKlass jdk/internal/org/objectweb/asm/Type
instanceKlass jdk/internal/org/objectweb/asm/MethodVisitor
instanceKlass sun/invoke/util/BytecodeDescriptor
instanceKlass jdk/internal/org/objectweb/asm/ByteVector
instanceKlass jdk/internal/org/objectweb/asm/Symbol
instanceKlass jdk/internal/org/objectweb/asm/SymbolTable
instanceKlass jdk/internal/org/objectweb/asm/ClassVisitor
instanceKlass java/lang/invoke/LambdaFormBuffer
instanceKlass java/lang/invoke/LambdaFormEditor$TransformKey
instanceKlass java/lang/invoke/LambdaFormEditor
instanceKlass java/lang/invoke/Invokers$Holder
instanceKlass java/lang/invoke/DelegatingMethodHandle$Holder
instanceKlass java/lang/invoke/DirectMethodHandle$2
instanceKlass java/lang/invoke/ClassSpecializer$Factory
instanceKlass java/lang/invoke/ClassSpecializer$SpeciesData
instanceKlass java/lang/invoke/ClassSpecializer$1
instanceKlass java/lang/invoke/ClassSpecializer
instanceKlass java/lang/invoke/InvokerBytecodeGenerator$1
instanceKlass java/lang/invoke/InvokerBytecodeGenerator
instanceKlass java/lang/invoke/LambdaForm$Holder
instanceKlass java/lang/invoke/LambdaForm$Name
instanceKlass java/lang/reflect/Array
instanceKlass java/lang/invoke/Invokers
instanceKlass sun/invoke/util/ValueConversions
instanceKlass java/lang/invoke/DirectMethodHandle$Holder
instanceKlass java/lang/Void
instanceKlass sun/invoke/util/Wrapper$Format
instanceKlass java/lang/invoke/MethodHandleImpl$1
instanceKlass jdk/internal/access/JavaLangInvokeAccess
instanceKlass java/lang/invoke/LambdaForm$NamedFunction
instanceKlass java/lang/invoke/MethodHandleImpl
instanceKlass jdk/internal/reflect/MethodHandleAccessorFactory$LazyStaticHolder
instanceKlass java/lang/invoke/MethodTypeForm
instanceKlass java/lang/invoke/MethodType$ConcurrentWeakInternSet
instanceKlass sun/reflect/annotation/AnnotationParser
instanceKlass java/lang/Class$3
instanceKlass java/lang/PublicMethods$Key
instanceKlass java/lang/PublicMethods$MethodList
instanceKlass java/util/EnumMap$1
instanceKlass java/util/stream/StreamOpFlag$MaskBuilder
instanceKlass java/util/stream/Stream
instanceKlass java/util/stream/BaseStream
instanceKlass java/util/stream/PipelineHelper
instanceKlass java/util/stream/StreamSupport
instanceKlass java/util/Spliterators$IteratorSpliterator
instanceKlass java/util/Spliterator$OfDouble
instanceKlass java/util/Spliterator$OfLong
instanceKlass java/util/Spliterator$OfInt
instanceKlass java/util/Spliterator$OfPrimitive
instanceKlass java/util/Spliterator
instanceKlass java/util/Spliterators$EmptySpliterator
instanceKlass java/util/Spliterators
instanceKlass jdk/internal/module/DefaultRoots
instanceKlass jdk/internal/loader/BuiltinClassLoader$LoadedModule
instanceKlass jdk/internal/loader/AbstractClassLoaderValue
instanceKlass jdk/internal/module/ServicesCatalog
instanceKlass java/util/Deque
instanceKlass java/util/Queue
instanceKlass sun/net/util/IPAddressUtil$MASKS
instanceKlass sun/net/util/IPAddressUtil
instanceKlass java/net/URLStreamHandler
instanceKlass sun/net/www/ParseUtil
instanceKlass java/net/URL$3
instanceKlass jdk/internal/access/JavaNetURLAccess
instanceKlass java/net/URL$DefaultFactory
instanceKlass java/net/URLStreamHandlerFactory
instanceKlass jdk/internal/loader/URLClassPath
instanceKlass java/security/Principal
instanceKlass java/security/ProtectionDomain$Key
instanceKlass java/security/ProtectionDomain$JavaSecurityAccessImpl
instanceKlass jdk/internal/access/JavaSecurityAccess
instanceKlass java/lang/ClassLoader$ParallelLoaders
instanceKlass java/security/cert/Certificate
instanceKlass jdk/internal/loader/ArchivedClassLoaders
instanceKlass java/util/concurrent/ConcurrentHashMap$CollectionView
instanceKlass jdk/internal/loader/ClassLoaderHelper
instanceKlass jdk/internal/loader/NativeLibraries
instanceKlass java/lang/Module$EnableNativeAccess
instanceKlass jdk/internal/loader/BootLoader
instanceKlass java/util/Optional
instanceKlass jdk/internal/module/SystemModuleFinders$SystemModuleFinder
instanceKlass java/lang/module/ModuleFinder
instanceKlass jdk/internal/module/SystemModuleFinders$3
instanceKlass jdk/internal/module/ModuleHashes$HashSupplier
instanceKlass jdk/internal/module/SystemModuleFinders$2
instanceKlass java/util/function/Supplier
instanceKlass java/lang/module/ModuleReference
instanceKlass jdk/internal/module/ModuleResolution
instanceKlass java/util/Collections$UnmodifiableMap
instanceKlass jdk/internal/module/ModuleHashes$Builder
instanceKlass jdk/internal/module/ModuleHashes
instanceKlass jdk/internal/module/ModuleTarget
instanceKlass java/util/ImmutableCollections$Set12$1
instanceKlass java/lang/reflect/AccessFlag$18
instanceKlass java/lang/reflect/AccessFlag$17
instanceKlass java/lang/reflect/AccessFlag$16
instanceKlass java/lang/reflect/AccessFlag$15
instanceKlass java/lang/reflect/AccessFlag$14
instanceKlass java/lang/reflect/AccessFlag$13
instanceKlass java/lang/reflect/AccessFlag$12
instanceKlass java/lang/reflect/AccessFlag$11
instanceKlass java/lang/reflect/AccessFlag$10
instanceKlass java/lang/reflect/AccessFlag$9
instanceKlass java/lang/reflect/AccessFlag$8
instanceKlass java/lang/reflect/AccessFlag$7
instanceKlass java/lang/reflect/AccessFlag$6
instanceKlass java/lang/reflect/AccessFlag$5
instanceKlass java/lang/reflect/AccessFlag$4
instanceKlass java/lang/reflect/AccessFlag$3
instanceKlass java/lang/reflect/AccessFlag$2
instanceKlass java/lang/reflect/AccessFlag$1
instanceKlass java/lang/module/ModuleDescriptor$Version
instanceKlass java/lang/module/ModuleDescriptor$Provides
instanceKlass java/lang/module/ModuleDescriptor$Opens
instanceKlass java/util/ImmutableCollections$SetN$SetNIterator
instanceKlass java/lang/module/ModuleDescriptor$Exports
instanceKlass java/lang/module/ModuleDescriptor$Requires
instanceKlass jdk/internal/module/Builder
instanceKlass jdk/internal/module/SystemModules$all
instanceKlass jdk/internal/module/SystemModules
instanceKlass jdk/internal/module/SystemModulesMap
instanceKlass java/net/URI$1
instanceKlass jdk/internal/access/JavaNetUriAccess
instanceKlass java/net/URI
instanceKlass jdk/internal/module/SystemModuleFinders
instanceKlass jdk/internal/module/ArchivedModuleGraph
instanceKlass jdk/internal/module/ArchivedBootLayer
instanceKlass jdk/internal/module/ModuleBootstrap$Counters
instanceKlass jdk/internal/module/ModulePatcher
instanceKlass java/io/FileSystem
instanceKlass java/io/DefaultFileSystem
instanceKlass java/io/File
instanceKlass java/lang/module/ModuleDescriptor$1
instanceKlass jdk/internal/access/JavaLangModuleAccess
instanceKlass sun/invoke/util/VerifyAccess
instanceKlass java/util/KeyValueHolder
instanceKlass java/util/ImmutableCollections$MapN$MapNIterator
instanceKlass java/lang/StrictMath
instanceKlass java/lang/invoke/MethodHandles$Lookup
instanceKlass java/lang/invoke/MemberName$Factory
instanceKlass java/lang/invoke/MethodHandles
instanceKlass java/lang/module/ModuleDescriptor
instanceKlass jdk/internal/module/ModuleBootstrap
instanceKlass java/lang/Character$CharacterCache
instanceKlass java/util/HexFormat
instanceKlass jdk/internal/util/ClassFileDumper
instanceKlass sun/security/action/GetPropertyAction
instanceKlass java/lang/invoke/MethodHandleStatics
instanceKlass jdk/internal/misc/Blocker
instanceKlass java/util/concurrent/locks/AbstractQueuedSynchronizer$ConditionObject
instanceKlass java/util/concurrent/locks/Condition
instanceKlass java/util/Collections
instanceKlass java/lang/Thread$ThreadIdentifiers
instanceKlass sun/io/Win32ErrorMode
instanceKlass jdk/internal/misc/OSEnvironment
instanceKlass java/lang/Integer$IntegerCache
instanceKlass jdk/internal/misc/Signal$NativeHandler
instanceKlass java/util/Hashtable$Entry
instanceKlass jdk/internal/misc/Signal
instanceKlass java/lang/Terminator$1
instanceKlass jdk/internal/misc/Signal$Handler
instanceKlass java/lang/Terminator
instanceKlass java/nio/ByteOrder
instanceKlass java/nio/Buffer$2
instanceKlass jdk/internal/access/JavaNioAccess
instanceKlass java/nio/Buffer$1
instanceKlass jdk/internal/misc/ScopedMemoryAccess
instanceKlass java/nio/charset/CodingErrorAction
instanceKlass sun/nio/cs/SingleByte
instanceKlass java/lang/StringUTF16
instanceKlass sun/nio/cs/MS1252$Holder
instanceKlass sun/nio/cs/ArrayEncoder
instanceKlass java/nio/charset/CharsetEncoder
instanceKlass java/io/Writer
instanceKlass java/io/PrintStream$1
instanceKlass jdk/internal/access/JavaIOPrintStreamAccess
instanceKlass jdk/internal/misc/InternalLock
instanceKlass java/io/OutputStream
instanceKlass java/io/Flushable
instanceKlass java/io/FileDescriptor$1
instanceKlass jdk/internal/access/JavaIOFileDescriptorAccess
instanceKlass java/io/FileDescriptor
instanceKlass jdk/internal/util/StaticProperty
instanceKlass jdk/internal/reflect/MethodHandleAccessorFactory
instanceKlass java/lang/reflect/Modifier
instanceKlass java/lang/Class$1
instanceKlass java/lang/Class$Atomic
instanceKlass java/lang/Class$ReflectionData
instanceKlass java/nio/charset/StandardCharsets
instanceKlass sun/nio/cs/HistoricallyNamedCharset
instanceKlass java/nio/charset/spi/CharsetProvider
instanceKlass java/nio/charset/Charset
instanceKlass java/util/HashMap$HashIterator
instanceKlass java/util/concurrent/locks/LockSupport
instanceKlass java/util/concurrent/ConcurrentHashMap$Node
instanceKlass java/util/concurrent/ConcurrentHashMap$CounterCell
instanceKlass java/util/concurrent/locks/ReentrantLock
instanceKlass java/util/concurrent/locks/Lock
instanceKlass java/lang/CharacterData
instanceKlass java/util/Arrays
instanceKlass jdk/internal/util/Preconditions$3
instanceKlass jdk/internal/util/Preconditions$2
instanceKlass jdk/internal/util/Preconditions$4
instanceKlass java/util/function/BiFunction
instanceKlass jdk/internal/util/Preconditions$1
instanceKlass java/util/function/Function
instanceKlass jdk/internal/util/Preconditions
instanceKlass java/lang/Runtime
instanceKlass java/lang/VersionProps
instanceKlass java/lang/StringConcatHelper
instanceKlass java/util/HashMap$Node
instanceKlass java/util/Map$Entry
instanceKlass jdk/internal/util/ArraysSupport
instanceKlass jdk/internal/util/SystemProps$Raw
instanceKlass jdk/internal/util/SystemProps
instanceKlass java/lang/System$2
instanceKlass jdk/internal/access/JavaLangAccess
instanceKlass java/lang/ref/NativeReferenceQueue$Lock
instanceKlass java/lang/ref/ReferenceQueue
instanceKlass java/lang/ref/Reference$1
instanceKlass jdk/internal/access/JavaLangRefAccess
instanceKlass jdk/internal/reflect/ReflectionFactory
instanceKlass java/lang/Math
instanceKlass java/lang/StringLatin1
instanceKlass jdk/internal/reflect/Reflection
instanceKlass jdk/internal/reflect/ReflectionFactory$GetReflectionFactoryAction
instanceKlass java/security/PrivilegedAction
instanceKlass jdk/internal/access/SharedSecrets
instanceKlass java/lang/reflect/ReflectAccess
instanceKlass jdk/internal/access/JavaLangReflectAccess
instanceKlass java/util/ImmutableCollections
instanceKlass java/util/Objects
instanceKlass java/util/Set
instanceKlass jdk/internal/misc/CDS
instanceKlass java/lang/Module$ArchivedData
instanceKlass jdk/internal/misc/VM
instanceKlass java/lang/String$CaseInsensitiveComparator
instanceKlass java/util/Comparator
instanceKlass java/io/ObjectStreamField
instanceKlass jdk/internal/vm/FillerObject
instanceKlass jdk/internal/vm/vector/VectorSupport$VectorPayload
instanceKlass jdk/internal/vm/vector/VectorSupport
instanceKlass java/lang/reflect/RecordComponent
instanceKlass java/util/Iterator
instanceKlass java/lang/Number
instanceKlass java/lang/Character
instanceKlass java/lang/Boolean
instanceKlass java/util/concurrent/locks/AbstractOwnableSynchronizer
instanceKlass java/lang/LiveStackFrame
instanceKlass java/lang/StackFrameInfo
instanceKlass java/lang/StackWalker$StackFrame
instanceKlass java/lang/StackStreamFactory$AbstractStackWalker
instanceKlass java/lang/StackWalker
instanceKlass java/nio/Buffer
instanceKlass java/lang/StackTraceElement
instanceKlass java/util/RandomAccess
instanceKlass java/util/List
instanceKlass java/util/SequencedCollection
instanceKlass java/util/AbstractCollection
instanceKlass java/util/Collection
instanceKlass java/lang/Iterable
instanceKlass java/util/concurrent/ConcurrentMap
instanceKlass java/util/AbstractMap
instanceKlass java/security/CodeSource
instanceKlass jdk/internal/loader/ClassLoaders
instanceKlass java/util/jar/Manifest
instanceKlass java/lang/Enum
instanceKlass java/net/URL
instanceKlass java/io/InputStream
instanceKlass java/io/Closeable
instanceKlass java/lang/AutoCloseable
instanceKlass jdk/internal/module/Modules
instanceKlass jdk/internal/misc/Unsafe
instanceKlass jdk/internal/misc/UnsafeConstants
instanceKlass java/lang/AbstractStringBuilder
instanceKlass java/lang/Appendable
instanceKlass java/lang/AssertionStatusDirectives
instanceKlass java/lang/invoke/MethodHandleNatives$CallSiteContext
instanceKlass jdk/internal/foreign/abi/ABIDescriptor
instanceKlass jdk/internal/foreign/abi/NativeEntryPoint
instanceKlass java/lang/invoke/CallSite
instanceKlass java/lang/invoke/MethodType
instanceKlass java/lang/invoke/TypeDescriptor$OfMethod
instanceKlass java/lang/invoke/LambdaForm
instanceKlass java/lang/invoke/MethodHandleNatives
instanceKlass java/lang/invoke/ResolvedMethodName
instanceKlass java/lang/invoke/MemberName
instanceKlass java/lang/invoke/VarHandle
instanceKlass java/lang/invoke/MethodHandle
instanceKlass jdk/internal/reflect/CallerSensitive
instanceKlass java/lang/annotation/Annotation
instanceKlass jdk/internal/reflect/FieldAccessor
instanceKlass jdk/internal/reflect/ConstantPool
instanceKlass jdk/internal/reflect/ConstructorAccessor
instanceKlass jdk/internal/reflect/MethodAccessor
instanceKlass jdk/internal/reflect/MagicAccessorImpl
instanceKlass jdk/internal/vm/StackChunk
instanceKlass jdk/internal/vm/Continuation
instanceKlass jdk/internal/vm/ContinuationScope
instanceKlass java/lang/reflect/Parameter
instanceKlass java/lang/reflect/Member
instanceKlass java/lang/reflect/AccessibleObject
instanceKlass java/lang/Module
instanceKlass java/util/Map
instanceKlass java/util/Dictionary
instanceKlass java/lang/ThreadGroup
instanceKlass java/lang/Thread$UncaughtExceptionHandler
instanceKlass java/lang/Thread$Constants
instanceKlass java/lang/Thread$FieldHolder
instanceKlass java/lang/Thread
instanceKlass java/lang/Runnable
instanceKlass java/lang/ref/Reference
instanceKlass java/lang/Record
instanceKlass java/security/AccessController
instanceKlass java/security/AccessControlContext
instanceKlass java/security/ProtectionDomain
instanceKlass java/lang/SecurityManager
instanceKlass java/lang/Throwable
instanceKlass java/lang/System
instanceKlass java/lang/ClassLoader
instanceKlass java/lang/Cloneable
instanceKlass java/lang/Class
instanceKlass java/lang/invoke/TypeDescriptor$OfField
instanceKlass java/lang/invoke/TypeDescriptor
instanceKlass java/lang/reflect/Type
instanceKlass java/lang/reflect/GenericDeclaration
instanceKlass java/lang/reflect/AnnotatedElement
instanceKlass java/lang/String
instanceKlass java/lang/constant/ConstantDesc
instanceKlass java/lang/constant/Constable
instanceKlass java/lang/CharSequence
instanceKlass java/lang/Comparable
instanceKlass java/io/Serializable
ciInstanceKlass java/lang/Object 1 1 124 7 1 10 12 1 1 10 7 12 1 1 1 10 7 12 1 1 1 10 12 1 1 8 1 10 12 1 1 10 7 12 1 1 1 10 12 1 10 12 1 1 10 7 12 1 1 1 10 12 1 10 12 1 7 1 10 7 12 1 1 1 10 12 1 1 10 12 1 100 1 8 1 10 12 1 3 8 1 7 1 5 0 1 1 1 1 1 1 1 1 1 1 1 1 1 1 1 1 100 1 1 1 1 1 1 1 1 1 1 7 1 1 1 1 1 1 1 1 1 1 3 1 1
ciMethod java/lang/Object clone ()Ljava/lang/Object; 512 0 256 0 -1
ciInstanceKlass java/io/Serializable 1 0 7 100 1 100 1 1 1
ciInstanceKlass java/lang/System 1 1 834 10 7 12 1 1 1 9 7 12 1 1 1 10 12 1 10 12 1 1 10 12 1 1 10 12 1 9 12 1 1 10 7 12 1 1 1 11 100 12 1 1 1 10 100 12 1 1 1 10 12 1 1 10 12 1 1 100 1 8 1 10 12 1 10 7 12 1 1 1 10 7 12 1 1 1 18 12 1 1 10 7 12 1 1 1 7 1 10 12 1 1 10 7 12 1 1 1 10 12 1 10 7 12 1 1 1 9 100 12 1 1 1 10 7 12 1 1 1 11 7 12 1 1 1 10 12 1 1 10 7 12 1 1 1 7 1 10 10 12 1 1 8 1 10 12 1 8 1 10 12 1 9 12 1 1 8 1 10 7 12 1 1 1 10 12 1 1 100 1 8 1 10 9 12 1 1 8 1 10 12 1 1 10 100 12 1 1 1 8 1 10 12 1 7 1 10 12 1 8 1 10 12 1 10 12 1 1 100 1 10 12 10 12 1 9 12 1 1 9 12 1 1 10 7 12 1 1 1 10 7 12 1 1 1 10 12 1 1 10 12 1 10 12 1 10 7 12 1 1 1 10 12 1 100 1 100 1 8 1 10 12 1 10 12 1 1 7 1 10 12 1 100 1 8 1 10 10 12 1 100 1 8 1 10 8 1 10 7 12 1 1 8 1 10 12 100 1 8 1 10 10 12 1 1 10 7 12 1 1 1 100 1 18 12 1 100 1 9 100 12 1 1 1 10 12 1 100 1 10 12 1 1 10 12 1 1 10 7 12 1 1 1 10 12 1 1 10 12 1 10 12 1 10 12 1 1 10 12 1 7 1 10 12 1 9 7 12 1 1 1 10 7 12 1 1 1 10 12 1 10 12 1 10 7 12 1 1 1 7 1 8 1 10 9 12 1 9 12 1 10 12 1 10 7 12 1 1 10 12 1 10 12 1 1 8 1 10 12 1 1 8 1 11 12 1 10 12 11 12 1 1 11 7 12 1 1 1 11 7 12 1 1 11 12 1 1 7 1 11 12 1 10 12 1 8 1 10 12 1 1 8 1 8 1 8 1 8 1 11 12 1 10 12 1 10 12 1 10 12 1 8 1 10 12 1 1 8 1 9 12 1 8 1 10 7 12 1 1 8 1 7 1 9 7 12 1 1 1 10 12 1 7 1 9 12 10 9 12 7 1 10 12 9 12 1 1 8 1 10 12 1 1 8 1 10 7 12 1 1 10 12 1 10 12 1 1 11 7 12 1 1 10 12 10 7 12 1 1 1 9 12 1 1 7 1 8 1 10 12 1 1 10 7 12 1 1 1 7 1 10 12 1 1 10 12 1 8 1 8 1 10 8 1 8 1 8 1 8 1 10 10 7 12 1 1 10 12 1 10 12 1 1 10 12 1 1 10 12 1 10 100 12 1 1 1 10 7 1 8 1 10 10 10 12 1 1 10 12 1 1 8 1 10 12 1 8 1 8 1 10 12 1 10 7 12 1 1 1 10 12 1 1 7 1 10 10 12 1 10 12 1 9 12 1 1 3 1 3 1 1 1 1 1 1 1 1 1 1 1 1 100 1 1 100 1 1 1 1 1 1 1 1 1 1 1 100 1 7 1 1 1 1 1 1 1 1 1 1 1 1 1 1 1 1 1 1 1 1 1 1 1 1 1 1 1 1 1 1 1 1 1 1 1 1 1 1 1 1 1 1 1 1 1 1 1 1 1 1 1 1 1 1 1 1 1 1 100 1 1 1 1 1 1 1 1 1 1 1 1 1 1 1 1 1 1 1 1 1 1 1 1 1 1 1 1 1 1 1 1 1 100 1 1 16 15 10 12 1 1 16 15 10 12 16 1 15 10 100 12 1 1 1 1 1 1 1 1 1 100 1 100 1 1
staticfield java/lang/System in Ljava/io/InputStream; java/io/BufferedInputStream
staticfield java/lang/System out Ljava/io/PrintStream; java/io/PrintStream
staticfield java/lang/System err Ljava/io/PrintStream; java/io/PrintStream
ciInstanceKlass java/lang/SecurityManager 0 0 576 10 7 12 1 1 1 9 7 12 1 1 1 10 7 12 1 1 1 100 1 8 1 10 12 1 10 12 1 1 10 7 12 1 1 1 10 7 1 10 100 1 10 9 100 12 1 1 1 10 7 12 1 1 1 10 12 1 1 10 7 12 1 1 100 1 8 1 10 9 12 1 1 9 12 1 8 1 9 12 1 7 1 10 8 1 10 12 1 1 10 12 1 10 12 1 1 100 1 10 10 12 1 1 100 1 8 1 10 12 1 8 1 8 1 8 1 8 1 8 1 8 1 10 12 1 8 1 8 1 8 1 8 1 8 1 10 7 12 1 1 1 10 12 1 1 8 1 100 1 8 1 10 8 1 8 1 8 1 8 1 8 1 10 100 12 1 1 8 1 100 1 8 1 8 1 10 8 1 10 12 1 100 1 8 1 10 10 12 1 1 10 12 1 10 12 1 10 12 1 10 100 12 1 1 1 10 12 1 10 100 12 1 1 11 100 12 1 1 1 18 12 1 1 11 100 12 1 1 1 18 12 1 1 11 12 1 1 18 18 11 12 1 18 12 1 11 12 1 1 9 12 1 1 9 12 1 9 12 1 9 12 1 100 1 10 100 12 1 1 10 12 1 10 12 1 18 12 1 18 10 100 12 1 1 1 18 12 1 10 12 1 18 18 8 1 10 12 1 9 12 1 1 11 7 12 1 1 1 8 1 100 1 10 12 1 10 12 1 1 10 12 1 1 9 12 1 1 10 12 1 10 12 1 1 8 1 100 1 10 9 12 1 8 1 10 12 1 8 1 100 1 10 10 100 12 1 1 10 100 1 9 7 12 1 1 1 11 12 1 1 10 12 1 11 12 1 10 12 1 7 1 10 10 12 1 1 10 12 1 1 1 1 1 1 1 1 1 1 1 7 1 1 1 1 1 1 1 1 1 1 1 1 1 1 1 1 1 1 1 1 1 1 1 1 1 1 1 1 1 1 1 1 1 1 1 1 1 1 1 1 1 1 1 1 1 1 1 1 1 1 1 1 1 1 1 1 3 1 1 1 1 1 1 1 1 1 1 100 1 1 1 1 1 1 1 1 1 1 1 1 1 1 1 1 1 1 1 1 1 1 1 1 1 1 1 1 1 1 1 1 1 1 1 1 1 1 16 15 10 7 12 1 1 1 16 1 16 15 10 12 16 1 15 10 12 16 15 11 7 1 16 1 16 1 15 10 12 16 15 10 12 16 15 10 12 1 16 1 15 11 12 1 15 10 12 16 15 10 16 1 15 10 100 12 1 1 1 1 1 1 100 1 100 1 1
ciInstanceKlass java/security/AccessController 1 1 295 10 7 12 1 1 1 10 7 12 1 1 1 10 7 12 1 1 1 10 12 1 1 10 12 1 1 10 7 12 1 1 1 10 12 1 1 10 12 1 10 12 1 1 10 12 1 100 1 8 1 10 12 1 10 12 1 10 12 1 1 10 12 1 7 1 7 1 10 12 1 1 10 12 1 10 12 1 10 12 1 1 10 7 12 1 1 1 10 12 1 1 9 100 12 1 1 1 10 7 12 1 1 1 10 12 1 10 12 1 9 100 12 1 1 1 10 12 1 10 12 1 1 9 12 1 1 10 100 1 10 11 7 12 1 1 1 10 7 12 1 1 11 7 1 100 1 10 12 1 10 12 1 10 12 1 8 1 10 12 1 1 8 1 10 100 12 1 1 1 8 1 7 1 10 10 12 1 1 10 12 1 10 7 12 1 1 1 10 12 1 8 1 10 7 12 1 1 8 1 8 1 10 12 1 8 1 10 12 1 10 12 1 1 10 12 1 1 1 1 1 1 1 1 1 1 1 1 1 1 1 1 1 1 1 1 1 1 1 1 1 1 1 1 100 1 1 1 1 1 1 1 1 1 1 1 1 1 1 1 1 1 1 1 1 1 1 1 1 1 1 1 1 1 1 1 1 1 1 100 1 100 1 1 1 1 1 1 1 1 1 3 1 1 1
staticfield java/security/AccessController $assertionsDisabled Z 1
ciInstanceKlass java/security/ProtectionDomain 1 1 348 10 7 12 1 1 1 9 7 12 1 1 1 7 1 10 9 12 1 1 9 12 1 1 9 12 1 1 10 7 12 1 1 7 1 9 12 1 9 12 1 1 7 1 9 12 1 1 9 12 1 10 100 12 1 1 10 100 12 1 1 1 10 12 1 1 10 12 1 9 12 1 9 100 12 1 1 10 12 1 1 10 100 1 10 12 1 1 8 1 7 1 8 1 10 12 1 10 11 10 7 12 1 1 1 10 12 1 1 8 1 11 8 1 10 12 1 8 1 8 1 10 12 1 1 10 12 1 10 12 1 1 10 12 1 8 1 10 12 1 8 1 8 1 10 7 12 1 1 1 9 100 12 1 1 1 10 12 1 1 9 100 12 1 1 1 10 7 12 1 1 1 100 1 18 12 1 1 10 7 12 1 1 1 10 7 1 10 12 1 10 12 1 1 11 100 12 1 1 11 12 1 100 1 11 7 12 1 1 1 10 12 1 10 11 12 1 1 11 12 1 1 10 12 1 10 7 12 1 1 10 100 12 1 1 11 12 1 10 12 10 12 1 8 1 8 1 10 7 12 1 1 1 7 1 10 10 7 12 1 1 1 1 1 1 1 1 1 1 7 1 1 7 1 1 1 1 1 1 1 1 1 1 1 1 1 1 1 1 1 1 1 1 1 1 1 1 1 1 1 1 1 1 1 1 1 1 1 1 1 1 1 1 1 1 1 1 7 1 1 1 1 1 1 100 1 1 16 15 10 12 16 15 10 100 12 1 1 1 1 1 1 1 100 1 100 1 1
staticfield java/security/ProtectionDomain filePermCompatInPD Z 0
ciInstanceKlass java/security/CodeSource 1 1 398 10 7 12 1 1 1 9 7 12 1 1 1 9 12 1 1 9 12 1 1 9 12 1 1 10 7 12 1 1 1 9 12 1 1 10 100 12 1 1 10 100 10 7 12 1 1 1 10 100 12 1 1 1 10 12 1 1 7 1 10 10 100 12 1 1 1 10 100 12 1 1 1 10 12 1 1 100 1 10 12 1 1 10 12 1 1 10 12 1 1 10 12 1 10 10 10 12 1 1 10 7 12 1 1 1 10 12 1 10 12 1 10 12 1 8 1 10 12 1 10 12 1 10 12 1 1 10 12 1 8 1 10 12 1 1 10 7 1 10 10 12 1 1 8 1 10 12 1 10 12 1 10 12 1 8 1 8 1 9 12 1 1 100 1 8 1 10 12 1 10 12 1 1 8 1 10 12 1 8 1 8 1 8 1 10 100 12 1 1 10 12 1 1 10 12 1 10 12 1 1 10 12 1 1 10 12 1 1 100 1 100 1 10 12 1 10 12 10 12 1 1 10 100 12 1 1 10 12 1 7 1 10 12 10 100 12 1 1 1 10 8 1 10 12 1 10 12 1 10 12 1 1 100 1 10 12 1 1 100 1 7 1 8 1 8 1 10 10 12 1 1 10 100 12 1 1 1 7 1 10 12 10 12 1 1 11 7 12 1 1 10 10 12 1 11 10 12 1 8 1 100 1 10 12 1 10 12 1 1 10 12 1 11 12 1 1 7 1 1 1 1 5 0 1 1 1 1 1 1 1 1 1 1 1 1 1 1 1 1 1 1 1 1 1 1 1 1 1 1 1 1 1 1 1 1 1 1 1 1 1 1 1 1 1 1 1 1 1 1 1 1 1 1 1 1 1 1 1 1 1 1 1 1 1 1 1 1 1 1 100 1 1 1 1 1 1 1
ciInstanceKlass java/lang/Boolean 1 1 152 10 7 12 1 1 1 9 7 12 1 1 1 10 12 1 1 10 12 1 8 1 10 7 12 1 1 9 12 1 1 9 12 1 10 12 1 1 10 12 1 1 10 12 1 1 10 7 12 1 1 1 100 1 100 1 10 12 1 1 9 100 12 1 1 9 12 10 100 12 1 1 1 10 12 1 1 8 1 10 7 12 1 1 1 9 12 1 1 7 1 7 1 7 1 1 1 1 1 1 5 0 1 1 1 1 1 1 1 1 1 1 3 1 1 1 1 1 1 1 1 1 1 1 1 1 1 1 1 1 1 7 1 1 1 1 1 1 1 1 1 1 100 1 1 1 1 1 1 1 1 1
staticfield java/lang/Boolean TRUE Ljava/lang/Boolean; java/lang/Boolean
staticfield java/lang/Boolean FALSE Ljava/lang/Boolean; java/lang/Boolean
staticfield java/lang/Boolean TYPE Ljava/lang/Class; java/lang/Class
ciInstanceKlass java/lang/Comparable 1 0 12 100 1 100 1 1 1 1 1 1 1 1
ciInstanceKlass java/lang/constant/Constable 1 0 11 100 1 100 1 1 1 1 1 1 1
ciInstanceKlass java/util/Map 1 1 263 11 7 12 1 1 1 11 12 1 1 10 7 12 1 1 11 12 1 1 11 7 12 1 1 1 11 7 12 1 1 1 11 12 1 1 7 1 11 12 1 11 12 1 100 1 100 1 10 12 1 1 11 7 12 1 1 1 11 100 12 1 1 1 11 12 1 11 12 1 10 12 1 1 11 12 1 11 7 12 1 9 7 12 1 1 1 7 1 10 12 7 1 7 1 10 12 1 7 1 10 7 1 11 12 1 11 12 1 1 11 12 1 1 7 1 11 12 1 1 1 1 1 1 1 1 1 1 1 1 1 1 1 1 1 1 1 1 1 1 1 1 1 1 1 1 1 1 1 1 1 1 1 1 1 1 1 1 1 1 1 1 1 1 1 1 1 1 1 1 1 1 1 1 1 1 1 1 1 1 1 1 1 1 1 1 1 1 1 1 1 1 1 1 1 1 1 1 1 1 1 1 1 1 1 1 1 1 1 1 1 1 1 1 1 1 1 1 1 1 1 1 1 1 1 1 1 1 1 1 1 1 1 1 1 1 1 1 1 1 1 1 1 1 100 1 1 1 1 1 1 1 1 1 1 1 1 1 1 1 1 1 1
ciInstanceKlass java/lang/Class 1 1 1698 10 7 12 1 1 1 9 7 12 1 1 1 9 12 1 1 10 12 1 1 8 1 10 12 1 8 1 8 1 10 12 1 1 10 7 12 1 1 1 10 12 1 7 1 10 10 12 1 10 12 1 1 10 12 1 1 10 12 1 1 10 7 12 1 1 10 12 1 10 12 1 10 12 1 8 1 10 12 1 8 1 10 12 1 8 1 8 1 10 12 1 1 10 100 12 1 1 1 18 12 1 1 11 100 12 1 1 1 8 1 8 1 8 1 10 100 12 1 1 1 11 12 1 1 8 1 10 12 1 10 11 100 12 1 1 1 11 7 12 1 1 1 11 8 1 18 8 1 10 12 1 10 7 12 1 1 10 12 1 1 10 7 12 1 1 1 10 12 1 1 10 12 1 1 10 7 12 1 1 1 10 12 9 100 12 1 1 1 10 7 12 1 1 1 10 12 1 10 7 12 1 1 1 10 12 1 1 18 12 1 1 10 7 12 1 1 1 10 7 12 1 10 12 1 1 10 7 1 7 1 10 12 1 1 9 12 1 1 100 1 8 1 10 12 1 10 12 1 1 10 12 1 1 10 7 12 1 1 1 7 1 10 12 1 100 1 100 1 10 10 12 1 1 10 12 1 1 100 1 10 7 12 1 1 1 10 12 1 1 10 12 1 1 9 12 1 1 10 12 1 10 12 1 1 9 12 1 1 9 12 1 1 10 12 1 1 10 7 1 10 12 1 10 12 1 10 12 1 1 10 9 12 1 10 12 1 8 1 10 12 1 1 10 12 1 1 10 12 1 10 12 1 1 10 12 1 1 10 12 1 1 9 7 12 1 1 1 10 7 12 1 1 10 12 10 12 1 10 12 1 10 12 1 10 12 1 9 100 12 1 1 1 9 12 1 10 12 1 10 100 12 1 1 1 10 12 1 1 10 100 12 1 1 10 12 1 10 12 1 1 10 100 12 1 1 1 10 12 1 10 12 1 1 10 12 1 10 12 1 10 12 1 1 10 7 1 10 10 10 12 1 1 10 12 1 1 10 12 10 10 12 1 1 7 1 8 1 10 10 12 1 1 10 12 1 100 1 11 12 1 10 100 12 1 1 10 12 1 10 12 1 10 100 12 1 1 10 10 12 1 1 8 1 10 12 1 10 12 1 1 8 1 10 12 1 9 12 1 10 12 1 10 12 1 10 12 1 10 12 7 1 9 12 1 10 12 1 9 12 1 10 12 1 10 12 1 10 12 1 10 10 12 1 10 12 1 10 7 12 1 1 10 12 1 10 12 1 10 12 1 1 10 12 1 10 12 1 10 12 1 100 1 10 12 1 10 12 1 1 10 12 1 1 10 12 1 1 10 12 1 1 10 12 1 1 10 12 1 1 100 1 10 10 12 1 1 10 12 1 1 10 12 1 1 10 10 12 1 10 12 1 1 10 12 1 1 10 12 1 1 10 12 1 1 7 1 10 10 12 11 7 12 1 1 10 12 1 10 12 1 10 7 12 1 1 1 10 12 1 1 10 10 12 1 1 7 1 10 10 12 1 1 10 7 12 1 1 1 100 1 100 1 10 12 1 1 10 12 1 10 10 12 1 1 10 12 1 10 12 1 10 12 1 10 100 12 1 1 1 11 100 12 1 1 10 12 1 10 12 1 9 12 1 10 12 1 1 10 12 1 9 12 1 1 7 1 10 9 12 1 1 10 12 7 1 10 12 1 9 12 1 10 100 12 1 1 1 10 12 1 10 12 1 10 100 12 1 1 1 10 12 1 10 12 10 12 1 1 100 1 10 8 1 10 12 1 11 11 12 1 1 11 7 12 1 1 11 12 1 8 1 10 12 1 10 12 1 1 9 12 1 9 12 1 1 10 7 12 1 1 9 12 1 10 12 1 1 10 10 12 1 10 7 12 1 1 1 10 7 12 1 1 10 7 12 1 1 9 12 1 1 10 12 1 9 12 1 10 12 1 10 12 1 1 9 12 1 1 9 12 1 10 12 1 10 12 1 1 9 12 1 7 1 10 10 12 1 1 7 1 10 12 1 1 7 11 7 1 9 12 1 1 9 12 1 7 1 10 12 1 9 12 1 1 9 12 1 10 12 1 10 12 1 1 9 12 1 7 1 10 10 12 1 1 10 10 12 1 10 12 10 10 12 1 9 12 1 10 12 1 1 10 7 12 1 1 1 10 12 1 1 10 12 1 8 10 7 8 1 18 8 1 8 1 10 12 1 9 12 1 9 12 1 1 10 12 1 7 1 7 1 10 12 1 9 12 1 1 7 1 10 10 12 1 10 7 1 9 12 1 8 1 10 12 1 7 1 10 12 1 10 12 1 1 100 1 7 1 9 12 1 100 1 8 1 10 10 7 12 1 1 1 10 12 11 7 12 1 1 1 10 12 1 10 12 1 1 10 8 1 8 1 10 12 1 1 9 100 12 1 1 11 12 7 1 11 7 12 1 1 9 12 1 10 100 12 1 1 1 10 100 12 1 1 10 12 1 1 9 12 1 9 10 12 1 1 10 12 1 1 10 12 1 1 10 12 1 1 10 12 1 1 11 12 1 100 1 11 12 1 10 100 12 1 1 1 10 12 1 11 12 1 10 100 12 1 1 1 10 12 1 10 100 12 1 1 1 11 12 1 11 12 1 1 10 12 1 10 12 1 1 9 12 1 1 9 100 12 1 1 10 12 1 10 100 12 1 1 1 10 12 1 1 10 12 1 10 12 1 10 12 1 10 7 12 1 1 1 10 12 1 8 1 10 12 1 10 12 1 10 12 1 100 1 10 12 10 100 12 1 1 1 11 100 12 1 1 1 10 12 1 1 10 12 1 18 12 1 1 11 12 1 1 18 11 12 1 18 12 1 11 12 1 10 12 1 1 10 12 1 10 12 1 10 12 1 10 12 1 10 12 10 12 1 8 1 10 12 1 7 1 9 12 1 1 7 1 7 1 7 1 7 1 1 1 3 1 3 1 3 1 1 1 1 1 1 1 5 0 1 1 1 1 1 1 1 1 1 1 1 1 1 1 1 1 1 1 1 1 1 1 1 1 100 1 1 1 1 1 1 1 100 1 1 1 1 1 7 1 1 1 1 1 1 1 1 1 1 1 1 1 1 1 1 1 1 1 1 1 1 1 1 1 1 1 1 1 1 1 1 1 1 1 1 1 1 1 1 1 1 100 1 1 1 1 1 1 1 1 1 1 1 1 1 1 1 1 1 1 1 1 1 1 1 1 1 1 1 1 1 1 1 100 1 1 1 1 1 1 1 1 1 1 1 1 1 1 1 1 1 1 1 1 3 1 1 1 1 1 1 1 1 1 1 1 1 1 1 1 1 1 1 1 1 1 1 1 1 1 1 1 1 1 1 1 1 1 1 1 7 1 7 1 1 1 1 1 1 1 1 1 1 1 1 1 1 1 1 1 1 1 1 1 1 1 1 1 1 1 1 1 1 1 1 1 1 1 1 1 1 1 1 1 1 1 1 1 1 1 1 1 1 1 1 1 1 1 1 1 1 1 1 1 1 1 1 1 1 1 1 1 1 1 1 1 1 1 1 1 1 1 1 1 1 1 1 1 1 1 1 1 1 1 1 1 1 1 1 1 1 1 1 1 1 1 1 1 1 1 1 1 1 1 1 1 1 1 1 1 1 1 1 1 1 1 1 1 1 1 1 1 1 1 1 16 15 10 12 16 15 11 12 16 1 16 15 16 15 10 12 16 16 15 10 12 16 15 16 1 15 10 12 16 15 10 100 12 1 1 1 1 1 1 1 1 1 1 1 1 7 1 1 100 1 100 1 1 100 1 100 1 1 100 1 100 1 1
staticfield java/lang/Class EMPTY_CLASS_ARRAY [Ljava/lang/Class; 0 [Ljava/lang/Class;
staticfield java/lang/Class serialPersistentFields [Ljava/io/ObjectStreamField; 0 [Ljava/io/ObjectStreamField;
ciInstanceKlass java/lang/reflect/AnnotatedElement 1 1 164 11 7 12 1 1 1 11 12 1 1 7 1 10 100 12 1 1 1 10 12 1 1 10 12 1 1 10 12 1 10 100 12 1 1 1 11 12 1 1 11 7 12 1 1 10 7 12 1 1 1 10 12 1 10 100 12 1 1 1 18 12 1 1 11 100 12 1 1 18 12 1 18 12 1 1 10 100 12 1 1 1 11 100 12 1 1 1 7 1 10 100 12 1 1 1 1 1 1 1 1 1 1 1 1 1 1 1 1 1 1 1 1 1 1 1 1 1 100 1 1 1 1 1 1 1 1 1 1 1 16 15 16 1 16 1 15 11 12 16 16 1 15 10 100 12 1 1 1 16 1 15 10 100 12 1 1 1 1 100 1 100 1 1
ciInstanceKlass java/lang/invoke/TypeDescriptor 1 0 17 100 1 100 1 1 1 1 1 1 100 1 100 1 1 1 1
ciInstanceKlass java/lang/reflect/GenericDeclaration 1 0 30 7 1 7 1 7 1 1 1 1 1 1 1 1 100 1 8 1 1 12 10 1 1 1 8 1 1 1 8 1
ciInstanceKlass java/lang/reflect/Type 1 1 17 11 100 12 1 1 1 100 1 1 1 1 1 1 1 1 1
ciInstanceKlass java/lang/invoke/TypeDescriptor$OfField 1 0 21 100 1 100 1 100 1 1 1 1 1 1 1 1 1 1 1 1 1 1 1
ciMethod java/lang/Class isArray ()Z 512 0 256 0 -1
ciInstanceKlass java/lang/StringBuilder 1 1 422 10 7 12 1 1 1 10 12 1 10 12 1 10 12 1 1 10 7 12 1 1 1 10 7 12 1 1 1 10 12 1 10 12 1 10 12 1 10 12 1 10 12 1 10 12 1 10 12 1 10 12 1 10 12 1 10 12 1 10 12 1 10 12 1 10 12 1 10 12 1 1 10 12 1 10 12 1 1 10 12 1 1 10 12 1 10 12 1 10 12 1 10 12 1 10 12 1 10 12 1 10 12 1 10 12 10 12 1 10 12 1 10 12 1 10 12 1 1 10 12 1 10 12 1 10 12 10 12 1 1 10 12 1 10 12 1 10 12 1 10 100 12 1 1 1 9 12 1 1 10 12 1 10 12 1 1 10 12 1 1 9 12 1 1 10 100 12 1 1 1 10 100 1 10 12 1 1 10 100 12 1 1 10 12 1 10 12 1 1 100 1 100 1 8 1 10 10 12 1 1 10 12 1 10 12 1 10 12 1 1 10 12 1 10 12 1 10 12 1 10 12 1 10 12 1 10 12 10 12 1 10 12 1 10 12 1 10 12 1 10 12 1 10 12 1 10 12 1 10 12 1 10 12 1 1 10 12 1 1 10 12 1 10 12 1 10 12 1 10 12 10 12 10 12 1 10 12 1 10 12 1 10 12 10 12 1 10 12 1 10 12 1 10 12 1 10 12 1 10 12 1 10 12 1 10 12 1 10 12 1 1 10 12 1 10 12 1 1 10 12 1 10 12 1 1 10 12 1 10 12 1 1 10 12 1 10 12 1 10 12 1 10 10 12 1 10 12 1 7 1 7 1 7 1 7 1 1 1 1 5 0 1 1 1 1 1 1 1 1 1 1 1 1 1 1 1 1 1 1 1 1 1 1 1 1 1 1 1 1 1 1 1 1 1 1 1 1 1 1 1 1 1 1 1 1 100 1 1 1 7 1 1 1 1 1 1 1 1 1 1 1
instanceKlass java/lang/StringBuilder
instanceKlass java/lang/StringBuffer
ciInstanceKlass java/lang/AbstractStringBuilder 1 1 605 7 1 10 7 12 1 1 1 9 7 12 1 1 1 9 12 1 9 12 1 1 9 12 1 1 10 7 12 1 1 1 10 12 1 1 7 1 3 3 10 12 1 10 12 1 1 11 7 1 100 1 7 1 10 8 1 10 12 1 10 12 1 10 12 1 1 10 12 1 10 12 1 9 12 1 10 12 1 9 12 1 1 10 12 1 1 10 7 12 1 1 1 10 10 12 1 10 12 1 10 12 1 1 10 12 1 1 10 7 12 1 1 1 10 7 12 1 1 1 7 1 8 1 10 10 12 1 1 100 1 10 12 10 12 1 1 10 10 12 1 1 10 12 1 1 10 12 1 1 10 12 1 1 10 10 7 12 1 1 1 10 12 1 100 1 10 10 7 12 1 1 1 9 12 1 1 9 12 1 10 12 1 1 10 10 12 1 1 10 12 10 12 1 10 12 1 1 10 12 1 1 10 12 1 1 10 12 1 10 12 1 1 10 12 1 1 10 12 1 10 12 1 1 8 1 10 12 1 1 10 12 1 10 12 1 10 12 1 10 12 1 10 12 1 10 12 1 10 7 12 1 1 10 12 1 10 12 1 10 100 12 1 1 1 100 1 100 1 10 12 1 10 7 12 1 1 10 12 1 10 12 1 10 12 1 10 12 1 1 10 12 1 10 12 1 1 10 12 1 1 10 10 7 12 1 1 1 10 12 1 10 12 1 10 12 1 1 10 12 1 10 12 1 10 12 1 10 12 1 10 12 1 10 12 1 10 12 1 10 12 1 10 12 1 1 10 12 1 10 12 1 10 12 10 12 1 1 18 12 1 1 100 1 10 100 12 1 1 1 18 10 12 1 1 10 12 1 10 12 1 1 11 12 1 1 10 12 1 10 12 10 12 1 10 10 10 12 1 10 5 0 10 10 12 1 1 100 1 8 1 10 10 12 1 1 10 100 12 1 1 1 10 12 1 10 12 1 1 100 1 10 12 100 1 10 100 1 10 7 1 1 1 1 1 1 1 1 1 1 1 100 1 1 1 1 1 1 1 1 1 1 1 1 1 1 1 1 1 1 1 1 1 1 1 1 1 1 1 1 1 1 1 1 1 1 1 1 1 1 1 1 1 1 1 1 1 1 1 1 1 1 1 1 1 1 1 1 1 1 1 1 1 1 1 1 1 1 1 1 1 1 1 1 1 1 1 1 1 1 1 1 1 1 1 1 1 1 1 1 1 1 1 1 1 1 1 1 1 1 1 1 100 1 1 1 1 1 1 1 1 1 1 1 1 1 1 1 1 1 100 1 1 1 1 1 1 7 1 1 16 1 15 10 12 16 15 10 12 15 10 100 12 1 1 1 1 1 1 1 100 1 100 1 1
staticfield java/lang/AbstractStringBuilder EMPTYVALUE [B 0
ciInstanceKlass java/lang/Appendable 1 0 14 100 1 100 1 1 1 1 100 1 1 1 1 1
ciInstanceKlass java/lang/CharSequence 1 1 131 11 7 12 1 1 1 18 12 1 1 100 1 10 100 12 1 1 1 18 10 100 12 1 1 1 11 12 1 1 11 7 1 11 12 1 1 10 100 12 1 1 1 11 12 1 1 100 1 10 12 1 1 10 100 12 1 1 1 100 1 10 10 12 1 1 7 1 1 1 1 1 1 1 1 1 1 1 1 1 1 1 1 1 1 1 1 1 1 1 1 1 1 1 1 1 1 1 1 1 16 1 15 11 12 16 15 11 12 15 10 100 12 1 1 1 1 1 100 1 100 1 1 100 1 1 100 1 100 1 1
instanceKlass sun/nio/ch/NioSocketImpl$2
instanceKlass java/net/Socket$SocketOutputStream
instanceKlass sun/net/httpserver/PlaceholderOutputStream
instanceKlass sun/net/httpserver/Request$WriteStream
instanceKlass sun/net/httpserver/SSLStreams$OutputStream
instanceKlass sun/security/ssl/SSLSocketImpl$AppOutputStream
instanceKlass sun/nio/ch/ChannelOutputStream
instanceKlass com/naqqa/elasticsearch/common/io/stream/StreamOutput
instanceKlass java/io/ByteArrayOutputStream
instanceKlass java/io/FilterOutputStream
instanceKlass java/io/FileOutputStream
ciInstanceKlass java/io/OutputStream 1 1 53 10 7 12 1 1 1 100 1 10 10 7 12 1 1 1 10 100 12 1 1 1 10 12 1 100 1 100 1 1 1 1 1 1 1 1 1 100 1 1 1 1 1 1 1 1 1 1 1 1 1 1 1
ciInstanceKlass java/lang/AutoCloseable 1 0 12 100 1 100 1 1 1 1 100 1 1 1
ciInstanceKlass java/io/Closeable 1 0 14 100 1 100 1 100 1 1 1 1 100 1 1 1
instanceKlass java/net/URISyntaxException
instanceKlass sun/security/ec/ECOperations$IntermediateValueException
instanceKlass org/xml/sax/SAXException
instanceKlass javax/xml/parsers/ParserConfigurationException
instanceKlass java/util/zip/DataFormatException
instanceKlass java/lang/CloneNotSupportedException
instanceKlass sun/nio/fs/WindowsException
instanceKlass java/security/PrivilegedActionException
instanceKlass sun/security/pkcs11/wrapper/PKCS11Exception
instanceKlass java/security/GeneralSecurityException
instanceKlass java/util/concurrent/ExecutionException
instanceKlass java/util/concurrent/TimeoutException
instanceKlass java/lang/InterruptedException
instanceKlass java/io/IOException
instanceKlass java/lang/ReflectiveOperationException
instanceKlass java/lang/RuntimeException
ciInstanceKlass java/lang/Exception 1 1 40 10 7 12 1 1 1 10 12 1 10 12 1 10 12 1 10 12 1 100 1 1 1 1 5 0 1 1 1 1 1 1 1 1 1 1 1 1 1 1
instanceKlass java/lang/Exception
instanceKlass java/lang/Error
ciInstanceKlass java/lang/Throwable 1 1 404 10 7 12 1 1 1 9 7 12 1 1 1 9 12 1 1 9 12 1 9 12 1 1 9 12 1 10 12 1 1 9 12 1 1 10 12 1 1 10 12 1 100 1 7 1 10 8 1 10 12 1 1 8 1 10 100 12 1 1 10 10 12 1 100 1 8 1 10 10 12 1 1 10 7 12 1 1 10 12 1 8 1 9 7 12 1 1 1 10 12 1 1 100 1 10 12 10 12 1 10 7 12 1 1 1 7 1 10 12 10 12 1 10 12 1 7 1 10 10 7 12 1 1 1 11 7 12 1 1 1 10 12 1 1 10 12 1 1 8 1 10 12 1 10 12 1 1 8 1 8 1 10 12 1 1 10 12 1 8 1 8 1 9 12 1 1 10 12 1 1 100 1 10 11 12 1 8 1 8 1 10 7 12 1 1 8 1 10 12 1 8 1 7 1 10 12 1 9 12 1 1 10 12 1 10 7 12 1 9 12 1 1 10 12 1 1 100 1 8 1 10 12 1 10 100 12 1 1 10 12 1 1 7 1 10 100 12 1 1 1 10 12 1 11 7 12 1 1 1 11 7 12 1 1 11 12 1 8 1 10 12 1 1 8 1 10 10 9 100 12 1 1 1 8 1 10 12 1 1 11 10 100 1 8 1 10 11 12 1 1 8 1 9 12 1 10 100 12 1 1 11 9 12 1 1 11 12 1 1 100 10 12 1 10 12 1 1 7 1 1 1 1 5 0 1 1 1 1 1 1 1 1 1 1 1 1 1 7 1 1 1 1 1 1 1 1 1 1 1 1 1 1 1 1 1 1 1 1 1 1 1 1 1 1 1 1 1 1 1 1 1 1 1 1 1 1 1 1 1 1 1 1 100 1 7 1 1 1 1 1 1 1 1 1 1 1 1 1 1 1 1 1 1
staticfield java/lang/Throwable UNASSIGNED_STACK [Ljava/lang/StackTraceElement; 0 [Ljava/lang/StackTraceElement;
staticfield java/lang/Throwable SUPPRESSED_SENTINEL Ljava/util/List; java/util/Collections$EmptyList
staticfield java/lang/Throwable EMPTY_THROWABLE_ARRAY [Ljava/lang/Throwable; 0 [Ljava/lang/Throwable;
staticfield java/lang/Throwable $assertionsDisabled Z 1
instanceKlass java/security/Provider
ciInstanceKlass java/util/Properties 1 1 690 10 7 12 1 1 1 100 1 10 7 12 1 1 7 1 10 12 1 9 12 1 1 9 12 1 1 9 12 1 1 10 7 12 1 1 1 10 12 1 1 8 1 10 7 12 1 1 1 7 1 10 12 1 10 12 1 1 8 1 10 12 1 7 1 10 12 10 12 1 1 9 12 1 1 10 12 1 1 7 1 10 12 1 10 12 1 10 12 1 1 100 1 8 1 10 12 1 10 12 1 10 12 1 1 10 12 1 7 1 3 10 10 100 12 1 1 1 10 12 1 10 12 1 1 8 1 10 12 1 10 12 1 1 8 1 10 100 12 1 1 10 12 1 1 10 12 1 10 12 1 1 100 1 10 12 1 10 12 1 1 100 1 9 100 12 1 1 1 10 12 1 10 12 1 1 10 12 1 1 10 12 1 1 100 1 9 12 1 1 7 1 7 1 10 12 1 7 1 11 7 12 1 1 1 11 12 1 1 11 7 12 1 1 1 11 7 12 1 1 1 11 12 1 1 11 12 1 11 12 1 10 12 1 1 8 1 10 12 1 10 100 12 1 1 10 12 1 100 1 10 10 12 1 10 12 1 100 1 10 10 12 1 1 10 7 12 1 1 9 100 12 1 1 10 12 1 1 10 100 12 1 1 1 100 1 100 1 100 1 10 8 1 8 1 10 12 1 10 12 1 10 12 1 1 10 10 12 1 1 10 12 1 1 7 1 10 10 12 1 11 7 12 1 1 10 7 12 1 1 1 8 1 10 100 12 1 1 11 11 7 1 8 1 10 100 1 11 10 12 1 10 10 12 1 10 12 1 1 10 12 1 1 10 12 1 1 10 12 1 10 12 1 10 10 12 1 10 12 1 10 12 1 10 10 12 1 1 10 12 1 1 10 10 12 1 10 12 1 10 12 1 10 12 1 10 12 1 1 10 12 1 1 10 12 1 10 12 1 10 12 1 1 10 12 10 12 1 1 10 12 1 1 10 12 1 10 12 1 1 10 12 1 1 10 12 10 11 12 1 4 11 10 12 1 1 10 100 12 1 1 11 12 1 10 12 1 1 10 100 12 1 1 10 12 1 100 1 8 1 10 12 1 10 10 100 12 1 1 1 100 1 6 0 10 12 1 1 11 100 12 1 1 1 10 12 1 10 12 1 1 1 1 1 5 0 1 1 1 1 1 1 1 1 1 1 1 1 1 1 1 1 1 1 1 1 1 1 1 1 1 1 1 1 1 1 1 1 1 1 1 1 1 1 1 100 1 1 1 1 1 1 1 1 1 1 1 1 1 1 1 1 1 1 1 1 100 1 1 1 1 1 1 1 1 1 1 1 1 7 1 7 1 1 1 1 1 100 1 1 1 1 1 1 1 1 1 1 1 1 1 1 1 1 1 1 1 1 1 1 1 1 1 1 1 1 1 1 1 1 1 1 1 1 1 1 1 1 1 1 1 1 1 1 1 1 1 1 1 1 1 1 1 1 1 1 1 1 1 1 1 1 1 1 1 1 1 1 1 1 1 1 1 1 1 7 1 1 1 1 1 1 1 1 1 1 1 100 1 1
staticfield java/util/Properties UNSAFE Ljdk/internal/misc/Unsafe; jdk/internal/misc/Unsafe
instanceKlass java/util/Hashtable
ciInstanceKlass java/util/Dictionary 1 1 36 10 7 12 1 1 1 100 1 1 1 1 1 1 1 1 1 1 1 1 1 1 1 1 1 1 1 1 1 1 1 1 1 1 1 1
instanceKlass java/util/Properties
ciInstanceKlass java/util/Hashtable 1 1 516 7 1 10 7 12 1 1 1 9 7 12 1 1 1 100 1 7 1 10 8 1 10 12 1 1 10 12 1 10 12 1 1 10 12 1 10 7 12 1 1 1 8 1 10 12 1 9 12 1 1 7 1 9 12 1 1 4 10 7 12 1 1 1 9 12 1 4 10 12 1 11 7 12 1 1 1 10 12 1 1 10 12 1 1 9 12 1 10 12 1 1 100 1 10 9 12 1 1 10 7 12 1 1 1 9 12 1 1 10 12 1 10 12 1 3 9 12 1 9 12 1 3 10 12 1 10 12 1 10 12 1 1 11 12 1 1 11 100 12 1 1 1 11 7 12 1 1 1 11 12 1 100 1 11 12 1 11 12 1 10 12 1 1 10 12 1 1 10 12 1 9 12 1 1 9 12 9 12 1 1 10 100 1 7 1 10 12 1 10 8 1 10 10 12 1 8 1 10 8 1 10 100 12 1 1 1 7 1 10 12 1 10 12 1 100 1 10 12 1 10 12 1 1 100 1 10 100 1 10 10 12 1 1 11 12 1 1 11 12 1 7 1 10 10 10 100 12 1 1 11 100 12 1 1 1 100 1 10 11 100 12 1 1 11 100 12 1 10 12 1 10 12 1 1 10 100 12 1 1 10 12 1 1 10 12 1 1 10 12 1 1 10 100 12 1 1 1 8 10 100 12 1 1 100 1 8 1 10 4 4 10 12 1 1 10 12 1 8 1 4 10 12 10 100 12 1 1 1 100 1 11 100 12 1 1 1 10 100 12 1 1 1 10 12 1 10 12 1 1 10 7 1 7 1 1 1 1 1 1 5 0 1 1 1 1 1 3 1 3 1 3 1 1 1 1 1 1 1 1 1 1 1 1 1 1 1 1 1 1 1 1 1 1 1 1 1 100 1 1 1 1 1 1 1 1 1 1 1 1 1 1 1 1 1 1 1 1 1 1 1 1 1 1 1 1 1 7 1 1 1 1 1 1 1 1 1 1 1 1 1 1 7 1 1 1 1 1 1 1 1 1 1 1 1 1 1 1 1 1 1 1 1 1 1 1 1 1 1 1 1 1 1 1 1 1 1 1 1 1 1 1 1 1 1 1 1 100 1 1 1 7 1 1 1 1 1 7 1 1 1 1 1 1 1 1 1 1 1 1 1 1 1 1 1 1
ciInstanceKlass java/lang/String 1 1 1443 10 7 12 1 1 1 8 1 9 7 12 1 1 1 9 12 1 1 9 12 1 1 9 12 1 1 10 12 1 10 12 1 1 10 12 1 1 9 12 1 10 7 12 1 1 1 10 7 1 10 7 12 1 1 1 10 12 1 1 10 12 1 1 10 12 1 10 12 1 1 10 12 1 10 7 12 1 1 1 7 1 9 7 12 1 1 1 10 7 12 1 1 1 10 7 12 1 1 1 10 12 1 1 10 12 1 1 10 12 1 1 10 12 1 1 9 7 12 1 1 10 12 9 7 12 1 1 10 12 1 1 3 10 12 1 1 7 1 11 12 1 1 11 12 1 11 12 1 1 10 7 12 1 1 1 10 12 1 1 9 100 12 1 1 1 10 12 1 1 10 12 1 11 12 1 1 10 12 1 1 10 12 10 12 1 1 10 7 12 1 1 1 10 12 1 1 10 12 1 1 100 1 7 1 10 12 1 10 12 1 10 12 1 1 100 1 10 12 1 1 100 1 10 12 1 1 10 12 1 1 10 12 1 10 10 12 1 100 1 100 1 100 1 10 12 1 10 12 1 1 10 12 1 1 10 12 1 10 12 1 1 10 12 1 1 10 100 12 1 1 100 1 11 10 7 12 1 1 11 12 1 11 12 1 10 12 1 1 10 12 1 10 12 10 12 1 1 10 10 7 12 1 1 1 10 7 12 1 1 10 12 1 1 10 7 12 1 1 10 12 1 10 12 1 1 10 12 1 1 10 12 1 10 12 1 10 12 1 1 100 1 10 12 1 1 10 12 10 12 1 10 12 1 1 10 12 1 1 10 7 12 1 1 1 10 12 1 10 12 1 1 10 12 1 10 12 1 3 3 10 12 1 1 10 12 1 10 12 1 1 10 12 1 1 10 12 1 1 10 12 1 10 12 1 1 10 12 1 1 10 12 1 10 12 1 10 12 1 10 12 1 1 10 12 1 10 12 1 10 12 1 10 12 1 10 12 1 10 12 1 10 7 1 10 8 1 10 12 1 1 10 12 1 8 1 10 12 1 1 10 12 10 12 1 8 1 10 10 12 1 1 10 12 1 1 10 12 1 1 10 7 1 10 10 12 1 10 12 1 10 12 1 10 10 12 1 10 12 1 10 12 1 10 12 1 10 12 1 10 12 1 10 12 1 1 10 12 1 1 10 12 1 1 10 10 12 1 1 10 10 12 1 100 1 10 10 12 1 1 10 12 1 1 10 7 1 10 12 1 10 12 1 10 7 12 1 1 1 10 12 1 10 12 1 1 10 12 1 11 7 1 11 12 10 12 1 10 12 1 1 10 12 1 1 10 10 12 1 10 12 1 9 12 1 1 11 7 12 1 1 1 10 12 10 10 12 1 10 12 1 1 10 10 12 1 10 12 1 10 12 1 1 10 12 1 1 10 10 12 1 1 10 12 1 10 10 12 1 10 12 10 10 12 10 10 12 1 10 12 1 10 10 12 10 7 12 1 1 1 10 12 10 10 12 10 12 1 10 12 10 12 10 10 12 1 10 12 1 1 10 12 1 1 10 10 12 1 10 7 12 1 1 1 10 12 1 1 10 10 7 12 1 1 1 11 10 12 1 10 12 1 1 10 12 1 1 10 7 12 1 1 1 10 12 1 10 12 1 10 12 1 10 12 1 10 12 1 10 12 1 100 1 7 1 8 1 10 10 10 12 1 10 12 1 1 8 1 10 12 1 3 3 10 12 1 10 12 1 1 10 12 7 1 10 10 12 1 1 10 12 1 10 12 1 10 12 1 1 10 12 1 1 11 7 12 1 1 1 7 1 10 12 1 10 12 1 1 8 1 10 12 1 1 10 12 1 11 7 12 1 1 1 11 7 12 1 1 11 12 1 10 12 1 10 12 1 1 10 10 7 12 1 1 1 10 12 1 10 12 1 10 10 12 10 12 1 1 10 10 12 1 10 10 12 1 10 10 12 1 10 10 12 1 10 12 1 1 10 10 12 1 8 1 10 12 1 1 18 12 1 1 11 100 12 1 1 1 7 1 3 18 12 1 18 12 1 8 1 10 100 12 1 1 1 11 12 1 1 10 12 10 10 12 1 10 11 12 1 1 10 12 1 1 11 12 1 18 3 11 10 12 1 11 11 10 12 1 10 12 1 1 8 1 10 12 1 10 12 1 10 12 1 1 10 10 12 1 11 100 12 1 7 1 100 1 10 12 7 1 10 10 7 12 1 1 1 100 1 10 7 1 10 10 12 1 10 10 12 1 8 1 10 10 12 1 8 1 8 1 10 12 1 10 12 1 10 10 12 10 7 12 1 1 10 7 12 1 1 10 7 12 1 1 8 1 10 12 1 10 12 1 10 9 12 1 10 12 9 7 12 1 1 1 10 12 1 10 12 1 10 12 1 10 12 1 10 12 1 8 1 10 100 12 1 1 1 10 12 10 12 1 1 10 12 10 10 12 10 12 7 1 9 12 1 1 7 1 10 7 1 7 1 7 1 7 1 1 1 1 1 1 5 0 1 1 1 1 1 3 1 3 1 1 1 1 1 1 1 1 1 1 1 1 1 1 1 100 1 1 1 1 1 1 1 1 1 1 1 1 1 1 1 1 1 1 1 1 1 1 1 1 1 1 1 1 1 1 1 100 1 1 1 1 1 1 1 1 1 1 7 1 1 1 1 1 1 1 1 1 1 1 1 1 1 1 1 1 1 1 1 1 1 1 1 1 1 1 1 1 1 1 1 1 1 1 1 1 1 1 1 1 1 1 1 1 1 1 1 1 1 1 1 1 1 1 1 1 1 1 1 1 1 1 1 1 1 1 1 1 1 1 1 1 1 1 1 1 1 1 1 1 1 1 1 1 1 1 1 1 1 1 1 1 1 1 1 1 1 1 1 1 1 1 1 1 1 1 1 1 1 1 1 1 1 1 1 1 1 1 1 1 1 1 1 1 1 1 1 1 1 1 1 1 1 1 1 1 1 1 1 1 1 1 1 1 1 1 1 1 1 1 1 1 1 1 1 1 1 1 1 1 1 1 1 1 1 1 1 1 1 1 1 1 1 1 100 1 1 1 1 1 1 1 1 1 1 1 1 1 1 1 1 1 1 1 1 1 1 1 100 1 1 1 1 1 1 1 1 1 1 1 1 1 1 1 7 1 1 1 1 1 1 1 1 1 1 1 1 1 1 1 16 15 10 12 16 15 10 12 15 10 12 15 10 12 15 10 100 12 1 1 1 1 1 1 1 100 1 100 1 1 1
staticfield java/lang/String COMPACT_STRINGS Z 1
staticfield java/lang/String serialPersistentFields [Ljava/io/ObjectStreamField; 0 [Ljava/io/ObjectStreamField;
staticfield java/lang/String CASE_INSENSITIVE_ORDER Ljava/util/Comparator; java/lang/String$CaseInsensitiveComparator
ciMethod java/lang/String length ()I 750 0 11910733 0 112
ciInstanceKlass java/lang/constant/ConstantDesc 1 0 37 100 1 100 1 1 1 1 100 1 1 1 1 100 1 100 1 100 1 100 1 100 1 100 1 100 1 100 1 100 1 1 100 1 100 1 1
ciInstanceKlass sun/nio/cs/UTF_8 1 1 84 8 1 10 7 12 1 1 1 10 7 12 1 1 1 8 1 7 1 10 12 1 7 1 10 10 7 12 1 1 1 10 12 1 1 10 12 1 1 7 1 10 12 1 9 12 1 1 10 7 12 1 1 1 9 12 1 1 1 1 1 1 1 1 1 1 1 1 1 1 1 1 1 1 1 1 1 1 1 1 1 1 1 1
staticfield sun/nio/cs/UTF_8 INSTANCE Lsun/nio/cs/UTF_8; sun/nio/cs/UTF_8
staticfield sun/nio/cs/UTF_8 JLA Ljdk/internal/access/JavaLangAccess; java/lang/System$2
instanceKlass sun/nio/cs/MS1252
instanceKlass sun/nio/cs/US_ASCII
instanceKlass sun/nio/cs/ISO_8859_1
instanceKlass sun/nio/cs/Unicode
ciInstanceKlass java/nio/charset/Charset 1 1 355 10 7 12 1 1 1 100 1 10 12 1 1 10 12 1 1 9 7 12 1 1 1 9 12 1 7 1 100 1 10 12 1 9 100 12 1 1 1 10 100 12 1 1 1 10 12 1 1 10 100 12 1 1 1 10 12 1 100 1 10 10 7 12 1 1 1 10 12 1 9 100 12 1 1 1 10 7 12 1 1 1 100 1 8 1 10 10 12 1 1 10 12 1 9 12 1 1 10 12 1 10 12 1 10 12 1 1 10 12 1 10 12 1 100 1 10 11 7 12 1 1 11 12 1 10 12 1 1 11 7 12 1 1 1 100 1 10 100 1 9 12 1 1 10 7 12 1 1 9 100 12 1 1 1 10 9 12 1 1 10 7 12 1 1 7 8 1 8 1 8 1 9 12 1 9 12 1 9 12 1 1 11 100 12 1 1 1 8 1 10 12 1 1 8 1 10 7 12 1 1 1 9 7 12 1 1 1 10 100 12 1 1 1 10 12 1 10 12 1 1 100 1 7 1 10 12 1 10 12 1 1 10 7 12 1 1 10 12 10 12 1 1 10 100 12 1 1 1 10 10 12 1 1 10 12 1 10 12 1 1 7 1 10 7 1 1 1 1 1 1 1 1 1 1 1 1 1 1 1 1 1 1 1 1 1 1 7 1 1 1 100 1 100 1 1 1 1 1 1 1 1 1 1 1 1 1 1 1 1 1 1 1 1 1 1 1 1 1 1 1 1 1 1 1 1 1 1 1 1 1 1 1 1 1 1 1 1 1 1 1 1 1 1 1 1 1 1 1 1 100 1 1 1 1
staticfield java/nio/charset/Charset standardProvider Ljava/nio/charset/spi/CharsetProvider; sun/nio/cs/StandardCharsets
staticfield java/nio/charset/Charset zeroAliases [Ljava/lang/String; 0 [Ljava/lang/String;
ciInstanceKlass sun/nio/cs/HistoricallyNamedCharset 1 0 9 100 1 100 1 1 1 1 1
ciInstanceKlass java/lang/InternalError 0 0 34 10 100 12 1 1 1 10 12 1 10 12 1 10 12 1 100 1 1 1 1 5 0 1 1 1 1 1 1 1 1 1 1 1
instanceKlass java/util/ServiceConfigurationError
instanceKlass java/lang/AssertionError
instanceKlass java/lang/VirtualMachineError
instanceKlass java/lang/LinkageError
ciInstanceKlass java/lang/Error 1 1 40 10 7 12 1 1 1 10 12 1 10 12 1 10 12 1 10 12 1 100 1 1 1 1 5 0 1 1 1 1 1 1 1 1 1 1 1 1 1 1
instanceKlass java/lang/StackOverflowError
instanceKlass java/lang/OutOfMemoryError
instanceKlass java/lang/InternalError
ciInstanceKlass java/lang/VirtualMachineError 1 1 34 10 100 12 1 1 1 10 12 1 10 12 1 10 12 1 100 1 1 1 1 5 0 1 1 1 1 1 1 1 1 1 1 1
ciInstanceKlass java/util/Set 1 1 144 100 1 10 7 12 1 1 1 9 7 12 1 1 1 7 1 10 12 1 1 10 12 1 7 1 7 1 10 12 1 7 1 7 1 11 7 12 1 1 1 11 12 1 1 7 1 10 12 1 10 12 1 1 11 12 1 1 1 1 1 1 1 1 1 1 1 1 1 1 1 1 1 1 1 1 1 1 1 1 1 1 1 1 1 1 1 1 1 1 1 1 1 1 1 1 1 1 1 1 1 1 1 1 1 1 1 1 1 1 1 1 1 1 1 1 1 1 1 1 1 1 1 1 1 1 1 1 1 1 1 1 1 1 1 1 1 1 1 1 1 1 1 1
ciInstanceKlass java/util/Iterator 1 1 53 100 1 8 1 10 12 1 1 10 7 12 1 1 1 11 7 12 1 1 1 11 12 1 1 11 7 12 1 1 1 7 1 1 1 1 1 1 1 1 1 1 1 1 1 1 1 1 1 1 1 1 1
ciInstanceKlass java/util/Map$Entry 1 0 178 18 12 1 1 7 1 100 1 18 10 100 12 1 1 1 18 12 1 18 100 1 11 7 12 1 1 1 11 12 1 11 7 12 1 1 1 10 100 12 1 1 1 10 7 12 1 1 1 8 1 10 12 1 1 8 1 8 1 8 1 10 12 1 10 12 1 8 10 7 1 10 12 1 8 10 12 1 8 1 10 12 1 8 10 12 1 8 1 10 12 1 1 8 1 100 1 8 1 10 12 1 1 11 12 7 1 11 12 1 1 1 1 1 1 1 1 1 1 1 1 1 1 1 1 1 1 1 1 1 1 1 1 1 1 1 1 1 1 1 1 1 1 1 1 1 1 1 16 15 11 12 16 3 3 15 11 12 15 11 12 15 11 12 15 10 100 12 1 1 1 1 1 100 1 100 1 1
instanceKlass java/lang/ProcessBuilder$NullInputStream
instanceKlass sun/nio/ch/NioSocketImpl$1
instanceKlass java/net/Socket$SocketInputStream
instanceKlass java/io/SequenceInputStream
instanceKlass sun/net/httpserver/Request$ReadStream
instanceKlass sun/net/httpserver/SSLStreams$InputStream
instanceKlass sun/security/ssl/SSLSocketImpl$AppInputStream
instanceKlass sun/nio/ch/ChannelInputStream
instanceKlass com/sun/org/apache/xerces/internal/impl/XMLEntityManager$RewindableInputStream
instanceKlass com/naqqa/elasticsearch/common/io/stream/StreamInput
instanceKlass java/io/FilterInputStream
instanceKlass java/io/FileInputStream
instanceKlass java/io/ByteArrayInputStream
ciInstanceKlass java/io/InputStream 1 1 195 7 1 10 7 12 1 1 1 100 1 10 10 7 12 1 1 1 10 100 12 1 1 1 10 12 1 100 1 3 10 12 1 1 100 1 8 1 10 12 1 10 7 12 1 1 1 3 7 1 8 1 10 10 7 12 1 1 1 7 1 10 11 7 12 1 1 1 10 12 1 1 11 12 1 1 11 7 12 1 1 1 11 12 1 1 7 1 10 7 12 1 1 1 5 0 10 12 1 10 12 1 1 100 1 10 8 1 10 8 1 8 1 10 12 1 1 10 100 12 1 1 1 7 1 5 0 10 12 1 100 1 7 1 1 1 1 3 1 3 1 1 1 1 1 1 1 1 1 1 1 1 1 1 1 1 1 1 1 1 1 1 1 1 1 1 1 1 1 1 1 1 1 1 1 1 1 1 1 1 1 1 1 1 1 1 1 1 1 1 1 1 1 1 1
ciInstanceKlass jdk/internal/misc/Unsafe 1 1 1287 10 7 12 1 1 1 9 7 12 1 1 1 9 12 1 1 10 12 1 1 10 7 12 1 1 1 10 12 1 1 10 12 1 1 10 12 1 1 10 12 1 1 10 12 1 1 10 12 1 1 10 12 1 1 10 12 1 1 10 12 1 1 10 12 1 1 10 12 1 1 10 12 1 1 10 12 1 1 10 12 1 10 12 1 100 1 10 10 12 1 1 10 12 1 1 5 0 10 12 1 1 10 12 1 1 10 7 12 1 1 1 10 12 1 1 10 12 1 10 12 1 10 12 1 1 10 12 1 1 10 12 1 10 12 1 7 1 7 1 10 8 1 10 12 1 1 10 12 1 8 1 10 12 1 1 10 12 1 10 12 1 10 12 1 1 10 12 1 10 12 1 1 10 12 1 1 10 12 1 10 12 1 10 12 1 10 12 1 1 10 12 1 10 12 1 10 12 1 1 10 12 1 5 0 5 0 5 0 10 12 1 10 12 1 10 12 1 10 12 1 10 12 1 10 12 1 10 12 1 10 12 1 10 12 1 1 10 12 1 10 12 1 7 1 8 1 10 100 1 10 10 12 1 1 10 12 1 1 10 12 1 10 12 1 1 10 12 1 1 10 12 1 10 12 1 1 10 12 1 9 7 12 1 1 9 12 1 100 1 10 10 12 1 1 8 1 10 8 1 8 1 10 12 1 1 9 7 12 1 1 1 9 7 1 9 7 1 9 7 1 9 9 7 1 9 7 1 9 7 1 10 12 1 1 10 12 1 1 10 12 1 1 10 12 1 1 5 0 5 0 9 12 1 1 10 12 1 10 12 1 10 12 1 1 10 12 1 1 10 12 1 8 1 3 10 12 1 1 10 12 1 1 10 12 1 10 12 1 1 10 12 1 1 10 12 1 10 12 1 10 12 1 10 12 1 10 12 1 10 12 1 1 10 12 1 1 10 12 1 10 12 1 10 12 1 10 12 1 10 12 1 10 12 1 1 10 12 1 1 10 12 1 10 12 1 10 12 1 10 12 1 10 12 1 10 12 1 1 10 12 1 1 10 12 1 1 10 12 1 1 10 12 1 10 12 1 10 12 1 10 12 1 10 12 1 10 12 1 10 12 1 1 10 12 1 1 10 12 1 10 12 1 10 12 1 10 12 1 10 12 1 10 12 1 10 12 1 1 10 12 1 1 10 12 1 10 12 1 10 12 1 10 12 1 10 12 1 10 12 1 10 12 1 10 12 1 1 10 12 1 10 12 1 10 12 1 10 12 1 10 12 1 1 10 12 1 10 12 1 10 12 1 10 12 1 10 12 1 10 12 1 10 12 1 10 12 1 1 10 12 1 10 12 1 10 12 1 10 12 1 10 12 1 10 12 1 1 10 12 1 10 12 1 10 12 1 1 10 12 1 10 12 1 10 12 1 10 12 1 10 12 1 10 12 1 10 12 1 10 12 1 10 12 1 10 12 1 10 12 1 10 12 1 10 12 1 10 12 1 10 12 1 10 12 1 10 12 1 10 12 1 10 12 1 10 12 1 10 12 1 10 12 1 10 12 1 100 1 10 100 1 10 9 12 1 5 0 10 12 1 1 5 0 10 12 1 5 0 10 12 1 10 12 1 10 12 1 1 10 12 1 1 10 12 1 10 12 1 10 12 1 10 12 1 1 10 12 1 10 12 1 10 12 1 10 12 1 10 12 1 1 10 12 1 10 12 1 10 12 1 10 12 1 1 10 12 1 10 12 1 10 12 1 1 10 12 1 10 12 1 10 12 1 10 12 1 1 10 12 1 10 10 12 1 1 10 12 1 10 12 1 1 10 12 1 10 12 5 0 5 0 5 0 10 12 1 1 10 12 1 10 12 1 10 12 10 7 12 1 1 8 1 7 1 11 12 1 1 8 1 11 12 1 1 10 7 12 1 1 10 12 1 10 12 1 10 12 1 10 12 1 10 12 1 1 10 12 1 10 12 1 10 12 1 10 12 1 10 12 1 10 12 1 10 7 1 10 12 1 9 12 1 7 1 9 12 1 7 1 9 12 1 7 1 9 12 1 7 1 9 12 1 7 1 9 12 1 7 1 9 12 1 7 1 9 12 1 7 1 9 12 1 10 12 1 9 12 1 9 12 1 9 12 1 9 12 1 9 12 1 9 12 1 9 12 1 9 12 1 9 12 1 9 12 1 1 1 3 1 1 1 1 1 1 1 1 1 1 1 1 1 1 1 1 1 1 1 1 1 1 1 1 1 1 1 1 1 1 1 1 1 1 1 1 1 1 1 1 1 1 1 1 1 1 1 1 1 1 1 1 1 1 1 1 1 1 1 1 1 1 1 1 1 1 1 1 1 1 1 1 1 1 1 1 1 1 1 1 1 1 1 1 1 1 1 1 1 100 1 1 1 1 1 1 1 1 1 1 1 1 1 1 1 1 1 1 1 1 1 1 1 1 1 1 1 1 1 1 1 1 1 1 1 1 1 1 1 1 1 1 1 1 1 1 1 1 1 1 1 1 1 1 1 1 1 1 1 1 1 1 1 1 1 1 1 1 1 1 1 1 1 1 1 1 1 1 1 1 1 1 1 1 1 1 1 1 1 1 1 1 1 1 1 1 1 1 1 1 1 1 1 1 1 1 1 1 1 1 1 1 1 1 1 1 1 1 1 1 1 1 1 1 1 1 1 1 1 1 1 1 1 1 1 1 1 1 1 1 1 1 1 1 1 1 1 1 1 1 1 1 1 1 1 1 1 1 1 1 1 1 1 1 1 1 1 1 1 1 1 1 1 1 1 1 1 1 1 1 1 1 1 1 1 1 1 1 1 1 1 1 1 1 1 1 1 1 1 1 1 1 1 1 1 1 3 1 1 1 1 1 1 1 1 1 1 1 1 1 1 1 1 1 1 1 1 1
staticfield jdk/internal/misc/Unsafe theUnsafe Ljdk/internal/misc/Unsafe; jdk/internal/misc/Unsafe
staticfield jdk/internal/misc/Unsafe ARRAY_BOOLEAN_BASE_OFFSET I 16
staticfield jdk/internal/misc/Unsafe ARRAY_BYTE_BASE_OFFSET I 16
staticfield jdk/internal/misc/Unsafe ARRAY_SHORT_BASE_OFFSET I 16
staticfield jdk/internal/misc/Unsafe ARRAY_CHAR_BASE_OFFSET I 16
staticfield jdk/internal/misc/Unsafe ARRAY_INT_BASE_OFFSET I 16
staticfield jdk/internal/misc/Unsafe ARRAY_LONG_BASE_OFFSET I 16
staticfield jdk/internal/misc/Unsafe ARRAY_FLOAT_BASE_OFFSET I 16
staticfield jdk/internal/misc/Unsafe ARRAY_DOUBLE_BASE_OFFSET I 16
staticfield jdk/internal/misc/Unsafe ARRAY_OBJECT_BASE_OFFSET I 16
staticfield jdk/internal/misc/Unsafe ARRAY_BOOLEAN_INDEX_SCALE I 1
staticfield jdk/internal/misc/Unsafe ARRAY_BYTE_INDEX_SCALE I 1
staticfield jdk/internal/misc/Unsafe ARRAY_SHORT_INDEX_SCALE I 2
staticfield jdk/internal/misc/Unsafe ARRAY_CHAR_INDEX_SCALE I 2
staticfield jdk/internal/misc/Unsafe ARRAY_INT_INDEX_SCALE I 4
staticfield jdk/internal/misc/Unsafe ARRAY_LONG_INDEX_SCALE I 8
staticfield jdk/internal/misc/Unsafe ARRAY_FLOAT_INDEX_SCALE I 4
staticfield jdk/internal/misc/Unsafe ARRAY_DOUBLE_INDEX_SCALE I 8
staticfield jdk/internal/misc/Unsafe ARRAY_OBJECT_INDEX_SCALE I 4
staticfield jdk/internal/misc/Unsafe ADDRESS_SIZE I 8
instanceKlass jdk/internal/reflect/DelegatingClassLoader
instanceKlass java/security/SecureClassLoader
ciInstanceKlass java/lang/ClassLoader 1 1 1108 9 7 12 1 1 1 10 7 12 1 1 1 9 12 1 1 10 7 12 1 1 1 7 1 10 12 1 1 10 12 1 1 9 12 1 1 10 12 1 1 100 1 10 12 1 10 12 1 1 10 7 12 1 1 1 100 1 8 1 10 12 1 10 7 12 1 1 1 10 7 12 1 10 7 1 10 7 1 7 1 7 1 10 12 1 10 12 1 9 12 1 1 10 10 7 12 1 1 1 9 12 1 1 9 12 1 9 12 1 1 9 12 1 9 12 1 1 9 12 1 1 7 1 10 12 1 9 12 1 1 10 12 1 1 10 7 12 1 1 1 9 12 1 9 12 1 1 9 12 1 10 12 1 1 9 12 10 12 1 1 7 1 10 8 1 10 12 1 1 10 12 1 10 7 1 7 1 10 12 1 1 10 7 12 1 1 1 8 1 10 12 1 10 12 1 10 12 1 1 10 12 1 1 10 12 1 1 10 12 1 1 10 12 1 1 10 12 1 7 1 10 12 1 10 100 12 1 1 1 10 12 1 1 10 12 1 10 12 1 10 12 1 10 12 1 10 12 1 1 10 10 12 1 10 12 1 10 100 12 1 1 10 12 1 1 10 12 1 1 10 12 1 100 1 10 12 1 7 1 10 12 1 10 7 12 1 1 1 10 10 12 1 1 10 12 1 1 7 1 8 1 10 8 1 10 12 1 10 12 1 100 1 8 1 10 12 1 1 10 12 1 1 10 10 12 1 1 10 12 1 1 10 12 1 1 10 7 1 10 12 1 1 10 12 1 1 10 12 1 1 10 12 1 1 10 12 1 1 10 12 1 1 10 12 1 10 7 12 1 1 1 10 12 1 10 12 1 10 12 1 1 10 12 1 10 12 1 10 12 1 10 12 1 1 10 12 1 10 12 1 1 8 1 9 12 1 10 12 1 1 8 1 8 1 10 7 12 1 1 100 1 10 10 12 10 12 1 10 12 1 10 12 1 10 12 1 1 10 7 12 1 1 10 12 1 10 7 1 7 1 10 12 1 1 10 12 1 10 7 1 10 12 1 100 1 18 12 1 10 100 12 1 1 1 10 100 12 1 1 1 10 7 12 1 1 10 12 1 10 12 1 100 1 10 12 1 8 1 10 10 12 1 1 10 12 1 10 12 1 1 100 1 10 12 1 10 12 1 1 10 7 12 1 1 10 12 1 8 1 100 1 10 10 12 1 9 12 1 10 7 12 1 1 10 12 1 7 1 8 1 10 12 1 10 8 1 8 1 10 12 1 1 10 12 1 1 10 12 1 1 10 7 12 1 1 7 1 100 1 10 12 1 1 7 1 7 1 10 7 12 1 1 10 12 1 10 12 1 1 10 12 1 10 12 1 1 10 12 1 1 9 100 12 1 1 1 10 12 1 1 10 12 1 10 12 1 10 12 1 1 10 12 1 8 1 7 1 18 12 1 1 10 12 1 1 10 12 1 10 12 1 10 12 1 8 1 10 12 1 10 12 1 18 12 1 11 100 12 1 1 1 100 1 10 12 1 1 10 12 1 10 11 12 1 1 10 18 10 12 1 1 11 7 12 1 18 12 1 11 12 1 1 10 12 10 12 1 1 10 12 1 1 100 1 8 1 10 10 12 1 8 1 8 1 10 100 12 1 1 10 12 1 100 1 10 10 12 1 8 1 8 1 8 1 10 12 1 10 12 1 1 10 12 1 10 7 12 1 1 1 11 7 12 1 1 100 1 10 11 10 12 1 10 12 1 10 12 1 1 9 7 12 1 1 9 12 1 1 9 12 9 12 1 9 12 1 9 12 1 8 10 12 1 1 10 7 12 1 1 1 10 12 1 1 10 12 1 1 10 12 1 10 10 12 1 11 12 1 1 10 100 12 1 1 1 100 1 10 12 1 10 12 1 10 12 1 1 1 1 1 1 1 1 1 1 1 1 1 1 1 1 1 1 1 1 1 1 1 1 1 1 1 1 100 1 1 1 1 1 1 1 1 1 1 1 1 1 1 1 1 1 1 1 1 1 100 1 1 1 1 1 1 1 1 1 1 100 1 1 1 1 1 1 1 1 1 1 1 1 1 1 1 1 1 1 1 1 1 1 1 1 1 1 1 1 1 1 1 1 1 1 1 1 1 1 1 1 1 100 1 1 1 1 1 1 1 1 1 1 1 1 1 1 1 1 1 1 1 7 1 1 1 1 1 1 1 1 1 1 1 1 1 1 1 1 1 1 1 1 1 1 1 1 1 1 1 1 1 1 1 1 1 1 1 1 1 1 1 1 1 1 1 1 1 1 1 1 1 1 100 1 1 1 1 1 1 1 1 1 1 1 1 1 1 1 1 1 1 1 1 1 1 1 1 1 1 1 1 1 1 1 1 1 1 1 1 1 1 1 1 1 1 1 1 1 1 16 1 15 10 12 16 1 16 15 10 12 16 1 16 1 15 10 12 16 15 10 12 16 15 10 12 16 15 10 100 12 1 1 1 1 1 100 1 100 1 1
staticfield java/lang/ClassLoader nocerts [Ljava/security/cert/Certificate; 0 [Ljava/security/cert/Certificate;
staticfield java/lang/ClassLoader $assertionsDisabled Z 1
ciInstanceKlass java/lang/reflect/Constructor 1 1 439 10 100 12 1 1 1 10 100 12 1 1 9 7 12 1 1 1 10 12 1 1 10 12 1 1 10 100 12 1 1 9 12 1 1 10 7 12 1 1 1 9 12 1 1 9 12 1 1 9 12 1 9 12 1 1 9 12 1 9 12 1 1 9 12 1 1 9 12 1 100 1 8 1 10 12 1 10 12 1 9 12 1 1 10 7 12 1 1 10 7 12 1 1 1 10 12 1 1 10 12 1 1 10 12 1 7 1 100 1 8 1 10 10 12 1 10 12 1 10 12 1 1 10 12 1 1 9 100 12 1 1 1 10 7 12 1 1 10 12 1 1 10 12 1 10 12 1 1 10 7 12 1 1 1 10 100 12 1 1 10 12 1 1 10 12 1 10 7 12 1 1 1 8 1 10 10 12 1 100 1 8 1 10 12 1 10 12 1 1 10 12 1 1 10 12 1 10 12 1 10 12 1 1 10 12 1 1 9 12 1 1 10 12 1 1 10 12 1 1 10 12 1 1 11 7 12 1 1 1 10 12 1 1 10 12 1 10 12 1 10 12 1 8 1 9 12 1 1 10 7 12 1 1 1 10 7 12 1 1 10 12 1 1 10 12 1 1 10 12 1 1 10 12 1 1 10 12 1 9 7 12 1 1 10 12 1 10 12 1 10 12 1 100 1 8 1 10 10 12 1 1 10 12 1 10 10 12 1 1 10 12 1 1 10 100 12 1 1 1 11 100 12 1 1 1 10 12 1 1 9 100 12 1 1 1 10 100 12 1 1 1 10 12 1 1 1 1 1 1 1 1 1 1 1 1 1 1 1 1 1 1 1 1 1 1 1 1 1 1 1 1 1 1 1 1 1 1 1 1 1 1 1 1 1 1 1 1 1 1 1 1 1 1 1 1 100 1 100 1 100 1 100 1 1 1 1 1 1 1 1 1 1 1 1 1 1 1 1 1 1 1 1 1 1 1 1 1 1 1 1 1 1 1 1 1 100 1 1
instanceKlass java/lang/reflect/Executable
instanceKlass java/lang/reflect/Field
ciInstanceKlass java/lang/reflect/AccessibleObject 1 1 400 10 7 12 1 1 1 9 100 12 1 1 1 10 7 12 1 1 1 10 7 12 1 1 10 7 12 1 1 1 10 100 12 1 1 1 10 12 1 1 10 12 1 1 9 12 1 1 7 1 10 7 12 1 1 1 11 12 1 7 1 10 12 1 7 1 100 1 10 12 1 10 12 1 1 10 12 1 1 10 12 1 1 10 12 1 1 7 1 10 7 12 1 1 1 10 12 1 1 11 10 7 12 1 1 1 10 12 1 1 10 12 1 10 12 1 10 12 1 1 10 12 1 8 1 7 1 7 1 10 10 12 1 1 8 1 10 12 1 10 12 1 8 1 8 1 8 1 8 1 8 1 8 1 8 1 8 1 8 1 100 1 10 12 1 10 12 1 9 12 1 1 10 12 1 1 10 12 1 10 7 1 100 1 8 1 10 8 1 10 12 1 8 1 10 12 1 10 12 1 1 10 100 1 8 1 10 11 7 12 1 1 1 10 12 1 1 10 12 1 1 10 12 1 1 9 12 1 1 100 1 10 12 1 7 1 10 12 1 10 12 1 1 10 100 1 10 12 1 10 12 10 12 1 10 12 1 10 12 1 1 10 12 1 9 12 1 10 100 12 1 1 8 1 10 100 12 1 1 1 8 1 10 7 12 1 1 1 9 12 1 7 1 10 7 1 10 10 7 12 1 1 1 7 1 10 10 7 12 1 1 1 7 1 9 12 1 1 1 1 1 1 1 1 1 1 1 1 1 1 1 1 1 1 1 1 1 1 1 1 1 1 1 1 1 1 1 1 1 1 1 1 1 1 1 1 1 1 1 1 1 1 1 1 1 1 1 1 1 1 1 1 1 1 1 1 1 1 1 1 1 1 1 1 1 1 1 1 1 1 1 1 1 1 1 1 1 1 1 1
staticfield java/lang/reflect/AccessibleObject reflectionFactory Ljdk/internal/reflect/ReflectionFactory; jdk/internal/reflect/ReflectionFactory
instanceKlass java/lang/reflect/Constructor
instanceKlass java/lang/reflect/Method
ciInstanceKlass java/lang/reflect/Executable 1 1 577 10 7 12 1 1 1 10 7 12 1 1 1 10 7 12 1 1 1 11 7 12 1 1 1 10 7 12 1 1 1 10 12 1 1 10 7 12 1 1 1 10 7 12 1 1 1 10 12 1 8 1 10 10 12 1 1 10 12 1 1 10 100 12 1 1 1 18 12 1 1 11 100 12 1 1 1 8 1 8 1 8 1 10 100 12 1 1 1 11 12 1 1 7 1 8 1 8 1 10 12 1 7 1 8 1 10 12 1 8 1 11 100 12 1 1 1 7 1 11 7 12 1 1 1 11 12 1 8 1 18 8 1 10 12 1 10 12 1 1 18 8 1 10 12 1 100 1 10 12 1 10 12 1 11 12 1 10 12 1 1 8 1 8 1 10 12 1 1 10 12 1 1 10 10 12 1 9 100 12 1 1 1 10 100 12 1 1 1 10 12 1 10 12 1 1 10 100 12 1 1 10 12 1 10 12 1 10 12 1 10 12 1 1 10 7 12 1 1 10 12 1 10 12 1 1 9 100 12 1 1 1 10 100 12 1 1 10 12 1 8 1 10 12 1 10 12 1 3 100 1 8 1 10 12 1 10 12 1 10 10 12 1 10 12 1 1 8 1 8 1 8 1 9 12 1 1 9 12 1 10 12 1 100 1 8 1 10 12 1 10 12 1 10 12 1 1 10 12 1 1 10 12 1 10 12 10 12 1 100 1 10 12 1 10 12 1 1 100 1 10 7 12 1 1 1 7 1 10 7 12 1 1 1 10 12 1 1 11 7 12 1 1 10 7 12 1 1 10 100 12 1 1 1 10 12 1 1 9 12 1 10 12 1 1 10 12 1 10 12 1 1 9 100 12 1 1 1 10 100 12 1 1 1 10 12 1 10 12 1 1 9 12 1 10 10 10 10 100 12 1 1 1 10 12 1 9 12 1 10 12 1 1 9 12 1 7 1 7 1 1 1 1 1 1 1 1 1 1 1 1 1 1 1 1 1 1 1 1 1 1 1 1 1 1 1 1 1 1 1 1 1 1 1 1 100 1 1 1 1 1 1 1 1 100 1 1 1 1 1 1 1 1 1 1 1 1 100 1 1 1 1 1 1 1 1 1 1 1 1 1 1 1 1 1 1 1 1 1 1 1 1 1 1 1 1 1 1 1 1 1 1 1 1 1 1 1 1 1 1 1 7 1 1 1 1 1 1 1 1 1 1 1 1 1 1 1 1 1 1 1 1 1 1 7 1 7 1 1 16 15 16 1 16 1 15 10 12 16 15 10 100 12 1 1 1 1 1 1 100 1 1 100 1 100 1 1
ciInstanceKlass java/lang/reflect/Member 1 1 37 100 1 10 12 1 1 100 1 100 1 1 1 1 3 1 3 1 1 1 1 1 1 1 1 1 1 1 1 1 1 1 1 1 1 1 1
instanceKlass jdk/internal/net/http/HttpClientImpl$SelectorManager
instanceKlass java/util/TimerThread
instanceKlass java/util/logging/LogManager$Cleaner
instanceKlass java/util/concurrent/ForkJoinWorkerThread
instanceKlass jdk/internal/misc/InnocuousThread
instanceKlass java/lang/ref/Finalizer$FinalizerThread
instanceKlass java/lang/ref/Reference$ReferenceHandler
instanceKlass java/lang/BaseVirtualThread
ciInstanceKlass java/lang/Thread 1 1 870 10 7 12 1 1 1 9 12 1 1 10 7 12 1 1 10 12 1 10 100 12 1 1 100 1 8 1 10 12 1 1 9 12 1 9 12 1 1 9 12 1 1 7 1 10 12 1 1 10 12 1 10 7 12 1 1 1 10 12 9 12 1 1 10 12 1 7 1 10 12 1 100 1 8 1 10 9 7 12 1 1 1 10 12 1 1 10 12 1 1 10 12 1 1 10 12 1 10 12 1 1 3 8 1 7 1 5 0 10 7 12 1 1 1 9 12 1 10 12 1 1 10 7 12 1 1 1 10 7 12 1 1 1 10 12 1 1 10 12 1 1 9 12 1 1 10 7 1 8 1 10 7 1 10 12 1 9 12 1 1 10 7 12 1 1 1 10 10 12 1 1 9 100 12 1 1 1 10 12 1 1 10 12 1 1 10 7 12 1 1 10 12 1 10 12 1 10 7 12 1 1 9 12 1 10 7 12 1 1 1 10 12 1 1 9 12 1 1 9 12 1 1 10 7 12 1 1 1 9 12 1 1 10 100 12 1 1 10 100 12 1 1 1 10 12 1 10 12 1 10 7 12 1 1 9 12 1 8 1 9 7 12 1 1 9 12 1 1 5 0 100 1 10 7 1 10 100 1 10 7 1 10 8 1 10 12 1 1 10 7 12 1 10 12 1 10 12 1 100 1 8 1 10 10 12 1 10 12 1 1 10 100 12 1 1 1 10 100 12 1 1 1 10 12 1 7 1 9 12 1 1 100 1 10 10 12 1 9 12 1 1 10 12 1 1 10 12 1 1 10 12 1 10 12 1 9 12 1 1 10 10 12 1 1 10 12 1 1 11 7 12 1 1 10 7 12 1 1 9 12 1 9 12 1 1 9 12 1 1 10 100 12 1 1 10 12 1 1 9 7 12 1 1 1 10 7 12 1 1 10 12 1 10 12 1 100 1 10 10 12 9 12 1 1 10 12 1 11 100 12 1 1 10 12 1 10 12 1 10 12 1 9 12 1 10 10 12 1 10 12 1 1 9 12 1 9 12 10 12 1 8 1 10 12 1 10 12 1 10 12 1 10 12 1 10 12 1 1 10 12 1 10 12 1 1 10 12 1 10 12 1 10 12 1 10 12 1 10 12 1 1 9 7 12 1 1 1 8 1 10 9 12 1 10 12 1 7 1 8 1 10 10 12 1 8 1 10 12 1 1 9 12 10 12 8 1 10 10 12 1 10 12 1 8 1 10 12 1 10 8 1 10 100 12 1 1 10 12 1 1 100 1 8 1 10 9 12 1 9 12 1 1 10 12 1 1 10 10 12 1 10 12 1 100 10 7 12 1 1 1 9 12 1 10 12 1 1 10 12 1 1 10 100 12 1 1 1 11 7 12 1 1 1 9 100 12 1 1 1 10 100 12 1 1 1 7 1 10 12 1 100 1 10 12 1 10 12 1 1 10 12 1 1 8 1 9 12 1 10 12 1 10 12 1 1 11 7 12 1 1 1 10 12 1 1 1 1 3 1 3 1 3 1 3 1 1 1 1 1 1 1 1 1 1 1 1 1 1 1 1 1 1 1 1 1 7 1 1 1 1 1 1 1 1 1 1 1 1 1 1 1 1 1 1 1 1 1 1 100 1 1 1 1 1 1 1 1 1 1 1 1 1 1 1 1 7 1 7 1 1 1 1 1 1 1 1 1 1 1 1 1 1 1 1 1 1 1 1 1 1 1 1 1 1 1 1 1 1 1 1 1 1 1 1 1 1 1 1 1 1 1 1 1 1 1 1 1 1 1 1 1 1 1 1 1 1 1 1 1 1 1 1 1 1 1 1 1 1 1 1 1 1 1 1 100 100 1 1 1 1 1 1 1 1 1 1 1 1 1 1 1 1 1 1 1 1 1 1 1 1 1 1 100 1 100 1 100 1 100 1 100 1 1 100 1 1 1 1 1 1 1 1 1 1 1 1 1 1 1
staticfield java/lang/Thread NEW_THREAD_BINDINGS Ljava/lang/Object; java/lang/Class
staticfield java/lang/Thread EMPTY_STACK_TRACE [Ljava/lang/StackTraceElement; 0 [Ljava/lang/StackTraceElement;
ciInstanceKlass java/lang/Runnable 1 0 11 100 1 100 1 1 1 1 1 1 1
ciInstanceKlass java/net/URL 1 1 771 10 7 12 1 1 1 10 12 1 10 7 12 1 1 9 12 1 1 9 12 1 10 7 12 1 1 1 10 12 1 1 10 12 1 1 9 12 1 1 10 7 12 1 1 1 8 1 10 12 1 1 7 1 10 10 12 1 1 8 1 10 12 1 1 9 12 1 100 1 8 1 10 12 1 10 12 1 8 1 9 12 1 10 12 1 1 9 12 1 10 12 1 10 12 1 9 12 1 9 12 1 8 1 9 12 1 10 12 1 1 8 1 9 12 1 1 10 12 1 1 10 7 12 1 1 1 8 1 10 12 1 100 1 10 12 1 10 12 1 10 12 1 10 12 1 1 10 12 1 1 8 1 10 12 1 1 10 12 1 8 1 9 12 1 8 1 10 12 1 10 7 12 1 1 1 7 1 10 12 1 10 12 1 1 10 7 12 1 1 1 100 1 8 1 10 10 12 1 8 1 10 12 1 1 10 12 1 10 12 1 10 12 1 10 12 1 10 12 1 10 12 1 8 1 10 12 1 8 1 10 10 100 1 10 10 12 1 8 1 10 7 12 1 1 1 10 12 1 9 100 12 1 1 1 10 7 12 1 1 1 9 12 1 1 10 12 1 10 100 12 1 1 1 100 1 100 1 10 12 1 10 12 1 10 12 1 10 12 1 10 12 1 10 12 10 10 12 1 10 12 1 10 12 1 1 8 1 9 100 12 1 1 1 10 100 12 1 1 1 10 12 1 1 9 100 12 1 1 1 10 12 1 1 100 1 10 12 1 10 12 1 10 10 12 1 1 10 12 1 1 10 12 1 10 12 1 10 12 1 10 100 12 1 1 1 10 12 1 1 10 12 1 9 12 1 1 9 12 1 1 7 1 8 1 10 10 12 1 9 12 1 1 10 7 12 1 1 8 1 10 7 12 1 1 8 1 10 12 1 1 10 12 1 8 1 8 1 10 7 12 1 1 1 7 1 10 7 12 1 1 1 10 12 1 10 12 1 7 1 10 9 7 12 1 1 1 10 7 12 1 1 10 12 1 1 10 12 1 8 1 7 1 10 10 7 12 1 1 1 10 12 1 8 9 7 12 1 1 1 10 12 1 1 10 12 1 10 12 1 1 10 7 12 1 1 11 7 12 1 1 10 12 1 10 12 1 9 12 1 10 12 1 1 10 100 12 1 1 10 100 12 1 1 1 8 10 100 12 1 1 100 1 10 8 8 10 12 1 8 8 8 100 1 10 12 1 9 12 1 1 10 12 1 10 12 1 1 10 12 1 10 12 10 12 1 1 10 12 1 1 10 10 10 12 1 10 12 1 10 12 1 10 12 1 10 12 1 10 10 12 1 100 1 8 1 10 10 10 12 1 1 10 12 1 10 12 1 1 8 1 7 1 10 10 7 1 10 12 1 9 7 12 1 1 1 9 12 1 1 7 1 10 10 7 12 1 1 1 7 1 1 1 1 1 5 0 1 1 1 1 1 1 1 1 1 1 1 1 1 1 1 1 1 1 1 1 1 1 1 1 1 1 1 1 1 1 1 1 1 1 1 1 1 1 1 1 1 1 1 1 1 1 1 1 7 1 1 1 1 1 1 1 1 1 1 1 1 1 1 1 1 1 1 1 1 1 1 1 1 1 1 1 1 1 1 1 1 1 1 1 1 1 100 1 1 1 1 1 1 1 1 1 1 1 1 1 1 1 1 1 100 1 1 1 1 1 1 1 1 1 1 1 1 1 1 1 1 1 1 1
staticfield java/net/URL defaultFactory Ljava/net/URLStreamHandlerFactory; java/net/URL$DefaultFactory
staticfield java/net/URL streamHandlerLock Ljava/lang/Object; java/lang/Object
staticfield java/net/URL serialPersistentFields [Ljava/io/ObjectStreamField; 7 [Ljava/io/ObjectStreamField;
ciMethod java/lang/System arraycopy (Ljava/lang/Object;ILjava/lang/Object;II)V 512 0 256 0 -1
ciInstanceKlass java/lang/Module 1 1 1070 10 7 12 1 1 1 9 7 12 1 1 1 10 7 12 1 1 1 9 12 1 9 12 1 1 9 12 1 1 10 12 1 1 10 12 1 10 12 1 1 10 7 12 1 1 1 7 1 10 7 12 1 1 1 10 12 1 1 11 7 12 1 1 1 10 12 1 1 10 7 12 1 1 1 10 12 1 1 10 7 12 1 1 1 9 100 12 1 1 1 10 7 12 1 1 1 10 12 1 8 1 10 7 12 1 1 1 10 7 12 1 1 1 10 7 12 1 1 1 10 12 1 10 12 1 9 12 1 1 10 100 12 1 1 100 1 7 1 10 8 1 10 12 1 1 10 12 1 10 12 10 12 1 10 7 12 1 1 8 1 8 1 10 8 1 8 1 9 12 1 1 8 1 10 100 12 1 1 1 10 12 1 9 12 1 1 11 12 1 9 7 12 1 1 10 7 12 1 1 1 10 7 12 1 1 1 10 12 1 1 8 1 10 12 1 1 10 12 1 10 12 1 1 9 7 12 1 1 1 10 12 1 1 10 12 1 1 9 12 1 10 12 1 10 12 1 9 12 1 1 11 7 12 1 1 10 12 1 1 9 12 1 9 12 1 10 12 1 10 12 1 100 1 8 1 10 10 12 1 1 10 12 1 8 1 10 12 1 1 8 1 8 1 10 12 1 1 10 12 1 10 12 1 1 18 12 1 1 10 12 1 1 11 12 1 9 12 1 11 12 10 100 12 1 1 100 1 8 1 10 11 12 1 1 10 7 12 1 1 1 10 12 1 10 12 1 1 11 12 1 1 11 7 12 1 1 11 12 1 1 9 12 1 11 12 1 10 12 1 1 10 12 1 1 9 12 1 10 12 10 7 12 1 1 10 7 1 18 12 1 1 11 100 12 1 1 1 18 12 1 11 12 1 1 10 100 12 1 1 1 11 12 1 1 10 7 12 1 1 7 1 11 12 1 7 1 7 1 10 12 1 10 7 12 1 1 1 10 11 7 12 1 8 1 10 10 12 1 1 10 7 12 1 1 10 12 1 10 12 1 7 1 10 12 1 10 11 12 1 1 10 12 10 12 1 1 9 12 1 1 100 1 10 10 12 1 1 11 7 1 10 12 1 1 11 12 1 10 10 12 1 11 10 12 1 1 10 12 1 1 10 12 1 1 10 7 12 1 1 10 12 1 10 12 1 1 10 10 12 1 1 10 12 1 18 12 1 11 12 1 18 12 1 10 12 1 10 12 1 10 12 7 1 10 12 1 10 12 1 10 12 1 9 12 1 7 1 10 10 10 10 12 1 10 12 1 10 12 1 10 12 1 1 10 12 1 1 10 12 1 9 12 1 18 12 1 1 10 7 12 1 1 1 100 1 8 1 10 12 1 1 10 12 1 1 10 7 12 1 1 7 1 10 12 1 1 7 1 8 1 10 12 1 1 100 1 11 12 1 1 10 100 12 1 1 1 18 12 1 1 11 100 12 1 1 1 100 1 10 12 1 10 12 1 1 7 1 7 1 10 12 8 1 10 12 1 1 10 12 1 1 10 7 12 1 1 10 12 1 1 10 12 1 10 12 10 12 1 1 7 1 10 10 12 1 1 10 7 12 1 1 1 100 1 10 12 1 1 10 7 12 1 1 8 1 18 12 1 1 100 1 100 1 9 12 1 1 9 12 1 9 12 1 11 100 12 1 1 1 100 1 11 12 1 1 100 1 10 12 1 8 1 10 12 1 10 12 10 12 1 8 1 10 10 100 12 1 1 7 1 10 10 12 1 10 7 12 1 1 9 12 1 9 12 1 9 12 1 9 12 1 10 12 11 12 1 10 12 1 7 1 1 1 1 1 1 1 1 1 1 1 1 1 1 1 1 1 1 1 100 1 1 1 1 1 1 1 1 1 1 1 1 1 1 1 1 1 1 1 1 1 1 1 1 1 1 1 1 1 1 1 1 1 1 1 1 1 1 1 1 1 1 1 1 1 1 1 1 1 1 1 1 1 1 1 1 1 1 1 1 1 1 1 1 1 1 1 1 1 1 1 1 1 1 1 1 1 1 1 1 1 1 1 1 1 1 1 1 1 1 1 1 1 1 1 100 100 1 1 1 1 1 1 1 1 1 1 1 1 1 1 1 1 1 1 1 1 1 1 1 1 1 1 1 100 1 100 1 1 1 1 1 1 1 1 1 1 1 1 1 1 1 1 1 1 1 1 100 1 1 1 1 1 1 1 1 1 1 1 1 1 1 1 1 1 1 1 1 1 1 1 16 15 10 12 16 16 15 10 12 16 16 15 10 16 1 15 10 12 16 1 15 10 12 16 1 16 15 10 12 16 16 1 15 10 12 16 15 10 7 12 1 1 1 15 10 100 12 1 1 1 1 1 1 1 1 1 1 1 100 1 100 1 1 100 1 100 1 1
staticfield java/lang/Module ALL_UNNAMED_MODULE Ljava/lang/Module; java/lang/Module
staticfield java/lang/Module ALL_UNNAMED_MODULE_SET Ljava/util/Set; java/util/ImmutableCollections$Set12
staticfield java/lang/Module EVERYONE_MODULE Ljava/lang/Module; java/lang/Module
staticfield java/lang/Module EVERYONE_SET Ljava/util/Set; java/util/ImmutableCollections$Set12
staticfield java/lang/Module $assertionsDisabled Z 1
ciInstanceKlass java/lang/Math 1 1 460 7 1 10 7 12 1 1 1 10 7 12 1 1 1 10 12 1 10 12 1 10 12 1 10 12 1 10 12 1 6 0 6 0 10 12 1 10 12 1 10 12 1 10 12 1 10 12 1 10 12 1 1 10 12 1 10 12 1 10 12 1 10 12 1 10 12 1 10 7 12 1 1 1 100 1 3 3 3 10 7 12 1 1 1 100 1 5 0 5 0 5 0 5 0 5 0 9 100 12 1 1 1 10 100 12 1 1 1 100 1 8 1 10 12 1 8 1 10 12 1 1 10 12 1 1 7 1 5 0 5 0 7 1 3 5 0 3 5 0 10 12 1 10 12 1 10 12 1 10 12 1 10 12 1 8 1 10 12 1 8 1 10 12 1 1 10 12 1 1 9 12 1 1 9 12 1 100 1 7 1 10 10 12 1 1 8 1 10 12 1 10 12 1 1 10 10 12 1 10 12 1 10 12 1 10 12 1 1 8 1 8 1 10 12 1 1 10 12 1 10 12 10 12 10 12 1 10 12 1 10 12 1 10 12 1 10 12 6 0 10 12 1 9 12 1 1 100 1 10 10 12 1 100 1 10 12 1 10 12 1 1 10 12 1 10 12 1 10 12 10 12 1 1 10 12 1 1 10 12 1 1 10 12 6 0 10 12 1 1 10 12 10 12 1 4 10 12 1 10 12 1 10 12 10 12 1 10 12 1 10 12 1 10 12 1 10 12 1 10 12 1 5 0 6 0 4 6 0 4 6 0 4 10 12 1 9 12 1 1 10 12 9 12 1 10 7 12 1 1 1 4 6 0 1 1 6 0 1 6 0 1 6 0 1 1 1 1 1 1 1 1 1 1 1 1 1 1 1 1 1 1 1 1 1 1 1 1 1 1 1 1 1 1 1 1 1 1 1 1 1 1 1 1 1 1 1 1 1 1 1 1 1 1 1 1 1 1 1 1 1 1 1 1 1 1 1 1 1 1 1 1 1 1 1 1 1 1 1 1 1 1 1 1 1 1 1 1 1 1 1 1 1 1 1 1 1 1 1 1
staticfield java/lang/Math negativeZeroFloatBits J -2147483648
staticfield java/lang/Math negativeZeroDoubleBits J -9223372036854775808
staticfield java/lang/Math $assertionsDisabled Z 1
ciInstanceKlass jdk/internal/util/ArraysSupport 1 1 378 7 1 7 1 8 1 10 12 1 1 10 12 1 1 10 7 12 1 1 9 7 12 1 1 1 9 12 1 1 10 7 12 1 1 1 9 12 1 1 10 7 12 1 1 1 9 12 1 10 12 9 12 1 10 12 1 1 10 12 7 1 10 12 1 1 10 12 1 100 1 10 12 1 1 10 12 100 1 10 12 1 7 1 10 12 1 100 1 7 1 10 8 1 10 12 1 1 10 12 1 10 12 1 1 10 9 12 1 1 11 7 12 1 1 1 9 12 1 9 12 1 10 12 1 1 9 12 1 9 12 1 9 12 1 9 12 1 9 12 1 9 12 1 9 12 1 10 12 1 1 10 7 12 1 1 1 9 12 1 9 12 1 10 12 1 1 10 12 1 9 12 1 10 12 1 10 7 12 1 1 1 9 12 1 9 12 1 10 12 1 10 12 1 10 7 12 1 1 1 3 10 12 1 7 1 8 1 8 1 8 1 10 10 100 12 1 1 1 11 7 12 1 1 1 10 12 1 10 7 12 1 1 1 10 12 1 1 10 12 1 1 9 12 1 10 12 1 9 12 1 9 12 1 9 12 1 9 12 1 9 12 1 9 12 1 9 12 1 7 1 10 7 12 1 1 1 1 1 3 1 3 1 3 1 3 1 3 1 3 1 3 1 3 1 1 1 1 1 1 1 1 1 1 1 1 1 1 1 1 1 1 1 1 1 1 1 1 1 1 1 1 1 1 1 1 1 1 1 1 1 1 1 1 1 1 1 1 1 1 1 1 1 1 1 1 1 1 1 1 1 1 1 1 1 1 1 1 1 1 1 1 1 1 1 1 1 1 1 1 1 1 1 100 1 1 1 1
staticfield jdk/internal/util/ArraysSupport U Ljdk/internal/misc/Unsafe; jdk/internal/misc/Unsafe
staticfield jdk/internal/util/ArraysSupport BIG_ENDIAN Z 0
staticfield jdk/internal/util/ArraysSupport LOG2_ARRAY_BOOLEAN_INDEX_SCALE I 0
staticfield jdk/internal/util/ArraysSupport LOG2_ARRAY_BYTE_INDEX_SCALE I 0
staticfield jdk/internal/util/ArraysSupport LOG2_ARRAY_CHAR_INDEX_SCALE I 1
staticfield jdk/internal/util/ArraysSupport LOG2_ARRAY_SHORT_INDEX_SCALE I 1
staticfield jdk/internal/util/ArraysSupport LOG2_ARRAY_INT_INDEX_SCALE I 2
staticfield jdk/internal/util/ArraysSupport LOG2_ARRAY_LONG_INDEX_SCALE I 3
staticfield jdk/internal/util/ArraysSupport LOG2_ARRAY_FLOAT_INDEX_SCALE I 2
staticfield jdk/internal/util/ArraysSupport LOG2_ARRAY_DOUBLE_INDEX_SCALE I 3
staticfield jdk/internal/util/ArraysSupport LOG2_BYTE_BIT_SIZE I 3
staticfield jdk/internal/util/ArraysSupport JLA Ljdk/internal/access/JavaLangAccess; java/lang/System$2
ciInstanceKlass java/lang/Character 1 1 604 7 1 7 1 100 1 9 12 1 1 8 1 9 12 1 1 7 1 9 12 1 1 10 7 12 1 1 1 10 100 12 1 1 1 10 100 12 1 1 1 10 7 12 1 1 1 9 7 12 1 1 1 10 12 1 10 12 1 1 10 12 1 1 10 7 12 1 1 10 12 1 1 3 3 3 3 3 10 12 1 1 10 12 1 3 11 7 12 1 1 1 11 12 1 1 10 12 1 1 10 12 1 1 100 1 10 10 12 1 3 10 12 1 1 10 12 1 10 12 1 1 100 1 8 1 10 12 1 1 10 12 1 10 12 1 10 12 1 10 100 12 1 1 1 10 12 1 10 12 1 10 12 1 1 10 12 1 10 7 12 1 1 10 10 12 1 10 10 12 1 10 12 1 1 10 12 1 10 10 12 1 10 12 1 10 12 1 10 12 1 10 12 1 10 12 1 10 12 1 10 12 10 10 12 10 10 12 1 10 10 12 1 10 10 12 1 10 10 12 1 10 12 1 10 12 1 10 12 1 10 12 1 10 12 1 10 12 1 10 10 12 1 10 10 12 1 10 10 12 1 1 10 10 12 1 10 5 0 10 12 1 10 12 1 10 10 12 1 10 10 12 1 1 10 10 12 1 10 10 12 1 9 12 1 1 100 1 10 10 12 1 10 12 1 1 3 10 100 12 1 1 1 10 12 1 10 100 12 1 1 7 1 10 10 12 1 1 10 12 1 1 10 12 1 1 8 1 10 12 1 9 100 12 1 1 1 10 12 1 10 10 12 1 10 12 1 1 10 12 1 10 10 12 1 1 10 10 12 1 1 7 1 8 1 10 12 1 1 10 7 12 1 1 1 8 1 10 12 1 1 9 12 1 1 7 1 7 1 7 1 1 1 1 3 1 3 1 3 1 3 1 1 1 1 1 3 1 1 3 1 3 1 3 1 3 1 3 1 3 1 3 1 3 1 3 1 3 1 3 1 3 1 3 1 3 1 3 1 3 1 3 1 3 1 3 1 3 1 3 1 3 1 3 1 3 1 3 1 3 1 3 1 3 1 1 1 1 1 1 1 1 1 1 1 1 1 1 1 1 1 1 1 3 1 1 1 1 1 1 1 3 1 1 3 1 1 1 1 1 3 1 1 5 0 1 1 1 1 1 1 1 1 1 1 1 1 1 1 1 1 1 1 1 1 1 1 1 1 1 1 1 1 1 1 1 1 1 1 1 1 1 1 1 1 1 1 1 1 1 1 1 1 1 1 1 1 1 1 1 1 1 1 1 1 1 1 1 1 1 1 1 1 1 1 1 1 1 1 1 1 1 1 1 1 1 1 1 1 1 1 1 1 1 1 100 1 100 1 1 1 1 1 1
staticfield java/lang/Character TYPE Ljava/lang/Class; java/lang/Class
staticfield java/lang/Character $assertionsDisabled Z 1
ciInstanceKlass java/util/Arrays 1 1 1029 10 7 12 1 1 1 10 7 12 1 1 1 10 7 12 1 1 1 10 12 1 10 12 1 10 12 1 10 12 1 10 12 1 10 12 1 10 100 12 1 1 1 100 1 7 1 10 8 1 10 12 1 1 10 12 1 8 1 8 1 10 12 1 1 10 12 1 100 1 10 12 1 9 100 12 1 1 1 10 7 12 1 1 100 1 10 12 1 1 10 7 12 1 1 10 7 12 1 1 1 100 1 10 12 1 10 12 1 1 7 1 9 7 12 1 1 1 10 12 1 1 10 7 12 1 1 10 12 1 10 12 1 1 10 12 1 10 12 1 1 7 1 11 12 1 1 10 12 1 10 7 12 1 1 1 10 12 10 12 1 10 12 1 10 12 10 12 1 11 7 12 1 1 1 10 7 12 1 1 1 100 1 10 12 1 10 100 1 10 12 1 10 100 1 10 12 1 10 100 1 10 12 1 10 10 12 1 1 10 12 1 10 12 1 10 12 1 10 12 1 10 12 1 10 7 12 1 1 1 10 12 1 10 7 12 1 1 1 10 12 1 10 12 1 10 7 12 1 1 1 10 12 1 10 12 1 10 12 1 10 12 1 10 12 1 10 12 1 10 12 1 10 12 1 10 12 1 10 12 1 10 12 1 10 12 1 10 12 1 10 12 1 10 12 1 10 12 1 1 10 12 1 1 10 7 12 1 1 1 10 7 1 10 7 1 10 7 1 10 7 1 10 7 1 10 7 1 10 7 1 10 7 1 10 12 1 8 1 10 12 1 1 10 12 1 1 10 12 1 1 10 12 1 1 10 12 1 1 10 12 1 1 10 12 1 1 10 12 1 1 10 12 1 1 7 1 10 12 10 12 1 1 10 12 1 10 12 1 1 10 12 1 1 9 7 12 1 1 1 10 12 1 9 7 1 10 12 1 9 7 1 10 12 1 9 7 1 10 12 1 9 7 1 10 12 1 9 7 1 10 12 1 9 10 12 1 10 12 1 10 12 1 9 12 1 100 1 10 10 12 1 1 10 12 1 10 12 1 10 12 1 10 12 1 10 12 1 10 12 1 10 12 1 10 12 1 10 12 1 8 1 8 1 10 12 1 10 12 1 8 1 10 12 1 10 12 1 10 12 1 10 7 12 1 1 1 3 10 100 1 10 10 12 1 1 11 100 12 1 1 10 12 1 1 10 12 1 10 12 1 10 12 1 10 12 1 10 12 1 10 12 1 10 12 1 10 12 1 11 12 1 8 1 10 11 12 1 11 100 12 1 1 1 11 100 12 1 1 1 11 12 1 1 18 12 1 1 11 12 1 1 11 100 12 1 1 1 18 12 1 11 100 12 1 1 1 18 12 1 11 100 12 1 1 1 18 12 1 100 1 10 7 12 1 1 1 10 12 1 10 12 1 10 12 1 10 12 1 10 12 1 10 12 1 10 12 1 10 12 1 1 10 12 1 10 7 12 1 1 10 12 1 10 12 1 10 12 1 1 10 12 1 10 12 1 10 12 1 1 10 12 1 10 12 1 10 12 1 1 10 12 1 10 12 1 10 12 1 10 12 1 10 12 10 12 1 10 12 10 12 10 12 1 10 12 10 12 1 10 12 1 10 12 1 1 1 1 3 1 3 1 1 1 1 1 1 1 1 1 1 1 1 1 1 1 1 1 1 1 1 1 1 1 1 1 1 1 1 1 1 1 1 1 1 1 1 1 1 1 1 1 1 1 1 1 1 1 1 1 1 1 1 1 1 1 1 1 1 1 1 1 1 1 1 1 1 1 1 1 1 1 1 1 1 1 1 1 1 1 1 1 1 1 1 1 1 1 1 1 1 1 1 1 1 1 1 1 1 1 1 1 1 1 1 1 1 1 1 1 1 1 1 1 1 1 1 1 1 1 1 1 1 1 1 1 1 1 1 1 1 1 1 1 1 1 1 1 1 1 1 1 1 1 1 1 1 1 1 1 1 1 1 1 1 1 1 1 1 1 1 1 1 1 1 1 1 1 1 1 1 1 1 1 1 1 1 1 1 1 1 1 1 1 1 1 1 1 1 1 1 1 1 1 1 1 1 1 1 1 1 1 1 1 1 1 1 1 1 1 1 1 1 1 1 1 1 1 1 1 1 1 1 1 1 1 1 1 1 1 1 1 1 1 1 1 1 1 1 1 1 1 1 1 1 1 1 1 1 1 1 1 1 1 1 100 1 1 16 15 10 12 15 10 12 15 10 12 15 10 12 15 10 100 12 1 1 1 1 1 100 1 100 1 1 1 1 100 1 1 1 1 1 1 100 1 1 100 1 1 100 1 1 1 100 1 100 1 1
staticfield java/util/Arrays $assertionsDisabled Z 1
ciInstanceKlass java/lang/OutOfMemoryError 1 1 26 10 100 12 1 1 1 10 12 1 100 1 1 1 1 5 0 1 1 1 1 1 1 1 1 1
ciInstanceKlass java/lang/Integer 1 1 453 7 1 7 1 7 1 7 1 10 12 1 1 9 12 1 1 9 12 1 1 10 100 12 1 1 1 10 12 1 1 10 100 12 1 1 1 10 10 12 1 1 10 7 12 1 1 1 10 12 1 10 12 1 1 10 7 12 1 1 1 10 12 1 1 10 12 1 1 10 12 1 10 12 1 10 12 1 1 10 10 12 1 9 12 1 1 9 12 1 100 1 8 1 10 12 1 7 1 10 12 1 8 1 10 12 1 1 10 12 1 8 1 10 12 1 8 1 10 12 1 1 3 10 12 1 1 3 10 12 1 1 10 12 1 1 10 7 12 1 1 1 11 7 1 10 12 1 1 11 10 12 1 1 8 1 10 12 1 1 8 1 7 1 10 12 1 1 10 12 1 1 5 0 8 1 10 12 1 10 12 1 10 12 1 10 12 1 1 7 1 9 12 1 1 9 12 1 1 10 12 1 10 7 1 9 12 1 10 12 1 10 12 1 10 12 1 1 10 7 12 1 1 1 100 1 100 1 10 12 1 1 10 12 1 1 8 1 8 1 10 12 1 1 8 1 8 1 8 1 8 1 8 1 8 1 10 12 1 10 12 1 5 0 3 3 3 3 10 12 1 10 12 1 3 10 12 1 10 100 12 1 1 1 10 12 1 1 10 12 1 1 8 1 10 7 12 1 1 1 9 12 1 1 7 1 7 1 7 1 1 1 1 3 1 1 1 3 1 3 1 1 5 0 1 1 1 1 1 1 1 1 1 100 1 1 1 1 1 1 1 1 1 1 1 1 1 1 1 1 1 1 1 1 1 1 1 1 1 1 1 1 1 1 1 1 1 1 1 1 1 1 1 1 3 1 1 1 1 1 1 1 1 1 1 1 1 1 1 1 1 7 1 1 1 1 1 1 1 1 1 1 1 1 1 1 1 1 1 1 1 1 1 1 1 1 1 1 1 1 1 1 1 1 1 1 1 1 1 1 1 1 1 1 1 1 1 1 7 1 1 1 1 1 1 1 1 1 100 1 100 1 1
staticfield java/lang/Integer TYPE Ljava/lang/Class; java/lang/Class
staticfield java/lang/Integer digits [C 36
staticfield java/lang/Integer DigitTens [B 100
staticfield java/lang/Integer DigitOnes [B 100
instanceKlass java/math/BigDecimal
instanceKlass java/math/BigInteger
instanceKlass java/util/concurrent/atomic/Striped64
instanceKlass java/util/concurrent/atomic/AtomicLong
instanceKlass java/util/concurrent/atomic/AtomicInteger
instanceKlass java/lang/Long
instanceKlass java/lang/Integer
instanceKlass java/lang/Short
instanceKlass java/lang/Byte
instanceKlass java/lang/Double
instanceKlass java/lang/Float
ciInstanceKlass java/lang/Number 1 1 37 10 7 12 1 1 1 10 100 12 1 1 1 100 1 1 1 1 5 0 1 1 1 1 1 1 1 1 1 1 1 1 1 1 1 1 1
ciInstanceKlass java/lang/Thread$FieldHolder 1 1 48 10 7 12 1 1 1 9 7 12 1 1 1 9 12 1 1 9 12 1 1 9 12 1 1 9 12 1 1 1 1 1 1 1 1 1 1 100 1 100 1 1 1 1 100 1 1 1
ciInstanceKlass java/lang/Thread$Constants 1 1 59 7 1 10 7 12 1 1 1 7 1 10 10 7 12 1 1 1 7 1 8 1 10 12 1 9 7 12 1 1 1 7 1 7 1 10 12 1 10 12 1 9 12 1 1 1 1 1 1 1 1 1 1 1 1 1 1 1 1
staticfield java/lang/Thread$Constants VTHREAD_GROUP Ljava/lang/ThreadGroup; java/lang/ThreadGroup
staticfield java/lang/Thread$Constants NO_PERMISSIONS_ACC Ljava/security/AccessControlContext; java/security/AccessControlContext
ciInstanceKlass java/lang/ThreadGroup 1 1 411 10 7 12 1 1 1 9 7 12 1 1 1 8 1 9 12 1 1 7 1 9 12 1 1 9 12 1 1 10 7 12 1 1 1 10 12 1 1 10 12 1 10 12 1 10 12 1 10 12 1 1 10 12 1 1 10 12 1 10 12 1 1 10 12 1 10 12 1 10 100 12 1 1 1 10 12 1 1 18 12 1 1 11 7 12 1 1 1 10 7 12 1 1 1 10 7 12 1 10 12 1 1 10 12 1 1 10 12 1 1 10 100 12 1 1 1 10 12 1 11 12 1 1 11 7 12 1 1 11 12 1 1 10 12 1 1 10 12 1 10 12 1 11 12 1 11 12 1 1 100 1 10 10 12 1 100 1 10 18 12 1 1 11 7 12 1 1 1 11 12 1 1 9 12 1 1 10 12 1 1 8 1 10 7 12 1 1 1 10 100 12 1 1 1 10 12 1 1 11 12 10 12 1 1 10 12 1 1 11 7 1 9 12 1 7 1 10 8 1 10 12 1 1 10 12 1 1 8 1 10 12 1 10 7 12 1 1 1 10 12 1 1 10 7 1 8 1 10 8 1 10 12 1 10 12 1 8 1 9 12 1 1 9 12 1 10 100 12 1 1 1 100 9 12 1 1 7 1 9 12 1 10 12 10 12 1 1 100 10 12 9 12 1 10 12 1 100 1 10 11 12 1 1 7 1 10 10 12 1 10 12 1 1 1 1 1 1 1 1 1 1 1 1 1 1 1 1 1 1 3 1 1 1 1 1 1 1 1 1 1 1 1 100 1 1 1 1 1 1 1 1 1 1 1 1 1 1 1 1 1 1 1 1 1 1 1 1 1 1 1 1 1 1 1 1 1 1 1 1 1 1 1 1 1 1 1 16 15 10 12 16 16 15 10 12 16 15 10 100 12 1 1 1 1 1 100 1 100 1 1
staticfield java/lang/ThreadGroup $assertionsDisabled Z 1
ciInstanceKlass java/lang/Thread$UncaughtExceptionHandler 1 0 16 100 1 100 1 1 1 1 1 1 1 1 100 1 1 1
ciInstanceKlass java/security/AccessControlContext 1 1 374 9 7 12 1 1 1 9 12 1 1 10 100 12 1 1 1 8 1 10 100 12 1 1 1 10 7 12 1 1 1 9 12 1 9 12 1 1 9 12 1 1 10 7 12 1 1 7 1 10 12 1 11 7 12 1 1 1 11 12 1 11 12 1 11 12 1 1 7 1 11 12 1 1 10 12 1 10 7 12 1 1 1 9 100 12 1 1 1 10 7 12 1 1 1 11 100 12 1 1 1 10 7 1 100 1 8 1 10 12 1 10 12 1 1 7 1 10 7 12 1 1 1 9 12 1 9 12 1 9 12 1 9 12 1 1 9 12 1 1 9 12 1 9 12 1 10 7 12 1 1 1 9 12 1 10 12 1 1 10 12 1 1 8 1 10 12 1 1 10 12 1 1 10 7 12 1 1 1 7 1 10 10 12 1 1 10 7 12 1 1 1 10 8 1 10 7 12 1 1 8 1 10 7 12 1 1 8 1 8 1 10 12 1 8 1 10 12 1 8 1 10 12 1 10 12 1 10 12 1 1 8 1 8 1 100 1 10 12 1 10 12 1 1 100 1 10 12 1 8 1 10 12 1 10 12 1 10 8 1 10 12 1 1 10 12 1 1 10 12 1 1 10 12 1 1 10 12 1 10 12 1 11 10 12 1 10 12 1 1 10 10 10 12 1 1 1 1 1 1 1 1 1 1 1 1 1 1 1 1 1 1 1 1 1 1 1 1 100 1 1 1 1 1 1 1 1 1 1 1 1 1 1 1 1 1 1 1 1 1 1 1 1 1 1 1 1 1 1 1 1 1 1 1 1 1 1 1 1 1 1 1 1 1 1 1 1 1 1 1 1 3 1 1
instanceKlass java/lang/ThreadBuilders$BoundVirtualThread
instanceKlass java/lang/VirtualThread
ciInstanceKlass java/lang/BaseVirtualThread 1 1 36 10 7 12 1 1 1 100 1 1 1 1 1 1 1 1 1 1 1 1 1 1 1 1 1 1 1 1 100 1 100 1 1 100 1 1
ciInstanceKlass java/lang/VirtualThread 1 1 890 7 1 9 12 1 1 10 7 12 1 1 1 10 7 12 1 1 1 10 7 12 1 1 1 9 12 1 1 9 12 1 1 7 1 10 12 1 9 12 1 1 18 12 1 1 9 12 1 1 10 12 1 1 100 1 10 12 1 10 12 1 1 10 12 1 1 10 12 1 1 10 12 1 10 7 12 1 10 12 1 10 12 1 10 12 1 11 7 12 1 1 1 100 1 10 12 1 1 10 100 12 1 1 1 10 7 12 1 1 1 10 12 1 100 1 10 10 12 1 10 12 1 1 9 12 1 1 10 12 1 1 9 12 1 1 10 12 1 9 12 1 1 9 12 1 100 1 10 10 12 1 10 12 1 10 7 12 1 1 10 9 10 10 12 1 1 10 12 1 1 10 7 12 1 1 10 7 1 10 9 10 10 12 1 10 12 1 10 12 1 1 7 1 10 12 1 1 10 12 1 10 12 1 1 9 12 1 10 12 1 10 12 1 9 12 1 1 10 12 1 10 12 1 9 12 1 1 10 12 1 10 12 1 11 7 12 1 1 10 12 1 1 10 12 1 10 12 1 1 9 12 1 10 7 1 10 12 1 1 10 12 1 1 10 12 1 10 12 1 10 12 1 10 12 1 9 12 1 1 10 100 12 1 1 10 12 1 10 12 1 1 10 7 12 1 1 10 12 1 100 1 8 1 10 12 1 10 12 1 1 10 12 1 10 12 1 10 100 12 1 1 10 12 1 10 12 1 1 10 12 1 10 12 1 1 10 7 12 1 1 18 10 12 1 1 10 12 1 1 7 1 10 10 12 1 7 1 9 12 1 1 10 7 12 1 1 10 9 12 1 1 9 7 12 1 1 1 11 7 12 1 1 1 11 7 1 11 12 10 12 1 10 12 1 1 10 12 1 100 1 10 10 12 1 10 12 1 1 10 12 1 1 10 12 1 10 12 1 10 12 1 9 12 1 1 11 100 12 1 1 10 12 9 100 12 1 1 1 9 12 1 10 12 1 1 9 12 1 9 12 1 7 1 10 10 12 1 1 10 12 1 10 12 10 12 1 7 1 7 1 8 1 10 10 12 1 1 10 12 1 10 7 12 1 1 8 1 10 12 1 8 1 10 12 1 9 100 12 1 1 1 10 12 1 1 10 12 1 10 10 10 10 12 9 12 1 10 12 1 1 9 12 1 10 12 1 1 9 12 1 10 12 1 1 18 12 1 1 18 12 1 10 7 12 1 1 1 8 1 10 7 12 1 1 1 10 7 12 1 1 1 18 12 1 10 7 12 1 1 1 7 1 10 12 1 8 1 10 12 1 8 1 10 12 1 1 8 1 8 1 10 7 12 1 1 8 1 10 12 1 8 1 8 1 10 7 12 1 1 1 10 12 1 10 12 1 1 10 12 1 18 12 1 1 18 12 1 1 5 0 9 12 1 10 12 1 18 12 1 7 1 10 12 10 7 12 1 1 10 12 1 1 7 1 8 1 10 10 12 1 10 12 1 1 10 12 1 9 12 1 8 10 12 1 1 8 8 9 12 1 8 10 12 1 1 3 1 3 3 1 3 1 3 1 3 1 3 1 3 3 1 3 1 3 1 3 1 1 1 1 1 1 1 1 1 1 1 1 1 1 7 1 1 1 1 1 1 1 1 1 1 1 1 7 1 1 1 1 1 1 1 1 1 1 1 1 1 7 1 1 1 1 1 1 1 1 1 1 1 1 1 1 1 1 1 1 1 1 1 1 1 1 1 1 1 1 1 1 1 1 1 1 1 1 1 1 100 1 1 1 1 1 1 1 1 1 1 1 1 1 1 1 1 1 1 1 1 1 1 1 1 1 1 1 1 1 1 1 1 1 100 1 1 1 1 1 1 1 1 1 1 1 1 1 1 100 1 1 16 15 10 12 15 16 15 10 12 16 15 10 12 16 16 15 10 12 16 15 10 12 16 15 10 12 16 15 10 12 16 1 15 10 7 12 1 1 1 1 1 1 1 7 1 1 100 1 100 1 1
staticfield java/lang/VirtualThread U Ljdk/internal/misc/Unsafe; jdk/internal/misc/Unsafe
staticfield java/lang/VirtualThread VTHREAD_SCOPE Ljdk/internal/vm/ContinuationScope; jdk/internal/vm/ContinuationScope
staticfield java/lang/VirtualThread DEFAULT_SCHEDULER Ljava/util/concurrent/ForkJoinPool; java/util/concurrent/ForkJoinPool
staticfield java/lang/VirtualThread UNPARKER Ljava/util/concurrent/ScheduledExecutorService; java/util/concurrent/ScheduledThreadPoolExecutor
staticfield java/lang/VirtualThread TRACE_PINNING_MODE I 0
staticfield java/lang/VirtualThread STATE J 116
staticfield java/lang/VirtualThread PARK_PERMIT J 120
staticfield java/lang/VirtualThread CARRIER_THREAD J 136
staticfield java/lang/VirtualThread TERMINATION J 140
staticfield java/lang/VirtualThread $assertionsDisabled Z 1
ciInstanceKlass java/lang/ThreadBuilders$BoundVirtualThread 0 0 132 10 7 12 1 1 1 9 7 12 1 1 1 10 7 12 1 1 1 9 12 1 1 10 12 1 1 10 12 1 1 9 12 1 1 10 7 12 1 1 1 10 12 1 1 7 1 8 1 10 12 1 10 12 1 1 10 12 1 1 10 12 1 1 10 7 12 1 1 1 8 1 10 12 1 8 1 10 12 1 1 10 100 12 1 1 9 100 12 1 1 1 10 12 1 1 10 10 12 1 1 1 1 1 1 1 1 1 1 1 1 1 1 1 1 1 1 1 1 1 1 1 1 1 1 1 1 100 1 1 1 1
ciInstanceKlass jdk/internal/vm/ContinuationScope 1 1 50 10 7 12 1 1 1 10 7 12 1 1 1 7 1 9 7 12 1 1 1 10 12 1 1 10 100 12 1 1 1 10 12 1 1 10 12 1 1 1 1 1 1 1 1 1 1 1 1 1
ciInstanceKlass jdk/internal/vm/StackChunk 1 1 34 10 100 12 1 1 1 9 100 12 1 1 1 9 12 1 1 9 12 1 9 12 1 1 1 1 1 1 1 1 1 1 1 1
ciInstanceKlass java/lang/Float 1 1 279 7 1 7 1 10 7 12 1 1 1 10 7 12 1 1 1 4 7 1 10 12 1 1 10 12 1 1 8 1 8 1 10 7 12 1 1 1 10 12 1 1 10 12 1 1 10 7 1 4 10 7 12 1 1 9 12 1 1 10 12 1 1 10 12 1 10 10 12 1 1 10 12 1 10 12 1 3 3 100 1 4 4 4 3 10 12 1 1 9 12 1 1 100 1 10 3 3 4 4 10 12 1 3 3 3 10 12 1 1 10 12 1 1 10 12 1 10 100 12 1 1 1 10 12 1 1 10 12 1 1 10 7 12 1 1 1 8 1 10 12 1 1 9 12 1 1 7 1 7 1 7 1 1 1 1 4 1 4 1 1 1 4 1 1 3 1 3 1 3 1 3 1 3 1 1 1 1 5 0 1 1 1 1 1 1 1 1 1 1 100 1 1 1 1 1 1 1 1 1 1 1 1 1 3 1 1 1 1 1 1 1 1 1 1 1 1 1 1 1 1 1 1 1 1 1 1 1 1 1 1 1 1 1 1 1 1 1 1 1 1 1 1 1 1 1 1 1 1 1 1 1 1 1 1 1 1 1 1 1 1 1 1 1 1 1 7 1 1 1 1 1 1 1 100 1 100 1 1
staticfield java/lang/Float TYPE Ljava/lang/Class; java/lang/Class
staticfield java/lang/Float $assertionsDisabled Z 1
ciInstanceKlass java/lang/Double 1 1 290 7 1 7 1 10 7 12 1 1 1 10 12 1 1 10 7 1 10 12 1 1 10 7 12 1 1 1 6 0 8 1 10 12 1 1 8 1 10 12 1 1 8 1 6 0 10 12 1 1 100 1 5 0 5 0 8 1 8 1 10 7 12 1 1 1 10 7 12 1 1 1 8 1 10 12 1 1 8 1 8 1 8 1 10 12 1 1 10 12 1 10 12 1 1 10 12 1 10 12 1 10 12 1 1 10 12 1 10 7 1 6 0 10 7 12 1 1 9 12 1 1 10 12 1 10 12 1 10 12 1 10 12 1 10 12 1 5 0 10 12 1 1 10 12 1 10 12 1 10 100 12 1 1 1 10 12 1 1 10 12 1 1 8 1 10 7 12 1 1 1 9 12 1 1 7 1 7 1 7 1 1 1 6 0 1 6 0 1 6 0 1 1 1 6 0 1 1 3 1 3 1 3 1 3 1 3 1 1 1 1 5 0 1 1 1 1 1 1 1 1 1 1 1 1 1 1 1 1 100 1 1 1 1 1 1 1 1 1 1 1 1 3 1 1 1 1 1 1 1 1 1 1 1 1 1 1 1 1 1 1 1 1 1 1 1 1 1 1 1 1 1 1 1 1 1 1 7 1 1 1 1 1 1 1 100 1 100 1 1
staticfield java/lang/Double TYPE Ljava/lang/Class; java/lang/Class
ciInstanceKlass java/lang/Byte 1 1 213 7 1 100 1 10 7 12 1 1 1 9 12 1 1 8 1 9 12 1 1 7 1 10 12 1 1 10 12 1 1 10 100 12 1 1 1 10 100 12 1 1 1 9 7 12 1 1 1 10 12 1 1 100 1 7 1 10 12 1 1 8 1 10 12 1 1 8 1 10 12 1 10 12 1 10 12 1 10 12 1 1 10 12 1 10 12 1 10 12 1 1 10 8 1 8 1 10 7 1 9 12 1 1 10 12 1 1 10 12 1 1 10 12 1 1 10 12 1 5 0 10 12 1 1 8 1 10 7 12 1 1 1 9 12 1 1 7 1 7 1 1 1 3 1 3 1 1 1 1 3 1 3 1 1 5 0 1 1 1 1 1 1 1 1 1 1 1 1 1 1 1 1 1 1 1 1 1 1 1 1 1 1 1 1 1 1 1 1 1 1 1 1 1 1 1 1 1 1 1 1 1 1 1 1 1 1 1 1 1 1 1 1
staticfield java/lang/Byte TYPE Ljava/lang/Class; java/lang/Class
ciInstanceKlass java/lang/Short 1 1 222 7 1 7 1 100 1 10 7 12 1 1 1 10 12 1 1 100 1 7 1 10 12 1 1 8 1 10 12 1 1 8 1 10 12 1 10 12 1 10 12 1 10 12 1 1 10 12 1 1 10 12 1 9 12 1 1 8 1 9 12 1 1 7 1 10 12 1 1 10 12 1 10 100 12 1 1 1 10 100 12 1 1 1 9 100 12 1 1 1 10 12 1 10 12 1 1 10 8 1 8 1 10 7 1 9 12 1 1 10 12 1 1 10 12 1 1 10 12 1 1 10 12 1 3 3 5 0 10 12 1 1 8 1 10 7 12 1 1 1 9 12 1 1 7 1 7 1 1 1 3 1 3 1 1 1 1 3 1 3 1 1 5 0 1 1 1 1 1 1 1 1 1 1 1 1 1 1 1 1 1 1 1 1 1 1 1 1 1 1 1 3 1 1 1 1 1 1 1 1 1 1 1 1 1 1 1 1 1 1 1 1 1 1 1 1 1 1 1 1 1 1
staticfield java/lang/Short TYPE Ljava/lang/Class; java/lang/Class
ciInstanceKlass java/lang/Long 1 1 524 7 1 7 1 7 1 7 1 10 12 1 1 9 12 1 1 9 7 12 1 1 1 10 7 12 1 1 1 10 12 1 1 10 100 12 1 1 1 10 10 12 10 12 1 10 12 1 10 12 1 5 0 5 0 7 1 10 12 1 1 10 12 1 1 10 12 1 10 12 1 10 12 1 10 12 1 1 10 100 12 1 1 10 12 1 10 12 1 1 10 12 1 1 10 12 1 1 10 12 1 1 10 7 12 1 1 1 10 12 1 1 10 12 1 10 12 1 10 12 1 10 12 1 1 10 10 12 1 5 0 5 0 9 12 1 1 9 12 1 5 0 100 1 8 1 10 12 1 8 1 10 12 1 8 1 8 1 10 12 1 1 5 0 10 12 1 1 5 0 10 12 1 1 10 12 1 1 10 100 12 1 1 1 11 7 1 10 12 1 1 11 10 12 1 1 8 1 10 12 1 1 8 1 7 1 10 12 1 1 10 12 1 8 1 8 1 11 12 1 1 10 12 1 10 12 1 10 12 1 5 0 5 0 9 7 12 1 1 1 10 12 1 10 12 1 1 8 1 8 1 10 12 1 1 8 1 8 1 8 1 8 1 8 1 8 1 10 12 1 10 7 1 9 12 1 1 10 12 1 10 12 1 1 10 12 1 1 10 7 12 1 1 1 100 1 100 1 10 12 1 1 10 12 1 1 5 0 10 12 1 10 12 1 5 0 5 0 5 0 10 12 1 1 10 12 1 5 0 5 0 10 12 1 10 12 1 10 100 12 1 1 1 10 12 1 1 10 12 1 1 8 1 10 7 12 1 1 1 9 12 1 1 7 1 7 1 7 1 1 1 1 5 0 1 1 1 1 3 1 3 1 5 0 1 1 1 1 1 1 1 1 1 100 1 1 1 1 1 1 1 1 1 1 1 1 1 1 1 1 1 1 1 1 1 1 1 1 1 1 1 1 1 1 1 1 1 1 1 1 1 1 1 1 1 1 1 1 1 1 1 1 1 1 1 1 1 1 1 3 1 1 1 1 1 1 1 1 1 1 1 1 1 1 1 7 1 1 1 1 1 1 1 1 1 1 1 1 1 1 1 1 1 1 1 1 1 1 1 1 1 1 1 1 1 1 1 1 1 1 1 1 1 1 1 1 1 1 1 7 1 1 1 1 1 1 1 1 1 100 1 100 1 1
staticfield java/lang/Long TYPE Ljava/lang/Class; java/lang/Class
ciMethod java/lang/Long longValue ()J 256 0 128 0 -1
ciMethod java/lang/Long <init> (J)V 512 0 64858 0 0
ciMethod java/lang/Long numberOfLeadingZeros (J)I 1912 0 107343 0 -1
ciMethod java/lang/Long compareTo (Ljava/lang/Long;)I 554 0 483462 0 0
ciMethod java/lang/Long compareTo (Ljava/lang/Object;)I 554 0 483462 0 160
ciMethod java/lang/Long compare (JJ)I 554 0 663378 0 104
ciMethod java/lang/Long valueOf (J)Ljava/lang/Long; 560 0 224796 0 0
ciInstanceKlass java/lang/Long$LongCache 1 1 50 10 100 12 1 1 1 7 1 10 7 12 1 1 1 9 12 1 1 7 1 5 0 10 12 1 9 12 1 1 1 1 1 1 1 1 1 1 1 1 1 1 1 1 100 1 1 1 1 1
staticfield java/lang/Long$LongCache cache [Ljava/lang/Long; 256 [Ljava/lang/Long;
ciInstanceKlass jdk/internal/vm/vector/VectorSupport 1 1 573 7 1 10 100 12 1 1 1 9 12 1 1 10 12 1 1 100 1 10 12 1 11 7 12 1 1 1 11 100 12 1 1 1 11 100 12 1 1 11 100 12 1 1 11 100 12 1 1 1 11 100 12 1 1 11 100 12 1 1 11 100 12 1 1 11 100 12 1 1 11 7 12 1 1 11 100 12 1 1 11 7 12 1 1 1 11 100 12 1 1 11 100 12 1 1 1 11 7 12 1 1 1 11 100 12 1 1 11 100 12 1 1 1 11 100 12 1 1 100 1 10 12 1 1 11 100 12 1 1 11 100 12 1 1 11 100 12 1 1 11 100 12 1 1 11 100 12 1 1 11 100 12 1 1 9 12 1 1 10 7 12 1 1 11 100 12 1 1 10 12 1 1 10 7 12 1 1 1 10 12 1 10 12 1 1 10 12 1 1 1 1 1 3 1 3 1 3 1 3 1 3 1 3 1 3 1 3 1 3 1 3 1 3 1 3 1 3 1 3 1 3 1 3 1 3 1 3 1 3 1 3 1 3 1 3 1 3 1 3 1 3 1 3 1 3 1 3 1 3 1 3 1 3 1 3 1 3 1 3 1 3 1 3 1 3 1 3 1 3 1 3 1 3 1 3 1 3 1 3 1 3 1 3 1 3 1 3 1 3 1 3 1 3 1 3 1 3 1 1 1 1 1 1 1 1 1 1 1 1 1 1 1 1 1 1 1 1 1 1 1 1 1 1 1 1 1 1 1 1 1 1 1 1 1 1 1 1 1 1 1 1 1 1 1 1 1 1 1 1 1 1 1 1 1 1 1 1 1 1 1 1 1 1 1 1 1 1 1 1 1 1 1 1 1 1 1 1 1 1 1 1 1 1 1 1 1 1 1 1 1 1 1 1 1 1 1 1 1 1 1 1 1 1 1 1 1 1 1 1 1 1 1 1 1 1 1 1 1 1 1 1 1 1 1 1 1 1 1 1 1 1 1 1 1 1 1 1 1 1 1 1 1 1 1 1 1 1 1 1 1 1 1 1 1 1 1 1 1 1 1 1 1 1 1 1 1 1 1 1 1 1 1 1 1 1 1 1 1 1 1 1 1 1 1 1 1 1 1 1 1 1 1 1 1 1 1 1 1 1 1 1 1 1 1 1 1 1 1 1 1 1 1 1 1 1 1 1 1 1 1 1 1 1 1 1 1 1 1 1 1 1 1 100 1 100 1 100 1 100 1 100 1 1 1 1 1 1 1 1 1 1 1 1 1 1 1 1 1 1 1 1 1 1 1 1 1 1 1 1 1 1 1
staticfield jdk/internal/vm/vector/VectorSupport U Ljdk/internal/misc/Unsafe; jdk/internal/misc/Unsafe
staticfield jdk/internal/vm/vector/VectorSupport $assertionsDisabled Z 1
instanceKlass jdk/internal/vm/vector/VectorSupport$VectorShuffle
instanceKlass jdk/internal/vm/vector/VectorSupport$VectorMask
instanceKlass jdk/internal/vm/vector/VectorSupport$Vector
ciInstanceKlass jdk/internal/vm/vector/VectorSupport$VectorPayload 1 1 32 10 7 12 1 1 1 9 7 12 1 1 1 10 7 12 1 1 1 1 1 1 1 1 1 1 1 1 1 1 1 1
instanceKlass jdk/incubator/vector/Vector
ciInstanceKlass jdk/internal/vm/vector/VectorSupport$Vector 1 1 28 10 7 12 1 1 1 100 1 1 1 1 1 1 1 1 1 1 1 1 1 1 1 100 1 1 1 1
instanceKlass jdk/incubator/vector/VectorMask
ciInstanceKlass jdk/internal/vm/vector/VectorSupport$VectorMask 0 0 28 10 100 12 1 1 1 100 1 1 1 1 1 1 1 1 1 1 1 1 1 1 1 100 1 1 1 1
ciInstanceKlass jdk/internal/vm/vector/VectorSupport$VectorShuffle 0 0 28 10 100 12 1 1 1 100 1 1 1 1 1 1 1 1 1 1 1 1 1 1 1 100 1 1 1 1
ciInstanceKlass jdk/internal/vm/FillerObject 0 0 16 10 100 12 1 1 1 100 1 1 1 1 1 1 1 1
instanceKlass java/lang/ref/PhantomReference
instanceKlass java/lang/ref/FinalReference
instanceKlass java/lang/ref/WeakReference
instanceKlass java/lang/ref/SoftReference
ciInstanceKlass java/lang/ref/Reference 1 1 190 9 7 12 1 1 1 9 7 12 1 1 10 12 1 1 10 12 1 1 9 12 1 1 10 12 1 1 9 12 1 1 9 12 1 1 7 1 10 12 1 10 7 12 1 1 10 12 1 10 12 1 1 10 12 1 7 1 8 1 10 12 1 1 7 1 10 12 1 1 10 12 1 1 10 12 1 9 12 1 10 12 1 1 10 12 1 10 12 1 9 12 1 7 1 100 1 10 12 9 12 1 9 12 1 100 1 10 10 12 1 10 10 7 12 1 1 7 1 10 10 7 12 1 1 1 1 1 1 1 1 1 1 1 1 1 1 1 1 1 1 1 7 1 1 1 100 1 1 1 1 1 1 1 1 1 1 1 1 1 1 1 1 1 1 1 1 1 1 1 1 1 1 1 1 1 1 1 1 1 1 1 7 1 7 1 7 1 1 1
staticfield java/lang/ref/Reference processPendingLock Ljava/lang/Object; java/lang/Object
staticfield java/lang/ref/Reference $assertionsDisabled Z 1
instanceKlass sun/security/util/MemoryCache$SoftCacheEntry
instanceKlass sun/util/locale/provider/LocaleResources$ResourceReference
instanceKlass sun/util/resources/Bundles$BundleReference
instanceKlass sun/util/locale/LocaleObjectCache$CacheEntry
instanceKlass java/lang/invoke/LambdaFormEditor$Transform
ciInstanceKlass java/lang/ref/SoftReference 1 1 47 10 7 12 1 1 1 9 7 12 1 1 1 9 12 1 10 12 1 10 12 1 1 1 1 1 1 1 1 1 1 1 1 1 1 1 1 1 1 1 1 100 1 1 1 1 1
instanceKlass javax/crypto/JceSecurity$WeakIdentityWrapper
instanceKlass sun/nio/ch/FileLockTable$FileLockReference
instanceKlass java/util/logging/LogManager$LoggerWeakRef
instanceKlass java/util/logging/Level$KnownLevel
instanceKlass java/lang/WeakPairMap$WeakRefPeer
instanceKlass java/lang/ClassValue$Entry
instanceKlass java/lang/ThreadLocal$ThreadLocalMap$Entry
instanceKlass java/lang/invoke/MethodType$ConcurrentWeakInternSet$WeakEntry
instanceKlass java/util/WeakHashMap$Entry
ciInstanceKlass java/lang/ref/WeakReference 1 1 31 10 7 12 1 1 1 10 12 1 100 1 1 1 1 1 1 1 1 1 1 1 1 1 1 1 1 1 1 1 1
instanceKlass java/lang/ref/Finalizer
ciInstanceKlass java/lang/ref/FinalReference 1 1 50 10 7 12 1 1 1 10 7 12 1 1 1 10 12 1 1 7 1 8 1 10 12 1 1 1 1 1 1 1 1 1 1 1 1 1 1 1 1 1 1 1 1 1 1 1 1 1 7 1
instanceKlass jdk/internal/ref/PhantomCleanable
instanceKlass jdk/internal/ref/Cleaner
ciInstanceKlass java/lang/ref/PhantomReference 1 1 39 10 100 12 1 1 1 10 7 12 1 1 1 1 1 1 1 1 1 1 1 1 1 1 1 1 1 1 1 1 1 1 1 1 1 1 1 1 1
ciInstanceKlass java/lang/ref/Finalizer 1 1 155 9 7 12 1 1 1 10 7 12 1 1 1 9 12 1 1 9 12 1 1 9 12 1 9 12 1 9 12 1 1 10 12 1 7 1 8 1 10 12 1 10 12 1 1 9 12 1 100 1 10 12 1 7 1 11 100 12 1 1 10 12 1 7 1 10 12 1 100 1 10 12 1 10 7 12 1 1 1 10 100 12 1 1 1 100 1 10 10 12 1 7 1 10 12 1 7 1 10 12 1 1 10 12 1 1 10 12 1 10 7 12 1 1 1 7 1 10 7 1 10 10 12 1 1 1 1 1 1 1 1 1 1 1 1 1 1 1 1 1 1 1 1 1 1 1 1 1 1 1 1 1 1 1 1
staticfield java/lang/ref/Finalizer lock Ljava/lang/Object; java/lang/Object
staticfield java/lang/ref/Finalizer ENABLED Z 1
staticfield java/lang/ref/Finalizer $assertionsDisabled Z 1
instanceKlass sun/security/ssl/Alert$Level
instanceKlass sun/security/ssl/Alert
instanceKlass sun/security/ssl/Finished$VerifyDataScheme
instanceKlass sun/security/ssl/X509Authentication
instanceKlass sun/security/ssl/SSLTrafficKeyDerivation$KeySchedule
instanceKlass sun/security/ssl/SSLTrafficKeyDerivation
instanceKlass sun/security/ssl/SSLSecretDerivation$SecretSchedule
instanceKlass javax/net/ssl/SSLEngineResult$Status
instanceKlass sun/security/ssl/ContentType
instanceKlass sun/security/ssl/SSLKeyExchange$T12KeyAgreement
instanceKlass sun/security/ssl/PskKeyExchangeModesExtension$PskKeyExchangeMode
instanceKlass sun/security/ssl/ECPointFormatsExtension$ECPointFormat
instanceKlass sun/security/ssl/CertStatusExtension$CertStatusRequestType
instanceKlass sun/security/ssl/SSLExtension
instanceKlass javax/net/ssl/SSLEngineResult$HandshakeStatus
instanceKlass jdk/internal/icu/util/CodePointTrie$ValueWidth
instanceKlass jdk/internal/icu/util/CodePointTrie$Type
instanceKlass java/text/Normalizer$Form
instanceKlass com/naqqa/elasticsearch/http/XContentType
instanceKlass com/naqqa/elasticsearch/common/unit/DistanceUnit
instanceKlass java/math/RoundingMode
instanceKlass com/naqqa/elasticsearch/common/geo/Geohash$Direction
instanceKlass com/naqqa/elasticsearch/common/geo/geometry/ShapeType
instanceKlass com/naqqa/elasticsearch/common/exception/RestStatus
instanceKlass com/naqqa/elasticsearch/common/automaton/AutomatonTermsEnum$AcceptStatus
instanceKlass com/naqqa/elasticsearch/common/automaton/CompiledAutomaton$Type
instanceKlass com/naqqa/elasticsearch/common/automaton/RegExp$Kind
instanceKlass com/naqqa/elasticsearch/cluster/routing/allocation/ClusterHealth$Status
instanceKlass com/naqqa/elasticsearch/search/aggs/metrics/PercentilesMethod
instanceKlass com/naqqa/elasticsearch/common/geo/shape/Relation
instanceKlass com/naqqa/elasticsearch/common/geo/GeoDistance
instanceKlass com/naqqa/elasticsearch/common/geo/DistanceUnit
instanceKlass com/naqqa/elasticsearch/codec/points/Relation
instanceKlass com/naqqa/elasticsearch/search/highlight/BoundaryScanner
instanceKlass com/naqqa/elasticsearch/node/search/FieldValues$Kind
instanceKlass com/naqqa/elasticsearch/node/search/SearchSpec$SortType
instanceKlass com/naqqa/elasticsearch/index/query/NestedQueryBuilder$ScoreMode
instanceKlass com/naqqa/elasticsearch/index/query/GeoShapeQueryBuilder$ShapeRelation
instanceKlass com/naqqa/elasticsearch/index/query/ShapeQueryBuilder$ShapeRelation
instanceKlass com/naqqa/elasticsearch/index/query/FunctionScoreQueryBuilder$ScoreMode
instanceKlass com/naqqa/elasticsearch/index/query/FunctionScoreQueryBuilder$BoostMode
instanceKlass com/naqqa/elasticsearch/index/query/ZeroTermsQuery
instanceKlass com/naqqa/elasticsearch/index/query/Operator
instanceKlass com/naqqa/elasticsearch/index/query/MultiMatchQueryBuilder$Type
instanceKlass com/naqqa/elasticsearch/bench/QueryOp$Type
instanceKlass com/naqqa/elasticsearch/node/search/DocValuesRangeQuery$Encoding
instanceKlass jdk/incubator/vector/LaneType
instanceKlass jdk/incubator/vector/VectorShape
instanceKlass java/time/Month
instanceKlass com/naqqa/elasticsearch/cluster/state/ClusterBlockLevel
instanceKlass com/naqqa/elasticsearch/cluster/routing/allocation/decider/EnableAllocationDecider$Enable
instanceKlass com/naqqa/elasticsearch/cluster/routing/allocation/Decision$Type
instanceKlass com/naqqa/elasticsearch/cluster/routing/UnassignedInfo$Reason
instanceKlass com/naqqa/elasticsearch/cluster/service/Priority
instanceKlass java/time/DayOfWeek
instanceKlass com/naqqa/elasticsearch/http/CompressionUtil$Encoding
instanceKlass com/naqqa/elasticsearch/http/RouteResult$Outcome
instanceKlass jdk/internal/net/http/PlainHttpConnection$ConnectState
instanceKlass sun/net/httpserver/HttpConnection$State
instanceKlass jdk/internal/net/http/Http1HeaderParser$State
instanceKlass jdk/internal/net/http/Http1Response$State
instanceKlass jdk/internal/net/http/Http1Exchange$State
instanceKlass sun/security/ssl/SignatureScheme$SigAlgParamSpec
instanceKlass sun/security/ssl/SignatureScheme
instanceKlass sun/security/ssl/ClientAuthType
instanceKlass sun/security/ssl/SSLHandshake
instanceKlass java/net/http/HttpClient$Version
instanceKlass java/net/http/HttpClient$Redirect
instanceKlass sun/security/rsa/RSAUtil$KeyType
instanceKlass sun/security/ssl/NamedGroup
instanceKlass sun/security/ssl/NamedGroup$NamedGroupSpec
instanceKlass sun/security/ssl/CipherSuite$KeyExchange
instanceKlass sun/security/ssl/CipherSuite$MacAlg
instanceKlass sun/security/ssl/CipherSuite$HashAlg
instanceKlass java/lang/StackWalker$Option
instanceKlass sun/security/ssl/CipherType
instanceKlass sun/security/ssl/SSLCipher
instanceKlass sun/security/ssl/CipherSuite
instanceKlass java/security/CryptoPrimitive
instanceKlass sun/security/util/DisabledAlgorithmConstraints$Constraint$Operator
instanceKlass sun/security/ssl/ProtocolVersion
instanceKlass java/net/Proxy$Type
instanceKlass java/lang/System$Logger$Level
instanceKlass com/naqqa/elasticsearch/http/RestMethod
instanceKlass com/naqqa/elasticsearch/security/audit/AuditEventType
instanceKlass com/naqqa/elasticsearch/cluster/coordination/Coordinator$Mode
instanceKlass com/naqqa/elasticsearch/cluster/node/DiscoveryNodeRole
instanceKlass com/naqqa/elasticsearch/common/breaker/CircuitBreaker$Durability
instanceKlass java/nio/file/StandardCopyOption
instanceKlass java/nio/file/AccessMode
instanceKlass com/naqqa/elasticsearch/common/settings/Setting$Property
instanceKlass sun/util/locale/provider/LocaleProviderAdapter$Type
instanceKlass com/sun/org/apache/xerces/internal/impl/XMLScanner$NameType
instanceKlass com/sun/org/apache/xerces/internal/util/Status
instanceKlass javax/xml/catalog/CatalogFeatures$Feature
instanceKlass com/sun/org/apache/xerces/internal/utils/XMLSecurityPropertyManager$Property
instanceKlass com/sun/org/apache/xerces/internal/utils/XMLSecurityPropertyManager$State
instanceKlass com/sun/org/apache/xerces/internal/utils/XMLSecurityManager$NameMap
instanceKlass jdk/xml/internal/JdkProperty$State
instanceKlass com/sun/org/apache/xerces/internal/utils/XMLSecurityManager$Limit
instanceKlass jdk/internal/vm/Continuation$Pinned
instanceKlass com/naqqa/elasticsearch/search/execution/SortField$Type
instanceKlass java/util/stream/MatchOps$MatchKind
instanceKlass com/naqqa/elasticsearch/search/query/BooleanQuery$Occur
instanceKlass java/util/Comparators$NaturalOrderComparator
instanceKlass com/naqqa/elasticsearch/search/aggs/bucket/histogram/CalendarInterval
instanceKlass com/naqqa/elasticsearch/common/xcontent/XContentParser$NumberType
instanceKlass com/naqqa/elasticsearch/common/xcontent/XContentParser$Token
instanceKlass com/naqqa/elasticsearch/common/xcontent/XContentType
instanceKlass java/lang/Character$UnicodeScript
instanceKlass com/naqqa/elasticsearch/analysis/filter/LowerCaseFilter$Variant
instanceKlass com/naqqa/elasticsearch/action/byquery/BulkByScrollExecutor$Kind
instanceKlass com/naqqa/elasticsearch/index/replication/OperationType
instanceKlass com/naqqa/elasticsearch/action/write/RefreshPolicy
instanceKlass com/naqqa/elasticsearch/codec/terms/SeekStatus
instanceKlass com/naqqa/elasticsearch/search/query/ScoreMode
instanceKlass com/naqqa/elasticsearch/search/execution/TotalHits$Relation
instanceKlass com/naqqa/elasticsearch/transport/ConnectionProfile$ChannelType
instanceKlass com/naqqa/elasticsearch/action/search/SearchType
instanceKlass com/naqqa/elasticsearch/script/ScriptSettings$RegexMode
instanceKlass com/naqqa/elasticsearch/codec/fieldinfos/DocValuesType
instanceKlass com/naqqa/elasticsearch/store/IOContext$Context
instanceKlass com/naqqa/elasticsearch/index/translog/Operation$Type
instanceKlass com/naqqa/elasticsearch/common/json/JsonGenerator$Ctx
instanceKlass com/naqqa/elasticsearch/index/mapper/IndexableField$Kind
instanceKlass com/naqqa/elasticsearch/index/translog/VersionType
instanceKlass com/naqqa/elasticsearch/cluster/state/IndexMetadata$State
instanceKlass com/naqqa/elasticsearch/cluster/routing/ShardRoutingState
instanceKlass com/naqqa/elasticsearch/index/replication/ShardCopy$Role
instanceKlass java/lang/invoke/MethodHandleImpl$ArrayAccess
instanceKlass com/naqqa/elasticsearch/index/translog/Durability
instanceKlass com/naqqa/elasticsearch/common/unit/ByteSizeUnit
instanceKlass java/time/format/TextStyle
instanceKlass java/time/format/DateTimeFormatterBuilder$SettingsParser
instanceKlass java/util/Locale$Category
instanceKlass java/time/format/ResolverStyle
instanceKlass java/time/format/SignStyle
instanceKlass java/time/temporal/JulianFields$Field
instanceKlass java/time/temporal/IsoFields$Unit
instanceKlass java/time/temporal/IsoFields$Field
instanceKlass java/time/temporal/ChronoUnit
instanceKlass java/time/temporal/ChronoField
instanceKlass java/util/regex/Pattern$Qtype
instanceKlass com/naqqa/elasticsearch/index/mapper/Dynamic
instanceKlass com/naqqa/elasticsearch/index/mapper/RangeFieldMapper$RangeType
instanceKlass com/naqqa/elasticsearch/index/mapper/NumberFieldMapper$NumberType
instanceKlass com/naqqa/elasticsearch/analysis/Analyzer$ReuseStrategy
instanceKlass jdk/internal/util/OperatingSystem
instanceKlass java/net/StandardProtocolFamily
instanceKlass java/security/DrbgParameters$Capability
instanceKlass sun/security/util/KnownOIDs
instanceKlass jdk/internal/logger/BootstrapLogger$LoggingBackend
instanceKlass com/naqqa/elasticsearch/common/lifecycle/Lifecycle$State
instanceKlass java/lang/reflect/ProxyGenerator$PrimitiveTypeInfo
instanceKlass java/lang/annotation/RetentionPolicy
instanceKlass java/nio/file/FileTreeWalker$EventType
instanceKlass java/nio/file/LinkOption
instanceKlass java/nio/file/FileVisitOption
instanceKlass sun/nio/fs/WindowsPathType
instanceKlass java/nio/file/StandardOpenOption
instanceKlass java/util/stream/Collector$Characteristics
instanceKlass java/util/stream/StreamShape
instanceKlass java/util/concurrent/TimeUnit
instanceKlass java/lang/invoke/MethodHandles$Lookup$ClassOption
instanceKlass java/lang/invoke/VarHandle$AccessType
instanceKlass java/lang/invoke/VarHandle$AccessMode
instanceKlass java/lang/invoke/MethodHandleImpl$Intrinsic
instanceKlass java/lang/invoke/LambdaForm$BasicType
instanceKlass java/lang/invoke/LambdaForm$Kind
instanceKlass sun/invoke/util/Wrapper
instanceKlass java/util/stream/StreamOpFlag$Type
instanceKlass java/util/stream/StreamOpFlag
instanceKlass java/io/File$PathStatus
instanceKlass java/lang/module/ModuleDescriptor$Requires$Modifier
instanceKlass java/lang/reflect/AccessFlag$Location
instanceKlass java/lang/reflect/AccessFlag
instanceKlass java/lang/module/ModuleDescriptor$Modifier
instanceKlass java/lang/reflect/ClassFileFormatVersion
instanceKlass java/lang/Thread$State
ciInstanceKlass java/lang/Enum 1 1 204 9 7 12 1 1 1 9 12 1 1 10 7 12 1 1 1 9 12 1 10 7 12 1 1 1 100 1 10 10 12 1 1 10 12 1 7 1 10 10 7 12 1 1 10 12 1 1 18 12 1 1 10 100 12 1 1 1 10 12 1 1 11 7 12 1 1 1 100 1 8 1 10 12 1 100 1 7 1 10 8 1 10 12 1 1 10 12 1 1 8 1 10 12 1 10 100 1 8 1 10 10 12 1 1 10 100 12 1 1 1 7 1 7 1 7 1 1 1 1 1 1 1 1 1 1 1 1 1 1 1 1 1 1 1 1 1 1 1 1 1 1 1 1 1 1 1 1 1 1 1 1 1 1 1 1 1 1 1 1 1 1 1 3 1 1 1 1 100 1 7 1 1 100 1 1 1 1 1 1 1 1 1 1 1 16 15 10 12 16 15 10 100 12 1 1 1 1 1 100 1 100 1 1
ciInstanceKlass java/lang/reflect/Method 1 1 472 9 7 12 1 1 1 10 100 12 1 1 1 10 100 12 1 1 9 12 1 1 10 12 1 1 10 12 1 1 10 100 12 1 1 10 7 12 1 1 1 9 12 1 1 9 12 1 9 12 1 1 9 12 1 9 12 1 9 12 1 1 9 12 1 9 12 1 1 9 12 1 9 12 1 9 12 1 1 100 1 8 1 10 12 1 10 12 1 9 12 1 1 8 1 10 7 12 1 1 10 7 12 1 1 1 10 12 1 1 10 12 1 1 10 12 1 10 12 1 1 10 12 1 1 9 100 12 1 1 1 10 12 1 1 10 12 10 7 12 1 1 10 12 1 1 10 12 1 10 12 1 10 12 1 10 7 12 1 1 1 10 12 1 1 10 7 1 10 7 12 1 1 1 10 100 12 1 1 10 12 1 1 10 12 1 1 10 12 1 10 7 12 1 1 1 10 12 1 10 8 1 10 12 1 10 12 1 7 1 8 1 8 1 8 1 10 12 1 10 12 1 1 10 12 1 1 10 10 12 1 1 10 12 1 11 7 1 10 12 1 9 12 1 1 10 12 1 1 10 12 1 10 12 1 1 10 12 1 1 11 7 12 1 1 1 11 12 1 9 12 1 1 10 12 1 10 12 1 10 12 1 10 12 1 10 12 1 10 12 1 9 12 1 1 10 7 12 1 1 1 10 7 12 1 1 10 12 1 1 10 100 12 1 1 1 10 100 12 1 1 1 10 100 12 1 1 1 11 100 12 1 1 1 10 100 12 1 1 1 100 1 100 1 100 1 10 12 1 10 12 1 1 10 12 1 100 1 8 1 10 12 1 10 10 12 1 1 10 12 1 1 10 12 1 1 10 12 1 1 8 1 10 12 1 1 1 1 1 1 1 1 1 1 1 1 1 1 1 1 1 1 1 1 1 1 1 1 1 1 1 1 1 1 1 1 1 1 1 1 1 1 1 1 1 1 1 1 1 1 1 1 1 1 1 1 1 100 1 100 1 100 1 1 1 1 1 1 1 1 1 1 1 1 1 1 1 1 1 1 1 1 1 1 1 1 1 1 1 1 1 1
ciInstanceKlass java/lang/reflect/Field 1 1 457 9 7 12 1 1 1 10 12 1 1 10 100 12 1 1 1 10 100 12 1 1 9 12 1 1 10 12 1 1 10 12 1 1 10 100 12 1 1 10 7 12 1 1 1 9 12 1 1 9 12 1 9 12 1 9 12 1 1 9 12 1 1 9 12 1 9 12 1 1 9 12 1 1 100 1 8 1 10 12 1 10 12 1 9 12 1 1 9 12 1 10 12 1 10 7 12 1 1 10 12 1 1 10 12 1 1 10 12 1 10 12 1 1 9 100 12 1 1 1 10 100 12 1 1 1 7 1 10 12 1 1 10 12 1 1 10 12 1 1 10 12 1 10 12 1 10 7 1 10 7 12 1 1 7 1 10 8 1 10 12 1 1 10 12 1 1 8 1 10 12 10 12 1 8 1 8 1 10 11 7 1 9 12 1 10 12 1 1 10 12 1 1 11 7 12 1 1 1 10 12 1 11 12 1 1 11 12 1 1 11 12 1 1 11 12 1 1 11 12 1 1 11 12 1 1 11 12 1 1 11 12 1 1 11 12 1 1 11 12 1 1 11 12 1 1 11 12 1 1 11 12 1 1 11 12 1 1 11 12 1 1 11 12 1 1 11 12 1 1 10 12 1 10 7 12 1 1 10 12 1 10 12 1 10 12 1 9 12 1 1 10 7 12 1 1 1 10 12 1 1 10 12 1 10 100 12 1 1 10 12 1 1 11 7 1 10 12 1 7 1 10 100 12 1 1 1 10 100 12 1 1 1 9 12 1 10 100 12 1 1 1 11 100 12 1 1 1 10 12 1 1 10 12 1 1 9 100 12 1 1 10 100 12 1 1 1 10 12 1 1 7 1 1 1 1 1 1 1 1 1 1 1 1 1 1 1 1 1 1 1 1 1 1 1 1 1 1 1 1 1 1 1 1 1 1 1 1 1 1 1 100 1 1 1 1 1 1 1 1 1 1 1 1 1 1 1 1 1 1 1 1 1 1 1 1 1 1 1 1 1 1 1 1 7 1 1 1 1 1 1 1 1 1 100 1 1
ciInstanceKlass java/lang/reflect/Parameter 0 0 243 10 7 12 1 1 1 9 7 12 1 1 1 9 12 1 1 9 12 1 1 9 12 1 10 12 1 1 10 12 1 1 10 7 12 1 1 1 7 1 10 10 12 1 1 11 7 12 1 1 1 10 12 1 10 100 12 1 1 1 10 12 1 1 10 12 1 10 12 1 8 1 8 1 10 7 12 1 1 1 10 12 1 10 12 9 100 12 1 1 1 10 100 12 1 1 1 10 12 1 8 1 10 12 1 9 12 1 1 10 12 1 1 9 12 1 1 10 12 1 1 10 12 1 1 10 12 1 1 10 12 1 10 10 12 1 10 100 12 1 1 1 10 12 1 1 11 7 12 1 1 10 7 12 1 1 7 1 10 100 12 1 1 1 10 12 1 1 10 12 1 1 10 12 1 1 10 12 1 1 9 12 1 100 1 10 11 12 1 1 11 12 1 1 7 1 1 1 1 1 1 1 1 1 1 1 1 1 1 1 1 1 1 1 1 1 1 1 1 1 1 1 1 1 1 1 1 1 1 1 1 1 1 1 1 1 100 1 1 1 1 1 1
ciInstanceKlass java/lang/reflect/Array 1 1 83 10 100 12 1 1 1 10 7 12 1 1 1 10 12 1 1 1 1 1 1 1 1 1 1 1 1 1 1 1 100 1 1 1 1 1 100 1 1 1 1 1 1 1 1 100 1 1 1 1 1 1 1 1 1 1 1 1 1 1 1 1 1 1 1 1 1 1 1 1 1 1 1 1 1 1 1 1 1 1 1 1 1
ciMethod java/lang/reflect/Array newArray (Ljava/lang/Class;I)Ljava/lang/Object; 514 0 257 0 -1
ciMethod java/lang/reflect/Array newInstance (Ljava/lang/Class;I)Ljava/lang/Object; 140 0 35960 0 432
ciInstanceKlass java/lang/reflect/RecordComponent 0 0 196 10 7 12 1 1 1 9 7 12 1 1 1 9 12 1 1 9 12 1 10 12 1 1 10 12 1 1 10 100 12 1 1 1 10 12 1 1 9 12 1 1 10 12 1 1 10 12 1 1 10 12 1 10 100 12 1 1 10 100 12 1 1 9 12 1 1 10 100 12 1 1 1 11 100 12 1 1 1 10 9 100 12 1 1 1 10 100 12 1 1 1 9 12 1 1 10 100 12 1 1 1 10 12 1 1 11 7 12 1 1 10 7 12 1 1 7 1 9 12 1 9 12 1 1 9 12 1 10 100 12 1 1 1 10 12 1 1 10 12 1 1 7 1 10 10 12 1 10 12 1 1 8 1 10 12 1 10 12 1 9 12 1 7 1 1 1 1 1 1 1 1 1 1 1 1 1 1 1 1 1 1 1 1 1 1 7 1 1 1 1 1 1 100 1 1
ciInstanceKlass java/lang/StringBuffer 1 1 483 10 7 12 1 1 1 10 12 1 10 12 1 10 12 1 1 9 7 12 1 1 1 10 12 1 1 10 12 1 10 12 1 1 9 12 1 1 10 12 1 10 12 1 1 10 12 1 1 10 12 1 10 12 1 1 10 12 1 10 12 1 1 10 12 1 1 10 7 12 1 1 1 10 12 1 1 10 12 1 10 12 1 10 12 1 10 12 1 10 12 1 10 12 1 10 12 1 10 12 1 10 12 1 10 12 1 10 12 1 10 12 1 10 12 1 10 12 1 1 10 12 1 10 12 1 1 10 12 1 1 10 10 12 1 1 10 12 1 10 12 1 10 12 1 10 12 1 10 12 1 10 12 1 10 12 10 12 1 10 12 1 10 12 1 10 12 1 1 10 12 1 10 12 1 10 10 12 1 1 10 12 1 10 12 1 10 12 1 10 10 100 12 1 1 1 10 10 12 1 1 9 12 1 1 10 100 12 1 1 10 100 1 8 10 100 12 1 1 1 8 10 12 1 8 1 10 12 1 10 12 1 10 100 12 1 1 1 10 100 12 1 1 1 7 1 10 12 100 1 8 1 10 10 12 1 1 10 12 1 1 10 12 1 10 12 1 10 12 1 1 10 12 1 10 12 1 10 12 1 10 12 1 10 12 1 10 12 10 12 1 10 12 1 10 12 1 10 12 1 10 12 1 10 12 1 10 12 1 10 12 1 10 12 1 10 12 1 10 12 10 12 10 12 1 10 12 1 10 12 1 10 12 10 12 1 10 12 1 10 12 1 10 12 1 10 12 1 10 12 1 10 12 1 10 12 1 10 12 1 10 12 1 10 12 1 7 1 10 12 1 9 7 12 1 1 1 9 7 1 9 12 1 1 7 1 7 1 7 1 7 1 1 1 1 5 0 1 1 1 1 1 1 1 1 1 1 1 1 1 1 1 1 1 1 1 1 1 1 1 1 1 1 1 1 1 1 1 1 1 1 1 1 1 1 1 1 1 1 1 1 1 1 1 1 1 1 1 1 1 1 1 1 1 1 1 1 1 100 1 1 1 1 1 7 1 1 1 1 1 1 1 1 1 1 1 1 1 1 1 1 1 1
staticfield java/lang/StringBuffer serialPersistentFields [Ljava/io/ObjectStreamField; 3 [Ljava/io/ObjectStreamField;
instanceKlass jdk/internal/loader/BuiltinClassLoader
instanceKlass java/net/URLClassLoader
ciInstanceKlass java/security/SecureClassLoader 1 1 102 10 7 12 1 1 1 7 1 10 12 1 9 7 12 1 1 1 10 12 1 10 12 1 10 12 1 1 10 12 1 1 10 12 1 7 1 10 7 1 10 12 1 7 1 10 12 1 11 7 12 1 1 1 7 1 11 12 1 10 12 1 1 1 1 1 1 1 1 1 1 1 1 1 1 1 1 1 1 1 1 1 1 1 1 1 1 1 1 1 1 1 1 1 1 1 1 100 1 1 1 1
ciInstanceKlass java/net/URLClassLoader 0 0 600 10 7 12 1 1 1 100 1 10 12 1 9 7 12 1 1 1 10 7 12 1 1 1 9 12 1 1 100 1 10 12 1 9 12 1 1 10 12 1 10 10 12 1 10 100 12 1 1 1 10 12 1 1 10 7 12 1 1 1 10 100 12 1 1 1 100 1 10 12 1 1 10 12 1 1 10 12 1 1 100 1 100 1 10 7 12 1 1 1 100 1 8 1 10 12 1 10 7 12 1 1 1 10 12 1 1 10 12 1 1 11 100 12 1 1 1 11 7 12 1 1 1 11 12 1 1 7 1 11 12 1 11 7 12 1 1 10 12 1 11 12 1 11 12 1 1 11 10 12 1 1 10 12 1 1 10 12 1 1 100 1 10 12 1 10 12 1 1 7 1 100 1 10 12 1 1 7 1 10 10 12 1 1 10 100 12 1 1 10 12 1 100 1 7 1 10 8 1 10 12 1 1 8 1 10 12 1 1 10 10 12 1 8 1 8 1 10 12 1 1 10 7 12 1 1 1 10 100 12 1 1 1 10 12 1 1 10 12 1 1 10 12 1 1 10 12 1 10 12 1 100 1 100 1 8 1 10 12 1 10 12 1 1 10 12 1 1 7 1 10 12 1 10 100 12 1 1 1 10 12 1 1 10 12 1 1 10 12 1 1 10 12 1 10 100 12 1 1 1 10 12 1 1 8 1 10 12 1 1 11 100 12 1 1 1 9 100 12 1 1 1 10 100 12 1 1 1 9 12 1 9 12 1 9 12 1 9 12 1 9 12 1 9 12 1 10 7 12 1 1 1 8 1 10 12 1 1 100 1 10 10 12 1 10 12 1 1 10 12 1 1 100 1 10 12 1 10 12 1 1 10 12 1 10 12 1 1 100 1 10 100 12 1 1 9 100 12 1 1 1 10 12 1 8 1 100 1 8 1 10 12 1 10 12 1 8 1 10 12 1 10 12 1 9 12 1 1 10 100 12 1 1 10 12 1 10 12 1 10 100 1 8 1 10 100 1 10 12 1 10 100 12 1 100 1 10 12 1 10 12 1 100 1 10 10 7 12 1 1 1 1 1 1 1 1 1 1 1 1 1 1 1 1 1 1 1 1 1 1 1 1 1 1 1 1 1 1 1 1 1 1 1 1 1 7 1 100 1 7 1 7 1 1 1 1 1 1 1 1 1 1 1 1 1 1 1 1 1 1 1 1 1 1 1 1 1 1 1 1 1 1 1 1 1 1 1 1 1 1 1 1 1 1 1 1 1 1 100 1 1 1 1 1 1 1 1 1 1 1 1 1 1 1 1 1 1 1 1 1 1 1 1 1 1 1 1 1 1 1 1 1 1 1 1 1 100 1 1 1
ciInstanceKlass java/util/jar/Manifest 0 0 339 10 7 12 1 1 1 100 1 10 9 7 12 1 1 1 100 1 10 9 12 1 1 9 12 1 1 10 12 1 10 12 1 1 10 12 1 1 10 12 1 1 10 12 1 1 11 7 1 11 12 1 1 10 12 1 1 10 100 12 1 1 1 100 1 7 1 10 8 1 10 12 1 1 10 12 1 1 10 12 1 10 12 1 11 100 1 10 12 1 10 12 1 1 11 12 1 1 10 12 1 11 12 1 1 11 100 12 1 1 1 11 7 12 1 1 11 12 1 1 100 1 10 12 1 8 1 11 12 1 7 1 10 12 1 1 11 12 1 10 12 1 10 12 1 10 7 12 1 1 1 8 1 10 12 1 1 10 9 100 12 1 1 1 10 12 1 1 10 100 12 1 10 12 1 10 12 1 9 100 12 1 1 1 8 1 10 12 1 8 1 8 1 100 1 10 12 1 10 12 1 10 12 1 1 100 1 8 1 10 12 1 1 8 1 10 10 12 1 1 8 1 10 12 1 1 10 7 12 1 1 1 10 12 1 10 11 12 1 1 10 12 1 10 100 12 1 1 1 10 12 1 1 10 12 1 10 12 1 1 11 10 12 1 11 10 12 1 7 1 1 1 1 1 1 1 1 1 1 1 1 1 1 1 1 1 1 1 1 1 1 1 1 1 1 1 1 1 1 1 1 1 1 1 1 1 1 1 1 1 1 1 100 1 1 1 1 1 1 1 1 1 1 1 1 1 1 7 1 1 1 1 1 1 1 1 1 1 1
ciInstanceKlass java/io/ByteArrayInputStream 1 1 117 10 7 12 1 1 1 9 7 12 1 1 1 9 12 1 1 9 12 1 9 12 1 10 7 12 1 1 1 10 7 12 1 1 1 10 7 12 1 1 1 10 7 12 1 1 1 10 12 1 1 3 10 100 1 10 100 12 1 1 1 9 12 1 1 100 1 10 10 7 12 1 1 1 1 1 1 1 1 1 1 1 1 1 1 1 1 1 1 1 1 1 1 1 1 1 1 1 1 1 1 1 100 1 1 1 1 1 1 1 1 1 1 1 1 1 1
staticfield java/io/ByteArrayInputStream $assertionsDisabled Z 1
instanceKlass java/nio/IntBuffer
instanceKlass java/nio/CharBuffer
instanceKlass java/nio/ByteBuffer
ciInstanceKlass java/nio/Buffer 1 1 256 100 1 10 7 12 1 1 1 9 7 12 1 1 1 9 12 1 9 12 1 1 9 12 1 9 12 1 1 10 12 1 1 10 12 1 1 10 12 100 1 7 1 10 8 1 10 12 1 1 10 12 1 8 1 8 1 10 12 1 1 10 12 1 8 1 9 12 1 1 100 1 8 1 10 12 1 8 1 8 1 9 12 10 12 1 8 1 8 1 8 1 10 12 1 8 1 8 1 8 1 100 1 10 100 1 10 100 1 10 9 12 1 1 10 7 12 1 1 1 100 1 10 12 1 1 10 12 1 10 100 12 1 1 10 7 12 1 1 1 10 7 12 1 1 1 9 12 1 1 10 7 12 1 1 1 9 12 1 1 7 1 10 10 12 1 1 7 1 10 10 7 12 1 1 1 1 1 3 1 1 1 1 1 1 1 1 1 1 1 1 1 1 100 1 1 1 1 1 1 1 7 1 1 1 1 1 1 1 1 1 1 1 1 1 1 1 1 1 1 1 1 1 1 1 1 1 1 1 1 1 1 1 1 1 1 1 1 1 1 1 100 1 100 1 100 1 100 1 100 1 100 1 100 1 1
staticfield java/nio/Buffer UNSAFE Ljdk/internal/misc/Unsafe; jdk/internal/misc/Unsafe
staticfield java/nio/Buffer SCOPED_MEMORY_ACCESS Ljdk/internal/misc/ScopedMemoryAccess; jdk/internal/misc/ScopedMemoryAccess
staticfield java/nio/Buffer IOOBE_FORMATTER Ljava/util/function/BiFunction; jdk/internal/util/Preconditions$4
staticfield java/nio/Buffer $assertionsDisabled Z 1
ciInstanceKlass java/util/Objects 1 1 184 10 7 12 1 1 1 100 1 8 1 10 12 1 10 12 1 1 10 7 12 1 1 1 10 12 1 1 10 12 1 10 7 12 1 1 1 10 12 1 1 10 7 12 1 1 1 7 1 10 10 12 1 1 10 7 12 1 1 10 12 1 1 8 1 10 7 12 1 1 1 10 7 12 1 1 1 10 11 100 12 1 1 1 100 1 10 10 12 1 8 1 10 12 1 8 1 7 1 11 12 1 1 8 1 10 7 12 1 1 1 10 12 1 1 10 12 1 10 12 1 10 12 1 10 12 1 1 1 1 1 1 1 1 1 1 1 1 1 1 1 1 1 1 1 1 1 1 1 1 1 1 1 1 1 1 1 1 1 1 1 1 1 1 1 1 1 1 1 1 1 1 1 1 1 1 1 1 1 1 1 1 1 1
ciMethod java/util/Objects requireNonNull (Ljava/lang/Object;)Ljava/lang/Object; 556 0 2202131 0 -1
instanceKlass sun/security/jca/ProviderList$ServiceList
instanceKlass java/util/AbstractSequentialList
instanceKlass java/util/Vector
instanceKlass java/util/Collections$CopiesList
instanceKlass java/util/ArrayList$SubList
instanceKlass sun/security/jca/ProviderList$3
instanceKlass java/util/Arrays$ArrayList
instanceKlass java/util/Collections$SingletonList
instanceKlass java/util/Collections$EmptyList
instanceKlass java/util/ArrayList
ciInstanceKlass java/util/AbstractList 1 1 218 10 7 12 1 1 1 9 7 12 1 1 1 10 12 1 1 10 12 1 1 100 1 10 10 12 1 1 11 100 12 1 1 1 11 12 1 1 11 12 1 10 7 12 1 1 1 10 12 1 11 12 1 11 12 1 11 12 1 10 12 1 1 10 12 1 1 11 7 12 1 1 1 11 7 1 11 7 1 10 12 1 100 1 10 12 1 10 12 1 1 7 1 100 1 10 12 1 100 1 10 100 1 7 1 10 8 1 10 12 1 1 10 12 1 10 12 1 1 10 12 1 8 1 100 1 8 1 8 1 8 1 10 7 1 11 10 10 12 1 11 12 1 10 12 1 1 8 1 8 1 1 1 1 1 1 1 1 1 1 1 1 1 1 1 1 1 1 1 1 1 1 1 1 1 1 1 1 1 1 1 1 1 1 1 1 1 1 1 1 1 1 1 1 1 1 1 1 1 1 1 1 1 1 1 1 1 1 100 1 100 1 1 1 1 1 1 1
ciInstanceKlass java/lang/Iterable 1 1 62 10 7 12 1 1 1 11 7 12 1 1 1 11 7 12 1 1 1 11 12 1 1 11 7 12 1 1 1 10 100 12 1 1 1 100 1 1 1 1 1 1 1 1 1 1 1 1 1 1 1 1 1 1 1 1 1 1 1 1 1 1
ciInstanceKlass java/util/Collection 1 1 115 11 7 12 1 1 1 7 1 11 7 12 1 1 1 10 7 12 1 1 1 11 12 1 1 11 7 12 1 1 1 11 12 1 1 11 7 12 1 1 1 11 12 1 1 10 100 12 1 1 1 11 12 1 10 7 12 1 1 1 100 1 100 1 1 1 1 1 1 1 1 1 1 1 1 1 1 1 1 1 1 1 1 1 1 1 1 1 1 1 1 1 1 1 1 1 1 1 1 1 1 1 1 1 1 1 1 1 1 1 1 1 1 1 1
ciInstanceKlass java/util/SequencedCollection 1 1 109 100 1 10 12 1 1 11 7 12 1 1 1 11 7 12 1 1 1 11 12 1 1 11 12 1 7 1 7 1 1 1 1 1 1 1 1 1 1 1 1 1 1 1 1 1 1 1 1 1 1 1 1 1 1 1 1 1 100 1 8 1 1 12 10 1 1 1 8 1 1 1 8 1 1 1 8 1 1 1 8 1 1 8 1 1 1 8 1 1 8 1 1 1 8 1 1 8 1 1 1 8 1 1 8 1 1 8 1
ciInstanceKlass java/util/List 1 1 251 10 100 12 1 1 1 11 100 12 1 1 1 11 100 12 1 1 1 11 12 1 1 11 100 12 1 1 11 12 1 1 11 12 1 1 10 100 12 1 1 1 7 1 7 1 10 12 1 1 100 1 10 100 12 1 1 1 11 12 1 1 11 12 1 11 12 1 100 1 10 12 1 11 12 1 1 11 12 1 1 11 12 1 10 100 12 1 1 1 9 7 12 1 1 1 7 1 10 12 10 12 1 7 1 10 12 1 1 10 12 1 10 12 1 1 11 12 1 1 100 1 1 1 1 1 1 1 1 1 1 1 1 1 1 1 1 1 1 1 1 1 1 1 1 1 1 1 1 1 1 1 1 1 1 1 1 1 1 1 1 1 1 1 1 100 1 100 1 1 1 1 1 1 1 1 1 1 1 1 1 1 1 1 1 1 1 1 1 1 1 1 1 1 1 1 1 1 1 1 1 1 1 1 1 1 1 1 1 1 1 1 1 1 1 1 1 1 1 1 1 1 1 1 1 1 1 1 1 1 1 1 1 1 1 1 1 1 1 1 1 1 1 1 100 1 1 100 1 1 1
instanceKlass java/util/AbstractMap$2
instanceKlass java/util/EnumMap$Values
instanceKlass java/util/concurrent/ConcurrentLinkedDeque
instanceKlass java/util/TreeMap$Values
instanceKlass java/util/IdentityHashMap$Values
instanceKlass java/util/AbstractQueue
instanceKlass java/util/LinkedHashMap$LinkedValues
instanceKlass java/util/HashMap$Values
instanceKlass java/util/ArrayDeque
instanceKlass java/util/AbstractSet
instanceKlass java/util/ImmutableCollections$AbstractImmutableCollection
instanceKlass java/util/AbstractList
ciInstanceKlass java/util/AbstractCollection 1 1 160 10 7 12 1 1 1 10 7 12 1 1 1 10 12 1 1 11 7 12 1 1 1 11 12 1 1 10 12 1 1 10 100 12 1 1 1 10 12 1 1 10 12 1 1 10 7 12 1 1 10 7 12 1 1 1 7 1 10 7 12 1 1 1 10 100 12 1 1 1 100 1 10 11 12 1 11 7 1 10 12 1 10 12 1 10 7 12 1 1 1 11 8 1 7 1 10 10 12 1 1 8 1 10 12 1 10 12 1 1 1 1 1 1 1 1 1 1 1 1 1 1 1 1 1 1 1 1 1 1 1 1 1 1 1 1 1 1 1 1 1 1 1 1 1 1 1 1 1 1 1 1 1 1 1 1 1 1 1 1
ciMethod java/util/AbstractCollection size ()I 0 0 1 0 -1
ciMethod java/util/AbstractCollection toArray ([Ljava/lang/Object;)[Ljava/lang/Object; 1550 18942 775 0 0
ciMethod java/util/AbstractCollection iterator ()Ljava/util/Iterator; 0 0 1 0 -1
ciMethod java/util/AbstractCollection <init> ()V 568 0 1199426 0 80
ciMethod java/util/AbstractCollection finishToArray ([Ljava/lang/Object;Ljava/util/Iterator;)[Ljava/lang/Object; 0 0 1 0 0
ciInstanceKlass java/lang/AssertionStatusDirectives 0 0 24 10 100 12 1 1 1 100 1 1 1 1 1 1 1 1 1 1 1 1 1 1 1 1
instanceKlass com/naqqa/elasticsearch/http/nio/HttpParseException
instanceKlass com/naqqa/elasticsearch/http/DefaultRestErrorRendererTest$CustomStatusException
instanceKlass com/naqqa/elasticsearch/http/DefaultRestErrorRendererTest$1
instanceKlass com/naqqa/elasticsearch/common/automaton/TooComplexToDeterminizeException
instanceKlass java/util/MissingResourceException
instanceKlass java/nio/BufferOverflowException
instanceKlass sun/net/httpserver/HttpError
instanceKlass java/lang/SecurityException
instanceKlass com/naqqa/elasticsearch/http/jdk/JdkHttpServerTransport$PayloadTooLargeException
instanceKlass com/naqqa/elasticsearch/security/authz/SecurityAuthorizationException
instanceKlass com/naqqa/elasticsearch/ingest/ConfigurationException
instanceKlass com/naqqa/elasticsearch/indices/resize/IndexNotReadOnlyException
instanceKlass com/naqqa/elasticsearch/node/cluster/ClusterStateManager$NotMasterException
instanceKlass com/naqqa/elasticsearch/node/cluster/ClusterStateManager$StaleBaseException
instanceKlass java/util/NoSuchElementException
instanceKlass com/naqqa/elasticsearch/search/aggs/AggregationExecutionException
instanceKlass java/lang/IndexOutOfBoundsException
instanceKlass com/naqqa/elasticsearch/index/replication/NotEnoughReplicasException
instanceKlass com/naqqa/elasticsearch/monitor/tasks/TaskCancellationSignal$TaskCancelledException
instanceKlass com/naqqa/elasticsearch/script/expression/ExpressionParseException
instanceKlass com/naqqa/elasticsearch/script/ScriptException
instanceKlass com/naqqa/elasticsearch/script/painless/PainlessSecurityException
instanceKlass com/naqqa/elasticsearch/script/painless/PainlessTypeException
instanceKlass com/naqqa/elasticsearch/script/painless/PainlessParseException
instanceKlass java/util/concurrent/CompletionException
instanceKlass com/naqqa/elasticsearch/action/search/SearchPhaseExecutionException
instanceKlass com/naqqa/elasticsearch/search/aggs/support/TooManyBucketsException
instanceKlass com/naqqa/elasticsearch/rest/support/RestApiException
instanceKlass com/naqqa/elasticsearch/index/replication/PrimarySteppedDownException
instanceKlass com/naqqa/elasticsearch/index/replication/StalePrimaryException
instanceKlass java/util/concurrent/RejectedExecutionException
instanceKlass java/time/DateTimeException
instanceKlass java/lang/MatchException
instanceKlass java/io/UncheckedIOException
instanceKlass java/lang/UnsupportedOperationException
instanceKlass java/security/ProviderException
instanceKlass com/naqqa/elasticsearch/transport/TransportException
instanceKlass com/naqqa/elasticsearch/common/exception/ElasticsearchException
instanceKlass java/lang/IllegalStateException
instanceKlass java/lang/reflect/UndeclaredThrowableException
instanceKlass java/lang/IllegalArgumentException
instanceKlass java/lang/ArithmeticException
instanceKlass java/lang/NullPointerException
instanceKlass java/lang/IllegalMonitorStateException
instanceKlass java/lang/ArrayStoreException
instanceKlass java/lang/ClassCastException
ciInstanceKlass java/lang/RuntimeException 1 1 40 10 7 12 1 1 1 10 12 1 10 12 1 10 12 1 10 12 1 100 1 1 1 1 5 0 1 1 1 1 1 1 1 1 1 1 1 1 1 1
instanceKlass com/naqqa/elasticsearch/index/engine/MergeResult
instanceKlass com/naqqa/elasticsearch/http/nio/ResponseBuilder$Encoded
instanceKlass com/naqqa/elasticsearch/http/nio/HttpRequestParser$ChunkedResult
instanceKlass com/naqqa/elasticsearch/common/threadpool/ThreadPool$Stats
instanceKlass com/naqqa/elasticsearch/common/threadpool/ThreadPool$PoolStats
instanceKlass com/naqqa/elasticsearch/common/xcontent/XContentLocation
instanceKlass com/naqqa/elasticsearch/common/geo/TriangleEncoder$EncodedTriangle
instanceKlass com/naqqa/elasticsearch/common/geo/Tessellator$Triangle
instanceKlass com/naqqa/elasticsearch/common/collect/PrimitiveCollectionsTest$Map_Entry
instanceKlass com/naqqa/elasticsearch/codec/termvectors/TermVectorTerm
instanceKlass com/naqqa/elasticsearch/cluster/routing/allocation/DiskUsage
instanceKlass com/naqqa/elasticsearch/cluster/routing/allocation/command/CancelAllocationCommand
instanceKlass com/naqqa/elasticsearch/cluster/routing/allocation/command/MoveAllocationCommand
instanceKlass com/naqqa/elasticsearch/cluster/routing/allocation/FailedShardEntry
instanceKlass com/naqqa/elasticsearch/cluster/coordination/VotingConfigExclusion
instanceKlass com/naqqa/elasticsearch/cluster/coordination/CheckResponse
instanceKlass com/naqqa/elasticsearch/cluster/coordination/CheckRequest
instanceKlass com/naqqa/elasticsearch/cluster/coordination/StartJoinRequest
instanceKlass com/naqqa/elasticsearch/cluster/coordination/PreVoteResponse
instanceKlass com/naqqa/elasticsearch/cluster/coordination/PreVoteRequest
instanceKlass com/naqqa/elasticsearch/cluster/discovery/PeersResponse
instanceKlass com/naqqa/elasticsearch/cluster/discovery/PeersRequest
instanceKlass com/naqqa/elasticsearch/cluster/support/FakeNetwork$ScheduledMessage
instanceKlass com/naqqa/elasticsearch/bench/amazon/AmazonQueryExtras$SpotCheckResult
instanceKlass com/naqqa/elasticsearch/rest/document/DocumentActionService$GetResult
instanceKlass com/naqqa/elasticsearch/rest/document/DocumentActionService$GetRequest
instanceKlass com/naqqa/elasticsearch/bench/amazon/AmazonLoadResult
instanceKlass com/naqqa/elasticsearch/bench/amazon/AmazonProduct
instanceKlass com/naqqa/elasticsearch/bench/amazon/AmazonBulkLoader$Batch
instanceKlass com/naqqa/elasticsearch/bench/dataset/WikiLikeDataset$WikiDoc
instanceKlass com/naqqa/elasticsearch/node/search/MultiShardSearcher$Located
instanceKlass com/naqqa/elasticsearch/node/action/NodeSearchActionService$ScrollState
instanceKlass com/naqqa/elasticsearch/search/advanced/pagination/ScrollContext$ScrollPage
instanceKlass com/naqqa/elasticsearch/search/advanced/pagination/FieldDoc
instanceKlass com/naqqa/elasticsearch/search/advanced/pagination/Pagination$Page
instanceKlass com/naqqa/elasticsearch/search/aggs/support/sketch/TDigest$Centroid
instanceKlass com/naqqa/elasticsearch/common/geo/DistanceUnit$Distance
instanceKlass com/naqqa/elasticsearch/bench/dataset/TaxiLikeDataset$TaxiTrip
instanceKlass com/naqqa/elasticsearch/index/engine/FlushResult
instanceKlass com/naqqa/elasticsearch/node/search/HighlightPhase$Options
instanceKlass com/naqqa/elasticsearch/node/search/SuggestPhase$SegmentMatch
instanceKlass com/naqqa/elasticsearch/search/suggest/completion/CompletionSegmentIndex$Match
instanceKlass com/naqqa/elasticsearch/search/suggest/completion/CompletionEntry
instanceKlass com/naqqa/elasticsearch/node/search/SearchSpec$SortSpec
instanceKlass com/naqqa/elasticsearch/search/aggs/bucket/range/RangeSpec
instanceKlass com/naqqa/elasticsearch/bench/OperationResult
instanceKlass com/naqqa/elasticsearch/action/search/LocalSearchExecutor$ShardHit
instanceKlass com/naqqa/elasticsearch/search/execution/QueryCache$CacheKey
instanceKlass com/naqqa/elasticsearch/node/search/SearchEngine$ParsedSearch
instanceKlass com/naqqa/elasticsearch/rest/document/DocumentActionService$BulkResult
instanceKlass com/naqqa/elasticsearch/cluster/service/ClusterStateTaskConfig
instanceKlass com/naqqa/elasticsearch/node/indices/MetadataIndexService$CreateSpec
instanceKlass com/naqqa/elasticsearch/rest/indices/IndexAdminActionService$CreateIndexResult
instanceKlass com/naqqa/elasticsearch/rest/indices/IndexAdminActionService$CreateIndexRequest
instanceKlass com/naqqa/elasticsearch/rest/indices/IndexAdminActionService$AckResult
instanceKlass com/naqqa/elasticsearch/http/PathPattern$MatchResult
instanceKlass com/naqqa/elasticsearch/http/PathPattern$Wildcard
instanceKlass jdk/internal/misc/ThreadTracker$ThreadRef
instanceKlass jdk/internal/net/http/common/DebugLogger$LoggerConfig
instanceKlass com/naqqa/elasticsearch/http/PathPattern$Literal
instanceKlass com/naqqa/elasticsearch/http/PathPattern$Param
instanceKlass com/naqqa/elasticsearch/http/Router$RegisteredRoute
instanceKlass com/naqqa/elasticsearch/rest/RestServices
instanceKlass com/naqqa/elasticsearch/security/audit/AuditSettings
instanceKlass com/naqqa/elasticsearch/cluster/coordination/ApplyCommitRequest
instanceKlass com/naqqa/elasticsearch/cluster/coordination/PublishResponse
instanceKlass com/naqqa/elasticsearch/cluster/coordination/Join
instanceKlass com/naqqa/elasticsearch/node/cluster/Wire$Bytes
instanceKlass com/naqqa/elasticsearch/node/indices/PeerRecoveryService$Source
instanceKlass com/naqqa/elasticsearch/node/cluster/ClusterStateManager$DiscoveryConfig
instanceKlass com/naqqa/elasticsearch/node/NodeInfo
instanceKlass com/naqqa/elasticsearch/bench/BenchHttpClient$Resp
instanceKlass com/naqqa/elasticsearch/bench/dataset/ProductLikeDataset$ProductDoc
instanceKlass com/naqqa/elasticsearch/bench/dataset/ProductLikeDataset$CategoryNode
instanceKlass com/naqqa/elasticsearch/analysis/filter/worddelimiter/SlowWdf$WordPart
instanceKlass com/naqqa/elasticsearch/index/engine/EngineStats
instanceKlass com/naqqa/elasticsearch/action/write/BulkResponse
instanceKlass com/naqqa/elasticsearch/rest/document/DocumentActionService$BulkItemResult
instanceKlass com/naqqa/elasticsearch/action/write/BulkRequest
instanceKlass com/naqqa/elasticsearch/rest/document/DocumentActionService$BulkItem
instanceKlass com/naqqa/elasticsearch/action/search/ShardFieldCollector$Hit
instanceKlass com/naqqa/elasticsearch/search/query/BooleanQuery$BooleanClause
instanceKlass com/naqqa/elasticsearch/action/search/SearchRequest$CanMatchRange
instanceKlass com/naqqa/elasticsearch/action/search/SearchResponse$Failure
instanceKlass com/naqqa/elasticsearch/action/get/MultiGetResponse
instanceKlass com/naqqa/elasticsearch/action/get/TransportGetAction$ShardKey
instanceKlass com/naqqa/elasticsearch/action/get/MultiGetRequest
instanceKlass com/naqqa/elasticsearch/action/get/MultiGetRequest$Item
instanceKlass com/naqqa/elasticsearch/action/get/GetResponse
instanceKlass com/naqqa/elasticsearch/action/get/GetRequest
instanceKlass com/naqqa/elasticsearch/rest/document/DocumentActionService$UpdateResult
instanceKlass com/naqqa/elasticsearch/rest/document/DocumentActionService$UpdateRequest
instanceKlass com/naqqa/elasticsearch/rest/document/DocumentActionService$IndexResult
instanceKlass com/naqqa/elasticsearch/rest/document/DocumentActionService$IndexRequest
instanceKlass com/naqqa/elasticsearch/action/byquery/MultiTermVectorsAction$DocSpec
instanceKlass com/naqqa/elasticsearch/rest/document/DocumentActionService$DeleteResult
instanceKlass com/naqqa/elasticsearch/index/translog/Operation$Delete
instanceKlass com/naqqa/elasticsearch/index/engine/DeleteOperation
instanceKlass com/naqqa/elasticsearch/rest/document/DocumentActionService$DeleteRequest
instanceKlass com/naqqa/elasticsearch/action/search/SearchResponse$Shards
instanceKlass com/naqqa/elasticsearch/action/search/ShardSearchService$ShardFetchResponse$FetchedDoc
instanceKlass com/naqqa/elasticsearch/index/engine/segment/StoredDocCodec$Decoded
instanceKlass com/naqqa/elasticsearch/codec/storedfields/StoredFieldsReader$BlockCache
instanceKlass com/naqqa/elasticsearch/action/search/ShardSearchService$ShardQueryResponse$Hit
instanceKlass com/naqqa/elasticsearch/search/execution/TotalHits
instanceKlass com/naqqa/elasticsearch/search/execution/TopDocs
instanceKlass com/naqqa/elasticsearch/search/similarity/BM25Similarity$BM25Weight
instanceKlass com/naqqa/elasticsearch/search/similarity/TermStatistics
instanceKlass com/naqqa/elasticsearch/search/similarity/CollectionStatistics
instanceKlass com/naqqa/elasticsearch/node/search/QueryFactory$FieldType
instanceKlass com/naqqa/elasticsearch/transport/MessageCodec$DecodedMessage
instanceKlass com/naqqa/elasticsearch/action/byquery/BulkByScrollResponse
instanceKlass com/naqqa/elasticsearch/action/byquery/BulkByScrollExecutor$HandlerResult
instanceKlass com/naqqa/elasticsearch/action/search/SearchResponse$Hit
instanceKlass com/naqqa/elasticsearch/action/write/IndexNameResolver$Resolution
instanceKlass com/naqqa/elasticsearch/action/search/SearchResponse
instanceKlass com/naqqa/elasticsearch/action/byquery/ByQuerySearchHooks
instanceKlass com/naqqa/elasticsearch/index/engine/RefreshResult
instanceKlass com/naqqa/elasticsearch/codec/segment/SegmentCommitInfo
instanceKlass com/naqqa/elasticsearch/codec/postings/TermStats
instanceKlass com/naqqa/elasticsearch/index/engine/segment/SegmentWriter$SortedTerm
instanceKlass com/naqqa/elasticsearch/store/IOContext
instanceKlass com/naqqa/elasticsearch/index/engine/segment/SegmentWriter$FlatDoc
instanceKlass com/naqqa/elasticsearch/index/engine/BufferedDoc
instanceKlass com/naqqa/elasticsearch/index/translog/Translog$Location
instanceKlass com/naqqa/elasticsearch/index/translog/Operation$Index
instanceKlass com/naqqa/elasticsearch/index/mapper/ParsedDocument
instanceKlass com/naqqa/elasticsearch/index/mapper/IndexedTerm
instanceKlass com/naqqa/elasticsearch/index/engine/InternalEngine$CurrentDocInfo
instanceKlass com/naqqa/elasticsearch/index/engine/IndexOperation
instanceKlass com/naqqa/elasticsearch/index/translog/TranslogScanner$ScanResult
instanceKlass com/naqqa/elasticsearch/cluster/routing/ShardId
instanceKlass com/naqqa/elasticsearch/transport/DiscoveryNode
instanceKlass java/nio/DirectByteBuffer$Deallocator
instanceKlass jdk/net/UnixDomainPrincipal
instanceKlass java/lang/reflect/Proxy$ProxyBuilder$ProxyClassContext
instanceKlass com/naqqa/elasticsearch/action/byquery/ByQueryOptions
instanceKlass java/security/SecureClassLoader$CodeSourceKey
instanceKlass jdk/internal/module/ModuleReferenceImpl$CachedHash
instanceKlass java/util/stream/Collectors$CollectorImpl
instanceKlass jdk/internal/reflect/ReflectionFactory$Config
instanceKlass jdk/internal/foreign/abi/UpcallLinker$CallRegs
instanceKlass jdk/internal/foreign/abi/VMStorage
ciInstanceKlass java/lang/Record 1 1 22 10 7 12 1 1 1 100 1 1 1 1 1 1 1 1 1 1 1 1 1 1
ciInstanceKlass java/lang/invoke/MethodType 1 1 780 7 1 10 7 12 1 1 1 9 12 1 1 9 12 1 1 9 12 1 1 10 7 12 1 1 1 9 7 12 1 1 8 1 10 100 12 1 1 1 9 7 1 9 7 1 10 12 1 1 7 1 10 8 1 10 12 1 1 10 12 1 10 12 1 1 7 1 8 1 10 12 1 100 1 10 10 12 1 10 12 1 1 10 12 1 1 11 7 12 1 1 1 9 12 1 11 12 1 1 7 10 12 1 1 10 12 1 1 7 1 7 1 10 7 12 1 1 1 10 12 1 10 12 1 9 12 1 1 10 7 12 1 1 10 12 1 1 10 7 12 1 1 1 10 7 12 1 1 1 10 12 1 9 12 1 1 10 12 1 1 10 12 1 1 10 12 1 1 10 12 1 1 10 12 1 1 10 12 1 10 12 1 10 12 1 1 10 12 1 8 1 8 1 10 12 1 1 9 12 1 1 100 1 10 10 12 1 1 10 12 1 10 12 1 1 10 12 1 1 10 12 1 10 12 1 10 12 1 8 1 10 12 1 1 10 7 12 1 1 1 10 12 1 10 12 1 1 10 12 1 10 12 1 10 12 1 1 10 12 1 10 12 1 9 12 1 10 12 1 10 10 12 1 1 10 12 1 9 12 1 1 10 12 1 1 11 12 1 1 10 12 1 1 7 1 10 12 10 12 1 10 12 1 100 1 8 1 8 1 8 1 10 12 1 10 12 1 10 12 1 10 10 12 1 11 12 1 1 11 12 1 10 100 12 1 1 1 9 12 1 10 12 1 10 12 1 1 10 12 1 1 10 12 1 10 12 1 10 100 12 1 1 1 10 12 1 1 10 12 1 10 12 1 10 12 1 10 9 12 1 1 7 1 10 12 1 10 12 1 1 9 100 12 1 1 1 10 7 12 1 1 1 10 7 12 1 1 1 10 12 1 1 10 7 12 1 1 1 10 12 1 1 8 1 10 7 12 1 1 1 11 12 1 1 9 12 1 1 10 12 1 1 10 12 1 10 12 1 1 10 12 1 1 10 100 12 1 1 100 1 10 12 1 1 11 100 12 1 1 18 12 1 1 11 12 1 1 18 12 1 11 12 1 100 1 11 100 12 1 1 10 12 1 100 1 10 12 1 10 100 12 1 1 10 12 1 1 9 12 1 1 9 100 12 1 1 1 10 7 12 1 1 1 9 12 1 10 100 12 1 1 10 12 1 100 10 12 1 1 10 12 1 10 7 1 7 1 9 12 1 1 7 1 7 1 7 1 1 1 5 0 1 1 1 1 1 1 1 3 1 3 1 3 1 1 1 1 1 1 1 1 1 1 1 1 1 1 1 1 1 1 1 1 1 1 1 1 1 1 1 1 1 1 1 1 1 1 1 1 1 1 1 1 1 1 1 1 1 1 1 1 1 1 1 1 1 1 1 1 1 1 1 1 1 1 1 1 1 1 1 1 1 1 1 1 1 1 1 1 1 1 1 1 1 1 1 1 1 1 1 1 1 1 1 1 1 1 1 1 1 1 1 1 1 1 1 1 1 1 1 1 1 1 1 1 1 1 1 1 1 1 1 1 1 1 1 1 1 1 1 1 1 1 1 100 1 100 1 1 1 1 1 1 1 1 1 1 1 1 1 100 1 1 1 7 1 1 1 1 1 1 1 1 1 1 1 1 1 1 1 1 1 1 1 1 1 1 16 15 10 12 16 16 15 10 12 16 15 10 100 12 1 1 1 1 1 1 1 7 1 1 7 1 1 100 1 100 1 1
staticfield java/lang/invoke/MethodType internTable Ljava/lang/invoke/MethodType$ConcurrentWeakInternSet; java/lang/invoke/MethodType$ConcurrentWeakInternSet
staticfield java/lang/invoke/MethodType NO_PTYPES [Ljava/lang/Class; 0 [Ljava/lang/Class;
staticfield java/lang/invoke/MethodType objectOnlyTypes [Ljava/lang/invoke/MethodType; 20 [Ljava/lang/invoke/MethodType;
staticfield java/lang/invoke/MethodType METHOD_HANDLE_ARRAY [Ljava/lang/Class; 1 [Ljava/lang/Class;
staticfield java/lang/invoke/MethodType serialPersistentFields [Ljava/io/ObjectStreamField; 0 [Ljava/io/ObjectStreamField;
staticfield java/lang/invoke/MethodType $assertionsDisabled Z 1
ciInstanceKlass java/lang/invoke/TypeDescriptor$OfMethod 1 0 43 100 1 100 1 100 1 1 1 1 1 1 1 1 1 1 1 1 1 1 1 1 1 1 1 1 1 1 1 1 1 1 1 1 1 1 1 1 1 1 100 1 1
instanceKlass java/lang/InstantiationException
instanceKlass java/lang/IllegalAccessException
instanceKlass java/lang/reflect/InvocationTargetException
instanceKlass java/lang/NoSuchFieldException
instanceKlass java/lang/NoSuchMethodException
instanceKlass java/lang/ClassNotFoundException
ciInstanceKlass java/lang/ReflectiveOperationException 0 0 34 10 100 12 1 1 1 10 12 1 10 12 1 10 12 1 100 1 1 1 1 5 0 1 1 1 1 1 1 1 1 1 1 1
instanceKlass java/lang/invoke/DelegatingMethodHandle
instanceKlass java/lang/invoke/BoundMethodHandle
instanceKlass java/lang/invoke/DirectMethodHandle
ciInstanceKlass java/lang/invoke/MethodHandle 1 1 736 100 1 9 7 12 1 1 1 10 7 12 1 1 1 10 7 12 1 1 1 7 1 7 1 10 12 1 1 9 12 1 1 10 12 1 10 12 1 1 10 12 1 1 10 100 12 1 1 1 10 12 1 1 10 12 1 1 11 7 12 1 1 1 10 12 1 1 10 12 1 10 12 1 10 12 1 1 9 12 1 1 9 12 1 1 10 7 12 1 1 1 10 12 1 1 10 12 1 10 12 1 100 1 7 1 10 8 1 10 12 1 1 10 12 1 8 1 10 12 1 1 10 12 1 10 7 12 1 1 1 10 12 1 1 10 12 1 1 10 12 1 1 10 7 12 1 1 1 10 12 1 1 10 12 1 1 10 12 1 10 12 1 1 10 7 12 1 1 10 7 12 1 1 10 12 1 10 12 1 10 12 1 1 10 12 1 1 10 12 1 1 10 12 1 1 10 7 12 1 1 1 10 7 12 1 1 1 10 12 1 1 10 12 1 1 10 12 1 1 8 1 10 7 12 1 1 1 8 1 10 12 1 10 12 1 1 10 12 1 1 10 12 1 8 1 10 12 1 1 8 1 10 12 1 8 1 10 7 12 1 1 1 9 12 1 1 100 1 10 9 7 12 1 1 1 9 7 1 8 1 10 12 1 1 10 12 1 10 12 1 1 10 12 1 10 12 1 1 10 12 1 10 12 1 1 10 12 1 10 12 1 1 10 12 1 1 8 1 10 12 1 1 8 1 10 12 1 10 12 1 1 10 12 1 10 12 1 10 12 1 1 9 100 12 1 1 1 10 12 1 1 11 12 1 10 12 1 10 12 1 1 10 100 12 1 1 100 1 11 12 1 10 100 1 11 12 1 7 1 10 12 1 11 12 1 9 100 12 1 1 1 11 12 1 1 11 100 12 1 1 1 10 12 1 1 9 12 1 11 12 1 9 12 1 9 12 1 9 12 1 11 12 1 1 9 12 1 9 12 1 9 12 1 9 12 1 9 12 1 9 12 1 9 12 1 8 1 10 12 1 10 12 1 8 1 10 12 1 10 12 1 10 12 1 1 10 10 10 7 12 1 1 10 12 1 1 100 1 100 1 8 1 8 1 10 10 12 1 1 10 12 1 10 12 1 7 1 10 100 12 1 1 1 10 9 7 12 1 1 1 10 12 1 1 10 12 1 1 8 1 8 1 10 7 12 1 1 9 12 1 9 12 1 1 9 12 1 1 10 12 1 7 1 10 12 1 10 12 1 1 9 12 1 1 9 12 1 1 10 7 12 1 1 1 11 7 12 1 1 9 12 1 10 12 1 1 10 12 1 9 12 1 10 12 1 8 10 12 1 1 8 1 1 1 1 1 1 1 1 7 1 1 1 1 1 1 1 1 1 1 1 1 1 1 1 1 1 1 1 1 1 1 1 1 1 1 1 1 1 1 100 1 1 1 1 1 1 1 1 1 1 1 1 1 1 1 1 1 1 1 1 1 1 1 1 1 1 1 1 1 1 1 1 1 1 1 1 1 1 1 1 1 1 1 1 1 1 1 1 1 1 1 1 1 1 1 1 1 1 1 1 1 1 1 1 1 1 1 1 1 1 1 1 1 1 1 1 1 1 1 1 1 1 1 1 1 1 100 1 1 100 1 7 1 100 1 1 100 1 1 100 1 1 1 1
staticfield java/lang/invoke/MethodHandle FORM_OFFSET J 20
staticfield java/lang/invoke/MethodHandle UPDATE_OFFSET J 13
staticfield java/lang/invoke/MethodHandle $assertionsDisabled Z 1
ciInstanceKlass java/util/concurrent/ConcurrentHashMap 1 1 1210 7 1 7 1 3 10 12 1 1 3 7 1 10 7 12 1 1 1 7 1 10 7 12 1 1 1 100 1 11 12 1 1 11 12 1 11 12 1 1 9 12 1 1 9 12 1 1 9 12 1 10 7 12 1 1 1 7 1 10 12 1 1 10 12 1 1 10 7 12 1 1 1 4 10 12 1 9 12 1 10 12 1 1 100 1 10 5 0 10 12 1 10 12 1 1 5 0 10 12 1 1 10 12 1 9 12 1 1 10 12 1 1 9 12 1 9 12 1 1 10 12 1 1 9 12 1 10 12 1 1 9 12 1 1 10 12 1 1 100 1 10 100 1 10 12 1 10 12 1 1 10 12 1 1 10 12 1 1 10 12 1 10 12 1 1 10 12 1 1 100 1 10 12 1 1 7 1 100 1 8 1 10 12 1 10 12 1 1 10 12 1 1 11 7 12 1 1 10 12 1 1 11 12 1 1 11 7 12 1 1 1 11 7 12 1 1 1 11 12 1 7 1 11 12 1 11 12 1 10 12 1 1 10 12 1 1 9 12 1 1 10 100 12 1 1 1 9 10 12 1 1 9 12 1 10 12 1 1 5 0 9 12 1 1 7 1 10 12 1 9 12 1 1 7 1 10 12 1 9 12 1 7 1 10 7 1 10 10 12 1 1 8 1 10 12 1 10 12 1 1 11 100 1 10 12 1 10 100 12 1 1 1 8 1 10 100 12 1 1 1 8 1 10 12 1 8 1 10 12 1 10 12 1 1 10 100 12 1 1 10 12 1 10 12 1 10 12 1 9 12 1 9 10 12 1 9 12 1 1 11 100 12 1 1 1 11 7 12 1 1 1 100 1 10 12 11 100 12 1 1 10 11 7 12 1 10 12 1 100 1 10 12 1 100 1 10 10 9 7 12 1 1 1 10 12 3 10 7 12 1 1 9 12 1 10 12 1 1 9 12 1 1 9 12 1 10 12 1 1 10 7 12 1 1 9 12 1 9 7 12 1 1 10 12 1 1 10 12 1 3 9 12 1 9 12 1 10 12 1 1 7 1 9 3 9 12 1 7 1 10 12 1 9 12 1 10 12 1 9 12 1 10 12 1 9 12 1 10 100 12 1 1 1 100 10 12 1 7 1 5 0 10 100 12 1 1 100 1 10 12 1 1 10 12 1 10 12 1 100 1 10 12 1 10 100 1 100 1 10 10 12 1 10 100 1 10 12 1 10 100 1 10 12 1 10 7 1 10 12 1 1 100 1 10 12 1 10 10 12 1 100 1 10 12 1 10 10 12 1 100 1 10 12 1 10 100 1 10 12 1 10 100 1 10 12 1 10 100 1 10 12 1 10 100 1 10 12 1 10 100 1 10 12 1 10 100 1 10 12 1 10 100 1 10 12 1 10 100 1 10 10 100 1 10 10 100 1 10 10 100 1 10 12 1 10 100 1 10 12 1 10 100 1 10 12 1 10 100 1 10 12 1 10 100 1 10 12 1 10 100 1 10 10 100 1 10 10 100 1 10 10 100 1 10 12 1 10 100 1 10 12 1 10 100 1 10 12 1 10 100 1 10 12 1 10 100 1 10 12 1 10 10 12 1 10 7 12 1 1 1 10 12 1 7 1 7 1 10 12 1 9 12 1 1 9 12 1 1 10 12 1 1 8 10 12 1 1 8 8 8 8 7 10 12 1 1 10 12 1 100 1 8 1 10 7 1 7 1 7 1 1 1 5 0 1 1 3 1 3 1 1 1 1 3 1 3 1 3 1 1 1 1 1 3 1 3 1 3 1 1 1 1 1 1 1 1 1 1 1 1 1 1 1 1 1 1 1 1 1 1 1 1 1 100 1 1 1 1 1 1 1 1 1 1 1 1 1 1 1 1 1 1 1 1 1 1 1 1 1 1 1 1 1 1 1 1 1 1 1 1 1 1 1 1 1 1 1 1 1 1 1 1 1 1 1 1 1 1 1 1 1 1 1 1 1 1 1 1 1 1 1 1 1 1 1 1 1 1 1 1 1 1 1 1 1 1 1 1 100 1 1 1 1 1 1 1 1 1 1 1 7 1 1 1 1 1 1 1 1 1 1 1 1 1 1 1 1 1 1 1 1 1 1 1 1 1 1 1 1 1 1 1 1 1 1 1 1 1 1 1 1 1 1 1 1 1 1 1 1 1 1 1 1 1 1 1 1 1 1 1 1 1 1 1 1 1 1 1 1 1 1 1 1 1 1 1 1 1 1 1 1 1 1 1 1 1 1 1 1 1 1 1 1 1 1 1 1 1 1 1 1 1 1 1 1 1 1 1 1 1 1 1 1 1 1 1 1 1 1 1 1 1 1 1 1 1 1 1 1 1 1 1 1 1 1 1 1 1 1 1 1 1 1 1 1 1 1 1 1 1 1 1 1 1 1 1 1 1 1 1 1 1 1 1 1 1 1 1 1 1 1 1 1 1 1 1 1 1 1 1 1 1 1 1 1 1 1 1 1 1 1 1 1 1 1 1 1 1 1 1 1 1 1 1 1 1 1 1 1 1 1 1 1 1 1 1 1 1 1 1 1 1 1 1 100 1 100 1 100 1 100 1 100 1 100 1 100 1 100 1 100 1 1 1 1 1 1 1 1 1 1 1 1 1 1 1 1 1 1 1 1 1 1 1 1 1 1 1 1 1 1 1 1 1 1 1 1 1 1 1 1 1 1 1 1 1 1 1 1 1 1 1 1 1 1 1 1 1 1
staticfield java/util/concurrent/ConcurrentHashMap NCPU I 16
staticfield java/util/concurrent/ConcurrentHashMap serialPersistentFields [Ljava/io/ObjectStreamField; 3 [Ljava/io/ObjectStreamField;
staticfield java/util/concurrent/ConcurrentHashMap U Ljdk/internal/misc/Unsafe; jdk/internal/misc/Unsafe
staticfield java/util/concurrent/ConcurrentHashMap SIZECTL J 20
staticfield java/util/concurrent/ConcurrentHashMap TRANSFERINDEX J 32
staticfield java/util/concurrent/ConcurrentHashMap BASECOUNT J 24
staticfield java/util/concurrent/ConcurrentHashMap CELLSBUSY J 36
staticfield java/util/concurrent/ConcurrentHashMap CELLVALUE J 144
staticfield java/util/concurrent/ConcurrentHashMap ABASE I 16
staticfield java/util/concurrent/ConcurrentHashMap ASHIFT I 2
ciInstanceKlass java/util/concurrent/ConcurrentMap 1 1 208 11 7 12 1 1 1 10 100 12 1 1 11 12 1 1 11 100 12 1 1 1 11 7 12 1 1 1 11 12 1 1 100 1 11 12 1 11 12 1 100 1 11 100 12 1 1 1 18 12 1 11 12 1 1 11 100 12 1 1 11 12 1 1 11 100 12 1 11 12 1 1 11 12 1 1 7 1 7 1 1 1 1 1 1 1 1 1 1 1 1 1 1 1 1 1 1 1 1 1 1 1 1 1 1 1 1 1 1 1 1 1 1 1 1 1 1 1 1 1 1 1 1 1 1 1 1 1 1 1 1 1 1 1 1 1 1 1 1 16 15 11 12 15 10 100 12 1 1 1 1 1 100 1 100 1 1 1 100 1 8 1 1 12 10 1 1 1 8 1 1 1 8 1 1 8 1 1 1 8 1 1 1 8 1 1 1 8 1 1 1 8 1 1 1 8 1 1 1 8 1 1 1 8 1 1 8 1
instanceKlass java/util/Collections$SingletonMap
instanceKlass java/util/concurrent/ConcurrentSkipListMap
instanceKlass java/util/TreeMap
instanceKlass java/util/IdentityHashMap
instanceKlass java/util/EnumMap
instanceKlass java/util/WeakHashMap
instanceKlass java/util/Collections$EmptyMap
instanceKlass sun/util/PreHashedMap
instanceKlass java/util/HashMap
instanceKlass java/util/ImmutableCollections$AbstractImmutableMap
instanceKlass java/util/concurrent/ConcurrentHashMap
ciInstanceKlass java/util/AbstractMap 1 1 196 10 7 12 1 1 1 10 7 12 1 1 1 11 7 12 1 1 1 10 11 12 1 1 11 7 12 1 1 1 11 12 1 1 7 1 11 12 1 10 12 1 1 11 12 1 100 1 10 11 12 1 11 7 1 10 12 1 1 11 12 1 9 12 1 1 7 1 10 12 1 9 12 1 1 7 1 10 11 11 12 1 1 11 12 1 7 1 100 1 11 12 1 8 1 7 1 10 10 12 1 1 8 1 10 12 1 10 12 1 1 10 12 1 1 1 1 1 1 1 1 1 1 1 1 1 1 1 1 1 1 1 1 1 1 1 1 1 1 1 1 1 1 1 1 1 1 1 1 1 1 1 1 7 1 1 1 1 1 1 1 7 1 1 1 1 1 1 1 1 1 100 1 1 1 1 1 1 1 1 1 100 1 100 1 100 1 100 1 100 1 1 1 1 1 1
ciInstanceKlass jdk/internal/loader/ClassLoaders 1 1 183 10 7 12 1 1 1 10 7 12 1 1 1 10 12 1 1 10 100 12 1 1 1 9 7 12 1 1 1 9 12 1 1 9 12 1 1 7 1 11 100 12 1 1 1 100 1 11 12 1 1 11 12 1 1 10 100 12 1 1 1 10 100 12 1 1 1 100 1 100 1 10 7 12 1 1 1 9 12 1 1 10 12 1 1 7 1 10 12 1 1 10 12 1 7 1 8 1 10 7 12 1 1 1 10 12 1 1 7 1 10 12 1 10 12 1 10 12 1 8 1 10 7 12 1 1 8 1 8 1 10 12 1 7 1 10 12 1 10 12 1 10 12 1 1 1 1 1 1 1 1 1 1 1 1 1 1 1 1 1 1 1 1 7 1 1 1 1 1 1 1 1 1 1 1 1 1 1 1 1 1 1 1
staticfield jdk/internal/loader/ClassLoaders JLA Ljdk/internal/access/JavaLangAccess; java/lang/System$2
staticfield jdk/internal/loader/ClassLoaders BOOT_LOADER Ljdk/internal/loader/ClassLoaders$BootClassLoader; jdk/internal/loader/ClassLoaders$BootClassLoader
staticfield jdk/internal/loader/ClassLoaders PLATFORM_LOADER Ljdk/internal/loader/ClassLoaders$PlatformClassLoader; jdk/internal/loader/ClassLoaders$PlatformClassLoader
staticfield jdk/internal/loader/ClassLoaders APP_LOADER Ljdk/internal/loader/ClassLoaders$AppClassLoader; jdk/internal/loader/ClassLoaders$AppClassLoader
instanceKlass jdk/internal/loader/ClassLoaders$BootClassLoader
instanceKlass jdk/internal/loader/ClassLoaders$PlatformClassLoader
instanceKlass jdk/internal/loader/ClassLoaders$AppClassLoader
ciInstanceKlass jdk/internal/loader/BuiltinClassLoader 1 1 737 9 7 12 1 1 1 10 7 12 1 1 1 10 7 12 1 1 1 9 12 1 1 9 12 1 1 7 1 10 12 1 9 12 1 10 12 1 9 12 1 10 7 12 1 1 1 10 7 12 1 1 1 10 7 12 1 1 1 11 7 12 1 1 1 7 1 7 1 10 10 12 1 1 8 1 10 12 1 10 12 7 1 10 12 1 10 12 1 1 11 7 12 1 1 1 11 7 12 1 1 1 11 12 1 1 7 1 8 1 8 1 10 9 12 1 1 10 7 12 1 1 11 12 1 1 10 12 1 1 10 12 1 1 10 12 1 1 10 7 12 1 1 1 10 12 1 10 7 12 1 1 1 10 12 1 1 11 7 12 1 1 1 10 7 12 1 1 7 1 10 7 12 1 1 1 10 12 1 100 1 8 1 10 12 1 1 10 8 1 10 12 1 1 10 12 1 1 10 12 1 1 11 7 12 1 1 11 12 1 7 1 10 11 12 1 1 11 10 12 1 1 7 1 10 12 1 10 7 12 1 10 12 1 7 1 10 12 1 10 7 12 1 1 1 100 1 10 12 1 1 11 12 1 100 1 100 1 10 12 1 10 12 1 1 100 1 100 1 10 12 1 10 12 1 18 12 1 1 10 12 1 10 12 1 1 18 100 1 10 7 12 1 1 1 7 1 10 10 12 1 1 10 12 1 1 10 12 1 1 10 12 1 9 12 1 1 100 1 10 10 12 1 1 10 12 1 1 10 12 1 10 12 10 12 1 1 10 12 1 1 10 12 1 1 10 12 1 10 12 1 1 18 12 1 7 1 10 12 1 1 10 12 1 10 12 1 1 10 12 1 100 1 10 12 1 7 1 10 12 1 10 7 12 1 1 1 10 12 1 11 12 1 7 1 10 12 1 7 1 100 1 10 12 1 10 12 1 11 12 1 1 10 12 1 1 10 12 1 1 10 12 1 1 10 12 1 1 10 12 1 10 12 1 10 12 1 10 12 1 8 1 10 12 1 1 10 7 12 1 1 10 12 1 100 1 8 1 8 1 10 10 12 1 8 1 8 1 10 100 12 1 1 1 11 100 12 1 1 1 9 100 12 1 1 1 10 100 12 1 1 1 9 12 1 9 12 1 9 12 1 9 12 1 9 12 1 9 12 1 10 7 12 1 1 1 8 1 10 12 1 7 1 10 12 1 1 10 12 1 7 1 10 11 12 1 1 10 12 10 12 1 10 12 1 100 1 10 12 1 10 12 1 10 10 12 1 10 7 12 1 1 8 1 10 7 12 1 1 10 12 1 1 1 1 1 1 1 1 1 1 1 1 1 1 1 1 1 1 1 1 1 1 1 1 1 1 1 1 1 1 1 1 1 1 1 1 1 1 1 1 1 1 1 1 1 1 1 1 1 1 1 1 1 1 1 1 7 1 1 1 1 1 1 1 1 1 1 1 1 1 1 1 1 1 1 7 1 7 1 1 1 1 1 1 1 1 1 1 1 1 1 1 1 1 1 1 1 1 1 1 1 1 1 1 1 1 1 1 1 1 1 1 1 1 1 1 1 1 1 1 1 1 1 1 1 1 1 1 1 100 1 1 16 15 10 12 16 15 10 12 16 15 10 12 16 1 15 10 100 12 1 1 1 1 1 100 1 1 1 1 1 100 1 100 1 1
staticfield jdk/internal/loader/BuiltinClassLoader packageToModule Ljava/util/Map; java/util/concurrent/ConcurrentHashMap
staticfield jdk/internal/loader/BuiltinClassLoader $assertionsDisabled Z 1
ciInstanceKlass jdk/internal/loader/ClassLoaders$AppClassLoader 1 1 119 8 1 10 7 12 1 1 1 10 7 12 1 1 1 10 7 12 1 1 1 10 12 1 1 10 7 12 1 1 1 10 12 1 1 10 12 1 1 7 1 8 1 10 12 10 7 12 1 1 1 10 7 12 1 1 10 12 1 1 10 12 1 1 10 7 12 1 1 1 7 1 10 12 1 1 1 1 1 1 1 1 1 1 1 1 1 1 1 1 1 1 1 1 1 7 1 1 1 1 1 1 1 1 1 1 1 1 1 1 1 1 1 1 1 7 1 1 1
ciInstanceKlass jdk/internal/loader/ClassLoaders$PlatformClassLoader 1 1 42 8 1 10 7 12 1 1 1 10 7 12 1 1 1 7 1 10 12 1 7 1 1 1 1 1 1 1 1 1 1 1 1 1 1 7 1 1 1 100 1 1
ciInstanceKlass java/lang/ArithmeticException 1 1 26 10 100 12 1 1 1 10 12 1 100 1 1 1 1 5 0 1 1 1 1 1 1 1 1 1
ciInstanceKlass java/lang/ArrayStoreException 1 1 26 10 100 12 1 1 1 10 12 1 100 1 1 1 1 5 0 1 1 1 1 1 1 1 1 1
ciInstanceKlass java/lang/ClassCastException 1 1 26 10 100 12 1 1 1 10 12 1 100 1 1 1 1 5 0 1 1 1 1 1 1 1 1 1
ciInstanceKlass java/lang/ClassNotFoundException 0 0 96 7 1 10 7 12 1 1 1 10 12 1 10 12 1 1 10 100 12 1 1 1 8 1 10 100 12 1 1 1 10 7 12 1 1 10 100 12 1 1 1 10 100 12 1 1 1 10 12 1 1 100 1 10 12 1 9 12 1 1 1 1 1 5 0 1 1 1 1 1 1 1 1 1 1 1 1 1 1 1 1 1 1 100 1 1 1 1 1 1 1 1 1 1 1 1
instanceKlass java/security/InvalidParameterException
instanceKlass java/lang/NumberFormatException
ciInstanceKlass java/lang/IllegalArgumentException 1 1 35 10 7 12 1 1 1 10 12 1 10 12 1 10 12 1 100 1 1 1 1 5 0 1 1 1 1 1 1 1 1 1 1 1 1
ciInstanceKlass java/lang/IllegalMonitorStateException 1 1 26 10 100 12 1 1 1 10 12 1 100 1 1 1 1 5 0 1 1 1 1 1 1 1 1 1
ciInstanceKlass java/lang/BootstrapMethodError 0 0 45 10 100 12 1 1 1 10 12 1 10 12 1 10 100 12 1 1 1 10 100 12 1 1 1 1 1 1 5 0 1 1 1 1 1 1 1 1 1 1 1 100 1 1 1
instanceKlass java/lang/ExceptionInInitializerError
instanceKlass java/lang/IncompatibleClassChangeError
instanceKlass java/lang/BootstrapMethodError
instanceKlass java/lang/NoClassDefFoundError
ciInstanceKlass java/lang/LinkageError 1 1 31 10 7 12 1 1 1 10 12 1 10 12 1 100 1 1 1 1 5 0 1 1 1 1 1 1 1 1 1 1 1
ciInstanceKlass java/lang/NullPointerException 1 1 52 10 100 12 1 1 1 10 12 1 9 100 12 1 1 1 10 12 1 1 9 12 1 1 10 12 1 1 10 12 1 1 1 1 5 0 1 1 1 1 1 1 1 1 100 1 100 1 100 1 1 1
ciInstanceKlass java/lang/NoClassDefFoundError 0 0 26 10 100 12 1 1 1 10 12 1 100 1 1 1 1 5 0 1 1 1 1 1 1 1 1 1
ciInstanceKlass java/lang/StackOverflowError 1 1 26 10 100 12 1 1 1 10 12 1 100 1 1 1 1 5 0 1 1 1 1 1 1 1 1 1
ciInstanceKlass java/lang/StackTraceElement 1 1 235 10 7 12 1 1 1 10 7 12 1 1 9 12 1 1 9 12 1 1 9 12 1 9 12 1 8 1 10 100 12 1 1 1 7 1 9 12 1 8 1 9 12 1 9 12 1 9 12 1 1 10 12 1 1 10 12 1 8 1 10 7 12 1 1 1 7 1 10 12 1 10 12 1 1 10 12 1 10 12 1 1 10 12 1 10 12 1 10 10 12 1 8 1 10 12 1 10 12 1 1 10 12 1 1 10 12 1 10 12 1 10 12 1 9 12 1 1 10 7 12 1 1 1 10 12 1 1 7 1 10 12 1 1 10 7 12 1 1 10 7 12 1 1 1 10 7 12 1 1 10 7 12 1 1 10 10 12 1 1 10 12 1 1 10 12 1 1 10 12 1 7 1 1 1 1 1 1 1 3 1 3 1 1 5 0 1 1 1 1 1 1 1 1 1 1 1 1 1 1 1 1 1 1 1 1 1 1 1 1 1 1 1 1 1 7 1 7 1 1 1 1 1 1 1 100 1 1 1 1 1 1 1 1 1
instanceKlass java/util/concurrent/locks/AbstractQueuedSynchronizer
ciInstanceKlass java/util/concurrent/locks/AbstractOwnableSynchronizer 1 1 32 10 7 12 1 1 1 9 7 12 1 1 1 100 1 1 1 1 5 0 1 1 1 1 1 1 1 1 1 1 1 1
instanceKlass java/lang/VirtualThread$VThreadContinuation
ciInstanceKlass jdk/internal/vm/Continuation 1 1 549 9 7 12 1 1 1 9 12 1 9 12 1 100 1 7 1 10 12 1 1 8 1 10 12 1 1 10 12 1 10 12 1 1 10 12 1 9 7 12 1 1 1 11 7 12 1 1 1 10 7 1 9 12 1 1 9 12 1 1 10 8 1 10 12 1 9 12 1 1 10 11 12 1 1 100 1 10 100 12 1 1 1 10 12 1 1 10 12 1 10 12 1 1 11 12 1 1 9 12 1 1 10 12 1 1 18 12 1 1 10 7 12 1 1 1 100 1 10 12 1 11 100 12 1 1 1 10 12 1 9 12 1 10 12 1 1 100 1 8 1 10 12 1 10 12 1 1 9 12 1 1 11 12 1 1 9 12 1 1 8 1 10 11 12 1 1 11 12 1 1 10 12 1 1 10 12 1 1 9 12 1 10 12 1 10 10 12 1 8 1 10 12 1 8 1 8 1 10 7 12 1 1 1 10 7 12 1 1 1 10 12 1 9 12 1 11 12 1 7 1 10 12 1 10 12 1 1 9 12 1 1 7 1 10 12 1 1 9 12 1 1 10 12 1 10 12 1 11 7 12 1 1 10 7 1 10 12 1 8 1 9 12 1 10 12 1 1 9 12 1 1 10 7 12 1 1 8 1 8 1 8 1 8 1 10 12 1 1 10 12 1 10 12 1 10 12 1 10 12 1 1 10 12 1 1 8 1 10 12 1 1 9 12 1 1 10 12 1 1 9 12 1 8 1 10 7 12 1 1 1 10 12 1 8 1 100 1 8 1 10 9 12 1 1 8 1 10 7 12 1 1 10 100 12 1 1 8 1 8 1 10 12 10 7 12 1 1 1 10 7 1 10 7 12 1 1 1 18 11 100 12 1 1 1 18 12 1 11 12 1 1 7 1 10 7 12 1 1 10 12 1 1 8 10 12 1 1 10 7 12 1 1 1 10 7 12 1 1 10 12 1 8 1 10 12 1 7 1 7 1 10 12 1 1 1 1 1 1 1 1 1 1 1 1 1 1 1 1 1 1 1 1 1 1 1 1 1 1 1 1 1 1 1 1 1 1 1 1 1 1 1 1 1 1 1 1 1 1 1 1 1 1 1 1 1 1 1 1 1 1 1 1 1 1 1 1 1 1 1 1 1 1 1 1 1 1 1 100 1 1 16 1 15 10 12 16 15 11 7 12 1 1 1 16 1 16 1 15 10 12 16 15 10 100 12 1 1 1 1 1 1 1 1 100 1 100 1 1
staticfield jdk/internal/vm/Continuation U Ljdk/internal/misc/Unsafe; jdk/internal/misc/Unsafe
staticfield jdk/internal/vm/Continuation MOUNTED_OFFSET J 13
staticfield jdk/internal/vm/Continuation PRESERVE_SCOPED_VALUE_CACHE Z 1
staticfield jdk/internal/vm/Continuation JLA Ljdk/internal/access/JavaLangAccess; java/lang/System$2
staticfield jdk/internal/vm/Continuation $assertionsDisabled Z 1
ciInstanceKlass jdk/internal/misc/UnsafeConstants 1 1 34 10 100 12 1 1 1 9 7 12 1 1 1 9 12 1 9 12 1 1 9 12 1 9 12 1 1 1 1 1 1 1 1 1
staticfield jdk/internal/misc/UnsafeConstants ADDRESS_SIZE0 I 8
staticfield jdk/internal/misc/UnsafeConstants PAGE_SIZE I 4096
staticfield jdk/internal/misc/UnsafeConstants BIG_ENDIAN Z 0
staticfield jdk/internal/misc/UnsafeConstants UNALIGNED_ACCESS Z 1
staticfield jdk/internal/misc/UnsafeConstants DATA_CACHE_LINE_FLUSH_SIZE I 0
ciInstanceKlass java/lang/invoke/LambdaForm 1 1 1059 7 1 100 1 10 7 12 1 1 1 9 12 1 1 9 12 1 9 12 1 9 12 1 1 9 12 1 1 9 12 1 1 9 12 1 1 9 12 1 1 9 12 1 10 7 12 1 1 9 12 1 10 12 1 1 100 1 10 10 12 1 1 10 12 1 10 12 1 10 12 1 1 10 12 1 9 12 1 9 12 1 10 12 1 1 10 7 12 1 1 1 10 12 1 1 9 100 12 1 1 1 10 12 1 1 9 7 12 1 1 10 12 1 10 12 1 1 10 12 1 1 10 12 1 1 7 1 10 7 12 1 1 1 10 12 1 1 10 12 1 10 12 1 1 9 12 1 1 9 12 1 9 12 1 1 10 12 1 9 12 1 10 100 12 1 1 1 10 12 1 1 7 1 10 12 1 9 12 1 1 10 7 12 1 1 1 10 12 1 10 12 1 7 1 10 12 1 10 12 1 10 12 1 1 10 12 1 1 10 12 1 10 12 1 10 12 1 10 12 1 1 8 1 10 12 1 10 12 1 10 10 12 1 8 1 8 1 9 12 1 9 12 1 1 10 12 1 1 10 12 1 9 12 1 10 12 1 1 10 7 12 1 1 1 10 12 1 1 10 12 1 10 12 1 10 100 12 1 1 1 9 12 1 10 12 1 8 1 8 1 8 1 8 1 8 1 8 1 8 1 8 1 10 12 1 9 12 1 7 1 10 12 1 1 9 12 1 10 12 1 10 12 1 1 10 12 10 12 1 10 12 1 1 10 12 1 1 10 10 12 1 1 10 12 1 1 7 1 8 1 10 12 1 1 10 12 1 10 12 1 1 10 8 1 10 12 1 1 8 1 8 1 8 1 10 12 1 10 12 1 10 12 1 1 100 1 10 12 1 1 10 12 1 1 10 7 12 1 1 1 10 12 1 1 9 12 1 1 8 1 10 100 12 1 1 1 10 7 12 1 1 10 12 10 12 1 1 10 12 1 1 9 12 1 8 10 12 1 1 100 1 10 12 1 1 10 12 1 9 7 12 1 1 9 7 12 1 1 1 8 1 10 100 12 1 1 10 12 1 1 7 1 7 1 10 10 12 1 1 10 12 1 1 8 1 8 1 7 1 8 1 10 12 10 12 1 10 12 1 10 12 1 1 8 1 8 1 10 12 1 10 12 1 1 8 1 8 1 8 1 7 1 8 1 7 1 8 1 7 1 8 1 10 12 1 8 1 9 10 7 12 1 1 1 10 12 1 9 12 1 1 10 12 1 10 10 12 1 10 12 1 10 12 1 10 12 1 1 10 12 1 10 12 1 1 10 12 1 1 10 12 1 1 10 12 1 1 8 1 100 10 12 1 10 12 1 9 12 1 1 10 7 12 1 1 8 1 8 1 7 1 8 1 8 1 8 1 8 1 8 1 8 1 8 1 8 1 10 12 1 1 10 12 1 1 10 12 1 10 12 1 10 12 1 10 12 1 8 1 8 1 8 1 10 12 1 8 1 10 12 1 8 1 8 1 8 1 8 1 8 1 10 12 1 10 12 1 10 12 1 1 10 7 12 1 1 1 10 12 1 10 12 1 10 12 1 10 12 1 10 12 1 10 12 1 10 12 1 9 12 1 1 8 1 10 12 1 1 9 12 1 1 10 12 1 1 9 12 1 9 12 1 1 9 12 1 9 12 1 1 7 1 10 7 12 1 1 1 9 12 1 10 12 1 10 12 1 8 1 10 12 1 9 12 1 1 7 1 10 7 12 1 1 1 8 1 100 1 10 12 1 9 12 1 9 12 1 10 12 1 10 12 1 10 7 12 1 1 1 10 12 1 9 7 12 1 1 10 12 1 1 10 12 1 10 12 1 10 12 1 9 12 10 12 1 10 10 12 1 9 12 1 9 9 12 1 7 9 12 1 1 10 12 1 1 9 12 1 10 12 1 10 7 1 9 1 1 1 1 3 1 3 1 1 3 1 3 1 1 1 1 1 1 1 1 1 1 1 1 1 1 1 1 1 1 1 1 1 1 1 1 1 1 1 1 1 1 1 1 1 1 1 1 1 1 1 1 1 1 1 1 1 1 1 1 1 1 1 100 1 1 1 1 1 1 1 1 1 1 1 1 1 1 1 1 1 1 1 1 1 1 1 1 1 1 1 1 1 1 1 1 1 1 1 1 1 1 1 1 1 1 1 1 1 1 1 1 1 1 1 1 1 1 1 1 1 1 1 1 1 1 100 1 1 1 1 1 1 1 1 1 1 1 1 1 1 1 1 1 1 1 1 1 1 1 1 1 1 1 1 1 1 1 1 1 1 7 1 1 1 1 1 1 1 1 1 1 1 1 1 1 1 1 1 1 1 1 1 1 100 1 1 1 100 1 1 7 1 1 1 1 1 1 1 1 1 1 1
staticfield java/lang/invoke/LambdaForm DEFAULT_CUSTOMIZED Ljava/lang/invoke/MethodHandle; null
staticfield java/lang/invoke/LambdaForm DEFAULT_KIND Ljava/lang/invoke/LambdaForm$Kind; java/lang/invoke/LambdaForm$Kind
staticfield java/lang/invoke/LambdaForm COMPILE_THRESHOLD I 0
staticfield java/lang/invoke/LambdaForm INTERNED_ARGUMENTS [[Ljava/lang/invoke/LambdaForm$Name; 5 [[Ljava/lang/invoke/LambdaForm$Name;
staticfield java/lang/invoke/LambdaForm IMPL_NAMES Ljava/lang/invoke/MemberName$Factory; java/lang/invoke/MemberName$Factory
staticfield java/lang/invoke/LambdaForm LF_identity [Ljava/lang/invoke/LambdaForm; 6 [Ljava/lang/invoke/LambdaForm;
staticfield java/lang/invoke/LambdaForm LF_zero [Ljava/lang/invoke/LambdaForm; 6 [Ljava/lang/invoke/LambdaForm;
staticfield java/lang/invoke/LambdaForm NF_identity [Ljava/lang/invoke/LambdaForm$NamedFunction; 6 [Ljava/lang/invoke/LambdaForm$NamedFunction;
staticfield java/lang/invoke/LambdaForm NF_zero [Ljava/lang/invoke/LambdaForm$NamedFunction; 6 [Ljava/lang/invoke/LambdaForm$NamedFunction;
staticfield java/lang/invoke/LambdaForm createFormsLock Ljava/lang/Object; java/lang/Object
staticfield java/lang/invoke/LambdaForm DEBUG_NAME_COUNTERS Ljava/util/HashMap; null
staticfield java/lang/invoke/LambdaForm DEBUG_NAMES Ljava/util/HashMap; null
staticfield java/lang/invoke/LambdaForm TRACE_INTERPRETER Z 0
staticfield java/lang/invoke/LambdaForm $assertionsDisabled Z 1
ciInstanceKlass java/lang/invoke/MemberName 1 1 724 7 1 7 1 100 1 9 12 1 1 10 7 12 1 1 1 9 12 1 1 10 12 1 1 10 12 1 1 10 12 1 1 10 12 1 10 12 1 1 10 7 12 1 1 1 10 12 1 9 7 12 1 1 10 12 1 7 1 7 1 10 12 1 8 1 10 12 1 1 10 12 1 10 12 1 1 10 12 1 9 12 1 1 8 1 10 100 12 1 1 1 7 1 10 10 12 1 1 100 1 100 1 10 12 1 9 12 1 1 100 1 8 1 10 12 1 10 12 1 10 12 1 10 12 1 10 12 1 1 10 12 1 10 12 1 10 12 1 1 8 1 8 1 10 12 1 8 1 9 12 1 1 3 10 12 1 10 12 1 10 12 1 10 10 7 12 1 1 1 10 12 1 10 12 1 10 12 1 10 12 1 7 1 8 10 12 1 1 10 12 1 1 8 1 9 7 1 8 9 7 1 10 12 1 1 10 12 1 10 12 1 8 1 10 12 1 1 10 12 1 10 12 1 10 12 1 10 12 1 1 7 1 10 12 1 1 10 12 1 8 1 10 12 1 10 12 1 8 1 10 12 1 1 10 12 1 1 7 1 10 12 1 1 10 12 8 1 8 1 7 1 10 12 1 10 100 12 1 1 1 100 1 10 12 10 12 1 10 12 1 10 12 1 10 12 1 10 10 12 1 10 12 1 10 12 1 3 10 12 1 3 10 12 1 3 3 3 3 3 3 10 12 1 3 9 12 1 10 12 1 1 3 10 12 1 10 10 7 12 1 1 1 10 12 1 1 10 7 12 1 1 10 10 12 1 10 12 1 1 10 12 1 10 10 12 1 1 10 12 1 10 12 1 10 12 1 7 1 10 10 10 12 100 1 10 10 10 12 1 1 10 12 1 1 10 10 12 1 8 10 7 1 10 12 1 10 7 1 10 12 1 10 12 1 10 12 1 10 10 12 1 10 12 1 1 10 12 1 1 10 12 1 10 12 1 10 12 1 100 1 10 12 1 1 100 1 8 1 10 7 1 10 12 1 10 12 10 12 1 1 10 12 1 10 12 1 8 1 8 1 8 1 8 1 10 12 1 10 12 1 10 7 12 1 1 1 8 1 8 1 10 12 1 8 1 10 10 10 12 1 10 12 1 8 1 8 1 10 10 12 1 8 1 10 100 12 1 1 1 8 1 100 1 10 12 1 10 12 1 1 10 12 1 8 1 8 1 8 1 8 1 100 1 10 8 1 8 1 8 1 8 1 10 12 1 100 1 100 1 100 1 10 100 1 10 7 1 10 7 12 1 1 1 9 7 12 1 1 1 7 1 7 1 1 1 1 1 1 1 3 1 3 1 3 1 3 1 3 1 3 1 1 1 1 1 1 1 1 3 1 3 1 1 1 1 1 1 1 1 1 1 1 1 1 1 1 1 1 1 1 1 1 1 1 1 1 1 1 1 1 1 1 1 1 1 1 1 1 1 1 1 1 1 1 1 1 1 1 1 1 1 1 1 1 1 1 1 1 1 1 1 1 1 1 1 1 1 1 1 1 1 1 1 1 1 1 1 1 1 1 1 1 1 1 1 1 1 1 1 1 1 1 1 1 1 1 1 7 1 1 1 1 1 1 1 1 1 1 1 1 1 1 1
staticfield java/lang/invoke/MemberName $assertionsDisabled Z 1
instanceKlass java/lang/invoke/VarHandleBytes$FieldInstanceReadOnly
instanceKlass java/lang/invoke/VarHandleReferences$FieldStaticReadOnly
instanceKlass java/lang/invoke/VarHandleByteArrayAsDoubles$ByteArrayViewVarHandle
instanceKlass java/lang/invoke/VarHandleByteArrayAsFloats$ByteArrayViewVarHandle
instanceKlass java/lang/invoke/VarHandleByteArrayAsChars$ByteArrayViewVarHandle
instanceKlass java/lang/invoke/VarHandleByteArrayAsShorts$ByteArrayViewVarHandle
instanceKlass java/lang/invoke/VarHandleByteArrayAsLongs$ByteArrayViewVarHandle
instanceKlass java/lang/invoke/VarHandleByteArrayAsInts$ByteArrayViewVarHandle
instanceKlass java/lang/invoke/VarHandleLongs$FieldInstanceReadOnly
instanceKlass java/lang/invoke/VarHandleInts$FieldInstanceReadOnly
instanceKlass java/lang/invoke/VarHandleBooleans$FieldInstanceReadOnly
instanceKlass java/lang/invoke/VarHandleReferences$FieldInstanceReadOnly
ciInstanceKlass java/lang/invoke/VarHandle 1 1 473 10 7 12 1 1 1 10 7 12 1 1 9 12 1 1 9 12 1 1 100 1 10 8 1 10 12 1 1 10 7 12 1 1 1 10 12 1 1 10 7 12 1 1 1 9 100 12 1 1 1 10 12 1 1 10 7 12 1 1 1 10 12 1 1 9 12 1 10 12 1 9 12 1 1 10 7 12 1 1 10 12 1 9 7 12 1 1 1 9 12 1 1 10 12 1 1 100 1 7 1 10 8 1 10 12 1 1 10 12 1 8 1 10 12 1 10 12 1 9 12 1 1 9 12 1 10 12 1 10 12 1 1 10 12 1 10 10 100 12 1 1 1 10 12 1 1 10 12 1 1 10 7 12 1 1 1 10 100 12 1 1 1 10 100 12 1 1 1 9 12 1 1 9 10 12 1 10 12 1 10 12 1 1 10 12 1 10 7 12 1 1 1 9 12 1 1 10 12 1 1 9 12 1 10 12 1 10 12 1 10 7 12 1 1 100 1 10 9 7 12 1 1 1 9 12 1 1 10 7 12 1 1 1 10 12 1 10 12 1 10 12 1 10 12 1 10 12 1 10 12 1 1 8 10 12 1 1 7 1 10 12 1 1 7 1 1 1 1 1 1 1 1 1 1 1 1 1 1 1 1 1 1 1 1 1 1 1 1 1 1 1 1 1 1 1 1 1 1 1 1 1 1 1 1 1 1 1 1 1 1 1 1 1 1 1 1 1 1 1 1 1 1 1 1 1 1 1 1 1 1 1 1 100 1 1 1 1 1 1 1 1 100 1 1 1 1 1 1 1 1 1 1 1 1 100 1 100 1 1 100 1 100 1 100 1 100 1 100 1 100 1 100 1 100 1 100 1 100 1 100 1 100 1 100 1 100 1 100 1 100 1 100 1 100 1 100 1 100 1 100 1 100 1 100 1 100 1 100 1 100 1 100 1 100 1 100 1 100 1 100 1 100 1 100 1 100 1 100 1 1 1 1 1 1 100 1 1 1 100 1 1 100 1 100 1 100 1 100 1 100 1 100 1 1 1 1 100 1 100 1 100 1 100 1 100 1 100 1 100 1 100 1
staticfield java/lang/invoke/VarHandle VFORM_OFFSET J 16
staticfield java/lang/invoke/VarHandle $assertionsDisabled Z 1
instanceKlass jdk/internal/reflect/FieldAccessorImpl
instanceKlass jdk/internal/reflect/ConstructorAccessorImpl
instanceKlass jdk/internal/reflect/MethodAccessorImpl
ciInstanceKlass jdk/internal/reflect/MagicAccessorImpl 1 1 16 10 7 12 1 1 1 100 1 1 1 1 1 1 1 1
instanceKlass jdk/internal/reflect/DirectMethodHandleAccessor
ciInstanceKlass jdk/internal/reflect/MethodAccessorImpl 1 1 38 10 7 12 1 1 1 10 100 12 1 1 1 100 1 1 1 1 1 1 1 100 1 100 1 1 1 1 1 1 1 1 1 1 1 1 1 1
ciInstanceKlass jdk/internal/reflect/MethodAccessor 1 0 17 100 1 100 1 1 1 1 100 1 100 1 1 1 1 1 1
instanceKlass jdk/internal/reflect/DirectConstructorHandleAccessor$NativeAccessor
instanceKlass jdk/internal/reflect/DirectConstructorHandleAccessor
instanceKlass jdk/internal/reflect/NativeConstructorAccessorImpl
ciInstanceKlass jdk/internal/reflect/ConstructorAccessorImpl 1 1 27 10 7 12 1 1 1 100 1 100 1 1 1 1 1 1 1 1 1 100 1 100 1 100 1 1 1
ciInstanceKlass jdk/internal/reflect/ConstructorAccessor 1 0 16 100 1 100 1 1 1 1 100 1 100 1 100 1 1 1
ciInstanceKlass jdk/internal/reflect/DelegatingClassLoader 0 0 18 10 100 12 1 1 1 100 1 1 1 1 1 1 1 1 1 1
ciInstanceKlass jdk/internal/reflect/CallerSensitive 0 0 17 100 1 100 1 100 1 1 1 1 1 1 1 1 1 1 1
ciInstanceKlass jdk/internal/reflect/NativeConstructorAccessorImpl 0 0 125 10 7 12 1 1 1 9 7 12 1 1 1 100 1 10 12 1 9 12 1 1 9 12 1 1 10 100 12 1 1 1 10 7 12 1 1 1 10 7 12 1 1 1 9 12 1 9 12 1 1 9 12 1 1 10 7 12 1 1 1 100 1 10 10 12 1 1 10 12 1 10 12 1 1 10 12 1 7 1 10 12 1 1 10 12 1 1 8 10 12 1 1 1 1 1 1 1 1 1 1 1 1 1 1 1 1 1 1 1 1 1 1 100 1 100 1 100 1 1 1 1 1 1 1
ciInstanceKlass jdk/internal/reflect/ConstantPool 1 1 142 10 7 12 1 1 1 9 7 12 1 1 1 10 12 1 1 10 12 1 1 10 12 1 10 12 1 1 10 12 1 1 10 12 1 10 12 1 1 10 12 1 10 12 1 1 10 12 1 10 12 1 10 12 1 10 12 1 1 10 12 1 1 10 12 1 1 10 12 1 1 10 12 1 10 12 1 1 10 100 12 1 1 1 8 11 7 12 1 1 1 10 7 12 1 1 1 1 1 1 1 1 1 1 1 1 1 1 1 1 1 1 1 1 1 1 1 1 1 1 1 1 1 1 1 1 1 1 1 1 1 1 1 1 1 1 1 1 1 1 1 1
ciInstanceKlass jdk/internal/reflect/UnsafeStaticFieldAccessorImpl 0 0 47 10 7 12 1 1 1 9 7 12 1 1 1 10 7 12 1 1 1 9 12 1 1 8 11 100 12 1 1 1 10 100 12 1 1 1 1 1 1 1 1 1 1 1 1 1 1
ciInstanceKlass jdk/internal/reflect/FieldAccessor 1 0 48 100 1 100 1 1 1 1 100 1 1 1 1 1 1 1 1 1 1 1 1 1 1 1 1 1 1 1 100 1 1 1 1 1 1 1 1 1 1 1 1 1 1 1 1 1 1 1
instanceKlass jdk/internal/reflect/MethodHandleFieldAccessorImpl
instanceKlass jdk/internal/reflect/UnsafeFieldAccessorImpl
ciInstanceKlass jdk/internal/reflect/FieldAccessorImpl 1 1 269 10 7 12 1 1 1 9 7 12 1 1 1 10 7 12 1 1 1 10 7 12 1 1 10 7 12 1 1 1 10 12 1 1 7 1 10 10 12 1 1 10 12 1 1 8 1 10 10 12 1 100 1 8 1 10 12 1 8 1 10 12 1 8 1 10 12 1 100 1 10 12 1 1 10 8 1 10 12 1 1 8 1 10 7 12 1 1 8 1 10 7 12 1 1 8 1 10 7 12 1 1 8 1 10 7 12 1 1 8 1 10 7 12 1 1 8 1 10 7 12 1 1 8 1 10 7 12 1 1 8 1 10 7 12 1 1 10 12 1 1 8 1 10 12 1 1 10 100 12 1 1 1 8 1 10 12 1 8 1 8 1 8 1 8 1 10 7 12 1 1 1 8 1 8 1 8 1 10 12 7 1 1 1 1 1 1 1 1 1 1 1 1 1 1 1 1 1 1 1 1 1 1 1 1 1 1 1 1 1 1 1 1 1 1 1 1 1 1 1 1 1 1 1 1 1 1 1 1 1 1 1 1 1 1 1 1 1 1 1 1 1 1 1 1 1 1 1 1 1 1 1 1 1 1 1 1 1 1 1 1 1 1 1 1 1 1 1 1
instanceKlass jdk/internal/reflect/UnsafeStaticFieldAccessorImpl
ciInstanceKlass jdk/internal/reflect/UnsafeFieldAccessorImpl 0 0 62 10 100 12 1 1 1 10 100 12 1 1 1 10 100 12 1 1 1 9 100 12 1 1 10 12 1 9 12 1 1 10 100 12 1 1 1 9 12 1 1 10 12 1 10 12 1 1 1 1 1 1 1 1 1 1 1 1 1 1 1 1
instanceKlass java/lang/invoke/VolatileCallSite
instanceKlass java/lang/invoke/MutableCallSite
instanceKlass java/lang/invoke/ConstantCallSite
ciInstanceKlass java/lang/invoke/CallSite 1 1 307 10 7 12 1 1 1 10 7 12 1 1 1 9 7 12 1 1 1 10 12 1 1 9 12 1 1 10 7 12 1 1 1 10 12 1 7 1 10 12 1 1 10 12 1 1 9 100 12 1 1 1 10 7 12 1 1 10 12 1 1 100 1 7 1 10 10 7 12 1 1 1 10 12 1 1 8 1 10 12 1 10 12 1 1 10 12 1 10 12 1 1 10 12 1 1 10 10 100 12 1 1 10 12 1 1 9 12 1 9 100 12 1 1 1 8 1 10 7 12 1 1 1 10 12 1 1 7 1 10 12 1 1 9 12 1 8 1 100 1 10 12 1 10 12 1 100 1 8 1 10 10 12 1 10 12 1 1 100 1 10 12 1 1 10 12 1 10 12 1 10 12 1 1 10 12 1 1 9 12 1 1 8 10 12 1 1 9 12 1 1 100 1 10 10 12 1 10 7 12 1 1 1 10 12 1 1 10 12 1 1 10 12 1 10 7 12 1 1 1 7 1 8 1 10 10 12 10 12 1 1 7 1 7 1 7 1 8 1 10 12 1 10 7 12 1 1 1 1 1 1 1 1 1 1 1 1 1 1 1 1 1 1 1 1 1 1 1 1 1 1 1 1 1 1 1 1 1 1 1 1 1 1 1 1 1 1 1 1 1 1 1 1 1 1 1 1 1 1 1 7 1 7 1 1 1 1
staticfield java/lang/invoke/CallSite $assertionsDisabled Z 1
ciInstanceKlass java/lang/invoke/ConstantCallSite 1 1 65 10 7 12 1 1 1 9 7 12 1 1 1 9 12 1 1 10 7 12 1 1 1 10 12 1 100 1 10 12 9 12 1 1 100 1 10 10 12 1 1 10 12 1 1 1 1 1 1 1 1 1 1 1 1 1 100 1 1 1 1 1 1 1 1
staticfield java/lang/invoke/ConstantCallSite UNSAFE Ljdk/internal/misc/Unsafe; jdk/internal/misc/Unsafe
instanceKlass java/lang/invoke/DirectMethodHandle$StaticAccessor
instanceKlass java/lang/invoke/DirectMethodHandle$Interface
instanceKlass java/lang/invoke/DirectMethodHandle$Constructor
instanceKlass java/lang/invoke/DirectMethodHandle$Accessor
ciInstanceKlass java/lang/invoke/DirectMethodHandle 1 1 923 7 1 7 1 100 1 7 1 7 1 10 7 12 1 1 1 10 7 12 1 1 1 7 1 10 12 1 10 12 1 1 10 7 12 1 1 10 12 1 1 10 12 1 10 12 1 7 1 10 12 1 1 10 12 1 1 10 12 1 10 12 1 1 10 7 12 1 1 1 10 12 1 9 12 1 1 100 1 10 9 12 1 1 9 12 1 10 12 1 10 12 1 10 12 1 1 10 12 1 10 12 1 10 12 1 10 7 12 1 1 1 10 12 1 10 12 1 1 8 1 10 12 1 1 100 1 10 12 1 7 1 10 10 12 1 10 12 1 10 12 1 10 7 12 1 1 1 10 12 1 1 7 1 10 12 1 10 12 1 7 1 10 12 1 10 12 1 1 10 12 1 1 10 12 1 8 10 7 12 1 1 1 10 12 1 10 12 1 10 12 1 1 10 12 1 9 7 12 1 1 1 7 1 10 12 1 10 7 12 1 1 1 10 12 1 10 12 1 1 9 12 1 1 7 1 10 8 1 10 12 1 1 10 12 1 1 8 1 10 12 1 10 12 1 10 10 12 1 10 12 1 10 12 1 10 12 1 10 12 1 1 10 12 1 10 12 1 1 10 12 1 10 12 1 1 10 10 7 12 1 1 1 10 12 1 10 12 1 1 10 12 1 10 12 1 1 8 1 9 7 12 1 1 1 8 1 9 12 1 9 12 1 8 1 9 12 1 9 12 1 8 1 9 12 1 9 12 1 8 1 10 12 1 10 12 1 1 9 12 1 1 7 1 10 12 1 1 7 1 10 7 12 1 1 1 10 12 1 1 10 12 1 10 12 1 1 7 1 10 12 1 1 10 12 1 10 12 1 1 7 1 10 12 1 1 10 12 1 10 7 12 1 1 1 10 12 1 10 12 1 1 10 12 1 9 12 1 1 10 7 1 9 12 9 12 1 10 7 12 1 1 1 10 12 1 7 1 7 1 7 1 9 12 1 1 10 7 12 1 1 1 10 12 10 12 1 7 1 10 12 1 10 12 1 1 8 1 9 12 1 9 12 1 10 12 1 1 9 12 1 1 10 7 12 1 1 1 9 12 1 1 9 12 1 1 10 12 1 10 12 1 10 12 1 10 12 1 1 10 12 1 9 12 1 10 12 1 10 12 1 10 12 1 10 12 1 1 10 12 1 1 9 12 1 1 10 12 1 1 9 7 12 1 1 1 9 12 1 9 12 1 9 12 1 9 12 1 9 12 1 9 12 1 9 12 1 9 12 1 9 12 1 9 12 1 9 12 1 9 12 1 9 12 1 9 12 1 9 12 1 9 12 1 9 12 1 9 12 1 9 12 1 9 12 1 9 12 1 9 12 1 9 12 1 9 12 1 9 12 1 9 12 1 9 12 1 9 12 1 9 12 1 9 12 1 9 12 1 9 12 1 9 12 1 9 12 1 9 12 1 9 12 1 8 1 9 12 1 1 9 12 1 1 10 12 1 10 12 1 1 9 7 1 10 12 1 9 12 1 1 10 12 10 12 1 10 12 1 10 12 1 10 12 1 10 8 1 8 1 8 1 8 1 10 12 1 1 9 12 1 1 10 12 1 10 100 12 1 1 1 8 9 12 1 1 10 12 1 1 8 1 8 8 9 12 1 8 1 8 8 8 8 8 1 8 10 12 1 7 1 10 12 1 8 1 8 1 10 12 1 10 12 1 10 12 1 10 12 1 1 7 1 1 1 1 3 1 3 1 3 1 3 1 3 1 3 1 3 1 3 1 3 1 3 1 1 1 1 1 1 1 1 1 1 3 1 3 1 1 1 1 3 1 1 1 1 1 1 1 1 1 1 1 1 1 1 1 1 1 1 1 1 1 1 1 1 1 1 1 1 1 1 1 1 1 1 1 1 1 1 1 1 1 1 1 1 1 1 1 1 1 1 1 1 1 1 1 1 1 100 1 1 1 1 1 1 1 1 1 100 1 1 1 1 1 1 1 1 1 1 1 1 1 1 1 1 1 1 1 1 1 1 1 1 1 1 1 1 1 1 1 1 1 1 1 1 1 1 1 1 1 1 1 1 1 1 1 1 1 1 1 1
staticfield java/lang/invoke/DirectMethodHandle IMPL_NAMES Ljava/lang/invoke/MemberName$Factory; java/lang/invoke/MemberName$Factory
staticfield java/lang/invoke/DirectMethodHandle FT_UNCHECKED_REF I 8
staticfield java/lang/invoke/DirectMethodHandle ACCESSOR_FORMS [Ljava/lang/invoke/LambdaForm; 132 [Ljava/lang/invoke/LambdaForm;
staticfield java/lang/invoke/DirectMethodHandle ALL_WRAPPERS [Lsun/invoke/util/Wrapper; 10 [Lsun/invoke/util/Wrapper;
staticfield java/lang/invoke/DirectMethodHandle NFS [Ljava/lang/invoke/LambdaForm$NamedFunction; 12 [Ljava/lang/invoke/LambdaForm$NamedFunction;
staticfield java/lang/invoke/DirectMethodHandle OBJ_OBJ_TYPE Ljava/lang/invoke/MethodType; java/lang/invoke/MethodType
staticfield java/lang/invoke/DirectMethodHandle LONG_OBJ_TYPE Ljava/lang/invoke/MethodType; java/lang/invoke/MethodType
staticfield java/lang/invoke/DirectMethodHandle $assertionsDisabled Z 1
ciInstanceKlass java/lang/invoke/MutableCallSite 0 0 63 10 100 12 1 1 1 10 12 1 9 100 12 1 1 1 10 12 1 10 12 1 1 9 12 1 1 10 100 12 1 1 1 10 100 12 1 1 1 10 12 1 1 1 1 1 1 1 1 1 1 1 1 1 1 1 1 1 1 100 1 1 1
ciInstanceKlass java/lang/invoke/VolatileCallSite 0 0 37 10 100 12 1 1 1 10 12 1 10 100 12 1 1 1 10 12 1 10 12 1 1 1 1 1 1 1 1 1 1 1 1 1 1 1 1
ciInstanceKlass java/lang/invoke/ResolvedMethodName 1 1 16 10 100 12 1 1 1 100 1 1 1 1 1 1 1 1
ciInstanceKlass java/lang/invoke/MethodHandleNatives 1 1 690 100 1 10 7 12 1 1 1 9 7 12 1 1 1 10 12 1 1 100 1 10 10 12 1 1 10 12 1 10 12 1 8 1 8 1 8 1 8 1 8 1 8 1 8 1 8 1 8 1 8 1 10 12 1 1 7 1 10 7 12 1 1 1 10 7 12 1 1 1 7 1 10 10 12 1 1 8 1 10 12 1 8 1 10 12 1 1 8 1 10 12 1 1 9 7 12 1 1 1 8 1 10 100 12 1 1 1 7 1 10 12 100 1 100 1 8 1 7 1 10 10 12 1 7 1 9 7 12 1 1 10 12 1 1 10 12 1 10 7 12 1 1 1 10 12 1 1 9 12 1 8 1 10 12 1 1 10 12 1 8 1 10 12 1 1 7 1 10 12 1 10 7 12 1 1 1 10 12 1 10 12 1 1 10 12 1 1 8 1 10 12 1 1 8 1 10 12 1 8 1 8 1 8 1 7 1 10 12 1 8 1 10 7 12 1 1 1 10 12 1 1 10 7 12 1 1 10 10 12 1 1 10 12 1 10 100 12 1 1 1 100 1 8 1 10 100 12 1 1 1 7 1 8 1 10 12 1 8 1 8 1 8 1 8 1 8 1 10 12 1 1 10 12 1 1 10 12 1 10 12 1 1 10 12 1 1 7 1 10 12 1 7 1 7 1 10 12 1 10 12 1 8 1 8 1 10 10 12 1 1 10 12 1 1 8 1 10 7 12 1 1 8 1 8 1 10 12 1 1 10 7 12 1 1 1 100 1 10 12 1 1 7 1 9 12 1 1 10 7 12 1 1 1 10 10 12 1 9 12 1 10 12 1 9 12 1 9 12 1 10 12 1 1 10 12 1 10 12 1 1 7 1 7 1 10 12 1 1 10 12 1 10 12 1 1 10 7 12 1 1 1 10 12 1 8 1 10 12 1 10 12 1 10 12 1 1 10 12 1 10 7 12 1 1 1 10 12 1 1 100 1 8 1 10 9 7 12 1 1 1 10 12 1 1 10 12 1 1 7 1 10 12 1 1 10 12 1 1 100 1 100 1 10 10 100 1 100 1 10 100 1 10 10 12 1 1 10 7 1 10 12 1 10 12 1 1 10 12 1 1 10 12 1 1 10 12 1 10 12 1 1 10 8 1 10 12 1 10 12 1 10 12 1 10 12 1 10 12 1 1 10 12 1 10 12 1 10 12 1 10 10 7 12 1 1 10 12 1 1 1 1 1 1 1 1 1 1 1 1 1 7 1 1 1 1 1 1 1 1 1 1 1 1 1 1 1 1 1 1 1 1 1 1 1 1 1 1 1 1 1 1 1 1 1 1 1 1 1 1 1 1 1 1 1 1 1 1 1 1 1 1 1 1 1 1 1 1 1 1 1 1 1 1 1 1 1 100 1 1 1 1 1 1 1 1 1 1 1 1 1 1 1 1 1 1 1 1 1 1 1 1 1 1 1 1 1 1 1 1 1 100 1 1 1 1 1 1 1 1 1 1 1 1 1 1 1 1 1 1 1 1 1 1 1 1 1 1 7 1 1 1 1 1 1 1 100 1 1 1
staticfield java/lang/invoke/MethodHandleNatives $assertionsDisabled Z 1
ciInstanceKlass java/lang/invoke/MethodHandleNatives$CallSiteContext 1 1 49 10 7 12 1 1 1 7 1 10 10 7 12 1 1 1 10 7 12 1 1 1 10 7 12 1 1 1 100 1 1 1 1 1 1 1 1 1 1 1 1 1 1 1 1 1 100 1 1
ciInstanceKlass jdk/internal/foreign/abi/NativeEntryPoint 0 0 194 10 7 12 1 1 1 9 7 12 1 1 1 9 12 1 1 100 1 8 1 10 12 1 10 12 1 1 100 1 10 100 12 1 1 1 10 12 1 9 12 1 1 18 12 1 1 10 100 12 1 1 1 10 7 12 1 1 1 9 7 12 1 1 1 7 1 10 8 1 10 12 1 1 10 12 1 10 12 1 1 8 1 10 12 1 1 7 1 8 1 10 12 1 10 12 1 1 10 12 1 9 12 1 1 18 12 1 1 10 100 12 1 1 1 10 12 1 1 10 12 1 10 100 12 1 1 1 10 1 1 1 1 1 1 1 1 1 1 1 1 1 1 1 1 1 1 1 1 1 1 1 1 1 1 1 1 1 1 1 1 1 1 1 1 1 16 1 15 10 12 16 1 16 15 10 12 15 10 100 12 1 1 1 1 1 100 1 1 100 1 100 1 1
ciInstanceKlass jdk/internal/foreign/abi/ABIDescriptor 0 0 55 10 100 12 1 1 1 9 100 12 1 1 1 9 12 1 1 9 12 1 9 12 1 9 12 1 1 9 12 1 9 12 1 1 9 12 1 9 12 1 9 12 1 9 12 1 1 1 1 1 1 1 1 1 1
ciInstanceKlass jdk/internal/foreign/abi/VMStorage 0 0 91 10 7 12 1 1 1 9 7 12 1 1 1 9 12 1 1 9 12 1 1 9 12 1 1 7 1 10 8 1 10 12 1 1 10 12 1 10 12 1 1 10 12 1 18 12 1 18 12 1 1 18 12 1 1 1 1 1 1 1 1 1 1 1 1 1 1 1 1 1 1 1 8 1 15 15 15 15 15 10 100 12 1 1 1 1 100 1 100 1 1
ciInstanceKlass jdk/internal/foreign/abi/UpcallLinker$CallRegs 0 0 66 10 7 12 1 1 1 9 7 12 1 1 1 9 12 1 18 12 1 1 18 12 1 1 18 12 1 1 1 1 1 1 1 1 1 1 1 1 1 1 1 1 1 1 100 1 1 1 8 1 15 15 15 10 100 12 1 1 1 1 1 100 1 100 1 1
ciInstanceKlass java/lang/StackWalker 1 1 271 9 7 12 1 1 1 7 1 10 7 12 1 1 1 10 12 1 1 10 7 12 1 1 1 10 12 1 1 10 12 1 11 7 12 1 1 1 10 12 1 1 10 12 1 1 10 12 1 1 100 1 8 1 10 12 1 10 12 1 10 12 1 10 7 12 1 1 9 12 1 1 9 12 1 1 9 12 1 1 9 12 1 1 10 12 1 1 9 12 1 1 9 12 1 1 9 12 1 1 10 7 12 1 1 1 11 12 1 1 100 1 8 1 10 10 7 12 1 1 9 12 1 1 10 12 1 1 10 100 12 1 1 1 10 100 12 1 1 1 18 12 1 1 100 1 8 1 10 8 1 10 12 1 1 10 100 12 1 1 1 10 12 1 1 9 100 12 1 1 11 100 12 1 1 1 10 12 1 1 1 1 1 1 1 1 1 1 1 1 1 1 1 1 1 1 1 1 1 1 1 1 1 1 1 1 1 1 1 1 1 1 1 1 1 1 1 1 1 1 1 1 1 1 1 1 1 1 1 1 1 1 1 1 1 1 1 1 1 1 1 1 1 1 7 1 1 16 15 10 12 16 1 15 10 100 12 1 1 1 1 1 1 1 1 1 100 1 100 1 1
staticfield java/lang/StackWalker DEFAULT_EMPTY_OPTION Ljava/util/EnumSet; java/util/RegularEnumSet
staticfield java/lang/StackWalker DEFAULT_WALKER Ljava/lang/StackWalker; java/lang/StackWalker
ciInstanceKlass java/lang/StackWalker$StackFrame 0 0 41 100 1 10 12 1 1 100 1 100 1 1 1 1 1 1 1 1 1 1 1 1 1 1 1 1 1 1 1 1 1 1 1 1 1 1 1 100 1 1 1
instanceKlass java/lang/LiveStackFrameInfo
ciInstanceKlass java/lang/StackFrameInfo 0 0 142 10 7 12 1 1 1 9 7 12 1 1 1 9 7 1 9 12 1 1 11 100 12 1 1 1 9 12 1 1 11 12 1 1 10 12 1 1 10 7 12 1 1 1 10 12 1 11 12 1 11 12 1 1 11 12 1 10 12 1 1 9 12 1 1 10 12 1 1 10 7 12 1 1 10 12 1 1 11 12 1 1 9 12 1 1 10 7 1 10 12 1 9 12 1 1 10 12 1 1 100 1 8 1 10 12 1 10 100 12 1 1 1 7 1 1 1 1 1 1 1 1 1 1 1 1 1 1 1 1 1 1 7 1 1 7 1 1 1 1 1 1
ciInstanceKlass java/lang/LiveStackFrameInfo 0 0 97 10 7 12 1 1 1 9 7 12 1 1 1 9 12 1 9 12 1 9 12 1 9 12 1 1 7 1 10 12 1 1 10 12 1 8 1 10 12 1 1 8 1 8 1 8 1 10 100 1 10 12 1 100 1 10 12 1 7 1 7 1 1 1 3 1 3 1 1 1 1 1 1 1 1 1 1 1 1 1 1 1 1 1 1 1 1 1 1 1 1 1 1 1 100 1 1
ciInstanceKlass java/lang/LiveStackFrame 0 0 135 100 1 10 100 12 1 1 1 11 7 12 1 1 1 11 12 1 10 7 12 1 1 1 100 1 8 1 10 12 1 1 10 7 12 1 1 1 9 100 12 1 1 1 10 7 12 1 1 1 10 7 12 1 1 1 11 12 1 10 12 1 7 1 7 1 1 1 1 1 1 1 1 1 1 1 1 1 1 1 1 1 1 1 1 1 1 1 1 1 1 1 1 100 1 1 1 1 1 1 1 100 1 8 1 1 12 10 1 1 1 8 1 1 1 8 1 1 1 8 1 1 1 8 1 1 8 1 1 1 8 1 1 8 1
ciInstanceKlass java/lang/StackStreamFactory$AbstractStackWalker 1 0 375 100 1 7 1 3 10 7 12 1 1 1 10 7 12 1 1 10 7 12 1 1 1 9 12 1 1 10 12 1 1 9 12 1 1 9 12 1 1 9 12 1 1 9 12 1 10 7 12 1 1 1 10 12 1 1 10 7 12 1 1 9 12 1 1 9 12 1 1 10 12 1 1 9 100 12 1 1 1 10 12 1 1 10 12 1 9 12 1 1 10 100 12 1 1 1 10 12 1 1 9 12 1 1 9 7 12 1 1 1 7 1 10 8 1 10 12 1 1 10 12 1 8 1 10 12 1 1 10 100 12 1 1 1 100 1 8 1 10 12 1 8 1 10 12 10 100 12 1 1 9 12 1 8 1 5 0 8 1 8 1 9 12 1 1 10 12 1 1 18 12 1 1 10 7 12 1 1 1 10 12 1 1 10 12 1 10 12 1 9 12 1 10 12 1 10 12 1 10 12 1 10 12 1 10 12 1 10 12 1 1 8 1 10 12 1 10 12 1 10 12 1 10 12 1 1 8 1 10 12 1 1 10 12 1 1 10 12 1 1 10 12 1 10 12 1 10 100 12 1 1 1 10 12 1 10 12 1 9 12 1 8 1 10 12 1 10 12 1 10 12 1 1 10 12 1 10 12 1 10 12 1 1 10 12 1 10 12 1 10 12 1 10 12 1 10 12 1 10 12 1 1 10 12 1 1 10 12 1 8 1 1 1 1 1 1 1 1 1 1 1 1 1 7 1 1 1 1 1 1 1 7 1 1 1 1 7 1 1 1 1 1 1 1 1 1 1 1 1 1 1 1 1 1 1 1 16 15 15 10 100 12 1 1 1 1 1 1 1 1 100 1 100 1 1
ciInstanceKlass jdk/internal/module/Modules 1 1 504 10 7 12 1 1 1 9 7 12 1 1 1 11 7 12 1 1 1 11 12 1 1 11 12 1 1 11 12 1 1 11 12 1 11 12 1 11 12 1 11 12 1 11 12 1 1 10 7 12 1 1 1 10 100 12 1 1 1 18 12 1 1 10 7 12 1 1 1 7 1 10 7 12 1 1 1 10 100 12 1 1 1 10 100 12 1 1 10 12 1 1 11 12 1 9 12 1 1 11 7 12 1 1 1 10 12 1 1 10 10 12 1 10 9 12 1 1 10 100 12 1 1 10 12 1 1 10 100 12 1 1 100 1 11 100 12 1 1 1 10 100 12 1 1 1 11 100 12 1 1 10 12 1 1 10 100 12 1 1 10 100 12 1 1 1 10 12 1 1 10 12 1 1 11 12 1 1 18 12 1 1 11 100 12 1 1 10 100 12 1 1 1 11 100 12 1 1 1 7 1 11 12 1 1 11 7 12 1 1 1 11 12 1 1 10 12 1 1 10 100 12 1 1 18 12 1 1 11 12 1 1 18 12 1 1 11 12 1 1 10 12 1 18 18 10 12 1 1 9 12 1 1 11 7 12 1 1 1 100 1 10 11 12 1 11 12 1 1 11 12 1 1 10 100 1 10 12 1 1 10 100 12 1 1 10 12 1 1 11 12 10 12 1 1 7 1 10 18 12 1 10 12 1 1 7 1 8 1 10 12 1 10 100 12 1 1 18 12 1 11 11 12 10 12 1 10 10 100 1 18 12 1 10 10 10 7 12 1 1 10 7 12 1 1 1 10 12 1 1 1 1 1 1 1 1 1 1 1 1 1 1 1 1 1 1 1 1 1 1 1 1 1 1 1 1 1 1 1 1 1 100 1 1 1 1 1 1 1 1 1 1 1 1 1 1 1 1 1 1 1 1 1 1 1 1 1 1 1 1 1 1 1 1 1 1 1 7 1 1 1 1 1 1 1 1 1 1 1 1 1 1 1 1 1 1 1 1 1 1 1 16 15 10 12 1 16 16 15 10 12 1 16 1 16 1 15 10 12 1 16 1 16 1 15 10 12 16 1 15 10 16 1 15 10 12 16 1 15 10 12 16 15 10 12 16 15 10 12 15 10 100 12 1 1 1 1 1 1 100 1 100 1 1
staticfield jdk/internal/module/Modules JLA Ljdk/internal/access/JavaLangAccess; java/lang/System$2
staticfield jdk/internal/module/Modules JLMA Ljdk/internal/access/JavaLangModuleAccess; java/lang/module/ModuleDescriptor$1
staticfield jdk/internal/module/Modules $assertionsDisabled Z 1
ciInstanceKlass java/lang/invoke/Invokers$Holder 1 1 128 1 100 1 100 1 1 1 1 1 1 1 7 1 7 1 7 1 1 12 10 1 1 12 10 1 1 12 10 1 1 100 1 1 12 9 1 1 1 12 10 1 1 1 12 10 1 1 12 10 1 1 12 10 1 12 10 1 1 1 12 10 1 1 100 1 1 12 10 1 12 10 1 1 12 10 1 12 10 1 1 12 10 1 1 12 10 1 12 10 1 1 12 10 1 1 12 10 1 1 12 10 1 12 10 12 10 12 10 12 10 12 10 1 1 12 10 1 1 12 10 1 1 12 10 1 1 1
ciMethod java/lang/invoke/Invokers$Holder linkToTargetMethod (Ljava/lang/Object;)Ljava/lang/Object; 512 0 947165 0 -1
ciInstanceKlass java/util/ArrayList 1 1 509 10 7 12 1 1 1 7 1 9 7 12 1 1 1 9 12 1 100 1 7 1 10 8 1 10 12 1 1 10 12 1 10 12 1 1 10 12 1 9 12 1 11 7 12 1 1 1 9 12 1 1 11 12 1 1 7 10 7 12 1 1 1 9 12 1 10 12 1 10 12 1 1 10 7 12 1 1 1 10 7 12 1 1 1 10 12 1 1 10 12 1 1 10 12 1 1 10 12 1 10 12 1 1 100 1 7 1 10 12 1 10 10 7 12 1 1 1 10 7 12 1 1 10 12 1 100 1 10 10 12 10 12 1 1 10 12 1 1 10 12 1 10 12 10 12 1 1 7 1 10 12 1 1 10 12 1 1 10 12 1 100 1 10 11 12 1 1 11 7 12 1 1 1 11 12 1 10 12 1 10 12 1 10 12 1 1 100 1 10 12 1 1 10 10 12 1 1 10 12 1 8 1 8 1 8 1 8 1 10 12 1 1 10 12 1 1 11 12 1 7 1 10 100 12 1 1 10 12 1 10 12 1 1 10 100 12 1 1 10 12 1 10 100 12 1 1 1 11 100 12 1 1 1 10 12 1 100 1 8 1 10 7 1 10 12 1 7 1 10 12 1 10 12 1 1 7 1 10 12 1 10 12 1 1 11 7 12 1 1 7 1 10 12 1 10 12 1 1 11 100 12 1 1 10 12 1 1 10 12 1 1 10 12 1 1 10 12 1 1 11 100 12 1 1 10 12 1 1 7 1 7 1 7 1 1 1 1 5 0 1 3 1 1 1 1 1 1 1 1 1 1 1 1 1 1 1 1 1 1 1 1 1 1 1 1 1 1 1 1 1 1 1 1 1 1 1 1 1 1 1 1 1 1 1 1 1 1 1 1 1 1 1 1 1 1 1 1 1 1 1 1 1 1 1 1 1 1 1 1 1 1 1 1 1 1 1 1 1 1 1 1 1 1 1 1 1 1 1 1 1 1 1 1 1 1 1 1 1 1 1 1 1 1 1 1 100 1 1 1 1 7 1 1 1 1 1 1 1 1 1 1 1 1 1 1 1 1 1 1 1 1 1 1 1 1 1 1 1 1 1 100 1 1 1 1 1 1 1 1 1 1 1 1 1 1 1 1 1 1 100 1 100 1 1 1 1 1 1
staticfield java/util/ArrayList EMPTY_ELEMENTDATA [Ljava/lang/Object; 0 [Ljava/lang/Object;
staticfield java/util/ArrayList DEFAULTCAPACITY_EMPTY_ELEMENTDATA [Ljava/lang/Object; 0 [Ljava/lang/Object;
ciInstanceKlass java/util/RandomAccess 1 0 7 100 1 100 1 1 1
ciInstanceKlass java/util/Comparator 1 1 288 10 7 12 1 1 1 10 7 12 1 1 1 18 12 1 1 7 1 7 1 11 12 1 1 11 12 1 11 12 1 11 12 1 1 11 12 1 1 11 12 1 1 10 12 1 9 100 12 1 1 1 100 1 10 12 1 1 18 12 1 18 12 18 12 18 12 18 12 10 100 12 1 1 1 10 7 12 1 1 1 8 1 10 12 1 1 8 1 8 1 8 1 8 1 8 1 10 12 1 10 12 1 8 10 7 1 10 12 1 8 10 12 1 8 1 10 12 1 10 12 1 8 1 10 12 1 1 7 1 8 1 7 1 8 1 8 1 7 1 8 1 8 1 100 1 100 1 8 1 10 12 1 11 12 1 1 10 7 12 1 1 11 12 1 1 10 7 12 1 1 11 12 1 1 10 7 12 1 1 11 12 1 7 1 11 12 1 11 12 1 1 1 1 1 1 1 1 1 1 1 1 1 1 1 1 1 1 1 1 1 1 1 1 1 1 1 1 1 1 1 1 1 1 1 1 1 1 1 1 1 1 1 1 1 1 1 1 1 1 1 1 1 1 1 1 1 1 1 1 16 15 11 12 3 3 15 11 12 15 11 12 15 11 12 15 11 12 15 11 12 15 10 7 12 1 1 1 1 100 1 1 1 100 1 100 1 1
ciMethod java/util/Comparator compare (Ljava/lang/Object;Ljava/lang/Object;)I 0 0 1 0 -1
instanceKlass java/util/concurrent/ConcurrentSkipListMap$KeySet
instanceKlass sun/util/resources/ParallelListResourceBundle$KeySet
instanceKlass java/util/AbstractMap$1
instanceKlass java/util/EnumMap$KeySet
instanceKlass java/util/EnumMap$EntrySet
instanceKlass java/util/TreeMap$KeySet
instanceKlass java/util/TreeSet
instanceKlass java/util/LinkedHashMap$LinkedEntrySet
instanceKlass java/util/Collections$SingletonSet
instanceKlass java/lang/ProcessEnvironment$CheckedEntrySet
instanceKlass java/util/LinkedHashMap$LinkedKeySet
instanceKlass java/util/concurrent/CopyOnWriteArraySet
instanceKlass java/util/concurrent/ConcurrentSkipListSet
instanceKlass java/util/TreeMap$EntrySet
instanceKlass java/util/IdentityHashMap$KeySet
instanceKlass java/util/EnumSet
instanceKlass java/util/HashMap$KeySet
instanceKlass java/util/WeakHashMap$KeySet
instanceKlass java/util/Collections$SetFromMap
instanceKlass java/util/HashSet
instanceKlass java/util/ImmutableCollections$MapN$1
instanceKlass java/util/Collections$EmptySet
instanceKlass java/util/HashMap$EntrySet
ciInstanceKlass java/util/AbstractSet 1 1 96 10 7 12 1 1 1 7 1 7 1 11 12 1 1 10 7 1 10 12 1 1 100 1 100 1 10 12 1 1 11 7 12 1 1 1 11 12 1 1 10 100 12 1 1 10 7 12 1 1 1 11 10 12 1 1 11 12 1 11 12 1 1 1 1 1 1 1 1 1 1 1 1 1 1 1 1 100 1 1 1 1 1 1 1 1 1 1 1 1 1 1 1 1 1 1
ciInstanceKlass java/lang/String$CaseInsensitiveComparator 1 1 75 7 1 10 7 12 1 1 1 9 12 1 1 10 12 1 1 10 7 12 1 1 1 10 100 1 10 12 1 10 12 1 9 12 1 1 10 7 12 1 1 1 100 1 100 1 1 1 1 5 0 1 1 1 1 1 1 1 1 1 1 1 1 100 1 1 1 1 1 1 1 1 1 1 1
ciInstanceKlass java/util/SequencedSet 1 1 78 11 7 12 1 1 1 7 1 7 1 7 1 1 1 1 1 1 1 1 1 1 1 1 1 1 1 100 1 8 1 1 12 10 1 1 1 8 1 1 1 8 1 1 1 8 1 1 1 8 1 1 1 8 1 1 8 1 1 1 8 1 1 8 1 1 8 1 1 1 8 1 1 8 1 1 8 1
ciInstanceKlass java/lang/annotation/Annotation 1 0 17 100 1 100 1 1 1 1 1 1 1 1 1 1 1 1 1
ciInstanceKlass java/util/SequencedMap 1 1 157 11 7 12 1 1 1 11 100 12 1 1 1 11 7 12 1 1 1 100 1 11 12 1 1 100 1 10 12 1 1 11 12 1 1 11 12 1 1 100 1 10 12 100 1 10 12 1 100 1 10 100 1 10 7 1 7 1 1 1 1 1 1 1 1 1 1 1 1 1 1 1 1 1 1 1 1 1 1 1 1 1 1 1 1 1 1 1 1 1 1 1 1 1 1 1 1 1 1 1 1 1 1 1 1 1 1 100 1 8 1 1 12 10 1 1 1 8 1 1 1 8 1 1 8 1 1 1 8 1 1 1 8 1 1 1 8 1 1 1 8 1 1 1 8 1 1 1 8 1 1 1 8 1 1 8 1
ciInstanceKlass java/util/TimSort 1 1 224 10 7 12 1 1 1 7 1 9 12 1 1 9 12 1 9 12 1 1 9 12 1 1 10 12 1 1 10 7 12 1 1 10 7 12 1 1 1 7 9 12 1 9 12 1 9 12 1 3 9 12 1 1 9 12 1 9 12 1 1 100 1 10 10 12 1 1 10 12 1 1 10 12 1 10 12 1 1 10 12 1 1 10 12 1 10 12 1 11 7 12 1 1 1 10 7 12 1 1 1 10 12 1 1 10 12 1 1 10 12 1 1 10 12 1 10 12 1 1 10 12 1 10 12 1 1 100 1 8 1 10 12 1 10 7 12 1 1 10 7 12 1 1 1 10 12 1 1 1 1 3 1 1 1 1 3 1 3 1 1 1 1 1 1 1 1 1 1 1 1 1 1 1 1 1 1 1 1 1 1 1 1 1 1 1 1 1 1 1 1 1 1 1 1 1 1 1 1 1 1 1 1 1 1 1 1 1 1 1 1 1 1 1 1 1 1 1 1 1 1 1 1 1
staticfield java/util/TimSort $assertionsDisabled Z 1
ciMethod java/util/TimSort <init> ([Ljava/lang/Object;Ljava/util/Comparator;[Ljava/lang/Object;II)V 262 0 389 0 -1
ciMethod java/util/TimSort sort ([Ljava/lang/Object;IILjava/util/Comparator;[Ljava/lang/Object;II)V 34524 40 24546 0 8024
ciMethod java/util/TimSort countRunAndMakeAscending ([Ljava/lang/Object;IILjava/util/Comparator;)I 308 842 12797 0 -1
ciMethod java/util/TimSort binarySort ([Ljava/lang/Object;IIILjava/util/Comparator;)V 256 4088 6910 0 -1
ciMethod java/util/TimSort minRunLength (I)I 1112 2192 811 0 -1
ciMethod java/util/TimSort pushRun (II)V 40 0 12263 0 -1
ciMethod java/util/TimSort mergeCollapse ()V 4196 3724 9707 0 -1
ciMethod java/util/TimSort mergeForceCollapse ()V 1112 842 811 0 -1
ciInstanceKlass java/util/Arrays$LegacyMergeSort 1 1 45 10 7 12 1 1 1 7 1 8 1 10 12 1 10 7 12 1 1 1 7 1 10 12 1 1 9 7 12 1 1 1 1 1 1 1 1 1 1 1 1 7 1 1 1
staticfield java/util/Arrays$LegacyMergeSort userRequested Z 0
ciInstanceKlass java/util/SortedMap 1 1 113 100 1 10 12 1 1 10 100 12 1 1 1 11 7 12 1 1 1 7 1 7 1 1 1 1 1 1 1 1 1 1 1 1 1 1 1 1 1 1 1 1 1 1 1 1 1 1 1 1 1 1 1 1 1 1 1 1 1 1 1 1 1 1 1 1 1 1 100 1 7 1 1 1 100 1 8 1 1 12 10 1 1 1 8 1 1 1 8 1 1 8 1 1 1 8 1 1 1 8 1 1 1 8 1 1 1 8 1 1 1 8 1
ciInstanceKlass java/nio/charset/StandardCharsets 1 1 68 10 7 12 1 1 1 100 1 8 1 10 12 1 9 7 12 1 1 1 9 7 12 1 1 1 9 7 12 1 1 9 12 1 9 7 12 1 1 9 12 1 7 1 10 9 12 1 7 1 10 9 12 1 7 1 10 9 12 1 1 1 1 1 1 1 1 1
staticfield java/nio/charset/StandardCharsets US_ASCII Ljava/nio/charset/Charset; sun/nio/cs/US_ASCII
staticfield java/nio/charset/StandardCharsets ISO_8859_1 Ljava/nio/charset/Charset; sun/nio/cs/ISO_8859_1
staticfield java/nio/charset/StandardCharsets UTF_8 Ljava/nio/charset/Charset; sun/nio/cs/UTF_8
staticfield java/nio/charset/StandardCharsets UTF_16BE Ljava/nio/charset/Charset; sun/nio/cs/UTF_16BE
staticfield java/nio/charset/StandardCharsets UTF_16LE Ljava/nio/charset/Charset; sun/nio/cs/UTF_16LE
staticfield java/nio/charset/StandardCharsets UTF_16 Ljava/nio/charset/Charset; sun/nio/cs/UTF_16
ciInstanceKlass java/util/SortedSet 1 1 136 100 1 100 1 10 12 1 1 100 1 10 12 1 11 7 12 1 1 1 11 12 1 11 12 1 1 10 100 12 1 1 1 11 12 1 1 7 1 7 1 7 1 1 1 1 1 1 1 1 1 1 1 1 1 1 1 1 1 1 1 1 1 1 1 1 1 1 1 1 1 1 1 1 1 1 1 1 1 1 1 1 1 1 1 100 1 8 1 1 12 10 1 1 1 8 1 1 1 8 1 1 1 8 1 1 1 8 1 1 8 1 1 1 8 1 1 8 1 1 1 8 1 1 8 1 1 1 8 1 1 8 1 1 8 1
ciInstanceKlass java/util/NavigableSet 1 1 130 11 7 12 1 1 1 100 1 10 12 1 1 11 12 1 1 11 12 1 11 12 1 1 11 12 1 7 1 7 1 1 1 1 1 1 1 1 1 1 1 1 1 1 1 1 1 1 1 1 1 1 1 1 1 1 1 1 1 1 1 1 1 1 1 1 1 1 1 1 1 1 100 1 8 1 1 12 10 1 1 1 8 1 1 8 1 1 1 8 1 1 1 8 1 1 1 8 1 1 1 8 1 1 1 8 1 1 8 1 1 1 8 1 1 8 1 1 8 1 1 1 8 1 1 8 1 1 8 1
ciMethod java/util/NavigableSet iterator ()Ljava/util/Iterator; 0 0 1 0 -1
ciInstanceKlass java/util/NavigableMap 1 1 129 11 7 12 1 1 1 11 12 1 7 1 7 1 1 1 1 1 1 1 1 1 1 1 1 1 1 1 1 1 1 1 1 1 1 1 1 1 1 1 1 1 1 1 1 1 1 1 1 1 1 1 1 1 1 1 1 1 1 1 1 1 100 1 7 1 1 1 100 1 8 1 1 12 10 1 1 1 8 1 1 1 8 1 1 8 1 1 1 8 1 1 1 8 1 1 8 1 1 1 8 1 1 1 8 1 1 8 1 1 1 8 1 1 1 8 1 1 1 8 1 1 1 8 1 1 1 8 1
ciMethod java/util/NavigableMap size ()I 0 0 1 0 -1
ciMethod java/util/NavigableMap put (Ljava/lang/Object;Ljava/lang/Object;)Ljava/lang/Object; 0 0 1 0 -1
ciMethod java/util/NavigableMap navigableKeySet ()Ljava/util/NavigableSet; 0 0 1 0 -1
ciInstanceKlass java/util/TreeMap 1 1 692 10 7 12 1 1 1 9 7 12 1 1 1 9 12 1 9 12 1 1 10 12 1 1 11 7 12 1 1 11 12 1 11 12 1 1 11 100 12 1 1 1 10 12 1 1 100 1 100 1 10 12 1 1 10 12 1 1 9 7 12 1 1 1 10 12 1 1 10 12 1 1 10 12 1 1 10 12 1 100 1 10 11 7 1 10 7 12 1 1 11 10 10 12 1 10 12 1 1 7 1 9 12 1 1 9 12 11 12 1 1 9 12 1 9 12 1 11 7 12 1 1 1 10 9 12 1 10 12 1 1 10 12 1 1 10 12 1 1 10 12 1 1 10 12 1 1 10 12 1 1 10 12 1 11 7 12 1 1 100 1 10 11 100 12 1 1 10 12 1 10 12 1 1 10 12 1 10 12 1 1 100 1 100 1 10 12 1 9 12 1 9 12 1 1 9 12 1 1 10 10 12 1 1 10 12 1 10 12 1 10 12 1 10 12 1 10 12 1 10 12 1 7 1 10 12 1 10 12 1 11 100 1 9 12 1 1 7 1 10 12 1 7 1 10 100 1 10 12 1 100 1 10 10 12 1 1 10 12 1 1 10 12 1 11 7 12 1 1 7 1 10 12 1 100 1 10 10 7 12 1 1 100 1 10 12 1 100 1 10 9 12 1 1 10 12 1 10 12 1 10 12 1 10 12 1 1 10 12 1 1 10 12 1 10 12 1 10 12 1 10 100 12 1 1 10 12 1 1 11 100 12 1 1 1 11 12 1 100 1 11 12 1 10 12 1 1 11 12 1 10 100 12 1 1 10 12 1 11 100 1 11 10 12 1 1 10 12 1 10 12 1 10 100 12 1 1 10 12 1 1 9 12 1 1 10 12 1 100 1 10 7 1 10 12 1 100 1 10 10 9 12 1 100 1 100 1 1 1 1 1 1 1 1 1 3 1 3 1 1 5 0 1 1 1 1 1 1 1 1 1 1 1 1 1 1 1 100 1 1 1 1 1 1 1 1 1 1 1 1 1 1 1 1 1 1 1 1 1 1 1 1 1 1 1 1 1 1 1 1 1 1 1 1 1 1 1 1 1 1 1 1 1 1 1 1 1 1 1 1 1 1 1 1 1 1 1 1 1 1 1 1 1 1 1 1 1 1 1 1 1 1 1 1 1 1 1 1 1 1 1 1 100 1 1 1 1 1 1 100 1 1 1 1 1 1 1 1 1 1 1 1 1 1 1 1 1 1 1 1 1 1 1 1 1 1 1 1 1 1 1 1 1 1 1 1 1 1 1 1 1 1 1 1 1 1 1 1 1 1 1 1 1 1 1 1 1 1 1 1 1 1 1 1 1 1 1 1 1 1 1 1 1 1 1 1 1 1 1 1 1 1 1 1 1 1 1 1 1 1 1 1 1 1 1 1 1 1 1 1 1 1 1 1 100 1 100 1 100 1 100 1 100 1 100 1 100 1 100 1 100 1 100 1 100 1 100 1 100 1 100 1 100 1 1 1 1 1 1 1 1 1 1 1 1 1 1 1 1 1 1 1 1 1 1 1 1 1 1 1 1 1
staticfield java/util/TreeMap UNBOUNDED Ljava/lang/Object; java/lang/Object
ciMethod java/util/TreeMap size ()I 276 0 138 0 0
ciMethod java/util/TreeMap put (Ljava/lang/Object;Ljava/lang/Object;)Ljava/lang/Object; 516 0 96146 0 1096
ciMethod java/util/TreeMap navigableKeySet ()Ljava/util/NavigableSet; 4096 0 56138 0 400
ciMethod java/util/TreeMap keyIterator ()Ljava/util/Iterator; 512 0 54344 0 0
ciMethod java/util/TreeMap <init> ()V 764 0 49753 0 0
ciMethod java/util/TreeMap put (Ljava/lang/Object;Ljava/lang/Object;Z)Ljava/lang/Object; 516 1186 69931 0 1192
ciMethod java/util/TreeMap compare (Ljava/lang/Object;Ljava/lang/Object;)I 734 0 50789 0 -1
ciMethod java/util/TreeMap addEntry (Ljava/lang/Object;Ljava/lang/Object;Ljava/util/TreeMap$Entry;Z)V 300 0 19157 0 1312
ciMethod java/util/TreeMap getFirstEntry ()Ljava/util/TreeMap$Entry; 512 894 57632 0 0
ciMethod java/util/TreeMap addEntryToEmptyMap (Ljava/lang/Object;Ljava/lang/Object;)V 4096 0 52727 0 664
ciMethod java/util/TreeMap fixAfterInsertion (Ljava/util/TreeMap$Entry;)V 524 396 15631 0 -1
ciInstanceKlass java/lang/invoke/BoundMethodHandle$Species_L 1 1 126 10 7 12 1 1 1 9 7 12 1 1 1 9 12 1 1 10 12 1 9 7 12 1 1 1 10 7 12 1 1 1 10 12 1 1 10 7 12 1 1 1 100 1 10 100 12 1 1 1 9 12 1 10 12 1 9 12 1 10 12 1 9 12 1 10 12 1 9 12 1 10 12 1 10 12 1 1 10 12 1 1 1 1 1 1 1 1 1 1 1 1 1 1 1 1 1 1 1 1 1 1 1 1 1 1 1 1 1 1 1 1 1 1 1 1 1 1 1 1 1 1 1 100 1 1
ciInstanceKlass java/lang/invoke/LambdaFormEditor$1 1 1 49 10 7 12 1 1 1 9 7 12 1 1 1 10 7 12 1 1 1 100 1 1 1 1 1 1 1 1 1 1 1 1 1 1 1 1 1 1 1 100 1 12 1 1 1 1 100 1 1
ciInstanceKlass java/util/TreeMap$Entry 1 1 96 100 1 10 7 12 1 1 1 9 7 12 1 1 1 9 12 1 1 9 12 1 9 12 1 1 7 1 11 12 1 1 10 12 1 1 11 12 1 10 12 1 1 7 1 10 10 12 1 1 8 1 10 12 1 10 12 1 1 1 1 1 1 1 1 1 1 1 1 1 1 1 1 1 1 1 1 1 1 1 1 1 1 1 1 1 1 1 1 1 1 1 1 1 7 1
ciMethod java/util/TreeMap$Entry <init> (Ljava/lang/Object;Ljava/lang/Object;Ljava/util/TreeMap$Entry;)V 516 0 69852 0 -1
ciInstanceKlass java/util/TreeMap$KeySet 1 1 183 10 7 12 1 1 1 9 7 12 1 1 1 7 1 10 12 1 1 100 1 10 10 12 1 10 11 100 12 1 1 1 11 12 1 1 11 12 1 1 11 12 1 11 12 1 1 11 12 1 11 12 1 11 12 1 11 12 1 1 11 12 1 11 12 1 1 11 12 1 1 11 100 12 1 1 11 12 1 10 11 12 1 11 12 1 1 10 12 1 11 12 1 1 11 12 1 10 12 1 1 10 12 1 1 10 12 1 11 12 1 1 10 12 1 1 100 1 1 1 1 1 1 1 1 1 1 1 1 1 1 1 1 1 1 1 1 1 1 1 1 1 1 1 1 1 1 1 1 1 100 1 1 1 1 1 1 1 1 1 1 1 1 1 1 1 1 1 1 1 1 1 1 1 1 1 1 1 1 1 100 1 1
ciMethod java/util/TreeMap$KeySet iterator ()Ljava/util/Iterator; 4100 0 56138 0 776
ciMethod java/util/TreeMap$KeySet <init> (Ljava/util/NavigableMap;)V 380 0 14380 0 0
ciInstanceKlass java/util/TreeMap$KeyIterator 1 1 47 10 7 12 1 1 1 10 7 12 1 1 1 9 7 12 1 1 1 1 1 1 1 1 1 1 1 1 1 1 1 1 1 1 1 1 1 1 1 1 1 100 1 1 1 1 1
instanceKlass java/util/TreeMap$KeyIterator
instanceKlass java/util/TreeMap$ValueIterator
instanceKlass java/util/TreeMap$EntryIterator
ciInstanceKlass java/util/TreeMap$PrivateEntryIterator 1 1 98 9 7 12 1 1 1 10 7 12 1 1 1 9 7 12 1 1 1 9 12 1 9 12 1 1 9 12 1 100 1 10 100 1 10 10 12 1 1 10 12 1 100 1 10 9 7 12 1 1 9 12 1 10 12 1 1 7 1 1 1 1 1 1 1 1 1 1 1 1 1 1 1 1 1 1 1 1 1 1 1 1 1 1 1 1 1 1 1 100 1 8 1 1 12 10 1 1
ciMethod java/util/TreeMap$PrivateEntryIterator <init> (Ljava/util/TreeMap;Ljava/util/TreeMap$Entry;)V 512 0 57658 0 640
ciMethod java/util/TreeMap$PrivateEntryIterator hasNext ()Z 540 0 12281 0 88
ciMethod java/util/TreeMap$PrivateEntryIterator nextEntry ()Ljava/util/TreeMap$Entry; 514 0 11524 0 -1
ciMethod java/util/TreeMap$KeyIterator next ()Ljava/lang/Object; 536 0 9489 0 752
ciMethod java/util/TreeMap$KeyIterator <init> (Ljava/util/TreeMap;Ljava/util/TreeMap$Entry;)V 512 0 54344 0 0
ciInstanceKlass java/util/TreeSet 1 1 317 10 7 12 1 1 1 9 7 12 1 1 1 7 1 10 10 12 1 10 12 1 10 10 12 1 1 11 7 12 1 1 1 10 11 7 12 1 1 1 11 7 12 1 1 1 11 12 1 11 12 1 1 11 12 1 1 11 12 1 1 11 12 1 1 9 12 1 1 11 12 1 1 11 12 1 1 11 12 1 11 7 1 10 10 100 12 1 1 1 10 12 1 1 10 11 12 1 1 11 12 1 1 11 12 1 10 12 1 1 10 12 1 1 10 12 1 11 11 12 1 1 11 12 1 11 12 1 11 12 1 11 12 1 11 12 1 11 12 1 1 11 100 12 1 1 11 12 1 100 1 10 10 7 12 1 1 100 1 100 1 10 12 1 10 12 1 10 100 12 1 1 10 12 1 1 10 12 1 1 11 12 1 1 11 100 1 11 100 12 1 1 11 12 1 10 100 12 1 1 10 12 1 100 1 10 12 1 10 12 1 1 10 12 1 1 10 100 1 100 1 1 1 1 1 1 5 0 1 1 1 1 1 1 1 1 1 1 1 1 1 1 1 1 1 1 1 1 1 1 1 1 1 1 1 1 1 1 1 1 1 1 1 1 1 1 1 1 1 1 1 1 1 1 1 1 1 1 1 1 1 1 1 1 1 1 1 1 1 1 1 1 1 1 1 1 1 1 100 1 1 1 1 1 100 1 1 1 1 1 1 1 1 1 100 1 1
staticfield java/util/TreeSet PRESENT Ljava/lang/Object; java/lang/Object
ciMethod java/util/TreeSet size ()I 614 0 133925 0 128
ciMethod java/util/TreeSet add (Ljava/lang/Object;)Z 518 0 153075 0 1104
ciMethod java/util/TreeSet iterator ()Ljava/util/Iterator; 107388 0 54793 0 1168
ciMethod java/util/TreeSet <init> ()V 210 0 49555 0 384
ciMethod java/util/TreeSet <init> (Ljava/util/NavigableMap;)V 822 0 49812 0 0
ciMethod java/util/AbstractSet <init> ()V 676 0 283849 0 80
ciMethod java/util/AbstractMap <init> ()V 638 0 352434 0 80
ciMethod java/lang/Number <init> ()V 592 0 1062124 0 80
ciMethod java/util/Arrays binarySearch ([Ljava/lang/Object;Ljava/lang/Object;Ljava/util/Comparator;)I 522 0 61766 0 896
ciMethod java/util/Arrays binarySearch ([Ljava/lang/Object;Ljava/lang/Object;)I 558 0 147134 0 0
ciMethod java/util/Arrays binarySearch0 ([Ljava/lang/Object;IILjava/lang/Object;)I 358 414 46558 0 0
ciMethod java/util/Arrays binarySearch0 ([Ljava/lang/Object;IILjava/lang/Object;Ljava/util/Comparator;)I 522 410 45522 0 888
ciMethod java/util/Arrays legacyMergeSort ([Ljava/lang/Object;Ljava/util/Comparator;)V 0 0 1 0 -1
ciMethod java/util/Arrays sort ([Ljava/lang/Object;)V 396 0 330 0 -1
ciMethod java/util/Arrays sort ([Ljava/lang/Object;Ljava/util/Comparator;)V 934 0 19295 0 0
ciMethod java/util/Arrays sort ([III)V 290 0 4176 0 0
ciMethod java/util/Arrays rangeCheck (III)V 528 0 11441 0 152
ciMethod java/util/Arrays copyOf ([JI)[J 0 0 1266 0 -1
ciMethod java/util/Arrays copyOf ([Ljava/lang/Object;I)[Ljava/lang/Object; 36 0 25251 0 664
ciMethod java/util/Arrays copyOf ([Ljava/lang/Object;ILjava/lang/Class;)[Ljava/lang/Object; 150 0 5336 0 -1
ciMethod java/util/Arrays copyOf ([BI)[B 220 0 5232 0 912
ciMethod jdk/internal/util/ArraysSupport newLength (III)I 494 0 3385 0 -1
ciMethod java/lang/Math max (II)I 526 0 479411 0 -1
ciMethod java/lang/Math max (JJ)J 512 0 296419 0 96
ciMethod java/lang/Math min (II)I 516 0 2069782 0 -1
ciMethod java/lang/Math min (JJ)J 512 0 277461 0 96
ciMethod java/util/Iterator next ()Ljava/lang/Object; 0 0 1 0 -1
ciMethod java/util/Iterator hasNext ()Z 0 0 1 0 -1
ciMethod java/lang/String getBytes (Ljava/nio/charset/Charset;)[B 518 0 753528 0 1952
ciMethod java/lang/String encode (Ljava/nio/charset/Charset;B[B)[B 574 0 110048 0 -1
ciMethod java/lang/String coder ()B 722 0 14084096 0 -1
ciMethod java/io/OutputStream write ([BII)V 0 0 1 0 -1
ciMethod java/lang/Class getComponentType ()Ljava/lang/Class; 286 0 41909 0 112
ciMethod java/lang/Comparable compareTo (Ljava/lang/Object;)I 0 0 1 0 -1
ciMethod java/lang/Object getClass ()Ljava/lang/Class; 512 0 256 0 -1
ciMethod java/lang/Object <init> ()V 1024 0 7698669 0 80
ciInstanceKlass  @bci sun/security/ec/XDHKeyAgreement engineDoPhase (Ljava/security/Key;Z)Ljava/security/Key; 70 <appendix> form vmentry <vmtarget> ; 1 1 35 1 7 1 100 1 1 1 1 1 1 1 7 1 1 12 9 1 1 1 1 1 7 1 1 12 10 1 7 12 9 1 1 1 1
staticfield  @bci sun/security/ec/XDHKeyAgreement engineDoPhase (Ljava/security/Key;Z)Ljava/security/Key; 70 <appendix> form vmentry <vmtarget> ; _D_0 Ljava/lang/invoke/LambdaForm; java/lang/invoke/LambdaForm
ciInstanceKlass java/lang/AssertionError 0 0 79 10 100 12 1 1 1 10 12 1 10 100 12 1 1 1 10 100 1 100 1 10 12 1 1 10 12 1 10 12 1 10 12 1 10 12 1 10 12 1 10 12 1 10 12 1 1 1 1 5 0 1 1 1 1 1 1 1 1 1 1 100 1 1 1 1 1 1 1 1 1 1 1 1 1 1 1 1 1
instanceKlass com/naqqa/elasticsearch/store/BytesDataOutput
instanceKlass com/naqqa/elasticsearch/store/IndexOutput
ciInstanceKlass com/naqqa/elasticsearch/store/DataOutput 1 1 176 10 7 12 1 1 1 10 7 12 1 1 1 10 12 1 1 10 12 1 1 10 12 1 1 10 100 12 1 1 1 5 0 5 0 5 0 10 12 1 10 12 1 9 7 12 1 1 1 10 7 12 1 1 1 11 7 12 1 1 1 7 1 10 12 1 10 12 1 1 11 7 12 1 1 1 11 7 12 1 1 1 11 12 1 1 7 1 11 12 1 10 12 1 1 11 12 1 11 7 1 10 12 1 10 100 1 18 12 1 1 10 12 9 12 1 1 10 100 12 1 1 1 10 100 12 1 1 1 1 1 100 1 1 1 1 1 1 1 1 1 1 1 1 1 1 1 1 1 1 1 1 1 1 1 1 1 1 1 1 1 8 1 15 10 100 12 1 1 1 1 100 1 100 1 1
instanceKlass com/naqqa/elasticsearch/store/ByteBuffersDirectory$ByteBuffersIndexOutput
instanceKlass com/naqqa/elasticsearch/store/FSDirectory$FSIndexOutput
ciInstanceKlass com/naqqa/elasticsearch/store/IndexOutput 1 1 51 10 7 12 1 1 1 100 1 8 1 10 12 1 9 7 12 1 1 1 9 12 1 10 12 1 1 10 12 1 1 100 1 1 1 1 1 100 1 1 1 1 1 100 1 1 1 1 1 1 1
ciInstanceKlass com/naqqa/elasticsearch/store/FSDirectory$FSIndexOutput 1 1 138 100 1 10 7 12 1 1 1 18 12 1 1 10 7 12 1 1 1 7 1 10 12 1 9 7 12 1 1 1 9 12 1 1 7 1 9 7 12 1 1 1 9 12 1 10 7 12 1 1 1 9 12 1 1 9 12 1 1 10 12 1 1 10 7 12 1 1 9 12 1 1 10 12 1 10 7 12 1 1 1 10 7 12 1 1 10 12 1 1 10 12 1 1 9 12 1 1 10 12 1 1 1 1 1 100 1 1 1 1 1 1 1 1 1 1 1 100 1 1 1 1 1 8 1 15 10 7 12 1 1 1 1 100 1 100 1 1
ciInstanceKlass com/naqqa/elasticsearch/store/CodecUtil 1 1 353 7 1 10 100 12 1 1 1 9 7 12 1 1 1 10 7 12 1 1 1 10 12 1 1 100 1 18 12 1 1 10 12 1 3 10 7 12 1 1 1 10 12 1 10 12 1 1 18 10 12 1 1 10 12 1 1 18 10 12 1 1 10 12 1 1 10 7 12 1 1 7 1 18 12 1 10 12 1 10 12 1 1 10 12 1 1 100 1 8 1 10 12 1 10 12 1 1 18 12 1 100 1 10 12 1 100 1 10 10 12 1 10 12 1 1 10 12 1 1 10 12 1 10 12 1 1 100 1 10 12 1 10 12 1 10 7 12 1 1 18 18 3 10 7 1 10 12 1 1 10 12 1 1 10 7 12 1 1 1 10 12 1 1 10 100 12 1 1 1 18 10 12 1 1 10 12 10 12 1 10 12 1 18 12 10 100 12 1 1 1 10 12 1 1 18 8 1 100 1 100 1 10 12 10 7 1 18 12 1 10 12 1 8 1 18 12 1 18 10 12 1 10 12 1 1 7 1 10 12 10 10 18 12 1 18 10 18 18 10 5 0 100 1 10 12 1 1 18 12 1 10 10 12 1 10 12 1 18 8 1 10 100 12 1 1 1 10 12 1 1 1 1 1 1 3 1 3 1 1 1 100 1 1 1 1 1 1 1 1 1 1 1 1 100 1 1 1 1 1 1 1 8 1 8 1 8 1 8 1 8 1 8 1 8 1 8 1 8 1 8 1 8 1 8 1 8 1 8 1 8 1 8 1 8 1 8 1 8 1 15 10 7 12 1 1 1 1 100 1 100 1 1
ciInstanceKlass com/naqqa/elasticsearch/store/BytesDataOutput 1 1 119 10 7 12 1 1 1 10 7 12 1 1 10 7 12 1 1 1 9 12 1 1 9 12 1 1 100 1 8 1 10 12 1 100 1 3 10 7 12 1 1 1 10 12 1 10 7 12 1 1 1 10 7 12 1 1 1 10 12 1 1 10 12 1 1 100 1 18 12 1 1 10 10 12 1 7 1 10 12 1 1 1 1 1 1 1 1 1 1 1 1 1 1 1 1 1 1 1 100 1 1 1 1 1 1 8 1 15 10 100 12 1 1 1 100 1 100 1 1
ciInstanceKlass com/naqqa/elasticsearch/codec/docvalues/SortedSetDocValuesWriter 1 1 122 10 100 12 1 1 1 7 1 8 1 10 7 12 1 1 1 7 1 10 12 1 1 10 7 12 1 1 1 10 12 1 1 10 7 12 1 1 1 10 7 12 1 1 1 10 12 1 1 10 7 12 1 1 1 10 12 1 1 10 12 1 1 10 7 12 1 1 1 18 12 1 1 10 12 1 10 12 1 10 12 1 1 1 1 1 1 3 1 1 1 1 1 100 1 100 1 100 1 1 100 1 1 1 1 16 1 15 16 15 10 7 12 1 1 1 1 100 1 100 1 1
ciInstanceKlass com/naqqa/elasticsearch/codec/docvalues/SimpleTermDictionary 1 1 92 10 100 12 1 1 1 10 7 12 1 1 1 10 7 12 1 1 1 10 12 1 1 10 7 12 1 1 1 7 1 10 7 12 1 1 1 10 12 1 10 7 12 1 1 1 18 12 1 1 10 7 12 1 1 1 1 1 1 1 1 100 1 1 100 1 1 1 1 1 1 1 1 16 1 15 10 12 16 15 10 7 12 1 1 1 1 100 1 100 1 1
ciInstanceKlass  @bci com/naqqa/elasticsearch/codec/docvalues/SortedSetDocValuesWriter dedupSorted ([[B)[[B 9 <appendix> argL0 ; 1 1 22 1 7 1 7 1 100 1 1 12 10 1 1 1 7 1 7 1 12 10 1 1
ciInstanceKlass  @bci com/naqqa/elasticsearch/codec/docvalues/SimpleTermDictionary lookupOrd ([[B[B)I 2 <appendix> argL0 ; 1 1 22 1 7 1 7 1 100 1 1 12 10 1 1 1 7 1 7 1 12 10 1 1
ciInstanceKlass com/naqqa/elasticsearch/codec/docvalues/NumericBlockCodec 1 1 170 10 100 12 1 1 1 7 1 10 7 12 1 1 1 10 7 12 1 1 1 10 12 1 10 12 1 1 7 1 10 10 7 12 1 1 1 10 12 1 1 10 12 1 1 10 12 1 1 10 12 1 1 10 12 1 1 7 1 10 12 1 1 10 12 1 1 10 12 1 10 7 12 1 1 1 10 12 1 10 7 12 1 1 1 10 12 10 12 1 10 12 1 10 7 12 1 1 1 10 12 1 10 12 1 1 10 12 1 10 12 1 7 1 10 12 1 10 12 1 100 1 18 12 1 1 10 12 1 1 1 1 3 1 3 1 3 1 3 1 1 1 1 1 100 1 1 1 1 1 1 1 1 1 1 8 1 15 10 100 12 1 1 1 1 100 1 100 1 1
ciInstanceKlass com/naqqa/elasticsearch/codec/DirectWriter 1 1 99 10 7 12 1 1 1 100 1 18 12 1 1 10 12 1 9 7 12 1 1 1 9 12 1 1 10 12 1 1 9 12 1 1 9 12 1 10 7 12 1 1 1 5 0 9 12 1 10 7 12 1 1 1 18 12 1 10 7 12 1 1 1 10 12 1 1 1 1 1 1 1 1 100 1 1 1 1 1 1 1 1 1 8 1 8 1 15 10 100 12 1 1 1 100 1 100 1 1
ciInstanceKlass java/util/zip/CRC32C 1 1 266 10 7 12 1 1 1 9 7 12 1 1 1 9 12 1 1 100 1 10 9 7 12 1 1 1 10 12 1 1 10 12 1 1 10 100 12 1 1 1 10 12 1 9 12 1 1 100 1 10 10 12 1 1 9 100 12 1 1 1 11 100 12 1 1 1 100 1 11 12 1 1 10 12 1 1 11 12 1 10 12 1 10 12 1 1 10 12 1 10 12 1 10 100 12 1 1 1 10 12 1 10 12 1 1 10 12 1 1 10 12 1 5 0 9 7 12 1 1 9 12 1 10 7 12 1 1 1 9 12 1 1 10 7 12 1 1 1 100 1 9 12 1 9 12 1 1 10 12 1 1 5 0 10 12 1 1 9 12 1 9 12 1 9 12 1 9 12 1 9 12 1 9 12 1 9 12 1 9 12 1 9 12 1 5 0 10 12 1 1 10 12 1 10 7 12 1 1 3 10 12 1 9 12 1 10 12 1 1 7 1 9 12 1 100 1 10 100 12 1 1 1 100 1 1 1 1 1 1 1 1 1 1 1 1 1 1 1 1 1 1 1 1 100 1 100 1 1 1 1 1 1 1 1 1 1 1 1 1 1 1 1 1 100 1 1
staticfield java/util/zip/CRC32C REVERSED_CRC32C_POLY I -2097792136
staticfield java/util/zip/CRC32C UNSAFE Ljdk/internal/misc/Unsafe; jdk/internal/misc/Unsafe
staticfield java/util/zip/CRC32C byteTable [I 256
staticfield java/util/zip/CRC32C byteTables [[I 8 [[I
staticfield java/util/zip/CRC32C byteTable0 [I 256
staticfield java/util/zip/CRC32C byteTable1 [I 256
staticfield java/util/zip/CRC32C byteTable2 [I 256
staticfield java/util/zip/CRC32C byteTable3 [I 256
staticfield java/util/zip/CRC32C byteTable4 [I 256
staticfield java/util/zip/CRC32C byteTable5 [I 256
staticfield java/util/zip/CRC32C byteTable6 [I 256
staticfield java/util/zip/CRC32C byteTable7 [I 256
staticfield java/util/zip/CRC32C $assertionsDisabled Z 1
ciInstanceKlass sun/nio/ch/ChannelOutputStream 1 1 119 10 7 12 1 1 1 9 7 12 1 1 1 10 7 12 1 1 1 11 7 12 1 1 1 100 1 8 1 10 12 1 9 12 1 1 10 12 1 10 7 12 1 1 1 9 12 1 9 12 1 1 10 12 1 1 10 12 1 10 7 12 1 1 1 10 12 1 1 10 12 1 7 1 10 12 1 1 10 12 1 1 100 1 10 10 12 1 1 11 12 1 1 1 1 1 1 1 1 1 1 1 1 1 100 1 1 1 1 1 1 1 1 100 1 100 1 1 1
ciInstanceKlass java/util/DualPivotQuicksort 1 1 331 7 1 100 1 100 1 10 100 12 1 1 1 10 12 1 1 100 1 10 12 1 10 12 1 1 10 12 1 1 10 12 1 1 10 12 1 1 10 12 1 1 10 12 1 10 12 1 1 10 12 1 1 10 100 12 1 1 1 9 12 1 1 100 1 9 12 1 1 10 12 1 1 100 1 10 12 1 10 12 1 1 10 12 1 100 1 10 12 1 10 10 12 1 1 10 12 1 1 10 12 1 10 12 1 10 12 1 10 12 1 10 12 10 12 1 100 1 10 12 1 10 12 1 10 12 1 1 10 12 10 12 1 10 12 1 10 12 3 10 12 1 10 12 1 10 12 3 3 10 100 12 1 1 1 10 12 1 4 10 12 1 10 12 1 10 12 1 10 12 10 12 1 100 1 10 12 1 10 12 1 10 100 12 1 1 1 10 12 1 6 0 10 12 1 10 12 1 10 12 1 10 12 10 12 1 100 1 10 12 1 10 12 1 1 1 3 1 3 1 3 1 1 3 1 3 1 3 1 3 1 1 3 1 3 1 3 1 3 1 3 1 1 1 1 1 1 1 1 1 1 1 1 1 1 1 1 1 1 1 1 1 1 1 1 1 1 1 1 1 1 1 1 1 1 1 1 1 1 1 1 1 1 1 1 1 1 1 1 1 1 1 1 1 1 1 1 1 1 1 1 1 1 1 1 1 1 1 1 1 1 1 100 1 1 1 100 1 1 100 1 1 1 1 1 1 1 1 1 1 1
ciInstanceKlass com/naqqa/elasticsearch/store/ByteBuffersDirectory$ByteBuffersIndexOutput 1 1 124 9 7 12 1 1 1 18 12 1 1 10 7 12 1 1 1 7 1 10 12 1 9 7 12 1 1 1 9 12 1 1 9 12 1 1 9 12 1 1 10 100 12 1 1 1 10 7 12 1 1 1 10 12 1 1 10 7 12 1 1 1 10 7 12 1 1 1 10 12 1 1 9 12 1 10 12 1 10 12 1 1 9 12 1 1 9 12 1 1 1 1 1 1 1 1 1 1 1 1 1 1 1 1 1 100 1 1 8 1 15 10 7 12 1 1 1 1 1 100 1 100 1 1
ciMethodData java/lang/Object <init> ()V 2 7698157 orig 80 0 0 0 0 0 0 0 0 0 0 0 0 0 0 0 0 0 0 0 0 0 0 0 0 0 0 0 0 0 0 0 0 0 0 0 0 0 0 0 0 0 0 0 0 0 0 0 0 0 0 0 0 0 0 0 0 0 0 0 0 0 0 0 0 0 0 0 0 0 0 0 0 0 0 0 0 0 0 0 0 data 4 0x0 0x9 0x1 0x0 oops 0 methods 0
ciMethodData java/util/Objects requireNonNull (Ljava/lang/Object;)Ljava/lang/Object; 2 2201853 orig 80 0 0 0 0 0 0 0 0 0 0 0 0 245 1 0 0 0 0 0 0 0 0 0 0 0 0 0 0 0 0 0 0 0 0 0 0 0 0 0 0 0 0 0 0 0 0 0 0 0 0 0 0 0 0 0 0 0 0 0 0 0 0 0 0 0 0 0 0 0 0 0 0 0 0 0 0 0 0 0 0 data 15 0x10007 0x219919 0x30 0x0 0x80002 0x0 0x0 0x0 0x0 0x0 0x0 0x0 0x9 0x1 0x0 oops 0 methods 0
ciMethodData java/util/AbstractCollection <init> ()V 2 1199142 orig 80 0 0 0 0 0 0 0 0 0 0 0 0 245 1 0 0 0 0 0 0 0 0 0 0 0 0 0 0 0 0 0 0 0 0 0 0 0 0 0 0 0 0 0 0 0 0 0 0 0 0 0 0 0 0 0 0 0 0 0 0 0 0 0 0 0 0 0 0 0 0 0 0 0 0 0 0 0 0 0 0 data 7 0x10002 0x125671 0x0 0x0 0x9 0x1 0x0 oops 0 methods 0
ciMethodData java/lang/String length ()I 2 11910370 orig 80 0 0 0 0 0 0 0 0 0 0 0 0 245 1 0 0 0 0 0 0 0 0 0 0 0 0 0 0 0 0 0 0 0 0 0 0 0 0 0 0 0 0 0 0 0 0 0 0 0 0 0 0 0 0 0 0 0 0 0 0 0 0 0 0 0 0 0 0 0 0 0 0 0 0 0 0 0 0 0 0 data 16 0x60005 0xc78197 0x0 0x0 0x0 0x0 0x0 0x0 0x0 0x0 0x0 0x0 0x0 0x9 0x1 0x0 oops 0 methods 0
ciMethodData java/util/AbstractSet <init> ()V 2 283511 orig 80 0 0 0 0 0 0 0 0 0 0 0 0 245 1 0 0 0 0 0 0 0 0 0 0 0 0 0 0 0 0 0 0 0 0 0 0 0 0 0 0 0 0 0 0 0 0 0 0 0 0 0 0 0 0 0 0 0 0 0 0 0 0 0 0 0 0 0 0 0 0 0 0 0 0 0 0 0 0 0 0 data 7 0x10002 0x45377 0x0 0x0 0x9 0x1 0x0 oops 0 methods 0
ciMethodData java/util/AbstractMap <init> ()V 2 352115 orig 80 0 0 0 0 0 0 0 0 0 0 0 0 245 1 0 0 0 0 0 0 0 0 0 0 0 0 0 0 0 0 0 0 0 0 0 0 0 0 0 0 0 0 0 0 0 0 0 0 0 0 0 0 0 0 0 0 0 0 0 0 0 0 0 0 0 0 0 0 0 0 0 0 0 0 0 0 0 0 0 0 data 7 0x10002 0x55f76 0x0 0x0 0x9 0x1 0x0 oops 0 methods 0
ciMethodData java/util/Arrays copyOf ([BI)[B 2 5122 orig 80 0 0 0 0 0 0 0 0 0 0 0 0 245 1 0 0 0 0 0 0 0 0 0 0 0 0 0 0 0 0 0 0 0 0 0 0 0 0 0 0 0 0 0 0 0 0 0 0 0 0 0 0 0 0 0 0 0 0 0 0 0 0 0 0 0 0 0 0 0 0 0 0 0 0 0 0 0 0 0 0 data 32 0x30007 0x1380 0x90 0x82 0x70005 0x0 0x0 0x1f55c127c38 0x82 0x0 0x0 0xa0004 0x0 0x0 0x1f55c127c38 0x82 0x0 0x0 0x190002 0x137e 0x1c0002 0x137d 0x0 0x0 0x0 0x0 0x0 0x0 0x9 0x2 0xffffffffffffffff 0x0 oops 2 7 [B 14 [B methods 0
ciMethodData java/util/Arrays copyOf ([Ljava/lang/Object;I)[Ljava/lang/Object; 2 25233 orig 80 0 0 0 0 0 0 0 0 0 0 0 0 245 1 0 0 0 0 0 0 0 0 0 0 0 0 0 0 0 0 0 0 0 0 0 0 0 0 0 0 0 0 0 0 0 0 0 0 0 0 0 0 0 0 0 0 0 0 0 0 0 0 0 0 0 0 0 0 0 0 0 0 0 0 0 0 0 0 0 0 data 19 0x30005 0x6291 0x0 0x0 0x0 0x0 0x0 0x60002 0x6291 0x0 0x0 0x0 0x0 0x0 0x0 0x9 0x2 0xffffffffffffffff 0x0 oops 0 methods 0
ciMethodData java/lang/Class getComponentType ()Ljava/lang/Class; 2 41766 orig 80 0 0 0 0 0 0 0 0 0 0 0 0 245 1 0 0 0 0 0 0 0 0 0 0 0 0 0 0 0 0 0 0 0 0 0 0 0 0 0 0 0 0 0 0 0 0 0 0 0 0 0 0 0 0 0 0 0 0 0 0 0 0 0 0 0 0 0 0 0 0 0 0 0 0 0 0 0 0 0 0 data 20 0x10005 0xa326 0x0 0x0 0x0 0x0 0x0 0x40007 0x0 0x20 0xa328 0x0 0x0 0x0 0x0 0x0 0x0 0x9 0x1 0xffffffffffffffff oops 0 methods 0
ciMethodData java/lang/Number <init> ()V 2 1061828 orig 80 0 0 0 0 0 0 0 0 0 0 0 0 245 1 0 0 0 0 0 0 0 0 0 0 0 0 0 0 0 0 0 0 0 0 0 0 0 0 0 0 0 0 0 0 0 0 0 0 0 0 0 0 0 0 0 0 0 0 0 0 0 0 0 0 0 0 0 0 0 0 0 0 0 0 0 0 0 0 0 0 data 7 0x10002 0x1033c9 0x0 0x0 0x9 0x1 0x0 oops 0 methods 0
ciMethodData java/lang/Long <init> (J)V 2 64602 orig 80 0 0 0 0 0 0 0 0 0 0 0 0 245 1 0 0 0 0 0 0 0 0 0 0 0 0 0 0 0 0 0 0 0 0 0 0 0 0 0 0 0 0 0 0 0 0 0 0 0 0 0 0 0 0 0 0 0 0 0 0 0 0 0 0 0 0 0 0 0 0 0 0 0 0 0 0 0 0 0 0 data 11 0x10002 0xfc5a 0x0 0x0 0x0 0x0 0x9 0x3 0xc 0x0 0x0 oops 0 methods 0
ciMethodData java/lang/reflect/Array newInstance (Ljava/lang/Class;I)Ljava/lang/Object; 2 35890 orig 80 0 0 0 0 0 0 0 0 0 0 0 0 245 1 0 0 0 0 0 0 0 0 0 0 0 0 0 0 0 0 0 0 0 0 0 0 0 0 0 0 0 0 0 0 0 0 0 0 0 0 0 0 0 0 0 0 0 0 0 0 0 0 0 0 0 0 0 0 0 0 0 0 0 0 0 0 0 0 0 0 data 12 0x20002 0x8c32 0x0 0x0 0x0 0x0 0x0 0x0 0x9 0x2 0x0 0x0 oops 0 methods 0
ciMethodData java/lang/invoke/Invokers$Holder linkToTargetMethod (Ljava/lang/Object;)Ljava/lang/Object; 2 946909 orig 80 0 0 0 0 0 0 0 0 0 0 0 0 245 1 0 0 0 0 0 0 0 0 0 0 0 0 0 0 0 0 0 0 0 0 0 0 0 0 0 0 0 0 0 0 0 0 0 0 0 0 0 0 0 0 0 0 0 0 0 0 0 0 0 0 0 0 0 0 0 0 0 0 0 0 0 0 0 0 0 0 data 29 0x10004 0x0 0x0 0x1f55ec25a50 0x1446 0x0 0x0 0x4000b 0xe72dd 0x0 0x0 0x0 0x0 0x0 0x1 0x2 0x0 0x0 0x0 0x0 0x0 0x0 0x9 0x1 0x0 0xc 0x2 0x0 0x1f55ec25a50 oops 2 3 java/lang/invoke/BoundMethodHandle$Species_L 28 java/lang/invoke/BoundMethodHandle$Species_L methods 0
ciMethodData java/lang/Math min (JJ)J 2 277205 orig 80 0 0 0 0 0 0 0 0 0 0 0 0 245 1 0 0 0 0 0 0 0 0 0 0 0 0 0 0 0 0 0 0 0 0 0 0 0 0 0 0 0 0 0 0 0 0 0 0 0 0 0 0 0 0 0 0 0 0 0 0 0 0 0 0 0 0 0 0 0 0 0 0 0 0 0 0 0 0 0 0 data 14 0x30007 0x82f2 0x38 0x3b7fb 0x70003 0x3b7fb 0x18 0x0 0x9 0x4 0x0 0x0 0x0 0x0 oops 0 methods 0
ciMethodData java/lang/Math max (JJ)J 2 296163 orig 80 0 0 0 0 0 0 0 0 0 0 0 0 245 1 0 0 0 0 0 0 0 0 0 0 0 0 0 0 0 0 0 0 0 0 0 0 0 0 0 0 0 0 0 0 0 0 0 0 0 0 0 0 0 0 0 0 0 0 0 0 0 0 0 0 0 0 0 0 0 0 0 0 0 0 0 0 0 0 0 0 data 14 0x30007 0x11147 0x38 0x3739f 0x70003 0x3739f 0x18 0x0 0x9 0x4 0x0 0x0 0x0 0x0 oops 0 methods 0
ciMethodData java/util/Arrays rangeCheck (III)V 2 11177 orig 80 0 0 0 0 0 0 0 0 0 0 0 0 245 1 0 0 0 0 0 0 0 0 0 0 0 0 0 0 0 0 0 0 0 0 0 0 0 0 0 0 0 0 0 0 0 0 0 0 0 0 0 0 0 0 0 0 0 0 0 0 0 0 0 0 0 0 0 0 0 0 0 0 0 0 0 0 0 0 0 0 data 73 0x20007 0x2ba9 0x190 0x0 0xd0002 0x0 0x120005 0x0 0x0 0x0 0x0 0x0 0x0 0x160005 0x0 0x0 0x0 0x0 0x0 0x0 0x1b0005 0x0 0x0 0x0 0x0 0x0 0x0 0x1f0005 0x0 0x0 0x0 0x0 0x0 0x0 0x240005 0x0 0x0 0x0 0x0 0x0 0x0 0x270005 0x0 0x0 0x0 0x0 0x0 0x0 0x2a0002 0x0 0x2f0007 0x2ba9 0x30 0x0 0x370002 0x0 0x3d0007 0x2ba9 0x30 0x0 0x450002 0x0 0x0 0x0 0x0 0x0 0x0 0x0 0x9 0x3 0x0 0x0 0x0 oops 0 methods 0
ciMethod java/util/zip/CRC32C update ([BII)V 472 0 8451 0 -1
ciMethod java/util/DualPivotQuicksort getDepth (II)I 0 0 1 0 -1
ciMethod java/util/DualPivotQuicksort sort ([IIII)V 4840 0 7373 0 0
ciMethod java/util/DualPivotQuicksort sort (Ljava/util/DualPivotQuicksort$Sorter;[IIII)V 4308 0 15498 0 -1
ciMethod java/util/DualPivotQuicksort mixedInsertionSort ([IIII)V 0 0 1 0 -1
ciMethod java/util/DualPivotQuicksort insertionSort ([III)V 1238 134472 4555 0 -1
ciMethod java/util/DualPivotQuicksort heapSort ([III)V 0 0 1 0 -1
ciMethod java/util/DualPivotQuicksort tryMergeRuns (Ljava/util/DualPivotQuicksort$Sorter;[III)Z 0 0 1 0 -1
ciMethodData java/lang/String getBytes (Ljava/nio/charset/Charset;)[B 2 753273 orig 80 1 0 0 0 0 0 0 0 0 0 0 0 245 1 0 0 0 0 0 0 0 0 0 0 0 0 0 0 0 0 0 0 0 0 0 0 0 0 0 0 0 0 0 0 0 0 0 0 0 0 0 0 0 0 0 0 0 0 0 0 0 0 0 0 0 0 0 0 0 0 0 0 0 0 0 0 0 0 0 0 data 25 0x10007 0xb7ea2 0x30 0x0 0x80002 0x0 0xe0005 0xb7ea8 0x0 0x0 0x0 0x0 0x0 0x150002 0xb7e8c 0x0 0x0 0x0 0x0 0x0 0x0 0x9 0x2 0x0 0xffffffffffffffff oops 0 methods 0
ciMethodData java/lang/Long compareTo (Ljava/lang/Object;)I 2 483185 orig 80 0 0 0 0 0 0 0 0 0 0 0 0 245 1 0 0 0 0 0 0 0 0 0 0 0 0 0 0 0 0 0 0 0 0 0 0 0 0 0 0 0 0 0 0 0 0 0 0 0 0 0 0 0 0 0 0 0 0 0 0 0 0 0 0 0 0 0 0 0 0 0 0 0 0 0 0 0 0 0 0 data 24 0x20004 0x0 0x0 0x1f55c1166a8 0x75f71 0x0 0x0 0x50005 0x75f71 0x0 0x0 0x0 0x0 0x0 0x0 0x0 0x0 0x0 0x0 0x0 0x9 0x2 0x0 0x0 oops 1 3 java/lang/Long methods 0
ciMethodData java/lang/Long compareTo (Ljava/lang/Long;)I 2 483185 orig 80 0 0 0 0 0 0 0 0 0 0 0 0 245 1 0 0 0 0 0 0 0 0 0 0 0 0 0 0 0 0 0 0 0 0 0 0 0 0 0 0 0 0 0 0 0 0 0 0 0 0 0 0 0 0 0 0 0 0 0 0 0 0 0 0 0 0 0 0 0 0 0 0 0 0 0 0 0 0 0 0 data 12 0x80002 0x75f71 0x0 0x0 0x0 0x0 0x0 0x0 0x9 0x2 0x0 0x0 oops 0 methods 0
ciMethodData java/lang/Long compare (JJ)I 2 663101 orig 80 0 0 0 0 0 0 0 0 0 0 0 0 245 1 0 0 0 0 0 0 0 0 0 0 0 0 0 0 0 0 0 0 0 0 0 0 0 0 0 0 0 0 0 0 0 0 0 0 0 0 0 0 0 0 0 0 0 0 0 0 0 0 0 0 0 0 0 0 0 0 0 0 0 0 0 0 0 0 0 0 data 21 0x30007 0x6145a 0x38 0x409e3 0x70003 0x409e3 0x50 0xd0007 0x43ca1 0x38 0x1d7b9 0x110003 0x1d7b9 0x18 0x0 0x9 0x4 0x0 0x0 0x0 0x0 oops 0 methods 0
ciMethodData java/util/TreeMap put (Ljava/lang/Object;Ljava/lang/Object;Z)Ljava/lang/Object; 2 69673 orig 80 1 0 0 0 0 0 0 0 0 0 0 0 245 1 0 0 0 0 0 0 0 0 0 0 0 0 0 0 0 0 0 0 0 0 0 0 0 0 0 3 0 0 0 0 0 0 0 0 0 0 0 0 0 0 0 0 0 0 0 0 0 0 0 0 0 0 0 0 0 0 0 0 0 0 0 0 0 0 0 0 data 119 0x80007 0x10d3c 0x58 0x2ed 0xe0005 0x2ed 0x0 0x0 0x0 0x0 0x0 0x1b0007 0x10be3 0x140 0x159 0x2a0005 0xf1 0x0 0x1f5629434e0 0x54 0x1f562943590 0x1c0 0x330007 0x1eb 0x38 0x11a 0x3d0003 0x11a 0x90 0x8000000600420007 0x2d 0x38 0x1c1 0x4c0003 0x1c1 0x58 0x570007 0x2d 0x40 0x0 0x5c0007 0x0 0x20 0x0 0x6a0007 0x1ac 0xffffffffffffff18 0x12f 0x6d0003 0x12f 0x168 0x710002 0x10be3 0x760004 0x0 0x0 0x1f55c1121e8 0x768 0x1f55c116618 0x3f97 0x860005 0x34302 0x0 0x1f55c1121e8 0x1e88 0x1f55c116618 0xd7d2 0x8f0007 0x30444 0x38 0x13518 0x990003 0x13518 0x90 0x9e0007 0xdf12 0x38 0x22532 0xa80003 0x22532 0x58 0xb30007 0xdf12 0x40 0x0 0xb80007 0x0 0x20 0x0 0xc60007 0x32d79 0xffffffffffffff18 0x2cd1 0xd00007 0x1d76 0x38 0x108a 0xd40003 0x108a 0x18 0xd80005 0x2e00 0x0 0x0 0x0 0x0 0x0 0x0 0x0 0x0 0x0 0x0 0x0 0x9 0x4 0x0 0x0 0x0 0x0 oops 6 18 java/lang/invoke/LambdaFormEditor$1 20 java/lang/String$CaseInsensitiveComparator 56 java/lang/String 58 java/lang/Integer 63 java/lang/String 65 java/lang/Integer methods 0
ciMethodData java/util/TreeMap addEntryToEmptyMap (Ljava/lang/Object;Ljava/lang/Object;)V 2 50679 orig 80 0 0 0 0 0 0 0 0 0 0 0 0 245 1 0 0 0 0 0 0 0 0 0 0 0 0 0 0 0 0 0 0 0 0 0 0 0 0 0 0 0 0 0 0 0 0 0 0 0 0 0 0 0 0 0 0 0 0 0 0 0 0 0 0 0 0 0 0 0 0 0 0 0 0 0 0 0 0 0 0 data 20 0x30005 0xc5f7 0x0 0x0 0x0 0x0 0x0 0xf0002 0xc5f7 0x0 0x0 0x0 0x0 0x0 0x0 0x9 0x3 0x1c 0xffffffffffffffff 0x0 oops 0 methods 0
ciMethodData java/util/TreeMap addEntry (Ljava/lang/Object;Ljava/lang/Object;Ljava/util/TreeMap$Entry;Z)V 2 19007 orig 80 0 0 0 0 0 0 0 0 0 0 0 0 245 1 0 0 0 0 0 0 0 0 0 0 0 0 0 0 0 0 0 0 0 0 0 0 0 0 0 0 0 0 0 0 0 0 0 0 0 0 0 0 0 0 0 0 0 0 0 0 0 0 0 0 0 0 0 0 0 0 0 0 0 0 0 0 0 0 0 0 data 29 0x70002 0x4a3f 0xe0007 0x294d 0x38 0x20f2 0x170003 0x20f2 0x18 0x230005 0x4a3f 0x0 0x0 0x0 0x0 0x0 0x0 0x0 0x0 0x0 0x0 0x0 0x9 0x5 0xffffffffffffffff 0x0 0x0 0x18 0x0 oops 0 methods 0
ciMethodData java/lang/Long valueOf (J)Ljava/lang/Long; 2 224516 orig 80 1 0 0 0 0 0 0 0 0 0 0 0 245 1 0 0 0 0 0 0 0 0 0 0 0 0 0 0 0 0 0 0 0 0 0 0 0 0 0 1 0 0 0 0 0 0 0 0 0 0 0 0 0 0 0 0 0 0 0 0 0 0 0 0 0 0 0 0 0 0 0 0 0 0 0 0 0 0 0 0 data 18 0x8000000600090007 0x1 0x40 0x36cff 0x110007 0xfc59 0x20 0x270a6 0x240002 0xfc5a 0x0 0x0 0x0 0x0 0x9 0x2 0x0 0x0 oops 0 methods 0
ciMethodData java/util/TreeMap put (Ljava/lang/Object;Ljava/lang/Object;)Ljava/lang/Object; 2 95888 orig 80 1 0 0 0 0 0 0 0 0 0 0 0 245 1 0 0 0 0 0 0 0 0 0 0 0 0 0 0 0 0 0 0 0 0 0 0 0 0 0 0 0 0 0 0 0 0 0 0 0 0 0 0 0 0 0 0 0 0 0 0 0 0 0 0 0 0 0 0 0 0 0 0 0 0 0 0 0 0 0 0 data 18 0x40005 0x17690 0x0 0x0 0x0 0x0 0x0 0x0 0x0 0x0 0x0 0x0 0x0 0x9 0x3 0x0 0x0 0x0 oops 0 methods 0
ciMethodData java/util/TreeSet add (Ljava/lang/Object;)Z 2 152816 orig 80 1 0 0 0 0 0 0 0 0 0 0 0 245 1 0 0 0 0 0 0 0 0 0 0 0 0 0 0 0 0 0 0 0 0 0 0 0 0 0 0 0 0 0 0 0 0 0 0 0 0 0 0 0 0 0 0 0 0 0 0 0 0 0 0 0 0 0 0 0 0 0 0 0 0 0 0 0 0 0 0 data 24 0x80005 0x0 0x0 0x1f55ff21d00 0x254f0 0x0 0x0 0xd0007 0x1f56e 0x38 0x5f83 0x110003 0x5f83 0x18 0x0 0x0 0x0 0x0 0x0 0x0 0x9 0x2 0x0 0xffffffffffffffff oops 1 3 java/util/TreeMap methods 0
ciMethodData java/util/TreeMap$PrivateEntryIterator hasNext ()Z 2 12011 orig 80 0 0 0 0 0 0 0 0 0 0 0 0 245 1 0 0 0 0 0 0 0 0 0 0 0 0 0 0 0 0 0 0 0 0 0 0 0 0 0 0 0 0 0 0 0 0 0 0 0 0 0 0 0 0 0 0 0 0 0 0 0 0 0 0 0 0 0 0 0 0 0 0 0 0 0 0 0 0 0 0 data 16 0x40007 0x554 0x38 0x2997 0x80003 0x2997 0x18 0x0 0x0 0x0 0x0 0x0 0x0 0x9 0x1 0x0 oops 0 methods 0
ciMethodData java/util/Arrays binarySearch0 ([Ljava/lang/Object;IILjava/lang/Object;Ljava/util/Comparator;)I 2 45261 orig 80 0 0 0 0 0 0 0 0 0 0 0 0 245 1 0 0 0 0 0 0 0 0 0 0 0 0 0 0 0 0 0 0 0 0 0 0 0 0 0 0 0 0 0 0 0 0 0 0 0 0 0 0 0 0 0 0 0 0 0 0 0 0 0 0 0 0 0 0 0 0 0 0 0 0 0 0 0 0 0 0 data 47 0x20007 0xb0cd 0x30 0x0 0x90002 0x0 0x190007 0x0 0xe0 0x2e88d 0x300005 0x0 0x0 0x1f55f4d93e0 0x2e88d 0x0 0x0 0x390007 0x1b655 0x38 0x13238 0x420003 0x13238 0x50 0x470007 0xb0cd 0x38 0x10588 0x500003 0x10588 0x18 0x560003 0x237c0 0xffffffffffffff38 0x0 0x0 0x0 0x0 0x0 0x0 0x9 0x5 0x0 0x0 0x0 0x0 0x0 oops 1 13  @bci com/naqqa/elasticsearch/codec/docvalues/SimpleTermDictionary lookupOrd ([[B[B)I 2 <appendix> argL0 ; methods 0
ciMethodData java/util/Arrays binarySearch0 ([Ljava/lang/Object;IILjava/lang/Object;)I 2 46379 orig 80 1 0 0 0 0 0 0 0 0 0 0 0 245 1 0 0 0 0 0 0 0 0 0 0 0 0 0 0 0 0 0 0 0 0 0 0 0 0 0 2 0 0 0 0 0 0 0 0 0 0 0 0 0 0 0 0 0 0 0 0 0 0 0 0 0 0 0 0 0 0 0 0 0 0 0 0 0 0 0 0 data 47 0x80000006000c0007 0xc 0x118 0x2de83 0x1c0004 0x0 0x0 0x1f55c1166a8 0x2de55 0x1f55c1121e8 0x2e 0x240005 0x0 0x0 0x1f55c1166a8 0x2de55 0x1f55c1121e8 0x2e 0x2d0007 0x1aac0 0x38 0x133c3 0x360003 0x133c3 0x50 0x3b0007 0xb521 0x38 0xf59f 0x440003 0xf59f 0x18 0x4a0003 0x22962 0xffffffffffffff00 0x0 0x0 0x0 0x0 0x0 0x0 0x9 0x4 0x0 0x0 0x0 0xffffffffffffffff oops 4 7 java/lang/Long 9 java/lang/String 14 java/lang/Long 16 java/lang/String methods 0
ciMethodData java/util/Arrays binarySearch ([Ljava/lang/Object;Ljava/lang/Object;Ljava/util/Comparator;)I 2 61505 orig 80 0 0 0 0 0 0 0 0 0 0 0 0 245 1 0 0 0 0 0 0 0 0 0 0 0 0 0 0 0 0 0 0 0 0 0 0 0 0 0 0 0 0 0 0 0 0 0 0 0 0 0 0 0 0 0 0 0 0 0 0 0 0 0 0 0 0 0 0 0 0 0 0 0 0 0 0 0 0 0 0 data 13 0x60002 0xf041 0x0 0x0 0x0 0x0 0x0 0x0 0x9 0x3 0x0 0x0 0x0 oops 0 methods 0
ciMethodData java/util/TreeSet size ()I 2 133618 orig 80 0 0 0 0 0 0 0 0 0 0 0 0 245 1 0 0 0 0 0 0 0 0 0 0 0 0 0 0 0 0 0 0 0 0 0 0 0 0 0 0 0 0 0 0 0 0 0 0 0 0 0 0 0 0 0 0 0 0 0 0 0 0 0 0 0 0 0 0 0 0 0 0 0 0 0 0 0 0 0 0 data 16 0x40005 0x0 0x0 0x1f55ff21d00 0x209f2 0x0 0x0 0x0 0x0 0x0 0x0 0x0 0x0 0x9 0x1 0x0 oops 1 3 java/util/TreeMap methods 0
ciMethodData java/util/Arrays binarySearch ([Ljava/lang/Object;Ljava/lang/Object;)I 2 146855 orig 80 1 0 0 0 0 0 0 0 0 0 0 0 245 1 0 0 0 0 0 0 0 0 0 0 0 0 0 0 0 0 0 0 0 0 0 0 0 0 0 0 0 0 0 0 0 0 0 0 0 0 0 0 0 0 0 0 0 0 0 0 0 0 0 0 0 0 0 0 0 0 0 0 0 0 0 0 0 0 0 0 data 12 0x50002 0x23da7 0x0 0x0 0x0 0x0 0x0 0x0 0x9 0x2 0x0 0xffffffffffffffff oops 0 methods 0
ciMethodData java/util/TreeMap$KeyIterator next ()Ljava/lang/Object; 2 9221 orig 80 0 0 0 0 0 0 0 0 0 0 0 0 245 1 0 0 0 0 0 0 0 0 0 0 0 0 0 0 0 0 0 0 0 0 0 0 0 0 0 0 0 0 0 0 0 0 0 0 0 0 0 0 0 0 0 0 0 0 0 0 0 0 0 0 0 0 0 0 0 0 0 0 0 0 0 0 0 0 0 0 data 16 0x10005 0x2405 0x0 0x0 0x0 0x0 0x0 0x0 0x0 0x0 0x0 0x0 0x0 0x9 0x1 0xc oops 0 methods 0
ciMethodData java/util/TreeMap getFirstEntry ()Ljava/util/TreeMap$Entry; 2 57376 orig 80 0 0 0 0 0 0 0 0 0 0 0 0 245 1 0 0 0 0 0 0 0 0 0 0 0 0 0 0 0 0 0 0 0 0 0 0 0 0 0 0 0 0 0 0 0 0 0 0 0 0 0 0 0 0 0 0 0 0 0 0 0 0 0 0 0 0 0 0 0 0 0 0 0 0 0 0 0 0 0 0 data 20 0x60007 0x222 0x58 0xddfe 0xd0007 0xddfe 0x38 0x830 0x150003 0x830 0xffffffffffffffe0 0x0 0x0 0x0 0x0 0x0 0x0 0x9 0x1 0x0 oops 0 methods 0
ciMethodData java/util/TreeMap$PrivateEntryIterator <init> (Ljava/util/TreeMap;Ljava/util/TreeMap$Entry;)V 2 57402 orig 80 0 0 0 0 0 0 0 0 0 0 0 0 245 1 0 0 0 0 0 0 0 0 0 0 0 0 0 0 0 0 0 0 0 0 0 0 0 0 0 0 0 0 0 0 0 0 0 0 0 0 0 0 0 0 0 0 0 0 0 0 0 0 0 0 0 0 0 0 0 0 0 0 0 0 0 0 0 0 0 0 data 11 0x60002 0xe03a 0x0 0x0 0x0 0x0 0x9 0x3 0xe 0x0 0x0 oops 0 methods 0
ciMethod  @bci sun/security/ec/XDHKeyAgreement engineDoPhase (Ljava/security/Key;Z)Ljava/security/Key; 70 <appendix> form vmentry <vmtarget> ; invoke (Ljava/lang/Object;)Ljava/lang/Object; 512 0 947161 0 -1
ciMethodData  @bci sun/security/ec/XDHKeyAgreement engineDoPhase (Ljava/security/Key;Z)Ljava/security/Key; 70 <appendix> form vmentry <vmtarget> ; invoke (Ljava/lang/Object;)Ljava/lang/Object; 2 946905 orig 80 0 0 0 0 0 0 0 0 0 0 0 0 245 1 0 0 0 0 0 0 0 0 0 0 0 0 0 0 0 0 0 0 0 0 0 0 0 0 0 0 0 0 0 0 0 0 0 0 0 0 0 0 0 0 0 0 0 0 0 0 0 0 0 0 0 0 0 0 0 0 0 0 0 0 0 0 0 0 0 0 data 20 0x10004 0x0 0x0 0x1f55ec25a50 0x1446 0x0 0x0 0x0 0x0 0x0 0x0 0x0 0x0 0x9 0x1 0x0 0xc 0x2 0x0 0x1f55ec25a50 oops 2 3 java/lang/invoke/BoundMethodHandle$Species_L 19 java/lang/invoke/BoundMethodHandle$Species_L methods 0
ciMethod com/naqqa/elasticsearch/store/DataOutput writeByte (B)V 0 0 1 0 -1
ciMethod com/naqqa/elasticsearch/store/DataOutput writeBytes ([BII)V 0 0 1 0 -1
ciMethod com/naqqa/elasticsearch/store/DataOutput writeInt (I)V 0 0 1 0 -1
ciMethod com/naqqa/elasticsearch/store/DataOutput writeVInt (I)V 516 18004 976199 0 208
ciMethod com/naqqa/elasticsearch/store/DataOutput writeVLong (J)V 532 0 94991 0 208
ciMethod com/naqqa/elasticsearch/store/DataOutput writeZLong (J)V 512 0 6210 0 0
ciMethod com/naqqa/elasticsearch/store/DataOutput writeString (Ljava/lang/String;)V 518 0 2962 0 0
ciMethod com/naqqa/elasticsearch/store/FSDirectory$FSIndexOutput flushBuffer ()V 54 0 4067 0 0
ciMethod com/naqqa/elasticsearch/store/FSDirectory$FSIndexOutput writeByte (B)V 520 0 231683 0 224
ciMethod com/naqqa/elasticsearch/store/CodecUtil writeHeader (Lcom/naqqa/elasticsearch/store/DataOutput;Ljava/lang/String;I)V 512 0 1041 0 0
ciMethod com/naqqa/elasticsearch/store/CodecUtil writeFooter (Lcom/naqqa/elasticsearch/store/IndexOutput;)V 548 0 1040 0 0
ciMethod com/naqqa/elasticsearch/store/CodecUtil writeCRC (Lcom/naqqa/elasticsearch/store/IndexOutput;)V 554 0 1041 0 -1
ciMethod com/naqqa/elasticsearch/codec/docvalues/NumericBlockCodec writePacked (Lcom/naqqa/elasticsearch/store/DataOutput;[J)V 408 4098 553 0 0
ciMethodData com/naqqa/elasticsearch/store/DataOutput writeVInt (I)V 2 975941 orig 80 0 0 0 0 0 0 0 0 0 0 0 0 245 1 0 0 0 0 0 0 0 0 0 0 0 0 0 0 0 0 0 0 0 0 0 0 0 0 0 0 0 0 0 0 0 0 0 0 0 0 0 0 0 0 0 0 0 0 0 0 0 0 0 0 0 0 0 0 0 0 0 0 0 0 0 0 0 0 0 0 data 31 0x40007 0xee445 0x70 0x1e02d 0x110005 0x1d8a8 0x0 0x1f55edb9b58 0x34b 0x1f55f5f2f68 0x43a 0x190003 0x1e02d 0xffffffffffffffa8 0x1f0005 0xa3537 0x0 0x1f55edb9b58 0x43ae9 0x1f55f5f2f68 0x7425 0x0 0x0 0x0 0x0 0x0 0x0 0x9 0x2 0xffffffffffffffff 0x0 oops 4 7 com/naqqa/elasticsearch/store/FSDirectory$FSIndexOutput 9 com/naqqa/elasticsearch/store/BytesDataOutput 17 com/naqqa/elasticsearch/store/FSDirectory$FSIndexOutput 19 com/naqqa/elasticsearch/store/BytesDataOutput methods 0
ciMethod com/naqqa/elasticsearch/codec/docvalues/SortedSetDocValuesWriter write (Lcom/naqqa/elasticsearch/store/IndexOutput;I[[[B)V 256 9702 233 0 -1
ciMethod com/naqqa/elasticsearch/codec/docvalues/SortedSetDocValuesWriter dedupSorted ([[B)[[B 304 65536 225 0 0
ciMethod com/naqqa/elasticsearch/codec/docvalues/SimpleTermDictionary write (Lcom/naqqa/elasticsearch/store/DataOutput;[[B)V 388 24774 226 0 0
ciMethod com/naqqa/elasticsearch/codec/docvalues/SimpleTermDictionary commonPrefixLength ([B[B)I 520 264 14967 0 0
ciMethod com/naqqa/elasticsearch/codec/docvalues/SimpleTermDictionary compare ([B[B)I 548 1850 4765 0 360
ciMethod com/naqqa/elasticsearch/codec/docvalues/SimpleTermDictionary lookupOrd ([[B[B)I 522 0 121765 0 648
ciMethod  @bci com/naqqa/elasticsearch/codec/docvalues/SimpleTermDictionary lookupOrd ([[B[B)I 2 <appendix> argL0 ; compare (Ljava/lang/Object;Ljava/lang/Object;)I 516 0 191071 0 440
ciMethod com/naqqa/elasticsearch/codec/docvalues/NumericBlockCodec writeTable (Lcom/naqqa/elasticsearch/store/DataOutput;[JLjava/util/TreeSet;)V 108 32768 165 0 0
ciMethod com/naqqa/elasticsearch/codec/docvalues/NumericBlockCodec gcd (JJ)J 1024 2984 620 0 -1
ciMethod com/naqqa/elasticsearch/codec/docvalues/NumericBlockCodec writeDeltaGcd (Lcom/naqqa/elasticsearch/store/DataOutput;[JJJ)V 0 0 45 0 0
ciMethod com/naqqa/elasticsearch/codec/DirectWriter <init> (Lcom/naqqa/elasticsearch/store/DataOutput;I)V 276 0 278 0 0
ciMethod com/naqqa/elasticsearch/codec/DirectWriter add (J)V 558 0 80988 0 296
ciMethod com/naqqa/elasticsearch/codec/DirectWriter writeBits (JI)V 558 686 60769 0 288
ciMethod com/naqqa/elasticsearch/codec/DirectWriter finish ()V 256 0 271 0 0
ciMethod com/naqqa/elasticsearch/codec/DirectWriter bitsRequired (J)I 218 0 214 0 0
ciMethodData com/naqqa/elasticsearch/store/FSDirectory$FSIndexOutput writeByte (B)V 2 231423 orig 80 1 0 0 0 0 0 0 0 0 0 0 0 245 1 0 0 0 0 0 0 0 0 0 0 0 0 0 0 0 0 0 0 0 0 0 0 0 0 0 1 0 0 0 0 0 0 0 0 0 0 0 0 0 0 0 0 0 0 0 0 0 0 0 0 0 0 0 0 0 0 0 0 0 0 0 0 0 0 0 0 data 21 0x8000000600090007 0x387ec 0x58 0x14 0xd0005 0x14 0x0 0x0 0x0 0x0 0x0 0x0 0x0 0x0 0x0 0x0 0x0 0x9 0x2 0x18 0x0 oops 0 methods 0
ciMethodData com/naqqa/elasticsearch/store/FSDirectory$FSIndexOutput flushBuffer ()V 2 4042 orig 80 0 0 0 0 0 0 0 0 0 0 0 0 245 1 0 0 0 0 0 0 0 0 0 0 0 0 0 0 0 0 0 0 0 0 0 0 0 0 0 0 0 0 0 0 0 0 0 0 0 0 0 0 0 0 0 0 0 0 0 0 0 0 0 0 0 0 0 0 0 0 0 0 0 0 0 0 0 0 0 0 data 27 0x40007 0x6 0x90 0xfc4 0x140005 0xfc4 0x0 0x0 0x0 0x0 0x0 0x240005 0x0 0x0 0x1f5623b0a18 0xfc4 0x0 0x0 0x0 0x0 0x0 0x0 0x0 0x0 0x9 0x1 0x18 oops 1 14 sun/nio/ch/ChannelOutputStream methods 0
ciMethodData com/naqqa/elasticsearch/codec/docvalues/SimpleTermDictionary compare ([B[B)I 2 4491 orig 80 0 0 0 0 0 0 0 0 0 0 0 0 245 1 0 0 0 0 0 0 0 0 0 0 0 0 0 0 0 0 0 0 0 0 0 0 0 0 0 0 0 0 0 0 0 0 0 0 0 0 0 0 0 0 0 0 0 0 0 0 0 0 0 0 0 0 0 0 0 0 0 0 0 0 0 0 0 0 0 0 data 23 0x40002 0x118b 0xc0007 0x8fd 0x58 0x3d15 0x250007 0x3487 0x20 0x88e 0x310003 0x3487 0xffffffffffffffc0 0x0 0x0 0x0 0x0 0x0 0x0 0x9 0x2 0x0 0x0 oops 0 methods 0
ciMethodData com/naqqa/elasticsearch/store/DataOutput writeVLong (J)V 2 94725 orig 80 1 0 0 0 0 0 0 0 0 0 0 0 245 1 0 0 0 0 0 0 0 0 0 4 0 0 0 0 0 0 0 0 0 0 0 0 0 0 0 0 0 0 0 0 0 0 0 0 0 0 0 0 0 0 0 0 0 0 0 0 0 0 0 0 0 0 0 0 0 0 0 0 0 0 0 0 0 0 0 0 data 32 0x70007 0x17205 0x70 0xa079 0x160005 0x14 0x0 0x1f55edb9b58 0x7ceb 0x1f55f5f2f68 0x237a 0x1e0003 0xa079 0xffffffffffffffa8 0x8000000700250005 0x4d 0x0 0x1f55edb9b58 0x135b2 0x1f55f5f2f68 0x3c0a 0x0 0x0 0x0 0x0 0x0 0x0 0x9 0x3 0xffffffffffffffff 0x0 0x0 oops 4 7 com/naqqa/elasticsearch/store/FSDirectory$FSIndexOutput 9 com/naqqa/elasticsearch/store/BytesDataOutput 17 com/naqqa/elasticsearch/store/FSDirectory$FSIndexOutput 19 com/naqqa/elasticsearch/store/BytesDataOutput methods 0
ciMethodData  @bci com/naqqa/elasticsearch/codec/docvalues/SimpleTermDictionary lookupOrd ([[B[B)I 2 <appendix> argL0 ; compare (Ljava/lang/Object;Ljava/lang/Object;)I 2 190813 orig 80 0 0 0 0 0 0 0 0 0 0 0 0 245 1 0 0 0 0 0 0 0 0 0 0 0 0 0 0 0 0 0 0 0 0 0 0 0 0 0 0 0 0 0 0 0 0 0 0 0 0 0 0 0 0 0 0 0 0 0 0 0 0 0 0 0 0 0 0 0 0 0 0 0 0 0 0 0 0 0 0 data 27 0x10004 0x0 0x0 0x1f55c127c38 0x2e95d 0x0 0x0 0x50004 0x0 0x0 0x1f55c127c38 0x2e95d 0x0 0x0 0x80002 0x2e95d 0x0 0x0 0x0 0x0 0x0 0x0 0x9 0x3 0x0 0x0 0x0 oops 2 3 [B 10 [B methods 0
ciMethodData com/naqqa/elasticsearch/store/DataOutput writeString (Ljava/lang/String;)V 2 2705 orig 80 0 0 0 0 0 0 0 0 0 0 0 0 245 1 0 0 0 0 0 0 0 0 0 0 0 0 0 0 0 0 0 0 0 0 0 0 0 0 0 0 0 0 0 0 0 0 0 0 0 0 0 0 0 0 0 0 0 0 0 0 0 0 0 0 0 0 0 0 0 0 0 0 0 0 0 0 0 0 0 0 data 31 0x40005 0xa91 0x0 0x0 0x0 0x0 0x0 0xb0005 0xa91 0x0 0x0 0x0 0x0 0x0 0x130005 0x0 0x0 0x1f55edb9b58 0xa6f 0x1f55edb9c08 0x22 0x0 0x0 0x0 0x0 0x0 0x0 0x9 0x2 0xffffffffffffffff 0x0 oops 2 17 com/naqqa/elasticsearch/store/FSDirectory$FSIndexOutput 19 com/naqqa/elasticsearch/store/ByteBuffersDirectory$ByteBuffersIndexOutput methods 0
ciMethodData com/naqqa/elasticsearch/codec/docvalues/SimpleTermDictionary lookupOrd ([[B[B)I 2 121504 orig 80 0 0 0 0 0 0 0 0 0 0 0 0 245 1 0 0 0 0 0 0 0 0 0 0 0 0 0 0 0 0 0 0 0 0 0 0 0 0 0 0 0 0 0 0 0 0 0 0 0 0 0 0 0 0 0 0 0 0 0 0 0 0 0 0 0 0 0 0 0 0 0 0 0 0 0 0 0 0 0 0 data 16 0x2000a 0x1daa0 0x1 0x1f55f4d93e0 0x70002 0x1daa0 0x0 0x0 0x0 0x0 0x0 0x0 0x9 0x2 0x0 0x0 oops 1 3  @bci com/naqqa/elasticsearch/codec/docvalues/SimpleTermDictionary lookupOrd ([[B[B)I 2 <appendix> argL0 ; methods 0
ciMethodData com/naqqa/elasticsearch/codec/DirectWriter writeBits (JI)V 2 60490 orig 80 1 0 0 0 0 0 0 0 0 0 0 0 245 1 0 0 0 0 0 0 5 0 0 0 0 0 0 0 0 0 0 0 0 0 0 0 0 0 0 0 0 0 0 0 0 0 0 0 0 0 0 0 0 0 0 0 0 0 0 0 0 0 0 0 0 0 0 0 0 0 0 0 0 0 0 0 0 0 0 0 data 39 0x50007 0xec4f 0xd8 0x1bd6f 0x150002 0x1bd6f 0x1e0007 0x1bd6f 0x38 0x0 0x240003 0x0 0x18 0x650007 0xb5b4 0x58 0x107bb 0x8000000400710005 0x3bb 0x0 0x1f55edb9b58 0xd155 0x1f55f5f2f68 0x32b0 0x7e0003 0x1bd74 0xffffffffffffff40 0x0 0x0 0x0 0x0 0x0 0x0 0x9 0x4 0x18 0x0 0x0 0x0 oops 2 20 com/naqqa/elasticsearch/store/FSDirectory$FSIndexOutput 22 com/naqqa/elasticsearch/store/BytesDataOutput methods 0
ciMethodData com/naqqa/elasticsearch/codec/DirectWriter add (J)V 2 80709 orig 80 1 0 0 0 0 0 0 0 0 0 0 0 245 1 0 0 0 0 0 0 0 0 0 0 0 0 0 0 0 0 0 0 0 0 0 0 0 0 0 0 0 0 0 0 0 0 0 0 0 0 0 0 0 0 0 0 0 0 0 0 0 0 0 0 0 0 0 0 0 0 0 0 0 0 0 0 0 0 0 0 data 18 0x60005 0x13b45 0x0 0x0 0x0 0x0 0x0 0x0 0x0 0x0 0x0 0x0 0x0 0x9 0x3 0x1c 0x0 0x0 oops 0 methods 0
ciMethodData com/naqqa/elasticsearch/store/CodecUtil writeHeader (Lcom/naqqa/elasticsearch/store/DataOutput;Ljava/lang/String;I)V 1 785 orig 80 0 0 0 0 0 0 0 0 0 0 0 0 245 1 0 0 0 0 0 0 0 0 0 0 0 0 0 0 0 0 0 0 0 0 0 0 0 0 0 0 0 0 0 0 0 0 0 0 0 0 0 0 0 0 0 0 0 0 0 0 0 0 0 0 0 0 0 0 0 0 0 0 0 0 0 0 0 0 0 0 data 62 0x40005 0x311 0x0 0x0 0x0 0x0 0x0 0xb0005 0x311 0x0 0x0 0x0 0x0 0x0 0xe0007 0x0 0x40 0x311 0x160007 0x311 0x60 0x0 0x1e000a 0x0 0x3 0x0 0x0 0x1f55c1121e8 0x230002 0x0 0x2a0005 0x0 0x0 0x1f55edb9b58 0x2fc 0x1f55edb9c08 0x15 0x2f0005 0x0 0x0 0x1f55edb9b58 0x2fc 0x1f55edb9c08 0x15 0x340005 0x0 0x0 0x1f55edb9b58 0x2fc 0x1f55edb9c08 0x15 0x0 0x0 0x0 0x0 0x0 0x0 0x9 0x3 0x0 0x0 0x0 oops 7 27 java/lang/String 33 com/naqqa/elasticsearch/store/FSDirectory$FSIndexOutput 35 com/naqqa/elasticsearch/store/ByteBuffersDirectory$ByteBuffersIndexOutput 40 com/naqqa/elasticsearch/store/FSDirectory$FSIndexOutput 42 com/naqqa/elasticsearch/store/ByteBuffersDirectory$ByteBuffersIndexOutput 47 com/naqqa/elasticsearch/store/FSDirectory$FSIndexOutput 49 com/naqqa/elasticsearch/store/ByteBuffersDirectory$ByteBuffersIndexOutput methods 0
ciMethodData com/naqqa/elasticsearch/store/CodecUtil writeFooter (Lcom/naqqa/elasticsearch/store/IndexOutput;)V 1 771 orig 80 0 0 0 0 0 0 0 0 0 0 0 0 245 1 0 0 0 0 0 0 0 0 0 0 0 0 0 0 0 0 0 0 0 0 0 0 0 0 0 0 0 0 0 0 0 0 0 0 0 0 0 0 0 0 0 0 0 0 0 0 0 0 0 0 0 0 0 0 0 0 0 0 0 0 0 0 0 0 0 0 data 25 0x30005 0x0 0x0 0x1f55edb9b58 0x2ee 0x1f55edb9c08 0x15 0x80005 0x0 0x0 0x1f55edb9b58 0x2ee 0x1f55edb9c08 0x15 0xc0002 0x303 0x0 0x0 0x0 0x0 0x0 0x0 0x9 0x1 0xffffffffffffffff oops 4 3 com/naqqa/elasticsearch/store/FSDirectory$FSIndexOutput 5 com/naqqa/elasticsearch/store/ByteBuffersDirectory$ByteBuffersIndexOutput 10 com/naqqa/elasticsearch/store/FSDirectory$FSIndexOutput 12 com/naqqa/elasticsearch/store/ByteBuffersDirectory$ByteBuffersIndexOutput methods 0
ciMethodData com/naqqa/elasticsearch/codec/docvalues/NumericBlockCodec writePacked (Lcom/naqqa/elasticsearch/store/DataOutput;[J)V 2 349 orig 80 0 0 0 0 0 0 0 0 0 0 0 0 245 1 0 0 0 0 0 0 0 0 0 0 0 0 0 0 0 0 0 0 0 0 0 0 0 0 0 0 0 0 0 0 0 0 0 0 0 0 0 0 0 0 0 0 0 0 0 0 0 0 0 0 0 0 0 0 0 0 0 0 0 0 0 0 0 0 0 0 data 100 0x20007 0x15d 0x58 0x0 0x70005 0x0 0x0 0x0 0x0 0x0 0x0 0x230007 0x15d 0x58 0x36527 0x300002 0x36527 0x380002 0x36527 0x400003 0x36527 0xffffffffffffffc0 0x470007 0xa4 0x90 0xb9 0x4c0005 0x0 0x0 0x1f55edb9b58 0xb7 0x1f55edb9c08 0x2 0x510005 0xb9 0x0 0x0 0x0 0x0 0x0 0x590002 0xa4 0x6d0007 0x77 0xf0 0x201f0 0x7b0002 0x201f0 0x7e0005 0x0 0x0 0x1f5627cc030 0x201f0 0x0 0x0 0x840005 0x0 0x0 0x1f5627cc030 0x201f0 0x0 0x0 0x8a0007 0x201c3 0x38 0x2d 0x8d0003 0x2d 0x30 0x930003 0x201c3 0xffffffffffffff28 0x980005 0x0 0x0 0x1f5627cc030 0xa4 0x0 0x0 0x9e0007 0x2d 0x48 0x77 0xa50002 0x77 0xa80003 0x7b 0x28 0xb00002 0x2d 0x0 0x0 0x0 0x0 0x0 0x0 0x9 0x2 0x0 0x0 oops 5 29 com/naqqa/elasticsearch/store/FSDirectory$FSIndexOutput 31 com/naqqa/elasticsearch/store/ByteBuffersDirectory$ByteBuffersIndexOutput 51 java/util/TreeSet 58 java/util/TreeSet 75 java/util/TreeSet methods 0
ciMethodData com/naqqa/elasticsearch/codec/docvalues/NumericBlockCodec writeTable (Lcom/naqqa/elasticsearch/store/DataOutput;[JLjava/util/TreeSet;)V 2 111 orig 80 0 0 0 0 0 0 0 0 0 0 0 0 245 1 0 0 0 0 0 0 0 0 0 0 0 0 0 0 0 0 0 0 0 0 0 0 0 0 0 0 0 0 0 0 0 0 0 0 0 0 0 0 0 0 0 0 0 0 0 0 0 0 0 0 0 0 0 0 0 0 0 0 0 0 0 0 0 0 0 0 data 96 0x50005 0x0 0x0 0x1f5627cc030 0x6f 0x0 0x0 0x80004 0x0 0x0 0x1f55ff27278 0x73 0x0 0x0 0xe0005 0x0 0x0 0x1f55edb9b58 0x6e 0x1f55edb9c08 0x5 0x140005 0x73 0x0 0x0 0x0 0x0 0x0 0x260007 0x73 0xa8 0x14ae 0x330005 0x14ae 0x0 0x0 0x0 0x0 0x0 0x360005 0x14ae 0x0 0x0 0x0 0x0 0x0 0x3c0003 0x14ae 0xffffffffffffff70 0x440002 0x73 0x4d0005 0x0 0x0 0x1f55edb9b58 0x6e 0x1f55edb9c08 0x5 0x570002 0x73 0x6b0007 0x74 0x90 0x23f4c 0x780002 0x23f4c 0x7b0002 0x23f4c 0x850005 0x23f4c 0x0 0x0 0x0 0x0 0x0 0x8b0003 0x23f4d 0xffffffffffffff88 0x900005 0x74 0x0 0x0 0x0 0x0 0x0 0x0 0x0 0x0 0x0 0x0 0x0 0x9 0x3 0x0 0x0 0x0 oops 6 3 java/util/TreeSet 10 [Ljava/lang/Long; 17 com/naqqa/elasticsearch/store/FSDirectory$FSIndexOutput 19 com/naqqa/elasticsearch/store/ByteBuffersDirectory$ByteBuffersIndexOutput 54 com/naqqa/elasticsearch/store/FSDirectory$FSIndexOutput 56 com/naqqa/elasticsearch/store/ByteBuffersDirectory$ByteBuffersIndexOutput methods 0
ciMethodData com/naqqa/elasticsearch/codec/docvalues/NumericBlockCodec writeDeltaGcd (Lcom/naqqa/elasticsearch/store/DataOutput;[JJJ)V 2 45 orig 80 0 0 0 0 0 0 0 0 0 0 0 0 245 1 0 0 0 0 0 0 0 0 0 0 0 0 0 0 0 0 0 0 0 0 0 0 0 0 0 0 0 0 0 0 0 0 0 0 0 0 0 0 0 0 0 0 0 0 0 0 0 0 0 0 0 0 0 0 0 0 0 0 0 0 0 0 0 0 0 0 data 87 0x120007 0x1 0x80 0x26c 0x220002 0x26c 0x2b0007 0x240 0x38 0x2c 0x2e0003 0x2c 0x30 0x340003 0x240 0xffffffffffffff98 0x3b0007 0x2d 0x20 0x0 0x480002 0x2d 0x4f0005 0x0 0x0 0x1f55edb9b58 0x2c 0x1f55edb9c08 0x1 0x540005 0x2d 0x0 0x0 0x0 0x0 0x0 0x5a0005 0x2d 0x0 0x0 0x0 0x0 0x0 0x610005 0x0 0x0 0x1f55edb9b58 0x2c 0x1f55edb9c08 0x1 0x6b0002 0x2d 0x7f0007 0x2d 0x70 0x9d43 0x920005 0x9d43 0x0 0x0 0x0 0x0 0x0 0x980003 0x9d43 0xffffffffffffffa8 0x9d0005 0x2d 0x0 0x0 0x0 0x0 0x0 0x0 0x0 0x0 0x0 0x0 0x0 0x9 0x6 0x0 0x0 0x0 0x0 0x0 0x0 oops 4 25 com/naqqa/elasticsearch/store/FSDirectory$FSIndexOutput 27 com/naqqa/elasticsearch/store/ByteBuffersDirectory$ByteBuffersIndexOutput 46 com/naqqa/elasticsearch/store/FSDirectory$FSIndexOutput 48 com/naqqa/elasticsearch/store/ByteBuffersDirectory$ByteBuffersIndexOutput methods 0
ciMethodData com/naqqa/elasticsearch/codec/docvalues/SimpleTermDictionary commonPrefixLength ([B[B)I 2 14707 orig 80 0 0 0 0 0 0 0 0 0 0 0 0 245 1 0 0 0 0 0 0 0 0 0 0 0 0 0 0 0 0 0 0 0 0 0 0 0 0 0 0 0 0 0 0 0 0 0 0 0 0 0 0 0 0 0 0 0 0 0 0 0 0 0 0 0 0 0 0 0 0 0 0 0 0 0 0 0 0 0 0 data 23 0x40002 0x3973 0xc0007 0xa7 0x58 0x4157d 0x150007 0x38cc 0x38 0x3dcb1 0x1b0003 0x3dcb1 0xffffffffffffffc0 0x0 0x0 0x0 0x0 0x0 0x0 0x9 0x2 0x0 0x0 oops 0 methods 0
ciMethodData com/naqqa/elasticsearch/store/DataOutput writeZLong (J)V 2 5954 orig 80 0 0 0 0 0 0 0 0 0 0 0 0 245 1 0 0 0 0 0 0 0 0 0 0 0 0 0 0 0 0 0 0 0 0 0 0 0 0 0 0 0 0 0 0 0 0 0 0 0 0 0 0 0 0 0 0 0 0 0 0 0 0 0 0 0 0 0 0 0 0 0 0 0 0 0 0 0 0 0 0 data 18 0x90005 0x1742 0x0 0x0 0x0 0x0 0x0 0x0 0x0 0x0 0x0 0x0 0x0 0x9 0x3 0xffffffffffffffff 0x0 0x0 oops 0 methods 0
ciMethodData com/naqqa/elasticsearch/codec/docvalues/SortedSetDocValuesWriter write (Lcom/naqqa/elasticsearch/store/IndexOutput;I[[[B)V 2 105 orig 80 1 0 0 0 0 0 0 0 0 0 0 0 245 1 0 0 0 0 0 0 0 0 0 0 0 0 0 0 0 0 0 0 0 0 0 0 0 0 0 0 0 0 0 0 0 0 0 0 0 0 0 0 0 0 0 0 0 0 0 0 0 0 0 0 0 0 0 0 0 0 0 0 0 0 0 0 0 0 0 0 data 196 0x40002 0x69 0x1b0007 0x65 0x78 0xea16 0x270007 0x83c 0x40 0xe1da 0x2d0007 0x0 0x20 0xe1da 0x3c0003 0xea16 0xffffffffffffffa0 0x570007 0x61 0xc8 0xcf75 0x630007 0x83c 0x90 0xc739 0x760007 0xc735 0x70 0x2080f 0x890004 0x0 0x0 0x1f55c127c38 0x2080f 0x0 0x0 0x8d0003 0x2080f 0xffffffffffffffa8 0x930003 0xcf71 0xffffffffffffff50 0x980002 0x61 0xa00002 0x61 0xc60007 0x61 0x200 0xcb66 0xd10007 0x83c 0x1c8 0xc32a 0xd70007 0xc32a 0x38 0x0 0xda0003 0x0 0x188 0xec0007 0xfbf 0x48 0xb36b 0xfc0002 0xb36b 0x10a0003 0xb36b 0x140 0x1120007 0xfb0 0x20 0xf 0x1220007 0xfbf 0x48 0x12a82 0x1300002 0x12a82 0x1370003 0x12a82 0xffffffffffffffd0 0x13f0002 0xfbf 0x14c0007 0xfbf 0x78 0x12a82 0x1510007 0xfbf 0x40 0x11ac3 0x1600007 0x0 0x20 0x11ac3 0x1730003 0x12a82 0xffffffffffffffa0 0x17d0007 0xfbf 0x38 0x12a82 0x1910003 0x12a82 0xffffffffffffffe0 0x1a20003 0xcb66 0xfffffffffffffe18 0x1a70005 0x61 0x0 0x0 0x0 0x0 0x0 0x1ad0005 0x61 0x0 0x0 0x0 0x0 0x0 0x1b30007 0xb 0x38 0x56 0x1b70003 0x56 0x18 0x1c00007 0xb 0x38 0x56 0x1c40003 0x56 0x18 0x1c90005 0x0 0x0 0x1f55edb9b58 0x60 0x1f55edb9c08 0x1 0x1ce0007 0x56 0x90 0xb 0x1e40007 0xb 0x70 0x778 0x1f60005 0x778 0x0 0x0 0x0 0x0 0x0 0x2000003 0x778 0xffffffffffffffa8 0x2060002 0x61 0x20f0007 0x0 0x38 0x61 0x2140003 0x61 0x28 0x21b0002 0x0 0x21e0002 0x61 0x2220002 0x65 0x0 0x0 0x0 0x0 0x0 0x0 0x0 0x0 0x0 0x0 0x0 0x0 0x0 0x9 0x3 0x0 0x0 0x0 oops 3 32 [B 141 com/naqqa/elasticsearch/store/FSDirectory$FSIndexOutput 143 com/naqqa/elasticsearch/store/ByteBuffersDirectory$ByteBuffersIndexOutput methods 0
ciMethodData com/naqqa/elasticsearch/codec/docvalues/SortedSetDocValuesWriter dedupSorted ([[B)[[B 2 73 orig 80 0 0 0 0 0 0 0 0 0 0 0 0 245 1 0 0 0 0 0 0 0 0 0 0 0 0 0 0 0 0 0 0 0 0 0 0 0 0 0 0 0 0 0 0 0 0 0 0 0 0 0 0 0 0 0 0 0 0 0 0 0 0 0 0 0 0 0 0 0 0 0 0 0 0 0 0 0 0 0 0 data 69 0x10005 0x0 0x0 0x1f55edb93b8 0x49 0x0 0x0 0x40004 0x0 0x0 0x1f55edb93b8 0x49 0x0 0x0 0x9000a 0x49 0x1 0x1f55ec24418 0xe0002 0x49 0x180007 0x4a 0xc0 0x1623d 0x1c0007 0x49 0x50 0x161f4 0x270002 0x161f4 0x2a0007 0x138b2 0x58 0x2942 0x350004 0x0 0x0 0x1f55c127c38 0x298b 0x0 0x0 0x390003 0x1623e 0xffffffffffffff58 0x3f0007 0x39 0x38 0x11 0x430003 0x11 0x60 0x480002 0x39 0x4b0004 0x0 0x0 0x1f55edb93b8 0x39 0x0 0x0 0x0 0x0 0x0 0x0 0x0 0x0 0x9 0x1 0x0 oops 5 3 [[B 10 [[B 17  @bci com/naqqa/elasticsearch/codec/docvalues/SortedSetDocValuesWriter dedupSorted ([[B)[[B 9 <appendix> argL0 ; 37 [B 56 [[B methods 0
ciMethodData com/naqqa/elasticsearch/codec/docvalues/SimpleTermDictionary write (Lcom/naqqa/elasticsearch/store/DataOutput;[[B)V 1 32 orig 80 0 0 0 0 0 0 0 0 0 0 0 0 245 1 0 0 0 0 0 0 0 0 0 0 0 0 0 0 0 0 0 0 0 0 0 0 0 0 0 0 0 0 0 0 0 0 0 0 0 0 0 0 0 0 0 0 0 0 0 0 0 0 0 0 0 0 0 0 0 0 0 0 0 0 0 0 0 0 0 0 data 47 0x30005 0x20 0x0 0x0 0x0 0x0 0x0 0x170007 0x20 0xf0 0x9e0 0x230002 0x9e0 0x330005 0x9e0 0x0 0x0 0x0 0x0 0x0 0x390005 0x9e0 0x0 0x0 0x0 0x0 0x0 0x430005 0x0 0x0 0x1f55edb9b58 0x9e0 0x0 0x0 0x4c0003 0x9e0 0xffffffffffffff28 0x0 0x0 0x0 0x0 0x0 0x0 0x9 0x2 0x0 0x0 oops 1 30 com/naqqa/elasticsearch/store/FSDirectory$FSIndexOutput methods 0
ciMethodData java/util/TimSort sort ([Ljava/lang/Object;IILjava/util/Comparator;[Ljava/lang/Object;II)V 2 7284 orig 80 2 0 0 0 0 0 0 0 0 0 0 0 245 1 0 0 0 0 0 0 0 0 0 0 4 0 0 0 0 0 0 0 0 0 0 0 0 0 0 0 0 0 0 0 0 0 0 0 0 0 0 0 0 0 0 0 0 0 0 0 0 0 0 0 0 0 0 0 0 0 0 0 0 0 0 0 0 0 0 0 data 117 0x30007 0x1c74 0xd0 0x0 0x70007 0x0 0xa0 0x0 0xb0007 0x0 0x80 0x0 0xf0007 0x0 0x60 0x0 0x140007 0x0 0x40 0x0 0x1a0007 0x0 0x30 0x0 0x210002 0x0 0x2d0007 0xb3b 0x20 0x1139 0x350007 0x17a 0x40 0x9c1 0x3c0002 0x9c1 0x490002 0x9c2 0x590002 0x17a 0x600002 0x17a 0x690002 0x31af 0x720007 0xa8 0x68 0x3107 0x790007 0x300b 0x38 0xfc 0x7e0003 0xfc 0x18 0x900002 0x3107 0x9c0005 0x31af 0x0 0x0 0x0 0x0 0x0 0xa10005 0x31af 0x0 0x0 0x0 0x0 0x0 0xb20007 0x3031 0xffffffffffffff18 0x17e 0xb80007 0x17e 0x50 0x0 0xbd0007 0x0 0x30 0x0 0xc40002 0x0 0xca0005 0x17e 0x0 0x0 0x0 0x0 0x0 0xd00007 0x17e 0x50 0x0 0xd90007 0x0 0x30 0x0 0xe00002 0x0 0x8000000800650001 0x0 0x0 0x0 0x0 0x0 0x9 0x7 0x0 0x0 0x0 0x0 0x0 0x0 0x0 oops 0 methods 0
ciMethodData java/util/TreeSet <init> ()V 2 49450 orig 80 0 0 0 0 0 0 0 0 0 0 0 0 245 1 0 0 0 0 0 0 0 0 0 0 0 0 0 0 0 0 0 0 0 0 0 0 0 0 0 0 0 0 0 0 0 0 0 0 0 0 0 0 0 0 0 0 0 0 0 0 0 0 0 0 0 0 0 0 0 0 0 0 0 0 0 0 0 0 0 0 data 10 0x50002 0xc12a 0x80002 0xc12a 0x0 0x0 0x0 0x9 0x1 0x6 oops 0 methods 0
ciMethodData java/util/TreeMap <init> ()V 2 49371 orig 80 0 0 0 0 0 0 0 0 0 0 0 0 245 1 0 0 0 0 0 0 0 0 0 0 0 0 0 0 0 0 0 0 0 0 0 0 0 0 0 0 0 0 0 0 0 0 0 0 0 0 0 0 0 0 0 0 0 0 0 0 0 0 0 0 0 0 0 0 0 0 0 0 0 0 0 0 0 0 0 0 data 9 0x10002 0xc0db 0x0 0x0 0x0 0x0 0x9 0x1 0x1c oops 0 methods 0
ciMethodData java/util/TreeSet <init> (Ljava/util/NavigableMap;)V 2 49401 orig 80 0 0 0 0 0 0 0 0 0 0 0 0 245 1 0 0 0 0 0 0 0 0 0 0 0 0 0 0 0 0 0 0 0 0 0 0 0 0 0 0 0 0 0 0 0 0 0 0 0 0 0 0 0 0 0 0 0 0 0 0 0 0 0 0 0 0 0 0 0 0 0 0 0 0 0 0 0 0 0 0 data 10 0x10002 0xc0f9 0x0 0x0 0x0 0x0 0x9 0x2 0x6 0x0 oops 0 methods 0
ciMethodData java/util/Arrays sort ([III)V 2 4031 orig 80 0 0 0 0 0 0 0 0 0 0 0 0 245 1 0 0 0 0 0 0 0 0 0 0 0 0 0 0 0 0 0 0 0 0 0 0 0 0 0 0 0 0 0 0 0 0 0 0 0 0 0 0 0 0 0 0 0 0 0 0 0 0 0 0 0 0 0 0 0 0 0 0 0 0 0 0 0 0 0 0 data 15 0x40002 0xfbf 0xb0002 0xfbf 0x0 0x0 0x0 0x0 0x0 0x0 0x9 0x3 0x0 0x0 0x0 oops 0 methods 0
ciMethodData java/util/DualPivotQuicksort sort ([IIII)V 2 4953 orig 80 0 0 0 0 0 0 0 0 0 0 0 0 245 1 0 0 0 0 0 0 0 0 0 0 0 0 0 0 0 0 0 0 0 0 0 0 0 0 0 0 0 0 0 0 0 0 0 0 0 0 0 0 0 0 0 0 0 0 0 0 0 0 0 0 0 0 0 0 0 0 0 0 0 0 0 0 0 0 0 0 data 43 0x70007 0x1359 0xe8 0x0 0xf0007 0x0 0xc8 0x0 0x180002 0x0 0x1f0007 0x0 0x38 0x0 0x230003 0x0 0x18 0x3a0002 0x0 0x3d0005 0x0 0x0 0x0 0x0 0x0 0x0 0x410003 0x0 0x28 0x490002 0x1359 0x0 0x0 0x0 0x0 0x0 0x0 0x9 0x4 0x0 0x0 0x0 0x0 oops 0 methods 0
ciMethodData java/util/Arrays sort ([Ljava/lang/Object;Ljava/util/Comparator;)V 2 18828 orig 80 0 0 0 0 0 0 0 0 0 0 0 0 245 1 0 0 0 0 0 0 0 0 0 0 0 0 0 0 0 0 0 0 0 0 0 0 0 0 0 0 0 0 0 0 0 0 0 0 0 0 0 0 0 0 0 0 0 0 0 0 0 0 0 0 0 0 0 0 0 0 0 0 0 0 0 0 0 0 0 0 data 30 0x10007 0x498c 0x48 0x0 0x50002 0x0 0x80003 0x0 0x70 0xe0007 0x498c 0x48 0x0 0x130002 0x0 0x160003 0x0 0x28 0x210002 0x498c 0x0 0x0 0x0 0x0 0x0 0x0 0x9 0x2 0xffffffffffffffff 0xffffffffffffffff oops 0 methods 0
ciMethodData com/naqqa/elasticsearch/codec/DirectWriter bitsRequired (J)I 1 105 orig 80 0 0 0 0 0 0 0 0 0 0 0 0 245 1 0 0 0 0 0 0 0 0 0 0 0 0 0 0 0 0 0 0 0 0 0 0 0 0 0 0 0 0 0 0 0 0 0 0 0 0 0 0 0 0 0 0 0 0 0 0 0 0 0 0 0 0 0 0 0 0 0 0 0 0 0 0 0 0 0 0 data 26 0x30007 0x69 0x50 0x0 0xb000a 0x0 0x1 0x0 0x100002 0x0 0x170007 0x69 0x20 0x0 0x1f0002 0x69 0x0 0x0 0x0 0x0 0x0 0x0 0x9 0x2 0x0 0x0 oops 0 methods 0
ciMethodData com/naqqa/elasticsearch/codec/DirectWriter <init> (Lcom/naqqa/elasticsearch/store/DataOutput;I)V 1 140 orig 80 0 0 0 0 0 0 0 0 0 0 0 0 245 1 0 0 0 0 0 0 0 0 0 0 0 0 0 0 0 0 0 0 0 0 0 0 0 0 0 0 0 0 0 0 0 0 0 0 0 0 0 0 0 0 0 0 0 0 0 0 0 0 0 0 0 0 0 0 0 0 0 0 0 0 0 0 0 0 0 0 data 25 0x10002 0x8c 0x60007 0x0 0x40 0x8c 0xc0007 0x8c 0x50 0x0 0x14000a 0x0 0x1 0x0 0x190002 0x0 0x0 0x0 0x0 0x0 0x9 0x3 0x16 0x0 0x0 oops 0 methods 0
ciMethodData com/naqqa/elasticsearch/codec/DirectWriter finish ()V 1 143 orig 80 0 0 0 0 0 0 0 0 0 0 0 0 245 1 0 0 0 0 0 0 0 0 0 0 0 0 0 0 0 0 0 0 0 0 0 0 0 0 0 0 0 0 0 0 0 0 0 0 0 0 0 0 0 0 0 0 0 0 0 0 0 0 0 0 0 0 0 0 0 0 0 0 0 0 0 0 0 0 0 0 data 20 0x40007 0x43 0x58 0x4c 0x100005 0x2 0x0 0x1f55edb9b58 0x27 0x1f55f5f2f68 0x23 0x0 0x0 0x0 0x0 0x0 0x0 0x9 0x1 0x18 oops 2 7 com/naqqa/elasticsearch/store/FSDirectory$FSIndexOutput 9 com/naqqa/elasticsearch/store/BytesDataOutput methods 0
ciMethodData java/util/AbstractCollection toArray ([Ljava/lang/Object;)[Ljava/lang/Object; 1 1 orig 80 0 0 0 0 0 0 0 0 0 0 0 0 245 1 0 0 0 0 0 0 0 4 0 0 0 0 0 0 0 0 0 0 0 0 0 0 0 0 0 0 0 0 0 0 0 0 0 0 0 0 0 0 0 0 0 0 0 0 0 0 0 0 0 0 0 0 0 0 0 0 0 0 0 0 0 0 0 0 0 0 data 135 0x10005 0x0 0x0 0x0 0x0 0x0 0x0 0x80007 0x0 0x38 0x0 0xc0003 0x0 0xd0 0x100005 0x0 0x0 0x0 0x0 0x0 0x0 0x130005 0x0 0x0 0x0 0x0 0x0 0x0 0x170002 0x0 0x1a0004 0x0 0x0 0x0 0x0 0x0 0x0 0x1f0005 0x0 0x0 0x0 0x0 0x0 0x0 0x2b0007 0x4 0x208 0x28 0x300005 0x0 0x0 0x1f55d6f99c8 0x28 0x0 0x0 0x350007 0x28 0x128 0x0 0x3a0007 0x0 0x70 0x0 0x410004 0x0 0x0 0x0 0x0 0x0 0x0 0x420003 0x0 0xb0 0x490007 0x0 0x30 0x0 0x4f0002 0x0 0x590002 0x0 0x600007 0x0 0x58 0x0 0x670004 0x0 0x0 0x0 0x0 0x0 0x0 0x6f0005 0x0 0x0 0x1f55d6f99c8 0x28 0x0 0x0 0x8000000500740004 0x0 0x0 0x1f55c1166a8 0x2c 0x0 0x0 0x780003 0x2c 0xfffffffffffffe10 0x7d0005 0x0 0x0 0x1f55d6f99c8 0x4 0x0 0x0 0x820007 0x4 0x48 0x0 0x880002 0x0 0x8b0003 0x0 0x18 0x0 0x0 0x0 0x0 0x0 0x0 0x9 0x2 0x0 0x0 oops 4 51 java/util/TreeMap$KeyIterator 95 java/util/TreeMap$KeyIterator 102 java/lang/Long 112 java/util/TreeMap$KeyIterator methods 0
ciMethodData java/util/AbstractCollection finishToArray ([Ljava/lang/Object;Ljava/util/Iterator;)[Ljava/lang/Object; 1 0 orig 80 0 0 0 0 0 0 0 0 0 0 0 0 245 1 0 0 0 0 0 0 0 0 0 0 0 0 0 0 0 0 0 0 0 0 0 0 0 0 0 0 0 0 0 0 0 0 0 0 0 0 0 0 0 0 0 0 0 0 0 0 0 0 0 0 0 0 0 0 0 0 0 0 0 0 0 0 0 0 0 0 data 55 0x60005 0x0 0x0 0x0 0x0 0x0 0x0 0xb0007 0x0 0xe8 0x0 0x100007 0x0 0x40 0x0 0x1a0002 0x0 0x200002 0x0 0x2a0005 0x0 0x0 0x0 0x0 0x0 0x0 0x2f0004 0x0 0x0 0x0 0x0 0x0 0x0 0x300003 0x0 0xfffffffffffffef8 0x350007 0x0 0x38 0x0 0x390003 0x0 0x28 0x3e0002 0x0 0x0 0x0 0x0 0x0 0x0 0x0 0x9 0x2 0xffffffffffffffff 0xffffffffffffffff oops 0 methods 0
ciMethodData java/util/DualPivotQuicksort sort (Ljava/util/DualPivotQuicksort$Sorter;[IIII)V 2 13344 orig 80 0 0 0 0 0 0 0 0 0 0 0 0 245 1 0 0 0 0 0 0 0 0 0 0 0 0 0 0 0 0 0 0 0 0 0 0 0 0 0 0 0 0 0 0 0 0 0 0 0 0 0 0 0 0 0 0 0 0 0 0 0 0 0 0 0 0 0 0 0 0 0 0 0 0 0 0 0 0 0 0 data 272 0x120007 0x0 0x50 0x3420 0x180007 0x3420 0x30 0x0 0x2a0002 0x0 0x320007 0x0 0x30 0x3420 0x390002 0x3420 0x3e0007 0x0 0x60 0x0 0x460007 0x0 0x70 0x0 0x4c0007 0x0 0x50 0x0 0x540002 0x0 0x570007 0x0 0x20 0x0 0x620007 0x0 0x30 0x0 0x690002 0x0 0xad0007 0x0 0x20 0x0 0xcc0007 0x0 0x20 0x0 0xeb0007 0x0 0x20 0x0 0x10a0007 0x0 0x20 0x0 0x1290007 0x0 0x20 0x0 0x1460007 0x0 0x70 0x0 0x14f0007 0x0 0x38 0x0 0x1680003 0x0 0x88 0x1790003 0x0 0x70 0x1820007 0x0 0x58 0x0 0x18b0007 0x0 0x38 0x0 0x1a40003 0x0 0x18 0x1c40007 0x0 0x2f8 0x0 0x1cf0007 0x0 0x2d8 0x0 0x1da0007 0x0 0x2b8 0x0 0x1e50007 0x0 0x298 0x0 0x20d0007 0x0 0x38 0x0 0x2100003 0x0 0xffffffffffffffe0 0x21c0007 0x0 0x38 0x0 0x21f0003 0x0 0xffffffffffffffe0 0x2370007 0x0 0x108 0x0 0x2440007 0x0 0xb0 0x0 0x24b0007 0x0 0xb0 0x0 0x2570007 0x0 0xffffffffffffffe0 0x0 0x2600007 0x0 0x38 0x0 0x2760003 0x0 0x18 0x2870003 0x0 0x38 0x28e0007 0x0 0x20 0x0 0x2a20003 0x0 0xffffffffffffff10 0x2c50007 0x0 0xc8 0x0 0x2c90007 0x0 0xa8 0x0 0x2d60005 0x0 0x0 0x0 0x0 0x0 0x0 0x2e30005 0x0 0x0 0x0 0x0 0x0 0x0 0x2e60003 0x0 0x38 0x2f40002 0x0 0x3020002 0x0 0x3050003 0x0 0x1a0 0x3240007 0x0 0xe8 0x0 0x3310007 0x0 0xb0 0x0 0x33e0007 0x0 0x90 0x0 0x34a0007 0x0 0x38 0x0 0x34d0003 0x0 0xffffffffffffffe0 0x3560007 0x0 0x20 0x0 0x36a0003 0x0 0x18 0x3760003 0x0 0xffffffffffffff30 0x38b0007 0x0 0x90 0x0 0x38f0007 0x0 0x70 0x0 0x39a0005 0x0 0x0 0x0 0x0 0x0 0x0 0x39d0003 0x0 0x28 0x3a90002 0x0 0x3b00003 0x0 0xfffffffffffff8d8 0x0 0x0 0x0 0x0 0x0 0x0 0x0 0x0 0x0 0x0 0x0 0x0 0x0 0x0 0x0 0x0 0x0 0x0 0x0 0x0 0x0 0x0 0x0 0x0 0x0 0x0 0x0 0x0 0x0 0x0 0x0 0x0 0x0 0x9 0x5 0x0 0x0 0x0 0x0 0x0 oops 0 methods 0
ciMethodData java/util/TreeMap navigableKeySet ()Ljava/util/NavigableSet; 2 54090 orig 80 0 0 0 0 0 0 0 0 0 0 0 0 245 1 0 0 0 0 0 0 0 0 0 0 0 0 0 0 0 0 0 0 0 0 0 0 0 0 0 0 0 0 0 0 0 0 0 0 0 0 0 0 0 0 0 0 0 0 0 0 0 0 0 0 0 0 0 0 0 0 0 0 0 0 0 0 0 0 0 0 data 18 0x60007 0x376e 0x38 0x9bdc 0xa0003 0x9bdc 0x28 0x130002 0x376e 0x0 0x0 0x0 0x0 0x0 0x0 0x9 0x1 0x0 oops 0 methods 0
ciMethodData java/util/TreeMap$KeySet <init> (Ljava/util/NavigableMap;)V 2 14190 orig 80 0 0 0 0 0 0 0 0 0 0 0 0 245 1 0 0 0 0 0 0 0 0 0 0 0 0 0 0 0 0 0 0 0 0 0 0 0 0 0 0 0 0 0 0 0 0 0 0 0 0 0 0 0 0 0 0 0 0 0 0 0 0 0 0 0 0 0 0 0 0 0 0 0 0 0 0 0 0 0 0 data 10 0x10002 0x376e 0x0 0x0 0x0 0x0 0x9 0x2 0x6 0x0 oops 0 methods 0
ciMethodData java/util/TreeMap$KeySet iterator ()Ljava/util/Iterator; 2 54088 orig 80 0 0 0 0 0 0 0 0 0 0 0 0 245 1 0 0 0 0 0 0 0 0 0 0 0 0 0 0 0 0 0 0 0 0 0 0 0 0 0 0 0 0 0 0 0 0 0 0 0 0 0 0 0 0 0 0 0 0 0 0 0 0 0 0 0 0 0 0 0 0 0 0 0 0 0 0 0 0 0 0 data 48 0x40004 0x0 0x0 0x1f55ff21d00 0xd348 0x0 0x0 0x70007 0x0 0x90 0xd348 0xe0004 0x0 0x0 0x1f55ff21d00 0xd348 0x0 0x0 0x110005 0x0 0x0 0x1f55ff21d00 0xd348 0x0 0x0 0x190004 0x0 0x0 0x0 0x0 0x0 0x0 0x1c0005 0x0 0x0 0x0 0x0 0x0 0x0 0x0 0x0 0x0 0x0 0x0 0x0 0x9 0x1 0x0 oops 3 3 java/util/TreeMap 14 java/util/TreeMap 21 java/util/TreeMap methods 0
ciMethodData java/util/TreeMap keyIterator ()Ljava/util/Iterator; 2 54088 orig 80 0 0 0 0 0 0 0 0 0 0 0 0 245 1 0 0 0 0 0 0 0 0 0 0 0 0 0 0 0 0 0 0 0 0 0 0 0 0 0 0 0 0 0 0 0 0 0 0 0 0 0 0 0 0 0 0 0 0 0 0 0 0 0 0 0 0 0 0 0 0 0 0 0 0 0 0 0 0 0 0 data 18 0x60005 0xd348 0x0 0x0 0x0 0x0 0x0 0x90002 0xd348 0x0 0x0 0x0 0x0 0x0 0x0 0x9 0x1 0x0 oops 0 methods 0
ciMethodData java/util/TreeMap$KeyIterator <init> (Ljava/util/TreeMap;Ljava/util/TreeMap$Entry;)V 2 54088 orig 80 0 0 0 0 0 0 0 0 0 0 0 0 245 1 0 0 0 0 0 0 0 0 0 0 0 0 0 0 0 0 0 0 0 0 0 0 0 0 0 0 0 0 0 0 0 0 0 0 0 0 0 0 0 0 0 0 0 0 0 0 0 0 0 0 0 0 0 0 0 0 0 0 0 0 0 0 0 0 0 0 data 9 0x30002 0xd348 0x0 0x0 0x9 0x3 0x0 0x0 0x0 oops 0 methods 0
ciMethodData java/util/TreeSet iterator ()Ljava/util/Iterator; 2 1099 orig 80 0 0 0 0 0 0 0 0 0 0 0 0 245 1 0 0 0 0 0 0 0 0 0 0 0 0 0 0 0 0 0 0 0 0 0 0 0 0 0 0 0 0 0 0 0 0 0 0 0 0 0 0 0 0 0 0 0 0 0 0 0 0 0 0 0 0 0 0 0 0 0 0 0 0 0 0 0 0 0 0 data 23 0x40005 0x0 0x0 0x1f55ff21d00 0x44b 0x0 0x0 0x90005 0x0 0x0 0x1f55d6fdcf0 0x44b 0x0 0x0 0x0 0x0 0x0 0x0 0x0 0x0 0x9 0x1 0x0 oops 2 3 java/util/TreeMap 10 java/util/TreeMap$KeySet methods 0
ciMethod com/naqqa/elasticsearch/store/ByteBuffersDirectory$ByteBuffersIndexOutput ensureCapacity (I)V 4096 0 8296 0 0
ciMethod com/naqqa/elasticsearch/store/ByteBuffersDirectory$ByteBuffersIndexOutput writeByte (B)V 4110 0 7339 0 0
ciMethodData com/naqqa/elasticsearch/store/ByteBuffersDirectory$ByteBuffersIndexOutput ensureCapacity (I)V 2 6248 orig 80 0 0 0 0 0 0 0 0 0 0 0 0 245 1 0 0 0 0 0 0 0 0 0 0 0 0 0 0 0 0 0 0 0 0 0 0 0 0 0 0 0 0 0 0 0 0 0 0 0 0 0 0 0 0 0 0 0 0 0 0 0 0 0 0 0 0 0 0 0 0 0 0 0 0 0 0 0 0 0 0 data 18 0xb0007 0x1851 0x40 0x17 0x200002 0x17 0x230002 0x17 0x0 0x0 0x0 0x0 0x0 0x0 0x9 0x2 0x60 0x0 oops 0 methods 0
ciMethodData com/naqqa/elasticsearch/store/ByteBuffersDirectory$ByteBuffersIndexOutput writeByte (B)V 2 5284 orig 80 0 0 0 0 0 0 0 0 0 0 0 0 245 1 0 0 0 0 0 0 0 0 0 0 0 0 0 0 0 0 0 0 0 0 0 0 0 0 0 0 0 0 0 0 0 0 0 0 0 0 0 0 0 0 0 0 0 0 0 0 0 0 0 0 0 0 0 0 0 0 0 0 0 0 0 0 0 0 0 0 data 17 0x20005 0x14a4 0x0 0x0 0x0 0x0 0x0 0x0 0x0 0x0 0x0 0x0 0x0 0x9 0x2 0x0 0x0 oops 0 methods 0
compile com/naqqa/elasticsearch/codec/docvalues/SortedSetDocValuesWriter write (Lcom/naqqa/elasticsearch/store/IndexOutput;I[[[B)V -1 4 inline 172 0 -1 0 com/naqqa/elasticsearch/codec/docvalues/SortedSetDocValuesWriter write (Lcom/naqqa/elasticsearch/store/IndexOutput;I[[[B)V 1 4 0 com/naqqa/elasticsearch/store/CodecUtil writeHeader (Lcom/naqqa/elasticsearch/store/DataOutput;Ljava/lang/String;I)V 1 152 0 com/naqqa/elasticsearch/codec/docvalues/SortedSetDocValuesWriter dedupSorted ([[B)[[B 2 9 0 java/lang/invoke/Invokers$Holder linkToTargetMethod (Ljava/lang/Object;)Ljava/lang/Object; 3 4 0  @bci sun/security/ec/XDHKeyAgreement engineDoPhase (Ljava/security/Key;Z)Ljava/security/Key; 70 <appendix> form vmentry <vmtarget> ; invoke (Ljava/lang/Object;)Ljava/lang/Object; 2 14 0 java/util/Arrays sort ([Ljava/lang/Object;Ljava/util/Comparator;)V 2 39 0 com/naqqa/elasticsearch/codec/docvalues/SimpleTermDictionary compare ([B[B)I 2 72 0 java/util/Arrays copyOf ([Ljava/lang/Object;I)[Ljava/lang/Object; 1 160 0 com/naqqa/elasticsearch/codec/docvalues/SimpleTermDictionary write (Lcom/naqqa/elasticsearch/store/DataOutput;[[B)V 1 252 0 com/naqqa/elasticsearch/codec/docvalues/SimpleTermDictionary lookupOrd ([[B[B)I 2 2 0 java/lang/invoke/Invokers$Holder linkToTargetMethod (Ljava/lang/Object;)Ljava/lang/Object; 3 4 0  @bci sun/security/ec/XDHKeyAgreement engineDoPhase (Ljava/security/Key;Z)Ljava/security/Key; 70 <appendix> form vmentry <vmtarget> ; invoke (Ljava/lang/Object;)Ljava/lang/Object; 2 7 0 java/util/Arrays binarySearch ([Ljava/lang/Object;Ljava/lang/Object;Ljava/util/Comparator;)I 3 6 0 java/util/Arrays binarySearch0 ([Ljava/lang/Object;IILjava/lang/Object;Ljava/util/Comparator;)I 4 48 0  @bci com/naqqa/elasticsearch/codec/docvalues/SimpleTermDictionary lookupOrd ([[B[B)I 2 <appendix> argL0 ; compare (Ljava/lang/Object;Ljava/lang/Object;)I 5 8 0 com/naqqa/elasticsearch/codec/docvalues/SimpleTermDictionary compare ([B[B)I 1 304 0 com/naqqa/elasticsearch/codec/docvalues/SimpleTermDictionary lookupOrd ([[B[B)I 2 2 0 java/lang/invoke/Invokers$Holder linkToTargetMethod (Ljava/lang/Object;)Ljava/lang/Object; 3 4 0  @bci sun/security/ec/XDHKeyAgreement engineDoPhase (Ljava/security/Key;Z)Ljava/security/Key; 70 <appendix> form vmentry <vmtarget> ; invoke (Ljava/lang/Object;)Ljava/lang/Object; 2 7 0 java/util/Arrays binarySearch ([Ljava/lang/Object;Ljava/lang/Object;Ljava/util/Comparator;)I 3 6 0 java/util/Arrays binarySearch0 ([Ljava/lang/Object;IILjava/lang/Object;Ljava/util/Comparator;)I 4 48 0  @bci com/naqqa/elasticsearch/codec/docvalues/SimpleTermDictionary lookupOrd ([[B[B)I 2 <appendix> argL0 ; compare (Ljava/lang/Object;Ljava/lang/Object;)I 5 8 0 com/naqqa/elasticsearch/codec/docvalues/SimpleTermDictionary compare ([B[B)I 1 319 0 java/util/Arrays sort ([III)V 2 4 0 java/util/Arrays rangeCheck (III)V 2 11 0 java/util/DualPivotQuicksort sort ([IIII)V 1 423 0 com/naqqa/elasticsearch/store/DataOutput writeVInt (I)V 1 429 0 com/naqqa/elasticsearch/store/DataOutput writeVInt (I)V 1 457 0 com/naqqa/elasticsearch/store/FSDirectory$FSIndexOutput writeByte (B)V 1 457 0 com/naqqa/elasticsearch/store/ByteBuffersDirectory$ByteBuffersIndexOutput writeByte (B)V 2 2 0 com/naqqa/elasticsearch/store/ByteBuffersDirectory$ByteBuffersIndexOutput ensureCapacity (I)V 1 502 0 com/naqqa/elasticsearch/store/DataOutput writeVInt (I)V 1 518 0 com/naqqa/elasticsearch/codec/docvalues/NumericBlockCodec writePacked (Lcom/naqqa/elasticsearch/store/DataOutput;[J)V 2 48 0 java/lang/Math min (JJ)J 2 56 0 java/lang/Math max (JJ)J 2 76 0 com/naqqa/elasticsearch/store/FSDirectory$FSIndexOutput writeByte (B)V 2 76 0 com/naqqa/elasticsearch/store/ByteBuffersDirectory$ByteBuffersIndexOutput writeByte (B)V 3 2 0 com/naqqa/elasticsearch/store/ByteBuffersDirectory$ByteBuffersIndexOutput ensureCapacity (I)V 2 81 0 com/naqqa/elasticsearch/store/DataOutput writeVLong (J)V 2 89 0 java/util/TreeSet <init> ()V 3 5 0 java/util/TreeMap <init> ()V 4 1 0 java/util/AbstractMap <init> ()V 5 1 0 java/lang/Object <init> ()V 3 8 0 java/util/TreeSet <init> (Ljava/util/NavigableMap;)V 4 1 0 java/util/AbstractSet <init> ()V 5 1 0 java/util/AbstractCollection <init> ()V 6 1 0 java/lang/Object <init> ()V 2 123 0 java/lang/Long valueOf (J)Ljava/lang/Long; 3 36 0 java/lang/Long <init> (J)V 4 1 0 java/lang/Number <init> ()V 5 1 0 java/lang/Object <init> ()V 2 126 0 java/util/TreeSet add (Ljava/lang/Object;)Z 3 8 0 java/util/TreeMap put (Ljava/lang/Object;Ljava/lang/Object;)Ljava/lang/Object; 4 4 0 java/util/TreeMap put (Ljava/lang/Object;Ljava/lang/Object;Z)Ljava/lang/Object; 5 113 0 java/util/Objects requireNonNull (Ljava/lang/Object;)Ljava/lang/Object; 5 134 0 java/lang/Long compareTo (Ljava/lang/Object;)I 6 5 0 java/lang/Long compareTo (Ljava/lang/Long;)I 7 8 0 java/lang/Long compare (JJ)I 2 132 0 java/util/TreeSet size ()I 3 4 0 java/util/TreeMap size ()I 2 152 0 java/util/TreeSet size ()I 3 4 0 java/util/TreeMap size ()I 2 165 0 com/naqqa/elasticsearch/codec/docvalues/NumericBlockCodec writeTable (Lcom/naqqa/elasticsearch/store/DataOutput;[JLjava/util/TreeSet;)V 3 5 0 java/util/AbstractCollection toArray ([Ljava/lang/Object;)[Ljava/lang/Object; 4 23 0 java/lang/reflect/Array newInstance (Ljava/lang/Class;I)Ljava/lang/Object; 4 31 0 java/util/TreeSet iterator ()Ljava/util/Iterator; 5 4 0 java/util/TreeMap navigableKeySet ()Ljava/util/NavigableSet; 6 19 0 java/util/TreeMap$KeySet <init> (Ljava/util/NavigableMap;)V 7 1 0 java/util/AbstractSet <init> ()V 8 1 0 java/util/AbstractCollection <init> ()V 9 1 0 java/lang/Object <init> ()V 5 9 0 java/util/TreeMap$KeySet iterator ()Ljava/util/Iterator; 6 17 0 java/util/TreeMap keyIterator ()Ljava/util/Iterator; 7 6 0 java/util/TreeMap getFirstEntry ()Ljava/util/TreeMap$Entry; 7 9 0 java/util/TreeMap$KeyIterator <init> (Ljava/util/TreeMap;Ljava/util/TreeMap$Entry;)V 8 3 0 java/util/TreeMap$PrivateEntryIterator <init> (Ljava/util/TreeMap;Ljava/util/TreeMap$Entry;)V 9 6 0 java/lang/Object <init> ()V 3 14 0 com/naqqa/elasticsearch/store/FSDirectory$FSIndexOutput writeByte (B)V 3 14 0 com/naqqa/elasticsearch/store/ByteBuffersDirectory$ByteBuffersIndexOutput writeByte (B)V 4 2 0 com/naqqa/elasticsearch/store/ByteBuffersDirectory$ByteBuffersIndexOutput ensureCapacity (I)V 3 20 0 com/naqqa/elasticsearch/store/DataOutput writeVInt (I)V 3 51 0 java/lang/Long longValue ()J 3 54 0 com/naqqa/elasticsearch/store/DataOutput writeZLong (J)V 4 9 0 com/naqqa/elasticsearch/store/DataOutput writeVLong (J)V 3 68 0 com/naqqa/elasticsearch/codec/DirectWriter bitsRequired (J)I 3 77 0 com/naqqa/elasticsearch/store/FSDirectory$FSIndexOutput writeByte (B)V 3 77 0 com/naqqa/elasticsearch/store/ByteBuffersDirectory$ByteBuffersIndexOutput writeByte (B)V 4 2 0 com/naqqa/elasticsearch/store/ByteBuffersDirectory$ByteBuffersIndexOutput ensureCapacity (I)V 3 87 0 com/naqqa/elasticsearch/codec/DirectWriter <init> (Lcom/naqqa/elasticsearch/store/DataOutput;I)V 4 1 0 java/lang/Object <init> ()V 3 120 0 java/lang/Long valueOf (J)Ljava/lang/Long; 4 36 0 java/lang/Long <init> (J)V 5 1 0 java/lang/Number <init> ()V 6 1 0 java/lang/Object <init> ()V 3 123 0 java/util/Arrays binarySearch ([Ljava/lang/Object;Ljava/lang/Object;)I 4 5 0 java/util/Arrays binarySearch0 ([Ljava/lang/Object;IILjava/lang/Object;)I 5 36 0 java/lang/Long compareTo (Ljava/lang/Object;)I 6 5 0 java/lang/Long compareTo (Ljava/lang/Long;)I 7 8 0 java/lang/Long compare (JJ)I 3 133 0 com/naqqa/elasticsearch/codec/DirectWriter add (J)V 4 6 0 com/naqqa/elasticsearch/codec/DirectWriter writeBits (JI)V 3 144 0 com/naqqa/elasticsearch/codec/DirectWriter finish ()V 1 542 0 com/naqqa/elasticsearch/codec/docvalues/NumericBlockCodec writePacked (Lcom/naqqa/elasticsearch/store/DataOutput;[J)V 2 48 0 java/lang/Math min (JJ)J 2 56 0 java/lang/Math max (JJ)J 2 76 0 com/naqqa/elasticsearch/store/FSDirectory$FSIndexOutput writeByte (B)V 2 76 0 com/naqqa/elasticsearch/store/ByteBuffersDirectory$ByteBuffersIndexOutput writeByte (B)V 3 2 0 com/naqqa/elasticsearch/store/ByteBuffersDirectory$ByteBuffersIndexOutput ensureCapacity (I)V 2 81 0 com/naqqa/elasticsearch/store/DataOutput writeVLong (J)V 2 89 0 java/util/TreeSet <init> ()V 3 5 0 java/util/TreeMap <init> ()V 4 1 0 java/util/AbstractMap <init> ()V 5 1 0 java/lang/Object <init> ()V 3 8 0 java/util/TreeSet <init> (Ljava/util/NavigableMap;)V 4 1 0 java/util/AbstractSet <init> ()V 5 1 0 java/util/AbstractCollection <init> ()V 6 1 0 java/lang/Object <init> ()V 2 123 0 java/lang/Long valueOf (J)Ljava/lang/Long; 3 36 0 java/lang/Long <init> (J)V 4 1 0 java/lang/Number <init> ()V 5 1 0 java/lang/Object <init> ()V 2 126 0 java/util/TreeSet add (Ljava/lang/Object;)Z 3 8 0 java/util/TreeMap put (Ljava/lang/Object;Ljava/lang/Object;)Ljava/lang/Object; 4 4 0 java/util/TreeMap put (Ljava/lang/Object;Ljava/lang/Object;Z)Ljava/lang/Object; 5 113 0 java/util/Objects requireNonNull (Ljava/lang/Object;)Ljava/lang/Object; 5 134 0 java/lang/Long compareTo (Ljava/lang/Object;)I 6 5 0 java/lang/Long compareTo (Ljava/lang/Long;)I 7 8 0 java/lang/Long compare (JJ)I 2 132 0 java/util/TreeSet size ()I 3 4 0 java/util/TreeMap size ()I 2 152 0 java/util/TreeSet size ()I 3 4 0 java/util/TreeMap size ()I 2 165 0 com/naqqa/elasticsearch/codec/docvalues/NumericBlockCodec writeTable (Lcom/naqqa/elasticsearch/store/DataOutput;[JLjava/util/TreeSet;)V 3 5 0 java/util/AbstractCollection toArray ([Ljava/lang/Object;)[Ljava/lang/Object; 4 23 0 java/lang/reflect/Array newInstance (Ljava/lang/Class;I)Ljava/lang/Object; 4 31 0 java/util/TreeSet iterator ()Ljava/util/Iterator; 5 4 0 java/util/TreeMap navigableKeySet ()Ljava/util/NavigableSet; 6 19 0 java/util/TreeMap$KeySet <init> (Ljava/util/NavigableMap;)V 7 1 0 java/util/AbstractSet <init> ()V 8 1 0 java/util/AbstractCollection <init> ()V 9 1 0 java/lang/Object <init> ()V 5 9 0 java/util/TreeMap$KeySet iterator ()Ljava/util/Iterator; 6 17 0 java/util/TreeMap keyIterator ()Ljava/util/Iterator; 7 6 0 java/util/TreeMap getFirstEntry ()Ljava/util/TreeMap$Entry; 7 9 0 java/util/TreeMap$KeyIterator <init> (Ljava/util/TreeMap;Ljava/util/TreeMap$Entry;)V 8 3 0 java/util/TreeMap$PrivateEntryIterator <init> (Ljava/util/TreeMap;Ljava/util/TreeMap$Entry;)V 9 6 0 java/lang/Object <init> ()V 3 14 0 com/naqqa/elasticsearch/store/FSDirectory$FSIndexOutput writeByte (B)V 3 14 0 com/naqqa/elasticsearch/store/ByteBuffersDirectory$ByteBuffersIndexOutput writeByte (B)V 4 2 0 com/naqqa/elasticsearch/store/ByteBuffersDirectory$ByteBuffersIndexOutput ensureCapacity (I)V 3 20 0 com/naqqa/elasticsearch/store/DataOutput writeVInt (I)V 3 51 0 java/lang/Long longValue ()J 3 54 0 com/naqqa/elasticsearch/store/DataOutput writeZLong (J)V 4 9 0 com/naqqa/elasticsearch/store/DataOutput writeVLong (J)V 3 68 0 com/naqqa/elasticsearch/codec/DirectWriter bitsRequired (J)I 3 77 0 com/naqqa/elasticsearch/store/FSDirectory$FSIndexOutput writeByte (B)V 3 77 0 com/naqqa/elasticsearch/store/ByteBuffersDirectory$ByteBuffersIndexOutput writeByte (B)V 4 2 0 com/naqqa/elasticsearch/store/ByteBuffersDirectory$ByteBuffersIndexOutput ensureCapacity (I)V 3 87 0 com/naqqa/elasticsearch/codec/DirectWriter <init> (Lcom/naqqa/elasticsearch/store/DataOutput;I)V 4 1 0 java/lang/Object <init> ()V 3 120 0 java/lang/Long valueOf (J)Ljava/lang/Long; 4 36 0 java/lang/Long <init> (J)V 5 1 0 java/lang/Number <init> ()V 6 1 0 java/lang/Object <init> ()V 3 123 0 java/util/Arrays binarySearch ([Ljava/lang/Object;Ljava/lang/Object;)I 4 5 0 java/util/Arrays binarySearch0 ([Ljava/lang/Object;IILjava/lang/Object;)I 5 36 0 java/lang/Long compareTo (Ljava/lang/Object;)I 6 5 0 java/lang/Long compareTo (Ljava/lang/Long;)I 7 8 0 java/lang/Long compare (JJ)I 3 133 0 com/naqqa/elasticsearch/codec/DirectWriter add (J)V 4 6 0 com/naqqa/elasticsearch/codec/DirectWriter writeBits (JI)V 3 144 0 com/naqqa/elasticsearch/codec/DirectWriter finish ()V
