version 2
JvmtiExport can_access_local_variables 0
JvmtiExport can_hotswap_or_post_breakpoint 0
JvmtiExport can_post_on_exceptions 0
# 268 ciObject found
instanceKlass java/net/URI$Parser
ciInstanceKlass java/lang/Cloneable 1 0 7 100 1 100 1 1 1
instanceKlass sun/net/httpserver/ServerImpl$2
# instanceKlass java/lang/invoke/LambdaForm$MH+0x000001bc81433000
# instanceKlass java/lang/invoke/LambdaForm$MH+0x000001bc81432c00
# instanceKlass java/lang/invoke/LambdaForm$MH+0x000001bc81432800
# instanceKlass java/lang/invoke/LambdaForm$MH+0x000001bc81432400
# instanceKlass java/lang/invoke/LambdaForm$MH+0x000001bc81432000
# instanceKlass java/lang/invoke/LambdaForm$MH+0x000001bc81431c00
# instanceKlass java/lang/invoke/LambdaForm$MH+0x000001bc81431800
# instanceKlass java/lang/invoke/LambdaForm$BMH+0x000001bc81431400
# instanceKlass java/lang/invoke/LambdaForm$DMH+0x000001bc81431000
# instanceKlass java/lang/invoke/LambdaForm$DMH+0x000001bc81430c00
# instanceKlass java/lang/invoke/LambdaForm$MH+0x000001bc81430800
# instanceKlass java/lang/invoke/LambdaForm$MH+0x000001bc81430400
# instanceKlass java/lang/invoke/LambdaForm$MH+0x000001bc81430000
# instanceKlass java/lang/invoke/LambdaForm$BMH+0x000001bc8142dc00
instanceKlass  @bci com/naqqa/elasticsearch/node/support/ClusterDocumentActionService handle (Ljava/util/concurrent/CompletableFuture;)Ljava/util/concurrent/CompletableFuture; 2 <appendix> member <vmtarget> ; # com/naqqa/elasticsearch/node/support/ClusterDocumentActionService$$Lambda+0x000001bc8142e848
# instanceKlass java/lang/invoke/LambdaForm$MH+0x000001bc8142d800
# instanceKlass java/lang/invoke/LambdaForm$MH+0x000001bc8142d400
# instanceKlass java/lang/invoke/LambdaForm$MH+0x000001bc8142d000
# instanceKlass java/lang/invoke/LambdaForm$MH+0x000001bc8142cc00
# instanceKlass java/lang/invoke/LambdaForm$DMH+0x000001bc8142c800
instanceKlass com/naqqa/elasticsearch/node/indices/IndicesService$1
instanceKlass  @bci com/naqqa/elasticsearch/node/action/NodeDocumentActionService index (Lcom/naqqa/elasticsearch/rest/document/DocumentActionService$IndexRequest;)Ljava/util/concurrent/CompletableFuture; 7 <appendix> member <vmtarget> ; # com/naqqa/elasticsearch/node/action/NodeDocumentActionService$$Lambda+0x000001bc8142e428
instanceKlass  @bci com/naqqa/elasticsearch/node/support/ClusterDocumentActionService lambda$index$12 (Lcom/naqqa/elasticsearch/rest/document/DocumentActionService$IndexRequest;)Lcom/naqqa/elasticsearch/rest/document/DocumentActionService$IndexResult; 22 <appendix> member <vmtarget> ; # com/naqqa/elasticsearch/node/support/ClusterDocumentActionService$$Lambda+0x000001bc8142e000
instanceKlass com/naqqa/elasticsearch/node/support/ClusterDocumentActionService$Forwardable
instanceKlass  @bci com/naqqa/elasticsearch/node/support/ClusterDocumentActionService index (Lcom/naqqa/elasticsearch/rest/document/DocumentActionService$IndexRequest;)Ljava/util/concurrent/CompletableFuture; 95 <appendix> member <vmtarget> ; # com/naqqa/elasticsearch/node/support/ClusterDocumentActionService$$Lambda+0x000001bc81421a98
instanceKlass  @bci com/naqqa/elasticsearch/node/cluster/ClusterStateManager sameRouting (Lcom/naqqa/elasticsearch/cluster/routing/RoutingTable;Lcom/naqqa/elasticsearch/cluster/routing/RoutingTable;)Z 102 <appendix> argL0 ; # com/naqqa/elasticsearch/node/cluster/ClusterStateManager$$Lambda+0x000001bc81421870
instanceKlass  @bci com/naqqa/elasticsearch/node/action/NodeClusterAdminActionService health (Ljava/util/List;Ljava/util/Map;)Ljava/util/concurrent/CompletableFuture; 4 <appendix> member <vmtarget> ; # com/naqqa/elasticsearch/node/action/NodeClusterAdminActionService$$Lambda+0x000001bc81421650
instanceKlass  @bci com/naqqa/elasticsearch/node/MultiNodeTest awaitFullyActive (Lcom/naqqa/elasticsearch/node/MultiNodeTest$ClusterMember;I)V 15 <appendix> member <vmtarget> ; # com/naqqa/elasticsearch/node/MultiNodeTest$$Lambda+0x000001bc81421430
instanceKlass  @bci com/naqqa/elasticsearch/node/indices/PeerRecoveryService lambda$new$0 (Lcom/naqqa/elasticsearch/node/indices/PeerRecoveryService$SourceResolver;Ljava/lang/String;Lcom/naqqa/elasticsearch/transport/TransportService;Lcom/naqqa/elasticsearch/common/threadpool/ThreadPool;[B)Ljava/util/concurrent/CompletableFuture; 99 <adapter> ; # java/lang/invoke/LambdaForm$MH+0x000001bc8142c400
# instanceKlass java/lang/invoke/LambdaForm$DMH+0x000001bc8142c000
instanceKlass  @bci com/naqqa/elasticsearch/node/indices/PeerRecoveryService lambda$new$0 (Lcom/naqqa/elasticsearch/node/indices/PeerRecoveryService$SourceResolver;Ljava/lang/String;Lcom/naqqa/elasticsearch/transport/TransportService;Lcom/naqqa/elasticsearch/common/threadpool/ThreadPool;[B)Ljava/util/concurrent/CompletableFuture; 99 <appendix> form vmentry <vmtarget> ; # java/lang/invoke/LambdaForm$MH+0x000001bc8142bc00
# instanceKlass java/lang/invoke/LambdaForm$MH+0x000001bc8142b800
instanceKlass  @bci com/naqqa/elasticsearch/node/indices/PeerRecoveryService lambda$new$0 (Lcom/naqqa/elasticsearch/node/indices/PeerRecoveryService$SourceResolver;Ljava/lang/String;Lcom/naqqa/elasticsearch/transport/TransportService;Lcom/naqqa/elasticsearch/common/threadpool/ThreadPool;[B)Ljava/util/concurrent/CompletableFuture; 99 <appendix> form names 9 function resolvedHandle form vmentry <vmtarget> ; # java/lang/invoke/LambdaForm$DMH+0x000001bc8142b400
instanceKlass  @bci com/naqqa/elasticsearch/node/indices/PeerRecoveryService lambda$new$0 (Lcom/naqqa/elasticsearch/node/indices/PeerRecoveryService$SourceResolver;Ljava/lang/String;Lcom/naqqa/elasticsearch/transport/TransportService;Lcom/naqqa/elasticsearch/common/threadpool/ThreadPool;[B)Ljava/util/concurrent/CompletableFuture; 99 <appendix> argL3 form vmentry <vmtarget> ; # java/lang/invoke/LambdaForm$MH+0x000001bc8142b000
# instanceKlass java/lang/invoke/LambdaForm$MH+0x000001bc8142ac00
instanceKlass  @bci com/naqqa/elasticsearch/node/indices/PeerRecoveryService lambda$new$0 (Lcom/naqqa/elasticsearch/node/indices/PeerRecoveryService$SourceResolver;Ljava/lang/String;Lcom/naqqa/elasticsearch/transport/TransportService;Lcom/naqqa/elasticsearch/common/threadpool/ThreadPool;[B)Ljava/util/concurrent/CompletableFuture; 99 <appendix> argL3 form names 7 function resolvedHandle form vmentry <vmtarget> ; # java/lang/invoke/LambdaForm$DMH+0x000001bc8142a800
# instanceKlass java/lang/invoke/LambdaForm$MH+0x000001bc8142a400
# instanceKlass java/lang/invoke/LambdaForm$MH+0x000001bc8142a000
# instanceKlass java/lang/invoke/LambdaForm$MH+0x000001bc81429c00
instanceKlass  @bci com/naqqa/elasticsearch/node/indices/PeerRecoveryService lambda$new$0 (Lcom/naqqa/elasticsearch/node/indices/PeerRecoveryService$SourceResolver;Ljava/lang/String;Lcom/naqqa/elasticsearch/transport/TransportService;Lcom/naqqa/elasticsearch/common/threadpool/ThreadPool;[B)Ljava/util/concurrent/CompletableFuture; 99 <appendix> form names 13 function resolvedHandle form vmentry <vmtarget> ; # java/lang/invoke/LambdaForm$DMH+0x000001bc81429800
instanceKlass  @bci com/naqqa/elasticsearch/node/indices/PeerRecoveryService lambda$new$0 (Lcom/naqqa/elasticsearch/node/indices/PeerRecoveryService$SourceResolver;Ljava/lang/String;Lcom/naqqa/elasticsearch/transport/TransportService;Lcom/naqqa/elasticsearch/common/threadpool/ThreadPool;[B)Ljava/util/concurrent/CompletableFuture; 99 <appendix> argL1 form vmentry <vmtarget> ; # java/lang/invoke/LambdaForm$MH+0x000001bc81429400
# instanceKlass java/lang/invoke/LambdaForm$MH+0x000001bc81429000
# instanceKlass java/lang/invoke/LambdaForm$MH+0x000001bc81428c00
# instanceKlass java/lang/invoke/LambdaForm$MH+0x000001bc81428800
instanceKlass  @bci com/naqqa/elasticsearch/node/indices/IndicesService applyReplica (Lcom/naqqa/elasticsearch/node/indices/IndexService;Lcom/naqqa/elasticsearch/cluster/state/IndexMetadata;Lcom/naqqa/elasticsearch/cluster/state/ClusterState;Lcom/naqqa/elasticsearch/cluster/routing/IndexShardRoutingTable;Lcom/naqqa/elasticsearch/cluster/routing/ShardRouting;)V 260 <adapter> ; # java/lang/invoke/LambdaForm$MH+0x000001bc81428400
# instanceKlass java/lang/invoke/LambdaForm$DMH+0x000001bc81428000
instanceKlass  @bci com/naqqa/elasticsearch/node/indices/IndicesService applyReplica (Lcom/naqqa/elasticsearch/node/indices/IndexService;Lcom/naqqa/elasticsearch/cluster/state/IndexMetadata;Lcom/naqqa/elasticsearch/cluster/state/ClusterState;Lcom/naqqa/elasticsearch/cluster/routing/IndexShardRoutingTable;Lcom/naqqa/elasticsearch/cluster/routing/ShardRouting;)V 260 <appendix> form vmentry <vmtarget> ; # java/lang/invoke/LambdaForm$DMH+0x000001bc81420c00
instanceKlass  @bci com/naqqa/elasticsearch/node/indices/IndicesService applyReplica (Lcom/naqqa/elasticsearch/node/indices/IndexService;Lcom/naqqa/elasticsearch/cluster/state/IndexMetadata;Lcom/naqqa/elasticsearch/cluster/state/ClusterState;Lcom/naqqa/elasticsearch/cluster/routing/IndexShardRoutingTable;Lcom/naqqa/elasticsearch/cluster/routing/ShardRouting;)V 260 <appendix> member <vmtarget> ; # com/naqqa/elasticsearch/node/indices/IndicesService$$Lambda+0x000001bc81421000
instanceKlass  @cpi com/naqqa/elasticsearch/node/indices/IndicesService 1293 form vmentry <vmtarget> ; # java/lang/invoke/LambdaForm$DMH+0x000001bc81420800
instanceKlass com/naqqa/elasticsearch/node/indices/IndicesService$ReplicaShard
instanceKlass  @bci com/naqqa/elasticsearch/node/cluster/ClusterStateManager handleProposal ([B)Ljava/util/concurrent/CompletableFuture; 153 <appendix> member <vmtarget> ; # com/naqqa/elasticsearch/node/cluster/ClusterStateManager$$Lambda+0x000001bc81423a38
instanceKlass  @bci com/naqqa/elasticsearch/node/cluster/ClusterStateManager handleProposal ([B)Ljava/util/concurrent/CompletableFuture; 143 <appendix> member <vmtarget> ; # com/naqqa/elasticsearch/node/cluster/ClusterStateManager$$Lambda+0x000001bc814237e0
instanceKlass  @bci com/naqqa/elasticsearch/node/cluster/ClusterStateManager submit (Ljava/lang/String;Ljava/util/function/UnaryOperator;)Ljava/util/concurrent/CompletableFuture; 37 <appendix> member <vmtarget> ; # com/naqqa/elasticsearch/node/cluster/ClusterStateManager$$Lambda+0x000001bc814235c0
instanceKlass  @bci sun/util/locale/provider/JRELocaleProviderAdapter getDateFormatSymbolsProvider ()Ljava/text/spi/DateFormatSymbolsProvider; 8 <appendix> member <vmtarget> ; # sun/util/locale/provider/JRELocaleProviderAdapter$$Lambda+0x80000006a
instanceKlass java/text/DateFormatSymbols
instanceKlass java/util/Calendar
instanceKlass java/util/Formatter$DateTime
instanceKlass  @bci java/util/ResourceBundle$ResourceBundleProviderHelper loadPropertyResourceBundle (Ljava/lang/Module;Ljava/lang/Module;Ljava/lang/String;Ljava/util/Locale;)Ljava/util/ResourceBundle; 14 <appendix> member <vmtarget> ; # java/util/ResourceBundle$ResourceBundleProviderHelper$$Lambda+0x000001bc81449000
instanceKlass  @bci java/util/ResourceBundle$ResourceBundleProviderHelper loadResourceBundle (Ljava/lang/Module;Ljava/lang/Module;Ljava/lang/String;Ljava/util/Locale;)Ljava/util/ResourceBundle; 13 <appendix> member <vmtarget> ; # java/util/ResourceBundle$ResourceBundleProviderHelper$$Lambda+0x000001bc81448928
instanceKlass java/util/ResourceBundle$3
instanceKlass  @bci java/util/ResourceBundle getLoader (Ljava/lang/Module;)Ljava/lang/ClassLoader; 6 <appendix> member <vmtarget> ; # java/util/ResourceBundle$$Lambda+0x000001bc814484d8
instanceKlass java/util/ResourceBundle$CacheKeyReference
instanceKlass java/util/ResourceBundle$CacheKey
instanceKlass java/util/logging/Level$RbAccess
instanceKlass  @bci java/util/logging/LogRecord inferCaller ()V 18 <appendix> member <vmtarget> ; # java/util/logging/LogRecord$$Lambda+0x000001bc81447a40
instanceKlass java/lang/StackStreamFactory$FrameBuffer
instanceKlass java/lang/StackStreamFactory
instanceKlass  @bci java/util/logging/LogRecord$CallerFinder get ()Ljava/util/Optional; 4 <appendix> member <vmtarget> ; # java/util/logging/LogRecord$CallerFinder$$Lambda+0x000001bc81446298
instanceKlass  @bci java/util/logging/LogRecord$CallerFinder <clinit> ()V 0 <appendix> argL0 ; # java/util/logging/LogRecord$CallerFinder$$Lambda+0x000001bc81446080
instanceKlass java/util/logging/LogRecord$CallerFinder
instanceKlass  @bci java/time/temporal/TemporalAdjusters nextOrSame (Ljava/time/DayOfWeek;)Ljava/time/temporal/TemporalAdjuster; 6 <appendix> member <vmtarget> ; # java/time/temporal/TemporalAdjusters$$Lambda+0x000001bc81445c20
instanceKlass java/time/temporal/TemporalAdjusters
instanceKlass java/time/zone/Ser
instanceKlass java/io/Externalizable
instanceKlass java/time/zone/ZoneRulesProvider$1
instanceKlass java/time/zone/ZoneRulesProvider
instanceKlass  @bci com/naqqa/elasticsearch/node/MultiNodeTest awaitFormed (Ljava/util/List;I)V 11 <appendix> member <vmtarget> ; # com/naqqa/elasticsearch/node/MultiNodeTest$$Lambda+0x000001bc814233a0
instanceKlass java/util/logging/LogManager$CloseOnReset
instanceKlass java/util/logging/StreamHandler$1
instanceKlass java/util/logging/Handler$1
instanceKlass java/util/logging/ErrorManager
instanceKlass jdk/internal/logger/SimpleConsoleLogger$Formatting
instanceKlass sun/util/logging/PlatformLogger
instanceKlass  @bci java/util/logging/SimpleFormatter <init> ()V 5 <appendix> argL0 ; # java/util/logging/SimpleFormatter$$Lambda+0x000001bc81442e68
instanceKlass java/util/logging/Formatter
instanceKlass java/util/logging/LogRecord
instanceKlass  @bci com/naqqa/elasticsearch/node/cluster/ClusterStateManager clusterChanged (Lcom/naqqa/elasticsearch/cluster/service/ClusterChangedEvent;)V 87 <appendix> member <vmtarget> ; # com/naqqa/elasticsearch/node/cluster/ClusterStateManager$$Lambda+0x000001bc81423148
instanceKlass  @bci com/naqqa/elasticsearch/node/cluster/ClusterStateManager scheduleReconcile (Ljava/lang/String;)V 25 <appendix> member <vmtarget> ; # com/naqqa/elasticsearch/node/cluster/ClusterStateManager$$Lambda+0x000001bc81422f18
instanceKlass  @bci com/naqqa/elasticsearch/node/cluster/ClusterStateManager scheduleReconcile (Ljava/lang/String;)V 16 <appendix> member <vmtarget> ; # com/naqqa/elasticsearch/node/cluster/ClusterStateManager$$Lambda+0x000001bc81422cc0
instanceKlass  @bci com/naqqa/elasticsearch/node/cluster/TransportClusterTransport lambda$sendRequest$8 (Lcom/naqqa/elasticsearch/cluster/discovery/ClusterTransport$TransportResponseHandler;[BLjava/lang/Throwable;)Ljava/lang/Void; 45 <appendix> member <vmtarget> ; # com/naqqa/elasticsearch/node/cluster/TransportClusterTransport$$Lambda+0x000001bc81422aa0
# instanceKlass com/naqqa/elasticsearch/node/cluster/TransportClusterTransport$$Lambda+0x000001bc81422880
instanceKlass  @bci com/naqqa/elasticsearch/node/cluster/TransportClusterTransport lambda$sendRequest$8 (Lcom/naqqa/elasticsearch/cluster/discovery/ClusterTransport$TransportResponseHandler;[BLjava/lang/Throwable;)Ljava/lang/Void; 59 <appendix> member <vmtarget> ; # com/naqqa/elasticsearch/node/cluster/TransportClusterTransport$$Lambda+0x000001bc81422660
# instanceKlass com/naqqa/elasticsearch/node/cluster/TransportClusterTransport$$Lambda+0x000001bc81422440
# instanceKlass com/naqqa/elasticsearch/node/cluster/TransportClusterTransport$$Lambda+0x000001bc81422220
# instanceKlass com/naqqa/elasticsearch/node/cluster/ClusterStateManager$$Lambda+0x000001bc81422000
instanceKlass  @bci com/naqqa/elasticsearch/node/cluster/ClusterStateManager runOnCoordinator (Ljava/lang/Runnable;)V 6 <appendix> member <vmtarget> ; # com/naqqa/elasticsearch/node/cluster/ClusterStateManager$$Lambda+0x000001bc81427c40
# instanceKlass com/naqqa/elasticsearch/node/cluster/TransportClusterTransport$$Lambda+0x000001bc81427a20
instanceKlass  @bci com/naqqa/elasticsearch/node/cluster/TransportClusterTransport lambda$registerHandler$3 (Lcom/naqqa/elasticsearch/cluster/discovery/ClusterTransport$TransportRequestHandler;[B)Ljava/util/concurrent/CompletableFuture; 49 <appendix> member <vmtarget> ; # com/naqqa/elasticsearch/node/cluster/TransportClusterTransport$$Lambda+0x000001bc81427800
instanceKlass com/naqqa/elasticsearch/node/cluster/TransportClusterTransport$1
# instanceKlass com/naqqa/elasticsearch/node/cluster/TransportClusterTransport$$Lambda+0x000001bc81427398
instanceKlass  @bci com/naqqa/elasticsearch/node/cluster/TransportClusterTransport lambda$sendRequest$10 (Lcom/naqqa/elasticsearch/cluster/node/DiscoveryNode;Ljava/lang/String;[BLcom/naqqa/elasticsearch/cluster/discovery/ClusterTransport$TransportResponseHandler;)V 32 <appendix> member <vmtarget> ; # com/naqqa/elasticsearch/node/cluster/TransportClusterTransport$$Lambda+0x000001bc81427168
# instanceKlass com/naqqa/elasticsearch/node/cluster/NodeConnections$$Lambda+0x000001bc81426f38
instanceKlass  @bci com/naqqa/elasticsearch/node/cluster/NodeConnections get (Lcom/naqqa/elasticsearch/transport/DiscoveryNode;)Lcom/naqqa/elasticsearch/transport/Connection; 152 <appendix> member <vmtarget> ; # com/naqqa/elasticsearch/node/cluster/NodeConnections$$Lambda+0x000001bc81426d08
# instanceKlass com/naqqa/elasticsearch/node/cluster/NodeConnections$$Lambda+0x000001bc81426ad8
# instanceKlass com/naqqa/elasticsearch/node/cluster/NodeConnections$$Lambda+0x000001bc814268a0
instanceKlass  @bci com/naqqa/elasticsearch/node/cluster/NodeConnections get (Lcom/naqqa/elasticsearch/transport/DiscoveryNode;)Lcom/naqqa/elasticsearch/transport/Connection; 69 <appendix> argL0 ; # com/naqqa/elasticsearch/node/cluster/NodeConnections$$Lambda+0x000001bc81426668
instanceKlass  @bci com/naqqa/elasticsearch/node/cluster/TransportClusterTransport$Lane execute (Ljava/lang/Runnable;)V 46 <appendix> member <vmtarget> ; # com/naqqa/elasticsearch/node/cluster/TransportClusterTransport$Lane$$Lambda+0x000001bc81426448
instanceKlass  @bci com/naqqa/elasticsearch/node/cluster/TransportClusterTransport sendRequest (Lcom/naqqa/elasticsearch/cluster/node/DiscoveryNode;Lcom/naqqa/elasticsearch/cluster/node/DiscoveryNode;Ljava/lang/String;Lcom/naqqa/elasticsearch/cluster/io/Writeable;Lcom/naqqa/elasticsearch/cluster/discovery/ClusterTransport$TransportResponseHandler;)V 95 <appendix> member <vmtarget> ; # com/naqqa/elasticsearch/node/cluster/TransportClusterTransport$$Lambda+0x000001bc81426228
instanceKlass  @bci com/naqqa/elasticsearch/node/cluster/TransportClusterTransport laneFor (Ljava/lang/String;)Lcom/naqqa/elasticsearch/node/cluster/TransportClusterTransport$Lane; 6 <appendix> member <vmtarget> ; # com/naqqa/elasticsearch/node/cluster/TransportClusterTransport$$Lambda+0x000001bc81425fe8
instanceKlass com/naqqa/elasticsearch/node/cluster/TransportClusterTransport$Lane
instanceKlass  @bci com/naqqa/elasticsearch/node/cluster/Wire$1 reader ()Lcom/naqqa/elasticsearch/common/io/stream/Writeable$Reader; 0 <appendix> argL0 ; # com/naqqa/elasticsearch/node/cluster/Wire$1$$Lambda+0x000001bc81425bc8
instanceKlass  @bci com/naqqa/elasticsearch/node/cluster/Wire lambda$register$1 (Lcom/naqqa/elasticsearch/node/cluster/Wire$AsyncHandler;Lcom/naqqa/elasticsearch/node/cluster/Wire$Bytes;Lcom/naqqa/elasticsearch/transport/TransportChannel;)V 24 <appendix> member <vmtarget> ; # com/naqqa/elasticsearch/node/cluster/Wire$$Lambda+0x000001bc81425998
instanceKlass com/naqqa/elasticsearch/node/cluster/Wire$1
instanceKlass  @bci com/naqqa/elasticsearch/node/cluster/TransportClusterTransport resolveAddress (Ljava/lang/String;)Ljava/util/Optional; 157 <appendix> member <vmtarget> ; # com/naqqa/elasticsearch/node/cluster/TransportClusterTransport$$Lambda+0x000001bc81425528
# instanceKlass com/naqqa/elasticsearch/node/cluster/TransportClusterTransport$$Lambda+0x000001bc814250e8
instanceKlass  @bci com/naqqa/elasticsearch/node/cluster/TransportClusterTransport registerHandler (Ljava/lang/String;Lcom/naqqa/elasticsearch/cluster/discovery/ClusterTransport$TransportRequestHandler;)V 7 <appendix> member <vmtarget> ; # com/naqqa/elasticsearch/node/cluster/TransportClusterTransport$$Lambda+0x000001bc81425308
# instanceKlass com/naqqa/elasticsearch/node/cluster/ClusterStateManager$$Lambda+0x000001bc81424ec8
instanceKlass  @bci com/naqqa/elasticsearch/node/cluster/ClusterStateManager <init> (Ljava/lang/String;Lcom/naqqa/elasticsearch/cluster/node/DiscoveryNode;Ljava/nio/file/Path;JLcom/naqqa/elasticsearch/node/cluster/ClusterStateManager$DiscoveryConfig;Lcom/naqqa/elasticsearch/transport/TransportService;Lcom/naqqa/elasticsearch/node/cluster/NodeConnections;)V 297 <appendix> member <vmtarget> ; # com/naqqa/elasticsearch/node/cluster/ClusterStateManager$$Lambda+0x000001bc81424ca8
instanceKlass  @bci com/naqqa/elasticsearch/node/cluster/TransportClusterTransport <init> (Lcom/naqqa/elasticsearch/transport/TransportService;Lcom/naqqa/elasticsearch/cluster/node/DiscoveryNode;Ljava/lang/String;Ljava/util/concurrent/Executor;Lcom/naqqa/elasticsearch/node/cluster/NodeConnections;J)V 95 <appendix> member <vmtarget> ; # com/naqqa/elasticsearch/node/cluster/TransportClusterTransport$$Lambda+0x000001bc81424a88
# instanceKlass com/naqqa/elasticsearch/node/cluster/TransportClusterTransport$$Lambda+0x000001bc81424868
instanceKlass  @bci com/naqqa/elasticsearch/node/cluster/TransportClusterTransport <init> (Lcom/naqqa/elasticsearch/transport/TransportService;Lcom/naqqa/elasticsearch/cluster/node/DiscoveryNode;Ljava/lang/String;Ljava/util/concurrent/Executor;Lcom/naqqa/elasticsearch/node/cluster/NodeConnections;J)V 79 <appendix> member <vmtarget> ; # com/naqqa/elasticsearch/node/cluster/TransportClusterTransport$$Lambda+0x000001bc81424648
instanceKlass  @bci com/naqqa/elasticsearch/node/cluster/ClusterStateManager <init> (Ljava/lang/String;Lcom/naqqa/elasticsearch/cluster/node/DiscoveryNode;Ljava/nio/file/Path;JLcom/naqqa/elasticsearch/node/cluster/ClusterStateManager$DiscoveryConfig;Lcom/naqqa/elasticsearch/transport/TransportService;Lcom/naqqa/elasticsearch/node/cluster/NodeConnections;)V 213 <appendix> member <vmtarget> ; # com/naqqa/elasticsearch/node/cluster/ClusterStateManager$$Lambda+0x000001bc81424428
instanceKlass  @bci com/naqqa/elasticsearch/node/MultiNodeTest startCluster (Ljava/lang/String;Ljava/nio/file/Path;ILcom/naqqa/elasticsearch/common/settings/Settings;)Ljava/util/List; 330 <appendix> member <vmtarget> ; # com/naqqa/elasticsearch/node/MultiNodeTest$$Lambda+0x000001bc81424208
instanceKlass com/naqqa/elasticsearch/node/MultiNodeTest$ClusterMember
instanceKlass com/naqqa/elasticsearch/node/MultiNodeTest
instanceKlass  @bci com/naqqa/elasticsearch/node/AggregationWireAndGeoTest multiShardPercentilesCardinalityAndNestedTermsAvgOverHttp ()V 356 <adapter> ; # java/lang/invoke/LambdaForm$MH+0x000001bc81420400
# instanceKlass java/lang/invoke/LambdaForm$DMH+0x000001bc81420000
instanceKlass  @bci com/naqqa/elasticsearch/node/AggregationWireAndGeoTest multiShardPercentilesCardinalityAndNestedTermsAvgOverHttp ()V 356 <appendix> form vmentry <vmtarget> ; # java/lang/invoke/LambdaForm$MH+0x000001bc8141b400
instanceKlass com/naqqa/elasticsearch/search/aggs/support/sketch/MurmurHash3
instanceKlass com/naqqa/elasticsearch/search/aggs/support/sketch/HyperLogLogPlusPlus
instanceKlass com/naqqa/elasticsearch/search/aggs/support/DocValuesAdapters$1
instanceKlass  @bci com/naqqa/elasticsearch/node/NodeTestSupport deleteRecursively (Ljava/nio/file/Path;)V 34 <appendix> argL0 ; # com/naqqa/elasticsearch/node/NodeTestSupport$$Lambda+0x000001bc8141f740
instanceKlass java/util/concurrent/atomic/Striped64$Cell
instanceKlass com/naqqa/elasticsearch/node/NodeTestSupport
instanceKlass com/naqqa/elasticsearch/node/AggregationWireAndGeoTest
instanceKlass com/naqqa/elasticsearch/monitor/version/VersionCompatibility
instanceKlass com/naqqa/elasticsearch/monitor/version/VersionCompatibilityTest
instanceKlass  @bci com/naqqa/elasticsearch/monitor/tasks/TaskManager waitForCompletion (JJ)Ljava/util/concurrent/CompletableFuture; 101 <appendix> argL0 ; # com/naqqa/elasticsearch/monitor/tasks/TaskManager$$Lambda+0x000001bc8141e490
instanceKlass  @bci com/naqqa/elasticsearch/monitor/tasks/TaskManager waitForCompletion (JJ)Ljava/util/concurrent/CompletableFuture; 83 <appendix> member <vmtarget> ; # com/naqqa/elasticsearch/monitor/tasks/TaskManager$$Lambda+0x000001bc8141e260
instanceKlass  @bci com/naqqa/elasticsearch/monitor/tasks/TaskManager register (Ljava/lang/String;Ljava/lang/String;Ljava/lang/String;ZLjava/lang/Long;)Lcom/naqqa/elasticsearch/monitor/tasks/Task; 62 <appendix> argL0 ; # com/naqqa/elasticsearch/monitor/tasks/TaskManager$$Lambda+0x000001bc8141e028
instanceKlass com/naqqa/elasticsearch/monitor/tasks/TaskManagerTest
instanceKlass java/nio/file/FileStore
instanceKlass com/sun/management/UnixOperatingSystemMXBean
instanceKlass sun/management/BaseOperatingSystemImpl
instanceKlass com/sun/management/OperatingSystemMXBean
instanceKlass java/lang/management/OperatingSystemMXBean
instanceKlass com/sun/jmx/mbeanserver/Util
instanceKlass javax/management/ObjectName$Property
instanceKlass com/sun/jmx/mbeanserver/GetPropertyAction
instanceKlass javax/management/ObjectName
instanceKlass javax/management/QueryExp
instanceKlass com/sun/management/GarbageCollectorMXBean
instanceKlass  @bci java/lang/management/ManagementFactory getPlatformMXBeans (Ljava/lang/Class;)Ljava/util/List; 35 <appendix> member <vmtarget> ; # java/lang/management/ManagementFactory$$Lambda+0x000001bc813bece0
instanceKlass  @bci java/lang/management/ManagementFactory$PlatformMBeanFinder findFirst (Ljava/lang/Class;)Lsun/management/spi/PlatformMBeanProvider$PlatformComponent; 19 <appendix> member <vmtarget> ; # java/lang/management/ManagementFactory$PlatformMBeanFinder$$Lambda+0x000001bc813bea90
instanceKlass java/lang/management/GarbageCollectorMXBean
instanceKlass java/lang/management/MemoryManagerMXBean
instanceKlass java/lang/management/MemoryUsage
instanceKlass java/lang/management/MemoryMXBean
instanceKlass com/naqqa/elasticsearch/monitor/stats/fake/FakeCircuitBreakerStatsSource
instanceKlass com/naqqa/elasticsearch/monitor/stats/fake/FakeHttpStatsSource
instanceKlass com/naqqa/elasticsearch/monitor/stats/fake/FakeTransportStatsSource
instanceKlass com/naqqa/elasticsearch/monitor/stats/fake/FakeThreadPoolStatsSource
instanceKlass com/naqqa/elasticsearch/monitor/stats/fake/FakeTranslogStatsSource
instanceKlass com/naqqa/elasticsearch/monitor/stats/fake/FakeSegmentsStatsSource
instanceKlass com/naqqa/elasticsearch/monitor/stats/fake/FakeFieldDataStatsSource
instanceKlass com/naqqa/elasticsearch/monitor/stats/fake/FakeRequestCacheStatsSource
instanceKlass com/naqqa/elasticsearch/monitor/stats/fake/FakeQueryCacheStatsSource
instanceKlass com/naqqa/elasticsearch/monitor/stats/fake/FakeRefreshFlushStatsSource
instanceKlass com/naqqa/elasticsearch/monitor/stats/fake/FakeMergeStatsSource
instanceKlass com/naqqa/elasticsearch/monitor/stats/fake/FakeGetStatsSource
instanceKlass com/naqqa/elasticsearch/monitor/stats/fake/FakeSearchStatsSource
instanceKlass com/naqqa/elasticsearch/monitor/stats/fake/FakeIndexingStatsSource
instanceKlass com/naqqa/elasticsearch/monitor/stats/NodeStatsCollectorTest
instanceKlass  @bci com/naqqa/elasticsearch/monitor/slowlog/SlowLogService formatLine (Lcom/naqqa/elasticsearch/monitor/slowlog/SlowLogLevel;Ljava/lang/String;Ljava/lang/String;IJLjava/lang/String;)Ljava/lang/String; 35 <adapter> ; # java/lang/invoke/LambdaForm$MH+0x000001bc8141b000
# instanceKlass java/lang/invoke/LambdaForm$DMH+0x000001bc8141ac00
instanceKlass  @bci com/naqqa/elasticsearch/monitor/slowlog/SlowLogService formatLine (Lcom/naqqa/elasticsearch/monitor/slowlog/SlowLogLevel;Ljava/lang/String;Ljava/lang/String;IJLjava/lang/String;)Ljava/lang/String; 35 <appendix> form vmentry <vmtarget> ; # java/lang/invoke/LambdaForm$MH+0x000001bc8141a800
# instanceKlass java/lang/invoke/LambdaForm$MH+0x000001bc8141a400
instanceKlass  @bci com/naqqa/elasticsearch/monitor/slowlog/SlowLogService formatLine (Lcom/naqqa/elasticsearch/monitor/slowlog/SlowLogLevel;Ljava/lang/String;Ljava/lang/String;IJLjava/lang/String;)Ljava/lang/String; 35 <appendix> argL5 form vmentry <vmtarget> ; # java/lang/invoke/LambdaForm$MH+0x000001bc8141a000
# instanceKlass java/lang/invoke/LambdaForm$MH+0x000001bc81419c00
# instanceKlass java/lang/invoke/LambdaForm$MH+0x000001bc81419800
# instanceKlass java/lang/invoke/LambdaForm$MH+0x000001bc81419400
# instanceKlass java/lang/invoke/LambdaForm$MH+0x000001bc81419000
# instanceKlass java/lang/invoke/LambdaForm$MH+0x000001bc81418c00
instanceKlass  @bci com/naqqa/elasticsearch/monitor/slowlog/SlowLogService formatLine (Lcom/naqqa/elasticsearch/monitor/slowlog/SlowLogLevel;Ljava/lang/String;Ljava/lang/String;IJLjava/lang/String;)Ljava/lang/String; 35 <appendix> form names 18 function resolvedHandle form vmentry <vmtarget> ; # java/lang/invoke/LambdaForm$DMH+0x000001bc81418800
instanceKlass  @bci com/naqqa/elasticsearch/monitor/slowlog/SlowLogService formatLine (Lcom/naqqa/elasticsearch/monitor/slowlog/SlowLogLevel;Ljava/lang/String;Ljava/lang/String;IJLjava/lang/String;)Ljava/lang/String; 35 <appendix> argL4 form vmentry <vmtarget> ; # java/lang/invoke/LambdaForm$MH+0x000001bc81418400
# instanceKlass java/lang/invoke/LambdaForm$MH+0x000001bc81418000
# instanceKlass java/lang/invoke/LambdaForm$MH+0x000001bc81413c00
# instanceKlass java/lang/invoke/LambdaForm$MH+0x000001bc81413800
instanceKlass  @bci com/naqqa/elasticsearch/monitor/slowlog/SlowLogService formatLine (Lcom/naqqa/elasticsearch/monitor/slowlog/SlowLogLevel;Ljava/lang/String;Ljava/lang/String;IJLjava/lang/String;)Ljava/lang/String; 35 <appendix> form names 22 function resolvedHandle form vmentry <vmtarget> ; # java/lang/invoke/LambdaForm$DMH+0x000001bc81413400
instanceKlass  @bci com/naqqa/elasticsearch/monitor/slowlog/SlowLogService formatLine (Lcom/naqqa/elasticsearch/monitor/slowlog/SlowLogLevel;Ljava/lang/String;Ljava/lang/String;IJLjava/lang/String;)Ljava/lang/String; 35 <appendix> argL2 form vmentry <vmtarget> ; # java/lang/invoke/LambdaForm$MH+0x000001bc81413000
# instanceKlass java/lang/invoke/LambdaForm$MH+0x000001bc81412c00
instanceKlass  @bci com/naqqa/elasticsearch/monitor/slowlog/SlowLogService formatLine (Lcom/naqqa/elasticsearch/monitor/slowlog/SlowLogLevel;Ljava/lang/String;Ljava/lang/String;IJLjava/lang/String;)Ljava/lang/String; 35 <appendix> argL2 argL0 form vmentry <vmtarget> ; # java/lang/invoke/LambdaForm$MH+0x000001bc81412800
# instanceKlass java/lang/invoke/LambdaForm$MH+0x000001bc81412400
# instanceKlass java/lang/invoke/LambdaForm$MH+0x000001bc81412000
# instanceKlass java/lang/invoke/LambdaForm$MH+0x000001bc81411c00
# instanceKlass java/lang/invoke/LambdaForm$MH+0x000001bc81411800
instanceKlass  @bci com/naqqa/elasticsearch/monitor/slowlog/SlowLogService formatLine (Lcom/naqqa/elasticsearch/monitor/slowlog/SlowLogLevel;Ljava/lang/String;Ljava/lang/String;IJLjava/lang/String;)Ljava/lang/String; 35 <appendix> form names 24 function resolvedHandle form vmentry <vmtarget> ; # java/lang/invoke/LambdaForm$DMH+0x000001bc81411400
instanceKlass  @bci com/naqqa/elasticsearch/monitor/slowlog/SlowLogService formatLine (Lcom/naqqa/elasticsearch/monitor/slowlog/SlowLogLevel;Ljava/lang/String;Ljava/lang/String;IJLjava/lang/String;)Ljava/lang/String; 35 <appendix> argL1 form vmentry <vmtarget> ; # java/lang/invoke/LambdaForm$MH+0x000001bc81411000
# instanceKlass java/lang/invoke/LambdaForm$MH+0x000001bc81410c00
# instanceKlass java/lang/invoke/LambdaForm$MH+0x000001bc81410800
# instanceKlass java/lang/invoke/LambdaForm$MH+0x000001bc81410400
instanceKlass com/naqqa/elasticsearch/monitor/slowlog/SlowLogThresholds
instanceKlass com/naqqa/elasticsearch/monitor/slowlog/SlowLogService
instanceKlass com/naqqa/elasticsearch/monitor/slowlog/InMemorySlowLogSink
instanceKlass com/naqqa/elasticsearch/monitor/slowlog/SlowLogSink
instanceKlass com/naqqa/elasticsearch/monitor/slowlog/SlowLogServiceTest
instanceKlass  @bci com/naqqa/elasticsearch/monitor/shutdown/ShutdownCoordinatorTest phasesRunInOrderAndDrainSucceedsWithoutForceClose ()V 84 <appendix> member <vmtarget> ; # com/naqqa/elasticsearch/monitor/shutdown/ShutdownCoordinatorTest$$Lambda+0x000001bc8140f8c8
instanceKlass  @bci com/naqqa/elasticsearch/monitor/shutdown/ShutdownCoordinatorTest phasesRunInOrderAndDrainSucceedsWithoutForceClose ()V 72 <appendix> member <vmtarget> ; # com/naqqa/elasticsearch/monitor/shutdown/ShutdownCoordinatorTest$$Lambda+0x000001bc8140f6a8
instanceKlass  @bci com/naqqa/elasticsearch/monitor/shutdown/ShutdownCoordinatorTest phasesRunInOrderAndDrainSucceedsWithoutForceClose ()V 61 <appendix> member <vmtarget> ; # com/naqqa/elasticsearch/monitor/shutdown/ShutdownCoordinatorTest$$Lambda+0x000001bc8140f488
instanceKlass  @bci com/naqqa/elasticsearch/monitor/shutdown/ShutdownCoordinatorTest phasesRunInOrderAndDrainSucceedsWithoutForceClose ()V 42 <appendix> member <vmtarget> ; # com/naqqa/elasticsearch/monitor/shutdown/ShutdownCoordinatorTest$$Lambda+0x000001bc8140f268
instanceKlass com/naqqa/elasticsearch/monitor/shutdown/ShutdownCoordinatorTest$1
instanceKlass  @bci com/naqqa/elasticsearch/monitor/shutdown/ShutdownCoordinatorTest phasesRunInOrderAndDrainSucceedsWithoutForceClose ()V 31 <appendix> member <vmtarget> ; # com/naqqa/elasticsearch/monitor/shutdown/ShutdownCoordinatorTest$$Lambda+0x000001bc8140ee10
instanceKlass  @bci com/naqqa/elasticsearch/monitor/shutdown/ShutdownCoordinatorTest forcesCloseWhenDrainTimesOut ()V 48 <appendix> member <vmtarget> ; # com/naqqa/elasticsearch/monitor/shutdown/ShutdownCoordinatorTest$$Lambda+0x000001bc8140e5b8
instanceKlass  @bci com/naqqa/elasticsearch/monitor/shutdown/ShutdownCoordinatorTest forcesCloseWhenDrainTimesOut ()V 36 <appendix> member <vmtarget> ; # com/naqqa/elasticsearch/monitor/shutdown/ShutdownCoordinatorTest$$Lambda+0x000001bc8140e398
instanceKlass  @bci com/naqqa/elasticsearch/monitor/shutdown/ShutdownCoordinatorTest forcesCloseWhenDrainTimesOut ()V 25 <appendix> argL0 ; # com/naqqa/elasticsearch/monitor/shutdown/ShutdownCoordinatorTest$$Lambda+0x000001bc8140e180
instanceKlass com/naqqa/elasticsearch/monitor/shutdown/ShutdownCoordinator
instanceKlass com/naqqa/elasticsearch/monitor/shutdown/ShutdownCoordinator$ShutdownHook
instanceKlass com/naqqa/elasticsearch/monitor/shutdown/ShutdownCoordinatorTest
instanceKlass com/naqqa/elasticsearch/monitor/shutdown/NodeShutdownRegistry
instanceKlass com/naqqa/elasticsearch/monitor/shutdown/NodeShutdownRegistryTest
instanceKlass  @bci com/naqqa/elasticsearch/monitor/hotthreads/HotThreadsSampler sample (IJI)Ljava/util/List; 414 <appendix> argL0 ; # com/naqqa/elasticsearch/monitor/hotthreads/HotThreadsSampler$$Lambda+0x000001bc8140cac8
instanceKlass  @cpi com/naqqa/elasticsearch/monitor/hotthreads/HotThreadsSampler 256 form vmentry <vmtarget> ; # java/lang/invoke/LambdaForm$DMH+0x000001bc81410000
instanceKlass java/lang/management/LockInfo
instanceKlass java/lang/management/ThreadInfo
instanceKlass java/util/stream/Nodes$LongArrayNode
instanceKlass java/util/stream/Node$Builder$OfLong
instanceKlass  @bci java/util/stream/LongPipeline toArray ()[J 1 <appendix> argL0 ; # java/util/stream/LongPipeline$$Lambda+0x000001bc813bc560
instanceKlass  @bci sun/management/ThreadImpl threadIds ([Ljava/lang/Thread;)[J 4 <appendix> argL0 ; # sun/management/ThreadImpl$$Lambda+0x000001bc813bc348
instanceKlass sun/management/Util
instanceKlass  @bci com/naqqa/elasticsearch/monitor/hotthreads/HotThreadsSamplerTest ranksBusyThreadAboveIdleThread ()V 44 <appendix> member <vmtarget> ; # com/naqqa/elasticsearch/monitor/hotthreads/HotThreadsSamplerTest$$Lambda+0x000001bc8140c8a8
instanceKlass  @bci com/naqqa/elasticsearch/monitor/hotthreads/HotThreadsSamplerTest ranksBusyThreadAboveIdleThread ()V 23 <appendix> member <vmtarget> ; # com/naqqa/elasticsearch/monitor/hotthreads/HotThreadsSamplerTest$$Lambda+0x000001bc8140c688
instanceKlass com/naqqa/elasticsearch/monitor/hotthreads/HotThreadsSamplerTest
instanceKlass com/naqqa/elasticsearch/monitor/health/DiskHealthIndicator
instanceKlass com/naqqa/elasticsearch/monitor/health/ClusterCoordinationHealthIndicator
instanceKlass com/naqqa/elasticsearch/monitor/health/ShardsAvailabilityHealthIndicator
instanceKlass com/naqqa/elasticsearch/monitor/health/HealthIndicatorSource
instanceKlass com/naqqa/elasticsearch/monitor/health/HealthReportTest
instanceKlass com/naqqa/elasticsearch/monitor/deprecation/DeprecationLogService
instanceKlass com/naqqa/elasticsearch/monitor/deprecation/DeprecationLogServiceTest
instanceKlass  @bci java/util/stream/Collectors joining (Ljava/lang/CharSequence;Ljava/lang/CharSequence;Ljava/lang/CharSequence;)Ljava/util/stream/Collector; 22 <appendix> argL0 ; # java/util/stream/Collectors$$Lambda+0x800000044
instanceKlass  @bci java/util/stream/Collectors joining (Ljava/lang/CharSequence;Ljava/lang/CharSequence;Ljava/lang/CharSequence;)Ljava/util/stream/Collector; 17 <appendix> argL0 ; # java/util/stream/Collectors$$Lambda+0x800000042
instanceKlass  @bci java/util/stream/Collectors joining (Ljava/lang/CharSequence;Ljava/lang/CharSequence;Ljava/lang/CharSequence;)Ljava/util/stream/Collector; 12 <appendix> argL0 ; # java/util/stream/Collectors$$Lambda+0x80000003f
instanceKlass  @bci java/util/stream/Collectors joining (Ljava/lang/CharSequence;Ljava/lang/CharSequence;Ljava/lang/CharSequence;)Ljava/util/stream/Collector; 7 <appendix> member <vmtarget> ; # java/util/stream/Collectors$$Lambda+0x800000047
instanceKlass  @bci com/naqqa/elasticsearch/ingest/processor/JoinProcessor execute (Lcom/naqqa/elasticsearch/ingest/IngestDocument;)Lcom/naqqa/elasticsearch/ingest/IngestDocument; 70 <appendix> argL0 ; # com/naqqa/elasticsearch/ingest/processor/JoinProcessor$$Lambda+0x000001bc8140a138
instanceKlass java/net/URLDecoder
instanceKlass com/naqqa/elasticsearch/ingest/processor/ProcessorsBasicTest
instanceKlass com/naqqa/elasticsearch/ingest/processor/PublicSuffixList
instanceKlass com/naqqa/elasticsearch/ingest/processor/IpUtils
instanceKlass com/naqqa/elasticsearch/ingest/processor/NetworkProcessorsTest
instanceKlass com/naqqa/elasticsearch/ingest/grok/GrokPatterns
instanceKlass  @bci java/util/regex/CharPredicates ASCII_WORD ()Ljava/util/regex/Pattern$BmpCharPredicate; 0 <appendix> argL0 ; # java/util/regex/CharPredicates$$Lambda+0x000001bc813bb670
instanceKlass com/naqqa/elasticsearch/ingest/grok/Grok
instanceKlass  @bci java/time/ZonedDateTime parse (Ljava/lang/CharSequence;Ljava/time/format/DateTimeFormatter;)Ljava/time/ZonedDateTime; 10 <appendix> argL0 ; # java/time/ZonedDateTime$$Lambda+0x000001bc813bb458
instanceKlass com/naqqa/elasticsearch/ingest/processor/DateFormats
instanceKlass com/naqqa/elasticsearch/ingest/processor/GrokDissectDateTest
instanceKlass com/naqqa/elasticsearch/ingest/useragent/UserAgentParser
instanceKlass com/naqqa/elasticsearch/ingest/geoip/GeoIpDatabaseReader
instanceKlass com/naqqa/elasticsearch/ingest/geoip/GeoIpDatabaseBuilder
instanceKlass com/naqqa/elasticsearch/ingest/processor/GeoUserAgentEnrichTest$1
instanceKlass com/naqqa/elasticsearch/ingest/EnrichLookupService
instanceKlass com/naqqa/elasticsearch/ingest/processor/GeoUserAgentEnrichTest
instanceKlass  @bci com/naqqa/elasticsearch/ingest/processor/PipelineProcessor execute (Lcom/naqqa/elasticsearch/ingest/IngestDocument;)Lcom/naqqa/elasticsearch/ingest/IngestDocument; 51 <appendix> argL0 ; # com/naqqa/elasticsearch/ingest/processor/PipelineProcessor$$Lambda+0x000001bc81403d48
instanceKlass com/naqqa/elasticsearch/ingest/ConditionalProcessor
instanceKlass  @bci com/naqqa/elasticsearch/ingest/StubScriptService compileCondition (Ljava/lang/String;Ljava/lang/String;Ljava/util/Map;)Lcom/naqqa/elasticsearch/ingest/IngestScriptService$Condition; 68 <appendix> member <vmtarget> ; # com/naqqa/elasticsearch/ingest/StubScriptService$$Lambda+0x000001bc81403460
instanceKlass com/naqqa/elasticsearch/ingest/IngestScriptService$Condition
instanceKlass com/naqqa/elasticsearch/ingest/Pipeline
instanceKlass com/naqqa/elasticsearch/ingest/CompoundProcessor
instanceKlass com/naqqa/elasticsearch/ingest/ConfigurationUtils
instanceKlass com/naqqa/elasticsearch/ingest/PipelineFactory
instanceKlass com/naqqa/elasticsearch/ingest/json/IngestJsonParser
instanceKlass com/naqqa/elasticsearch/ingest/StubScriptService
instanceKlass com/naqqa/elasticsearch/ingest/PipelineTest
instanceKlass com/naqqa/elasticsearch/ingest/TemplateScript
instanceKlass com/naqqa/elasticsearch/ingest/FieldPath
instanceKlass com/naqqa/elasticsearch/ingest/IngestDocument
instanceKlass com/naqqa/elasticsearch/ingest/IngestDocumentTest
instanceKlass com/naqqa/elasticsearch/indices/template/ComponentTemplate
instanceKlass com/naqqa/elasticsearch/indices/template/TemplateResolverTest
instanceKlass com/naqqa/elasticsearch/indices/rollover/RolloverServiceTest
instanceKlass  @bci com/naqqa/elasticsearch/indices/resize/SplitIndexServiceTest splitRejectsNonReadOnlySource ()V 68 <appendix> member <vmtarget> ; # com/naqqa/elasticsearch/indices/resize/SplitIndexServiceTest$$Lambda+0x000001bc81400000
instanceKlass  @bci com/naqqa/elasticsearch/indices/resize/SplitIndexServiceTest splitRejectsInvalidShardCountCombination ()V 103 <appendix> member <vmtarget> ; # com/naqqa/elasticsearch/indices/resize/SplitIndexServiceTest$$Lambda+0x000001bc813fc400
instanceKlass com/naqqa/elasticsearch/indices/resize/SplitIndexService
instanceKlass com/naqqa/elasticsearch/indices/resize/SplitIndexServiceTest
instanceKlass  @bci com/naqqa/elasticsearch/indices/resize/ShrinkIndexServiceTest shrinkRejectsNonReadOnlySource ()V 31 <appendix> member <vmtarget> ; # com/naqqa/elasticsearch/indices/resize/ShrinkIndexServiceTest$$Lambda+0x000001bc813fc800
instanceKlass  @bci com/naqqa/elasticsearch/indices/resize/ShrinkIndexServiceTest shrinkRejectsInvalidShardCountCombination ()V 31 <appendix> member <vmtarget> ; # com/naqqa/elasticsearch/indices/resize/ShrinkIndexServiceTest$$Lambda+0x000001bc813fdc60
instanceKlass com/naqqa/elasticsearch/indices/resize/ShrinkIndexService
instanceKlass com/naqqa/elasticsearch/indices/resize/ShrinkIndexServiceTest
instanceKlass  @bci com/naqqa/elasticsearch/indices/resize/RoutingShardResolverTest splitRejectsTargetLessThanOrEqualToSource ()V 13 <appendix> argL0 ; # com/naqqa/elasticsearch/indices/resize/RoutingShardResolverTest$$Lambda+0x000001bc813fd648
instanceKlass  @bci com/naqqa/elasticsearch/indices/resize/RoutingShardResolverTest splitRejectsTargetLessThanOrEqualToSource ()V 2 <appendix> argL0 ; # com/naqqa/elasticsearch/indices/resize/RoutingShardResolverTest$$Lambda+0x000001bc813fd430
instanceKlass  @bci com/naqqa/elasticsearch/indices/resize/RoutingShardResolverTest splitRejectsNonFactorTargetCount ()V 2 <appendix> argL0 ; # com/naqqa/elasticsearch/indices/resize/RoutingShardResolverTest$$Lambda+0x000001bc813fd218
instanceKlass  @bci com/naqqa/elasticsearch/indices/resize/RoutingShardResolverTest shrinkRejectsTargetGreaterThanOrEqualToSource ()V 13 <appendix> argL0 ; # com/naqqa/elasticsearch/indices/resize/RoutingShardResolverTest$$Lambda+0x000001bc813fd000
instanceKlass  @bci com/naqqa/elasticsearch/indices/resize/RoutingShardResolverTest shrinkRejectsTargetGreaterThanOrEqualToSource ()V 2 <appendix> argL0 ; # com/naqqa/elasticsearch/indices/resize/RoutingShardResolverTest$$Lambda+0x000001bc813ffcc8
instanceKlass  @bci com/naqqa/elasticsearch/indices/resize/RoutingShardResolverTest shrinkRejectsNonMultipleTargetCount ()V 2 <appendix> argL0 ; # com/naqqa/elasticsearch/indices/resize/RoutingShardResolverTest$$Lambda+0x000001bc813ffab0
instanceKlass  @bci com/naqqa/elasticsearch/indices/resize/RoutingShardResolverTest cloneRequiresEqualShardCounts ()V 7 <appendix> argL0 ; # com/naqqa/elasticsearch/indices/resize/RoutingShardResolverTest$$Lambda+0x000001bc813ff898
instanceKlass com/naqqa/elasticsearch/indices/resize/RoutingShardResolver
instanceKlass com/naqqa/elasticsearch/indices/resize/RoutingShardResolverTest
instanceKlass  @bci com/naqqa/elasticsearch/indices/resize/CloneIndexServiceTest cloneRejectsIndexThatIsNotReadOnly ()V 68 <appendix> member <vmtarget> ; # com/naqqa/elasticsearch/indices/resize/CloneIndexServiceTest$$Lambda+0x000001bc813ff278
instanceKlass com/naqqa/elasticsearch/indices/resize/SegmentCopyUtil
instanceKlass com/naqqa/elasticsearch/indices/resize/CloneIndexService
instanceKlass com/naqqa/elasticsearch/indices/resize/ResizeTestSupport
instanceKlass com/naqqa/elasticsearch/indices/resize/CloneIndexServiceTest
instanceKlass  @bci com/naqqa/elasticsearch/indices/ilm/IlmRunnerTest migrateActionResolvesTierPreference ()V 85 <appendix> argL0 ; # com/naqqa/elasticsearch/indices/ilm/IlmRunnerTest$$Lambda+0x000001bc813fe830
instanceKlass com/naqqa/elasticsearch/indices/tier/DataTierAllocation$1
instanceKlass com/naqqa/elasticsearch/indices/tier/DataTierAllocation
instanceKlass com/naqqa/elasticsearch/indices/ilm/IlmRunner$1
# instanceKlass java/lang/invoke/LambdaForm$MH+0x000001bc813fc000
instanceKlass  @bci com/naqqa/elasticsearch/indices/ilm/LifecyclePolicy orderedPhaseNames ()Ljava/util/List; 18 <appendix> argL0 ; # com/naqqa/elasticsearch/indices/ilm/LifecyclePolicy$$Lambda+0x000001bc813fb408
instanceKlass com/naqqa/elasticsearch/indices/ilm/LifecycleExecutionState
instanceKlass com/naqqa/elasticsearch/indices/ilm/IlmRunner$Attachment
instanceKlass com/naqqa/elasticsearch/indices/ilm/LifecyclePolicy$Builder
instanceKlass com/naqqa/elasticsearch/indices/rollover/RolloverConditions$Builder
instanceKlass com/naqqa/elasticsearch/indices/rollover/RolloverConditions
instanceKlass com/naqqa/elasticsearch/indices/ilm/Phase
instanceKlass com/naqqa/elasticsearch/indices/ilm/FakeIndexLifecycleActionExecutor
instanceKlass com/naqqa/elasticsearch/indices/ilm/LifecyclePolicy
instanceKlass com/naqqa/elasticsearch/indices/ilm/IlmRunnerTest
instanceKlass  @bci com/naqqa/elasticsearch/indices/datastream/DataStreamServiceTest validateIndexTargetingRejectsUnrelatedIndex ()V 15 <appendix> member <vmtarget> ; # com/naqqa/elasticsearch/indices/datastream/DataStreamServiceTest$$Lambda+0x000001bc813f90a0
instanceKlass  @bci com/naqqa/elasticsearch/indices/datastream/DataStreamServiceTest createWithoutMatchingTemplateFails ()V 8 <appendix> member <vmtarget> ; # com/naqqa/elasticsearch/indices/datastream/DataStreamServiceTest$$Lambda+0x000001bc813f8e80
instanceKlass  @bci com/naqqa/elasticsearch/indices/datastream/DataStreamServiceTest appendOnlyRejectsWritesToOldBackingIndex ()V 22 <appendix> member <vmtarget> ; # com/naqqa/elasticsearch/indices/datastream/DataStreamServiceTest$$Lambda+0x000001bc813f8c60
instanceKlass com/naqqa/elasticsearch/indices/datastream/DataStream
instanceKlass com/naqqa/elasticsearch/indices/template/IndexTemplateV2
instanceKlass com/naqqa/elasticsearch/indices/template/Template$Builder
instanceKlass com/naqqa/elasticsearch/indices/template/Template
instanceKlass com/naqqa/elasticsearch/indices/datastream/DataStreamServiceTest
instanceKlass  @bci com/naqqa/elasticsearch/indices/alias/AliasService validateWriteIndexUniqueness (Ljava/util/Map;)V 106 <appendix> argL0 ; # com/naqqa/elasticsearch/indices/alias/AliasService$$Lambda+0x000001bc813f8000
instanceKlass  @bci com/naqqa/elasticsearch/indices/alias/AliasServiceTest rejectsMultipleExplicitWriteIndices ()V 23 <appendix> member <vmtarget> ; # com/naqqa/elasticsearch/indices/alias/AliasServiceTest$$Lambda+0x000001bc813f7c00
instanceKlass  @bci com/naqqa/elasticsearch/indices/alias/AliasServiceTest batchFailsAtomicallyWhenOneActionInvalid ()V 40 <appendix> member <vmtarget> ; # com/naqqa/elasticsearch/indices/alias/AliasServiceTest$$Lambda+0x000001bc813f79e0
instanceKlass com/naqqa/elasticsearch/indices/alias/AliasMetadata
instanceKlass com/naqqa/elasticsearch/indices/alias/AliasService$1
instanceKlass com/naqqa/elasticsearch/indices/alias/AliasAction$Builder
instanceKlass com/naqqa/elasticsearch/indices/alias/AliasAction
instanceKlass com/naqqa/elasticsearch/indices/alias/AliasServiceTest
instanceKlass com/naqqa/elasticsearch/indices/IndexSortConfig
instanceKlass com/naqqa/elasticsearch/indices/IndexSortConfigTest
instanceKlass  @bci com/naqqa/elasticsearch/indices/IndexBlocksTest writeBlockDoesNotBlockMetadata ()V 15 <appendix> member <vmtarget> ; # com/naqqa/elasticsearch/indices/IndexBlocksTest$$Lambda+0x000001bc813f5b08
instanceKlass  @bci com/naqqa/elasticsearch/indices/IndexBlocksTest readOnlyBlocksWrite ()V 24 <appendix> member <vmtarget> ; # com/naqqa/elasticsearch/indices/IndexBlocksTest$$Lambda+0x000001bc813f58e8
instanceKlass  @bci com/naqqa/elasticsearch/cluster/state/ClusterBlocks hasIndexBlock (Ljava/lang/String;Lcom/naqqa/elasticsearch/cluster/state/ClusterBlockLevel;)Z 25 <appendix> member <vmtarget> ; # com/naqqa/elasticsearch/cluster/state/ClusterBlocks$$Lambda+0x000001bc813f5698
instanceKlass  @bci com/naqqa/elasticsearch/cluster/state/ClusterBlocks$Builder addIndexBlock (Ljava/lang/String;Lcom/naqqa/elasticsearch/cluster/state/ClusterBlock;)Lcom/naqqa/elasticsearch/cluster/state/ClusterBlocks$Builder; 5 <appendix> argL0 ; # com/naqqa/elasticsearch/cluster/state/ClusterBlocks$Builder$$Lambda+0x000001bc813f5460
instanceKlass  @bci com/naqqa/elasticsearch/indices/IndexBlocksTest closedIndexRejectsActions ()V 31 <appendix> member <vmtarget> ; # com/naqqa/elasticsearch/indices/IndexBlocksTest$$Lambda+0x000001bc813f5240
instanceKlass com/naqqa/elasticsearch/indices/IndexStateService
instanceKlass com/naqqa/elasticsearch/indices/IndexBlocksTest
instanceKlass  @bci com/naqqa/elasticsearch/index/translog/VersionConflictCheckerTest seqNoConstraintsMismatchThrows ()V 13 <appendix> argL0 ; # com/naqqa/elasticsearch/index/translog/VersionConflictCheckerTest$$Lambda+0x000001bc813f4978
instanceKlass  @bci com/naqqa/elasticsearch/index/translog/VersionConflictCheckerTest seqNoConstraintsMismatchThrows ()V 2 <appendix> argL0 ; # com/naqqa/elasticsearch/index/translog/VersionConflictCheckerTest$$Lambda+0x000001bc813f4760
instanceKlass  @bci com/naqqa/elasticsearch/index/translog/VersionConflictCheckerTest internalVersionMismatchThrowsConflict ()V 2 <appendix> argL0 ; # com/naqqa/elasticsearch/index/translog/VersionConflictCheckerTest$$Lambda+0x000001bc813f4548
instanceKlass  @bci com/naqqa/elasticsearch/index/translog/VersionConflictCheckerTest externalVersionMustBeStrictlyGreater ()V 39 <appendix> argL0 ; # com/naqqa/elasticsearch/index/translog/VersionConflictCheckerTest$$Lambda+0x000001bc813f4330
instanceKlass  @bci com/naqqa/elasticsearch/index/translog/VersionConflictCheckerTest externalVersionMustBeStrictlyGreater ()V 28 <appendix> argL0 ; # com/naqqa/elasticsearch/index/translog/VersionConflictCheckerTest$$Lambda+0x000001bc813f4118
instanceKlass  @bci com/naqqa/elasticsearch/index/translog/VersionConflictCheckerTest externalGteAllowsEqual ()V 28 <appendix> argL0 ; # com/naqqa/elasticsearch/index/translog/VersionConflictCheckerTest$$Lambda+0x000001bc813f3f00
instanceKlass  @bci com/naqqa/elasticsearch/index/translog/VersionConflictCheckerTest deleteOnMissingDocWithExplicitVersionConflicts ()V 2 <appendix> argL0 ; # com/naqqa/elasticsearch/index/translog/VersionConflictCheckerTest$$Lambda+0x000001bc813f3ce8
instanceKlass com/naqqa/elasticsearch/index/translog/VersionConflictChecker$1
instanceKlass com/naqqa/elasticsearch/index/translog/VersionConflictChecker
instanceKlass  @bci com/naqqa/elasticsearch/index/translog/VersionConflictCheckerTest createFailsWhenDocumentAlreadyExists ()V 2 <appendix> argL0 ; # com/naqqa/elasticsearch/index/translog/VersionConflictCheckerTest$$Lambda+0x000001bc813f36d0
instanceKlass com/naqqa/elasticsearch/index/translog/VersionConflictCheckerTest
instanceKlass com/naqqa/elasticsearch/index/translog/TranslogTest
instanceKlass  @bci com/naqqa/elasticsearch/index/translog/LiveVersionMap pruneTombstones (JI)I 135 <appendix> argL0 ; # com/naqqa/elasticsearch/index/translog/LiveVersionMap$$Lambda+0x000001bc813f3040
instanceKlass com/naqqa/elasticsearch/index/translog/LiveVersionMapTest
instanceKlass  @bci com/naqqa/elasticsearch/index/translog/IndexingPressureTest rejectsWhenOverLimit ()V 26 <appendix> member <vmtarget> ; # com/naqqa/elasticsearch/index/translog/IndexingPressureTest$$Lambda+0x000001bc813f2c20
instanceKlass  @bci com/naqqa/elasticsearch/index/translog/IndexingPressure markReplicaOperationStarted (JZ)Lcom/naqqa/elasticsearch/index/translog/Releasable; 76 <appendix> member <vmtarget> ; # com/naqqa/elasticsearch/index/translog/IndexingPressure$$Lambda+0x000001bc813f29e8
instanceKlass  @bci com/naqqa/elasticsearch/index/translog/IndexingPressure markPrimaryOperationStarted (JZ)Lcom/naqqa/elasticsearch/index/translog/Releasable; 76 <appendix> member <vmtarget> ; # com/naqqa/elasticsearch/index/translog/IndexingPressure$$Lambda+0x000001bc813f27b0
instanceKlass com/naqqa/elasticsearch/index/translog/Releasable
instanceKlass com/naqqa/elasticsearch/index/translog/IndexingPressure
instanceKlass com/naqqa/elasticsearch/index/translog/IndexingPressureTest
instanceKlass com/naqqa/elasticsearch/index/seqno/LocalCheckpointTrackerTest
instanceKlass com/naqqa/elasticsearch/index/seqno/GlobalCheckpointTrackerTest
instanceKlass  @bci com/naqqa/elasticsearch/index/replication/ReplicationGroupTest testStalePrimaryIsRejectedAndPrimaryStepsDown ()V 122 <appendix> member <vmtarget> ; # com/naqqa/elasticsearch/index/replication/ReplicationGroupTest$$Lambda+0x000001bc813f1b88
instanceKlass  @bci com/naqqa/elasticsearch/index/replication/ReplicationGroupTest testStalePrimaryIsRejectedAndPrimaryStepsDown ()V 88 <appendix> member <vmtarget> ; # com/naqqa/elasticsearch/index/replication/ReplicationGroupTest$$Lambda+0x000001bc813f1968
instanceKlass com/naqqa/elasticsearch/index/replication/ReplicationGroupTest$RecordingFailureListener
instanceKlass com/naqqa/elasticsearch/index/replication/ReplicationGroupTest$Node
instanceKlass com/naqqa/elasticsearch/index/replication/ReplicationGroupTest
instanceKlass  @bci com/naqqa/elasticsearch/index/replication/ReplicationGroup$1 reader ()Lcom/naqqa/elasticsearch/common/io/stream/Writeable$Reader; 0 <appendix> argL0 ; # com/naqqa/elasticsearch/index/replication/ReplicationGroup$1$$Lambda+0x000001bc813f10e8
instanceKlass com/naqqa/elasticsearch/index/replication/ReplicationGroup$1
instanceKlass  @bci com/naqqa/elasticsearch/index/replication/ExplicitSeqNoReplicationTest resyncAfterPromotionDoesNotDoubleApplyOpsTheReplicaAlreadyHas ()V 52 <appendix> argL0 ; # com/naqqa/elasticsearch/index/replication/ExplicitSeqNoReplicationTest$$Lambda+0x000001bc813f0c80
instanceKlass  @bci com/naqqa/elasticsearch/index/replication/ExplicitSeqNoReplicationTest replicaProcessesExactlyThePrimarysSeqNosIncludingPreExistingHistory ()V 38 <appendix> argL0 ; # com/naqqa/elasticsearch/index/replication/ExplicitSeqNoReplicationTest$$Lambda+0x000001bc813f0a68
instanceKlass com/naqqa/elasticsearch/index/replication/ExplicitSeqNoReplicationTest$Node
instanceKlass com/naqqa/elasticsearch/index/replication/ExplicitSeqNoReplicationTest
instanceKlass  @bci com/naqqa/elasticsearch/index/recovery/StoreRecoveryTest corruptedSegmentFileCausesCorruptShardException ()V 276 <appendix> member <vmtarget> ; # com/naqqa/elasticsearch/index/recovery/StoreRecoveryTest$$Lambda+0x000001bc813f0408
instanceKlass com/naqqa/elasticsearch/index/recovery/StoreRecoveryTest
instanceKlass  @bci com/naqqa/elasticsearch/snapshots/repository/FsRepository restoreSnapshot (Ljava/lang/String;Lcom/naqqa/elasticsearch/snapshots/restore/RestoreRequest;Ljava/util/Map;)Lcom/naqqa/elasticsearch/snapshots/restore/RestoreResult; 6 <appendix> member <vmtarget> ; # com/naqqa/elasticsearch/snapshots/repository/FsRepository$$Lambda+0x000001bc813ec400
instanceKlass com/naqqa/elasticsearch/snapshots/json/Json$Parser
instanceKlass com/naqqa/elasticsearch/index/recovery/DirectoryShardRestoreTarget
instanceKlass com/naqqa/elasticsearch/snapshots/source/ShardRestoreTarget
instanceKlass com/naqqa/elasticsearch/index/recovery/StoreRecovery
instanceKlass com/naqqa/elasticsearch/snapshots/json/Json
instanceKlass  @bci com/naqqa/elasticsearch/snapshots/repository/FsRepository createSnapshot (Lcom/naqqa/elasticsearch/snapshots/repository/CreateSnapshotRequest;)Lcom/naqqa/elasticsearch/snapshots/model/SnapshotInfo; 169 <appendix> member <vmtarget> ; # com/naqqa/elasticsearch/snapshots/repository/FsRepository$$Lambda+0x000001bc813ef3c0
instanceKlass  @bci com/naqqa/elasticsearch/snapshots/repository/FsRepository createSnapshot (Lcom/naqqa/elasticsearch/snapshots/repository/CreateSnapshotRequest;)Lcom/naqqa/elasticsearch/snapshots/model/SnapshotInfo; 147 <appendix> member <vmtarget> ; # com/naqqa/elasticsearch/snapshots/repository/FsRepository$$Lambda+0x000001bc813ef170
instanceKlass  @bci com/naqqa/elasticsearch/snapshots/repository/FsRepository getSnapshot (Ljava/lang/String;)Ljava/util/Optional; 13 <appendix> member <vmtarget> ; # com/naqqa/elasticsearch/snapshots/repository/FsRepository$$Lambda+0x000001bc813eef20
instanceKlass com/naqqa/elasticsearch/snapshots/repository/RepositoryIndexIO
instanceKlass com/naqqa/elasticsearch/snapshots/repository/CancellationToken
instanceKlass com/naqqa/elasticsearch/snapshots/source/InMemoryRepositoryMetadataSource
instanceKlass com/naqqa/elasticsearch/index/recovery/SnapshotRecoveryTest$DirectoryShardSnapshotSource
instanceKlass com/naqqa/elasticsearch/snapshots/source/ShardSnapshotSource
instanceKlass com/naqqa/elasticsearch/snapshots/blobstore/FsBlobContainer
instanceKlass com/naqqa/elasticsearch/snapshots/repository/ContentAddressedStore
instanceKlass com/naqqa/elasticsearch/snapshots/blobstore/BlobContainer
instanceKlass com/naqqa/elasticsearch/snapshots/blobstore/FsBlobStore
instanceKlass com/naqqa/elasticsearch/snapshots/repository/FsRepository
instanceKlass com/naqqa/elasticsearch/index/recovery/SnapshotRecoveryTest
instanceKlass  @bci com/naqqa/elasticsearch/index/recovery/RetentionLeaseTrackerTest renewingUnknownLeaseThrows ()V 11 <appendix> member <vmtarget> ; # com/naqqa/elasticsearch/index/recovery/RetentionLeaseTrackerTest$$Lambda+0x000001bc813ea810
instanceKlass com/naqqa/elasticsearch/index/recovery/RetentionLeaseTrackerTest
instanceKlass com/naqqa/elasticsearch/store/RateLimiter
instanceKlass com/naqqa/elasticsearch/index/recovery/RecoveryThrottlerTest
instanceKlass  @bci com/naqqa/elasticsearch/index/recovery/RecoveryTarget fetchFile (Lcom/naqqa/elasticsearch/transport/TransportService;Lcom/naqqa/elasticsearch/transport/Connection;JLcom/naqqa/elasticsearch/store/Directory;Lcom/naqqa/elasticsearch/index/recovery/StoreFileMetadata;ILcom/naqqa/elasticsearch/index/recovery/RecoveryState;)V 97 <appendix> argL0 ; # com/naqqa/elasticsearch/index/recovery/RecoveryTarget$$Lambda+0x000001bc813e9da8
instanceKlass com/naqqa/elasticsearch/index/recovery/RecoveryFileChunkResponse
instanceKlass com/naqqa/elasticsearch/index/recovery/TranslogOpsSource
instanceKlass com/naqqa/elasticsearch/index/recovery/PeerRecoveryTest$Env
instanceKlass com/naqqa/elasticsearch/index/recovery/PeerRecoveryTest
instanceKlass  @bci com/naqqa/elasticsearch/index/recovery/ExplicitSeqNoRecoveryTest sourceSideGapFilledDuringRecoveryIsReplayedAtItsExactSeqNo ()V 150 <appendix> member <vmtarget> ; # com/naqqa/elasticsearch/index/recovery/ExplicitSeqNoRecoveryTest$$Lambda+0x000001bc813e92f0
instanceKlass  @bci com/naqqa/elasticsearch/index/recovery/ExplicitSeqNoRecoveryTest outOfOrderDeliveryWithGapThatIsLaterFilledMatchesSourceCheckpoint ()V 106 <appendix> member <vmtarget> ; # com/naqqa/elasticsearch/index/recovery/ExplicitSeqNoRecoveryTest$$Lambda+0x000001bc813e90c0
instanceKlass  @bci com/naqqa/elasticsearch/index/recovery/ExplicitSeqNoRecoveryTest$ScriptedOpsSource <init> ()V 38 <appendix> argL0 ; # com/naqqa/elasticsearch/index/recovery/ExplicitSeqNoRecoveryTest$ScriptedOpsSource$$Lambda+0x000001bc813e8e98
instanceKlass  @cpi com/naqqa/elasticsearch/index/recovery/ExplicitSeqNoRecoveryTest$ScriptedOpsSource 122 form vmentry <vmtarget> ; # java/lang/invoke/LambdaForm$DMH+0x000001bc813ec000
instanceKlass com/naqqa/elasticsearch/index/recovery/ExplicitSeqNoRecoveryTest$ScriptedOpsSource
instanceKlass com/naqqa/elasticsearch/index/recovery/ExplicitSeqNoRecoveryTest$Env
instanceKlass com/naqqa/elasticsearch/index/recovery/ExplicitSeqNoRecoveryTest
instanceKlass  @bci com/naqqa/elasticsearch/index/recovery/RecoveryTarget recover (Ljava/nio/file/Path;Lcom/naqqa/elasticsearch/index/mapper/MapperService;Lcom/naqqa/elasticsearch/index/translog/TranslogConfig;Lcom/naqqa/elasticsearch/transport/TransportService;Lcom/naqqa/elasticsearch/transport/Connection;Lcom/naqqa/elasticsearch/index/recovery/RecoveryState;IIIJ)Lcom/naqqa/elasticsearch/index/shard/IndexShard; 618 <appendix> argL0 ; # com/naqqa/elasticsearch/index/recovery/RecoveryTarget$$Lambda+0x000001bc813e8640
instanceKlass com/naqqa/elasticsearch/index/recovery/RecoveryAckResponse
instanceKlass com/naqqa/elasticsearch/index/recovery/RecoveryTarget$2
instanceKlass com/naqqa/elasticsearch/index/recovery/OperationWire$1
instanceKlass com/naqqa/elasticsearch/index/recovery/OperationWire
instanceKlass java/util/TreeMap$NavigableSubMap$SubMapIterator
instanceKlass  @bci com/naqqa/elasticsearch/index/recovery/RecoveryTarget recover (Ljava/nio/file/Path;Lcom/naqqa/elasticsearch/index/mapper/MapperService;Lcom/naqqa/elasticsearch/index/translog/TranslogConfig;Lcom/naqqa/elasticsearch/transport/TransportService;Lcom/naqqa/elasticsearch/transport/Connection;Lcom/naqqa/elasticsearch/index/recovery/RecoveryState;IIIJ)Lcom/naqqa/elasticsearch/index/shard/IndexShard; 374 <appendix> argL0 ; # com/naqqa/elasticsearch/index/recovery/RecoveryTarget$$Lambda+0x000001bc813e7a28
instanceKlass com/naqqa/elasticsearch/index/recovery/RecoveryTranslogResponse
instanceKlass  @bci com/naqqa/elasticsearch/index/recovery/RecoveryStartResponse <init> (Lcom/naqqa/elasticsearch/common/io/stream/StreamInput;)V 14 <appendix> argL0 ; # com/naqqa/elasticsearch/index/recovery/RecoveryStartResponse$$Lambda+0x000001bc813e75c8
instanceKlass  @bci com/naqqa/elasticsearch/index/recovery/RecoveryStartRequest <init> (Lcom/naqqa/elasticsearch/common/io/stream/StreamInput;)V 14 <appendix> argL0 ; # com/naqqa/elasticsearch/index/recovery/RecoveryStartRequest$$Lambda+0x000001bc813e71a0
instanceKlass  @bci com/naqqa/elasticsearch/common/io/stream/StreamOutput writeCollection (Ljava/util/Collection;)V 2 <appendix> argL0 ; # com/naqqa/elasticsearch/common/io/stream/StreamOutput$$Lambda+0x000001bc813e6d58
instanceKlass com/naqqa/elasticsearch/common/io/stream/Writeable$Writer
instanceKlass com/naqqa/elasticsearch/index/recovery/RecoveryTarget$1
instanceKlass  @bci com/naqqa/elasticsearch/index/recovery/RecoveryTarget recover (Ljava/nio/file/Path;Lcom/naqqa/elasticsearch/index/mapper/MapperService;Lcom/naqqa/elasticsearch/index/translog/TranslogConfig;Lcom/naqqa/elasticsearch/transport/TransportService;Lcom/naqqa/elasticsearch/transport/Connection;Lcom/naqqa/elasticsearch/index/recovery/RecoveryState;IIIJ)Lcom/naqqa/elasticsearch/index/shard/IndexShard; 70 <appendix> argL0 ; # com/naqqa/elasticsearch/index/recovery/RecoveryTarget$$Lambda+0x000001bc813e6700
instanceKlass com/naqqa/elasticsearch/index/recovery/RecoveryStartResponse
instanceKlass com/naqqa/elasticsearch/index/recovery/StoreFiles
instanceKlass com/naqqa/elasticsearch/index/recovery/RecoveryTarget
instanceKlass  @bci com/naqqa/elasticsearch/index/recovery/ConcurrentPhase2RecoveryTest phase2CatchesUpWithWritesArrivingConcurrentlyOnSource ()V 293 <appendix> member <vmtarget> ; # com/naqqa/elasticsearch/index/recovery/ConcurrentPhase2RecoveryTest$$Lambda+0x000001bc813e5e98
instanceKlass  @bci com/naqqa/elasticsearch/index/recovery/RecoverySourceHandler registerHandlers (Lcom/naqqa/elasticsearch/transport/TransportService;)V 60 <appendix> member <vmtarget> ; # com/naqqa/elasticsearch/index/recovery/RecoverySourceHandler$$Lambda+0x000001bc813e5418
instanceKlass  @bci com/naqqa/elasticsearch/index/recovery/RecoverySourceHandler registerHandlers (Lcom/naqqa/elasticsearch/transport/TransportService;)V 54 <appendix> argL0 ; # com/naqqa/elasticsearch/index/recovery/RecoverySourceHandler$$Lambda+0x000001bc813e5200
instanceKlass com/naqqa/elasticsearch/index/recovery/RecoveryFinishRequest
instanceKlass  @bci com/naqqa/elasticsearch/index/recovery/RecoverySourceHandler registerHandlers (Lcom/naqqa/elasticsearch/transport/TransportService;)V 43 <appendix> member <vmtarget> ; # com/naqqa/elasticsearch/index/recovery/RecoverySourceHandler$$Lambda+0x000001bc813e4da0
instanceKlass  @bci com/naqqa/elasticsearch/index/recovery/RecoverySourceHandler registerHandlers (Lcom/naqqa/elasticsearch/transport/TransportService;)V 37 <appendix> argL0 ; # com/naqqa/elasticsearch/index/recovery/RecoverySourceHandler$$Lambda+0x000001bc813e4b88
instanceKlass com/naqqa/elasticsearch/index/recovery/RecoveryTranslogRequest
instanceKlass  @bci com/naqqa/elasticsearch/index/recovery/RecoverySourceHandler registerHandlers (Lcom/naqqa/elasticsearch/transport/TransportService;)V 26 <appendix> member <vmtarget> ; # com/naqqa/elasticsearch/index/recovery/RecoverySourceHandler$$Lambda+0x000001bc813e4728
instanceKlass  @bci com/naqqa/elasticsearch/index/recovery/RecoverySourceHandler registerHandlers (Lcom/naqqa/elasticsearch/transport/TransportService;)V 20 <appendix> argL0 ; # com/naqqa/elasticsearch/index/recovery/RecoverySourceHandler$$Lambda+0x000001bc813e4510
instanceKlass com/naqqa/elasticsearch/index/recovery/RecoveryFileChunkRequest
instanceKlass  @bci com/naqqa/elasticsearch/index/recovery/RecoverySourceHandler registerHandlers (Lcom/naqqa/elasticsearch/transport/TransportService;)V 9 <appendix> member <vmtarget> ; # com/naqqa/elasticsearch/index/recovery/RecoverySourceHandler$$Lambda+0x000001bc813e40a8
instanceKlass  @bci com/naqqa/elasticsearch/index/recovery/RecoverySourceHandler registerHandlers (Lcom/naqqa/elasticsearch/transport/TransportService;)V 3 <appendix> argL0 ; # com/naqqa/elasticsearch/index/recovery/RecoverySourceHandler$$Lambda+0x000001bc813e3e90
instanceKlass com/naqqa/elasticsearch/index/recovery/RecoveryStartRequest
instanceKlass com/naqqa/elasticsearch/index/recovery/RecoverySourceHandler
instanceKlass com/naqqa/elasticsearch/index/recovery/RetentionLeaseTracker
instanceKlass com/naqqa/elasticsearch/index/recovery/RecoveryThrottler
instanceKlass com/naqqa/elasticsearch/index/recovery/RecoveryTestSupport
instanceKlass com/naqqa/elasticsearch/index/recovery/BufferingLiveOpsSource
instanceKlass com/naqqa/elasticsearch/index/recovery/RecoveryState
instanceKlass com/naqqa/elasticsearch/index/recovery/ConcurrentPhase2RecoveryTest
instanceKlass  @bci com/naqqa/elasticsearch/index/query/request/GeoDistanceSortBuilder toMap ()Ljava/util/Map; 22 <appendix> argL0 ; # com/naqqa/elasticsearch/index/query/request/GeoDistanceSortBuilder$$Lambda+0x000001bc813e2bc8
instanceKlass  @bci com/naqqa/elasticsearch/index/query/request/SearchSourceBuilder toMap ()Ljava/util/Map; 103 <appendix> argL0 ; # com/naqqa/elasticsearch/index/query/request/SearchSourceBuilder$$Lambda+0x000001bc813e2990
instanceKlass com/naqqa/elasticsearch/index/query/request/QueryRescorerBuilder
instanceKlass com/naqqa/elasticsearch/index/query/request/RescoreBuilder
instanceKlass com/naqqa/elasticsearch/index/query/request/CollapseBuilder
instanceKlass com/naqqa/elasticsearch/index/query/request/FetchSourceContext
instanceKlass com/naqqa/elasticsearch/index/query/request/GeoDistanceSortBuilder
instanceKlass com/naqqa/elasticsearch/index/query/request/ScoreSortBuilder
instanceKlass com/naqqa/elasticsearch/index/query/request/FieldSortBuilder
instanceKlass com/naqqa/elasticsearch/index/query/request/SortBuilder
instanceKlass com/naqqa/elasticsearch/index/query/request/SearchSourceBuilder
instanceKlass com/naqqa/elasticsearch/index/query/request/SearchSourceBuilderTest
instanceKlass com/naqqa/elasticsearch/index/query/QueryStringParserTest
instanceKlass  @bci com/naqqa/elasticsearch/index/query/FunctionScoreQueryBuilder doToInnerMap (Ljava/util/Map;)V 80 <appendix> argL0 ; # com/naqqa/elasticsearch/index/query/FunctionScoreQueryBuilder$$Lambda+0x000001bc813e0448
instanceKlass com/naqqa/elasticsearch/index/query/RandomScoreFunction
instanceKlass com/naqqa/elasticsearch/index/query/WeightScoreFunction
instanceKlass com/naqqa/elasticsearch/index/query/FunctionScoreQueryBuilder$FilterFunctionBuilder
instanceKlass  @bci com/naqqa/elasticsearch/index/query/BoolQueryBuilder doToInnerMap (Ljava/util/Map;)V 120 <appendix> argL0 ; # com/naqqa/elasticsearch/index/query/BoolQueryBuilder$$Lambda+0x000001bc813dba38
instanceKlass  @bci com/naqqa/elasticsearch/index/query/BoolQueryBuilder doToInnerMap (Ljava/util/Map;)V 24 <appendix> argL0 ; # com/naqqa/elasticsearch/index/query/BoolQueryBuilder$$Lambda+0x000001bc813db800
instanceKlass com/naqqa/elasticsearch/index/query/QueryParserRoundTripTest
instanceKlass java/util/Base64$Decoder
instanceKlass com/naqqa/elasticsearch/index/query/TermsLookup
instanceKlass  @bci com/naqqa/elasticsearch/index/query/span/SpanNearQueryBuilder doToInnerMap (Ljava/util/Map;)V 12 <appendix> argL0 ; # com/naqqa/elasticsearch/index/query/span/SpanNearQueryBuilder$$Lambda+0x000001bc813df850
instanceKlass com/naqqa/elasticsearch/index/query/span/SpanQueryParseUtils
instanceKlass  @bci com/naqqa/elasticsearch/index/query/SimpleQueryStringParser parseClauseList (I)Lcom/naqqa/elasticsearch/index/query/QueryBuilder; 413 <appendix> member <vmtarget> ; # com/naqqa/elasticsearch/index/query/SimpleQueryStringParser$$Lambda+0x000001bc813df420
instanceKlass  @bci com/naqqa/elasticsearch/index/query/SimpleQueryStringParser parseClauseList (I)Lcom/naqqa/elasticsearch/index/query/QueryBuilder; 394 <appendix> member <vmtarget> ; # com/naqqa/elasticsearch/index/query/SimpleQueryStringParser$$Lambda+0x000001bc813df1f0
instanceKlass  @bci com/naqqa/elasticsearch/index/query/SimpleQueryStringParser parseClauseList (I)Lcom/naqqa/elasticsearch/index/query/QueryBuilder; 376 <appendix> member <vmtarget> ; # com/naqqa/elasticsearch/index/query/SimpleQueryStringParser$$Lambda+0x000001bc813defc0
instanceKlass com/naqqa/elasticsearch/index/query/SimpleQueryStringParser
instanceKlass com/naqqa/elasticsearch/index/query/QueryStringParser
instanceKlass com/naqqa/elasticsearch/index/query/MiscQueriesTest
instanceKlass com/naqqa/elasticsearch/index/query/MinimumShouldMatch
instanceKlass com/naqqa/elasticsearch/index/query/MinimumShouldMatchTest
# instanceKlass java/lang/invoke/LambdaForm$MH+0x000001bc813db400
# instanceKlass java/lang/invoke/LambdaForm$MH+0x000001bc813db000
# instanceKlass java/lang/invoke/LambdaForm$MH+0x000001bc813dac00
# instanceKlass java/lang/invoke/LambdaForm$MH+0x000001bc813da800
# instanceKlass java/lang/invoke/LambdaForm$MH+0x000001bc813da400
instanceKlass  @bci java/lang/invoke/BootstrapMethodInvoker invoke (Ljava/lang/Class;Ljava/lang/invoke/MethodHandle;Ljava/lang/String;Ljava/lang/Object;Ljava/lang/Object;Ljava/lang/Class;)Ljava/lang/Object; 930 <adapter> ; # java/lang/invoke/LambdaForm$MH+0x000001bc813da000
instanceKlass  @bci com/naqqa/elasticsearch/index/query/IntervalsQueryBuilder$AllOf toMap ()Ljava/util/Map; 20 <appendix> argL0 ; # com/naqqa/elasticsearch/index/query/IntervalsQueryBuilder$AllOf$$Lambda+0x000001bc813dd4b0
instanceKlass com/naqqa/elasticsearch/index/query/IntervalsQueryBuilderTest
instanceKlass com/naqqa/elasticsearch/index/mapper/SourceCopyToTest
instanceKlass  @bci com/naqqa/elasticsearch/index/mapper/RuntimeFieldTest lambda$parsesRuntimeFieldDefinitionWithScript$1 (Ljava/lang/String;Ljava/lang/String;Ljava/util/Map;Ljava/lang/String;)Lcom/naqqa/elasticsearch/index/mapper/RuntimeFieldScript; 0 <appendix> argL0 ; # com/naqqa/elasticsearch/index/mapper/RuntimeFieldTest$$Lambda+0x000001bc813dc648
instanceKlass  @bci com/naqqa/elasticsearch/index/mapper/RuntimeFieldTest parsesRuntimeFieldDefinitionWithScript ()V 62 <appendix> argL0 ; # com/naqqa/elasticsearch/index/mapper/RuntimeFieldTest$$Lambda+0x000001bc813dc430
instanceKlass com/naqqa/elasticsearch/index/mapper/ScriptCompiler
instanceKlass com/naqqa/elasticsearch/index/mapper/RuntimeFieldMapper
instanceKlass com/naqqa/elasticsearch/index/mapper/RuntimeFieldScript
instanceKlass com/naqqa/elasticsearch/index/mapper/RuntimeFieldTest
instanceKlass com/naqqa/elasticsearch/index/mapper/ObjectNestedTest
instanceKlass com/naqqa/elasticsearch/index/mapper/MiscFieldTypesTest
instanceKlass  @bci com/naqqa/elasticsearch/index/mapper/MappingMergeTest totalFieldsLimitExceeded ()V 21 <appendix> member <vmtarget> ; # com/naqqa/elasticsearch/index/mapper/MappingMergeTest$$Lambda+0x000001bc813d3290
instanceKlass  @bci com/naqqa/elasticsearch/index/mapper/MappingMergeTest mergeRejectsTypeChange ()V 28 <appendix> member <vmtarget> ; # com/naqqa/elasticsearch/index/mapper/MappingMergeTest$$Lambda+0x000001bc813d3070
instanceKlass  @bci com/naqqa/elasticsearch/index/mapper/FieldMapper merge (Lcom/naqqa/elasticsearch/index/mapper/FieldMapper;)Lcom/naqqa/elasticsearch/index/mapper/FieldMapper; 205 <appendix> form vmentry <vmtarget> ; # java/lang/invoke/LambdaForm$MH+0x000001bc813d9c00
# instanceKlass java/lang/invoke/LambdaForm$MH+0x000001bc813d9800
instanceKlass  @bci com/naqqa/elasticsearch/index/mapper/FieldMapper merge (Lcom/naqqa/elasticsearch/index/mapper/FieldMapper;)Lcom/naqqa/elasticsearch/index/mapper/FieldMapper; 205 <appendix> argL3 form vmentry <vmtarget> ; # java/lang/invoke/LambdaForm$MH+0x000001bc813d9400
# instanceKlass java/lang/invoke/LambdaForm$MH+0x000001bc813d9000
# instanceKlass java/lang/invoke/LambdaForm$MH+0x000001bc813d8c00
# instanceKlass java/lang/invoke/LambdaForm$MH+0x000001bc813d8800
# instanceKlass java/lang/invoke/LambdaForm$MH+0x000001bc813d8400
instanceKlass  @bci com/naqqa/elasticsearch/index/mapper/FieldMapper merge (Lcom/naqqa/elasticsearch/index/mapper/FieldMapper;)Lcom/naqqa/elasticsearch/index/mapper/FieldMapper; 205 <appendix> argL1 form vmentry <vmtarget> ; # java/lang/invoke/LambdaForm$MH+0x000001bc813d8000
# instanceKlass java/lang/invoke/LambdaForm$MH+0x000001bc813d1c00
# instanceKlass java/lang/invoke/LambdaForm$MH+0x000001bc813d1800
# instanceKlass java/lang/invoke/LambdaForm$MH+0x000001bc813d1400
instanceKlass  @bci com/naqqa/elasticsearch/index/mapper/MappingMergeTest mergeRejectsIndexParamChange ()V 34 <appendix> member <vmtarget> ; # com/naqqa/elasticsearch/index/mapper/MappingMergeTest$$Lambda+0x000001bc813d2e50
instanceKlass  @bci com/naqqa/elasticsearch/index/mapper/MappingMergeTest mappingDepthLimitExceeded ()V 21 <appendix> member <vmtarget> ; # com/naqqa/elasticsearch/index/mapper/MappingMergeTest$$Lambda+0x000001bc813d2c30
instanceKlass com/naqqa/elasticsearch/index/mapper/MappingMergeTest
instanceKlass com/naqqa/elasticsearch/index/mapper/FieldTypesTest
instanceKlass com/naqqa/elasticsearch/index/mapper/DynamicFieldsBuilder
instanceKlass com/naqqa/elasticsearch/index/mapper/DynamicTemplate
instanceKlass  @bci com/naqqa/elasticsearch/index/mapper/DynamicMappingTest dynamicStrictThrows ()V 32 <appendix> member <vmtarget> ; # com/naqqa/elasticsearch/index/mapper/DynamicMappingTest$$Lambda+0x000001bc813d2000
instanceKlass com/naqqa/elasticsearch/index/mapper/MapperServiceTestSupport
instanceKlass com/naqqa/elasticsearch/index/mapper/DynamicMappingTest
instanceKlass  @bci com/naqqa/elasticsearch/index/engine/segment/SegmentWriter buildTermVector (Ljava/util/List;)[Lcom/naqqa/elasticsearch/codec/termvectors/TermVectorTerm; 129 <appendix> argL0 ; # com/naqqa/elasticsearch/index/engine/segment/SegmentWriter$$Lambda+0x000001bc813d77a0
instanceKlass  @bci com/naqqa/elasticsearch/index/engine/segment/SegmentWriter buildTermVector (Ljava/util/List;)[Lcom/naqqa/elasticsearch/codec/termvectors/TermVectorTerm; 44 <appendix> argL0 ; # com/naqqa/elasticsearch/index/engine/segment/SegmentWriter$$Lambda+0x000001bc813d7568
instanceKlass  @bci com/naqqa/elasticsearch/index/engine/segment/SegmentWriter buildTermVector (Ljava/util/List;)[Lcom/naqqa/elasticsearch/codec/termvectors/TermVectorTerm; 4 <appendix> argL0 ; # com/naqqa/elasticsearch/index/engine/segment/SegmentWriter$$Lambda+0x000001bc813d72d8
instanceKlass  @bci com/naqqa/elasticsearch/index/engine/segment/SegmentWriter write (Lcom/naqqa/elasticsearch/store/Directory;Ljava/lang/String;Ljava/util/List;)Lcom/naqqa/elasticsearch/codec/segment/SegmentInfo; 487 <appendix> argL0 ; # com/naqqa/elasticsearch/index/engine/segment/SegmentWriter$$Lambda+0x000001bc813d70a0
instanceKlass  @bci com/naqqa/elasticsearch/index/engine/segment/SegmentWriter write (Lcom/naqqa/elasticsearch/store/Directory;Ljava/lang/String;Ljava/util/List;)Lcom/naqqa/elasticsearch/codec/segment/SegmentInfo; 447 <appendix> member <vmtarget> ; # com/naqqa/elasticsearch/index/engine/segment/SegmentWriter$$Lambda+0x000001bc813d6e68
instanceKlass com/naqqa/elasticsearch/index/engine/segment/SegmentWriter$TermVectorBuild
instanceKlass  @bci java/time/LocalDate parse (Ljava/lang/CharSequence;Ljava/time/format/DateTimeFormatter;)Ljava/time/LocalDate; 9 <appendix> argL0 ; # java/time/LocalDate$$Lambda+0x000001bc813b92a8
instanceKlass com/naqqa/elasticsearch/search/query/PointRangeQuery$PointRangeWeight$1
instanceKlass com/naqqa/elasticsearch/index/engine/segment/SegmentMerger$1
instanceKlass com/naqqa/elasticsearch/search/bridge/join/NestedQuery$1
instanceKlass com/naqqa/elasticsearch/search/vectors/segment/VectorSegmentMerger
instanceKlass  @bci com/naqqa/elasticsearch/search/vectors/query/ScoreDocArrayScorer <init> (Lcom/naqqa/elasticsearch/search/query/Weight;[Lcom/naqqa/elasticsearch/search/execution/ScoreDoc;F)V 25 <appendix> argL0 ; # com/naqqa/elasticsearch/search/vectors/query/ScoreDocArrayScorer$$Lambda+0x000001bc813d51c0
instanceKlass com/naqqa/elasticsearch/search/vectors/ExactKnnSearcher
instanceKlass com/naqqa/elasticsearch/search/vectors/KnnResults
instanceKlass com/naqqa/elasticsearch/search/vectors/RandomVectorScorer$1
instanceKlass com/naqqa/elasticsearch/search/vectors/hnsw/KnnSearch
instanceKlass  @bci com/naqqa/elasticsearch/index/engine/segment/EngineVectorAccessorProvider$LiveFilteringAccessor combine (Lcom/naqqa/elasticsearch/search/vectors/Bits;)Lcom/naqqa/elasticsearch/search/vectors/Bits; 27 <appendix> form vmentry <vmtarget> ; # java/lang/invoke/LambdaForm$DMH+0x000001bc813d1000
instanceKlass  @bci com/naqqa/elasticsearch/index/engine/segment/EngineVectorAccessorProvider$LiveFilteringAccessor combine (Lcom/naqqa/elasticsearch/search/vectors/Bits;)Lcom/naqqa/elasticsearch/search/vectors/Bits; 27 <appendix> member <vmtarget> ; # com/naqqa/elasticsearch/index/engine/segment/EngineVectorAccessorProvider$LiveFilteringAccessor$$Lambda+0x000001bc813d4720
instanceKlass  @cpi com/naqqa/elasticsearch/index/engine/segment/EngineVectorAccessorProvider$LiveFilteringAccessor 105 form vmentry <vmtarget> ; # java/lang/invoke/LambdaForm$DMH+0x000001bc813d0c00
instanceKlass  @bci com/naqqa/elasticsearch/search/vectors/query/KnnVectorQuery adaptLiveDocs (Lcom/naqqa/elasticsearch/codec/livedocs/FixedBitSet;I)Lcom/naqqa/elasticsearch/search/vectors/Bits; 15 <appendix> member <vmtarget> ; # com/naqqa/elasticsearch/search/vectors/query/KnnVectorQuery$$Lambda+0x000001bc813d44d0
instanceKlass com/naqqa/elasticsearch/index/engine/segment/EngineVectorAccessorProvider$LiveFilteringAccessor
instanceKlass  @bci com/naqqa/elasticsearch/index/engine/SegmentPersistenceTest recall (Lcom/naqqa/elasticsearch/index/shard/IndexShard;Ljava/util/Map;[FI)D 18 <appendix> member <vmtarget> ; # com/naqqa/elasticsearch/index/engine/SegmentPersistenceTest$$Lambda+0x000001bc813cfac0
instanceKlass com/naqqa/elasticsearch/search/vectors/ByteVectorValues
instanceKlass com/naqqa/elasticsearch/search/vectors/segment/VectorSegmentReader
instanceKlass com/naqqa/elasticsearch/search/vectors/Bits$3
instanceKlass  @bci com/naqqa/elasticsearch/index/engine/segment/SegmentReader vectorReader (Ljava/lang/String;)Lcom/naqqa/elasticsearch/search/vectors/segment/VectorSegmentReader; 93 <appendix> member <vmtarget> ; # com/naqqa/elasticsearch/index/engine/segment/SegmentReader$$Lambda+0x000001bc813cf1c8
instanceKlass  @bci jdk/incubator/vector/FloatVector lambda$binaryOperations$41 (Ljdk/incubator/vector/FloatVector;Ljdk/incubator/vector/FloatVector;Ljdk/incubator/vector/VectorMask;)Ljdk/incubator/vector/FloatVector; 3 <appendix> argL0 ; # jdk/incubator/vector/FloatVector$$Lambda+0x000001bc813b9090
instanceKlass  @bci jdk/incubator/vector/FloatVector binaryOperations (I)Ljdk/internal/vm/vector/VectorSupport$BinaryOperation; 98 <appendix> argL0 ; # jdk/incubator/vector/FloatVector$$Lambda+0x000001bc813b8e78
instanceKlass  @bci jdk/incubator/vector/IntVector lambda$reductionOperations$76 (Ljdk/incubator/vector/IntVector;Ljdk/incubator/vector/VectorMask;)J 3 <appendix> argL0 ; # jdk/incubator/vector/IntVector$$Lambda+0x000001bc813b8c60
instanceKlass  @bci jdk/incubator/vector/IntVector reductionOperations (I)Ljdk/internal/vm/vector/VectorSupport$ReductionOperation; 52 <appendix> argL0 ; # jdk/incubator/vector/IntVector$$Lambda+0x000001bc813b8a48
instanceKlass  @bci jdk/incubator/vector/IntVector reduceLanesTemplate (Ljdk/incubator/vector/VectorOperators$Associative;)I 67 <appendix> argL0 ; # jdk/incubator/vector/IntVector$$Lambda+0x000001bc813b8830
instanceKlass  @bci jdk/incubator/vector/ShortVector lambda$intoArray$90 ([SJLjdk/incubator/vector/ShortVector;)V 4 <appendix> argL0 ; # jdk/incubator/vector/ShortVector$$Lambda+0x000001bc813b8618
instanceKlass jdk/incubator/vector/ShortVector$FStOp
instanceKlass  @bci jdk/incubator/vector/ShortVector intoArray ([SI)V 38 <appendix> argL0 ; # jdk/incubator/vector/ShortVector$$Lambda+0x000001bc813b8208
instanceKlass  @bci jdk/incubator/vector/ShortVector lambda$binaryOperations$21 (Ljdk/incubator/vector/ShortVector;Ljdk/incubator/vector/ShortVector;Ljdk/incubator/vector/VectorMask;)Ljdk/incubator/vector/ShortVector; 3 <appendix> argL0 ; # jdk/incubator/vector/ShortVector$$Lambda+0x000001bc813b7ff0
instanceKlass jdk/incubator/vector/ShortVector$FBinOp
instanceKlass  @bci jdk/incubator/vector/ShortVector binaryOperations (I)Ljdk/internal/vm/vector/VectorSupport$BinaryOperation; 116 <appendix> argL0 ; # jdk/incubator/vector/ShortVector$$Lambda+0x000001bc813b7be0
instanceKlass  @bci jdk/incubator/vector/ShortVector lanewiseTemplate (Ljdk/incubator/vector/VectorOperators$Binary;Ljdk/incubator/vector/Vector;)Ljdk/incubator/vector/ShortVector; 144 <appendix> argL0 ; # jdk/incubator/vector/ShortVector$$Lambda+0x000001bc813b79c8
instanceKlass  @bci jdk/incubator/vector/ShortVector lambda$fromArray0Template$98 ([SJLjdk/incubator/vector/ShortVector$ShortSpecies;)Ljdk/incubator/vector/ShortVector; 4 <appendix> argL0 ; # jdk/incubator/vector/ShortVector$$Lambda+0x000001bc813b77b0
instanceKlass jdk/incubator/vector/ShortVector$FLdOp
instanceKlass  @bci jdk/incubator/vector/ShortVector fromArray0Template ([SI)Ljdk/incubator/vector/ShortVector; 27 <appendix> argL0 ; # jdk/incubator/vector/ShortVector$$Lambda+0x000001bc813b73a0
instanceKlass  @bci jdk/incubator/vector/ByteVector lambda$intoArray$90 ([BJLjdk/incubator/vector/ByteVector;)V 4 <appendix> argL0 ; # jdk/incubator/vector/ByteVector$$Lambda+0x000001bc813b7188
instanceKlass jdk/incubator/vector/ByteVector$FStOp
instanceKlass  @bci jdk/incubator/vector/ByteVector intoArray ([BI)V 38 <appendix> argL0 ; # jdk/incubator/vector/ByteVector$$Lambda+0x000001bc813b6d78
instanceKlass  @bci jdk/incubator/vector/AbstractVector convert0 (CLjdk/incubator/vector/AbstractSpecies;)Ljdk/incubator/vector/AbstractVector; 252 <appendix> argL0 ; # jdk/incubator/vector/AbstractVector$$Lambda+0x000001bc813b6b60
instanceKlass jdk/internal/vm/vector/VectorSupport$VectorConvertOp
instanceKlass  @bci jdk/incubator/vector/ByteVector lambda$fromArray0Template$98 ([BJLjdk/incubator/vector/ByteVector$ByteSpecies;)Ljdk/incubator/vector/ByteVector; 4 <appendix> argL0 ; # jdk/incubator/vector/ByteVector$$Lambda+0x000001bc813b6750
instanceKlass jdk/incubator/vector/ByteVector$FLdOp
instanceKlass  @bci jdk/incubator/vector/ByteVector fromArray0Template ([BI)Ljdk/incubator/vector/ByteVector; 27 <appendix> argL0 ; # jdk/incubator/vector/ByteVector$$Lambda+0x000001bc813b6340
instanceKlass  @bci jdk/incubator/vector/IntVector lambda$zero$1 (JLjdk/incubator/vector/IntVector$IntSpecies;)Ljdk/incubator/vector/IntVector; 2 <appendix> member <vmtarget> ; # jdk/incubator/vector/IntVector$$Lambda+0x000001bc813b6128
instanceKlass  @bci jdk/incubator/vector/IntVector zero (Ljdk/incubator/vector/VectorSpecies;)Ljdk/incubator/vector/IntVector; 21 <appendix> argL0 ; # jdk/incubator/vector/IntVector$$Lambda+0x000001bc813b5f10
instanceKlass  @bci jdk/incubator/vector/FloatVector lambda$reductionOperations$78 (Ljdk/incubator/vector/FloatVector;Ljdk/incubator/vector/VectorMask;)J 3 <appendix> argL0 ; # jdk/incubator/vector/FloatVector$$Lambda+0x000001bc813b5cf8
instanceKlass  @bci jdk/incubator/vector/FloatVector reductionOperations (I)Ljdk/internal/vm/vector/VectorSupport$ReductionOperation; 40 <appendix> argL0 ; # jdk/incubator/vector/FloatVector$$Lambda+0x000001bc813b5ae0
instanceKlass  @cpi jdk/incubator/vector/FloatVector 2071 form vmentry <vmtarget> ; # java/lang/invoke/LambdaForm$DMH+0x000001bc813d0800
instanceKlass  @bci jdk/incubator/vector/FloatVector reduceLanesTemplate (Ljdk/incubator/vector/VectorOperators$Associative;)F 67 <appendix> argL0 ; # jdk/incubator/vector/FloatVector$$Lambda+0x000001bc813b58c8
instanceKlass jdk/internal/vm/vector/VectorSupport$ReductionOperation
instanceKlass  @bci jdk/incubator/vector/FloatVector lambda$binaryOperations$39 (Ljdk/incubator/vector/FloatVector;Ljdk/incubator/vector/FloatVector;Ljdk/incubator/vector/VectorMask;)Ljdk/incubator/vector/FloatVector; 3 <appendix> argL0 ; # jdk/incubator/vector/FloatVector$$Lambda+0x000001bc813b54b8
instanceKlass  @cpi jdk/incubator/vector/FloatVector 2199 form vmentry <vmtarget> ; # java/lang/invoke/LambdaForm$DMH+0x000001bc813d0400
instanceKlass jdk/incubator/vector/FloatVector$FBinOp
instanceKlass  @bci jdk/incubator/vector/FloatVector binaryOperations (I)Ljdk/internal/vm/vector/VectorSupport$BinaryOperation; 92 <appendix> argL0 ; # jdk/incubator/vector/FloatVector$$Lambda+0x000001bc813b50a8
instanceKlass  @bci jdk/incubator/vector/FloatVector lanewiseTemplate (Ljdk/incubator/vector/VectorOperators$Binary;Ljdk/incubator/vector/Vector;)Ljdk/incubator/vector/FloatVector; 85 <appendix> argL0 ; # jdk/incubator/vector/FloatVector$$Lambda+0x000001bc813b4e90
instanceKlass  @bci jdk/incubator/vector/FloatVector lambda$ternaryOperations$59 (Ljdk/incubator/vector/FloatVector;Ljdk/incubator/vector/FloatVector;Ljdk/incubator/vector/FloatVector;Ljdk/incubator/vector/VectorMask;)Ljdk/incubator/vector/FloatVector; 4 <appendix> argL0 ; # jdk/incubator/vector/FloatVector$$Lambda+0x000001bc813b4c78
instanceKlass  @cpi jdk/incubator/vector/FloatVector 2226 form vmentry <vmtarget> ; # java/lang/invoke/LambdaForm$DMH+0x000001bc813d0000
instanceKlass jdk/incubator/vector/FloatVector$FTriOp
instanceKlass  @bci jdk/incubator/vector/FloatVector ternaryOperations (I)Ljdk/internal/vm/vector/VectorSupport$TernaryOperation; 20 <appendix> argL0 ; # jdk/incubator/vector/FloatVector$$Lambda+0x000001bc813b4868
instanceKlass  @bci jdk/incubator/vector/FloatVector lanewiseTemplate (Ljdk/incubator/vector/VectorOperators$Ternary;Ljdk/incubator/vector/Vector;Ljdk/incubator/vector/Vector;)Ljdk/incubator/vector/FloatVector; 58 <appendix> argL0 ; # jdk/incubator/vector/FloatVector$$Lambda+0x000001bc813b4650
instanceKlass jdk/internal/vm/vector/VectorSupport$TernaryOperation
instanceKlass  @bci jdk/incubator/vector/FloatVector lambda$fromArray0Template$92 ([FJLjdk/incubator/vector/FloatVector$FloatSpecies;)Ljdk/incubator/vector/FloatVector; 4 <appendix> argL0 ; # jdk/incubator/vector/FloatVector$$Lambda+0x000001bc813b4240
instanceKlass  @cpi jdk/incubator/vector/FloatVector 2177 form vmentry <vmtarget> ; # java/lang/invoke/LambdaForm$DMH+0x000001bc813cbc00
instanceKlass jdk/incubator/vector/FloatVector$FLdOp
instanceKlass  @bci jdk/incubator/vector/FloatVector fromArray0Template ([FI)Ljdk/incubator/vector/FloatVector; 27 <appendix> argL0 ; # jdk/incubator/vector/FloatVector$$Lambda+0x000001bc813b3e30
instanceKlass  @bci jdk/incubator/vector/FloatVector lambda$zero$1 (JLjdk/incubator/vector/FloatVector$FloatSpecies;)Ljdk/incubator/vector/FloatVector; 2 <appendix> member <vmtarget> ; # jdk/incubator/vector/FloatVector$$Lambda+0x000001bc813b3c18
instanceKlass  @bci jdk/incubator/vector/FloatVector zero (Ljdk/incubator/vector/VectorSpecies;)Ljdk/incubator/vector/FloatVector; 24 <appendix> argL0 ; # jdk/incubator/vector/FloatVector$$Lambda+0x000001bc813b3a00
instanceKlass  @bci jdk/incubator/vector/LongVector <clinit> ()V 231 <appendix> argL0 ; # jdk/incubator/vector/LongVector$$Lambda+0x000001bc813b37c8
instanceKlass  @bci jdk/incubator/vector/LongVector <clinit> ()V 207 <appendix> argL0 ; # jdk/incubator/vector/LongVector$$Lambda+0x000001bc813b2c00
instanceKlass  @bci jdk/incubator/vector/LongVector <clinit> ()V 183 <appendix> argL0 ; # jdk/incubator/vector/LongVector$$Lambda+0x000001bc813b2038
instanceKlass  @bci jdk/incubator/vector/LongVector <clinit> ()V 159 <appendix> argL0 ; # jdk/incubator/vector/LongVector$$Lambda+0x000001bc813b1470
instanceKlass  @bci jdk/incubator/vector/LongVector <clinit> ()V 135 <appendix> argL0 ; # jdk/incubator/vector/LongVector$$Lambda+0x000001bc813b08a8
instanceKlass  @bci jdk/incubator/vector/ShortVector <clinit> ()V 250 <appendix> argL0 ; # jdk/incubator/vector/ShortVector$$Lambda+0x000001bc813af900
instanceKlass  @bci jdk/incubator/vector/ShortVector <clinit> ()V 226 <appendix> argL0 ; # jdk/incubator/vector/ShortVector$$Lambda+0x000001bc813aed20
instanceKlass  @bci jdk/incubator/vector/ShortVector <clinit> ()V 202 <appendix> argL0 ; # jdk/incubator/vector/ShortVector$$Lambda+0x000001bc813ae140
instanceKlass  @bci jdk/incubator/vector/ShortVector <clinit> ()V 178 <appendix> argL0 ; # jdk/incubator/vector/ShortVector$$Lambda+0x000001bc813ad560
instanceKlass  @bci jdk/incubator/vector/ShortVector <clinit> ()V 154 <appendix> argL0 ; # jdk/incubator/vector/ShortVector$$Lambda+0x000001bc813ac980
instanceKlass  @bci jdk/incubator/vector/FloatVector <clinit> ()V 216 <appendix> argL0 ; # jdk/incubator/vector/FloatVector$$Lambda+0x000001bc813ab9c0
instanceKlass  @bci jdk/incubator/vector/FloatVector <clinit> ()V 192 <appendix> argL0 ; # jdk/incubator/vector/FloatVector$$Lambda+0x000001bc813aadf8
instanceKlass  @bci jdk/incubator/vector/FloatVector <clinit> ()V 168 <appendix> argL0 ; # jdk/incubator/vector/FloatVector$$Lambda+0x000001bc813aa230
instanceKlass  @bci jdk/incubator/vector/FloatVector <clinit> ()V 144 <appendix> argL0 ; # jdk/incubator/vector/FloatVector$$Lambda+0x000001bc812eef60
instanceKlass  @bci jdk/incubator/vector/FloatVector <clinit> ()V 120 <appendix> argL0 ; # jdk/incubator/vector/FloatVector$$Lambda+0x000001bc813a4b68
instanceKlass com/naqqa/elasticsearch/search/vectors/PanamaVectorUtilSupport
instanceKlass com/naqqa/elasticsearch/search/vectors/ScalarVectorUtilSupport
instanceKlass com/naqqa/elasticsearch/search/vectors/VectorUtilSupport
instanceKlass com/naqqa/elasticsearch/search/vectors/VectorUtil
instanceKlass com/naqqa/elasticsearch/search/vectors/Bits
instanceKlass com/naqqa/elasticsearch/search/vectors/VectorScorers$1
instanceKlass com/naqqa/elasticsearch/search/vectors/NeighborQueue
instanceKlass com/naqqa/elasticsearch/search/vectors/hnsw/VisitedSet
instanceKlass com/naqqa/elasticsearch/search/vectors/hnsw/HnswGraphSearcher
instanceKlass com/naqqa/elasticsearch/search/vectors/hnsw/NeighborArray
instanceKlass com/naqqa/elasticsearch/search/vectors/hnsw/HnswGraph
instanceKlass com/naqqa/elasticsearch/search/vectors/hnsw/HnswGraphBuilder
instanceKlass com/naqqa/elasticsearch/search/vectors/VectorScorers$3
instanceKlass com/naqqa/elasticsearch/search/vectors/RandomVectorScorerSupplier
instanceKlass com/naqqa/elasticsearch/search/vectors/RandomVectorScorer
instanceKlass com/naqqa/elasticsearch/search/vectors/VectorScorers
instanceKlass com/naqqa/elasticsearch/search/vectors/ArrayFloatVectorValues
instanceKlass com/naqqa/elasticsearch/search/vectors/segment/VectorSegmentCodec$SegmentGraphData
instanceKlass com/naqqa/elasticsearch/search/vectors/FloatVectorValues
instanceKlass com/naqqa/elasticsearch/search/vectors/VectorValues
instanceKlass com/naqqa/elasticsearch/search/vectors/segment/VectorSegmentCodec
instanceKlass  @bci com/naqqa/elasticsearch/search/vectors/segment/VectorSegmentWriter write (Lcom/naqqa/elasticsearch/store/Directory;Ljava/lang/String;ILcom/naqqa/elasticsearch/search/vectors/ElementType;Lcom/naqqa/elasticsearch/search/vectors/VectorSimilarity;Ljava/util/List;Lcom/naqqa/elasticsearch/search/vectors/hnsw/HnswConfig;Lcom/naqqa/elasticsearch/search/vectors/segment/QuantizationMode;)V 38 <appendix> argL0 ; # com/naqqa/elasticsearch/search/vectors/segment/VectorSegmentWriter$$Lambda+0x000001bc813c7c08
instanceKlass com/naqqa/elasticsearch/search/vectors/segment/VectorSegmentWriter
instanceKlass com/naqqa/elasticsearch/search/vectors/segment/VectorEntry
instanceKlass  @bci com/naqqa/elasticsearch/index/engine/segment/SegmentWriter addVector (Ljava/util/Map;Lcom/naqqa/elasticsearch/index/mapper/IndexableField;I)V 119 <appendix> form vmentry <vmtarget> ; # java/lang/invoke/LambdaForm$DMH+0x000001bc813cb800
instanceKlass  @bci com/naqqa/elasticsearch/index/engine/segment/SegmentWriter addVector (Ljava/util/Map;Lcom/naqqa/elasticsearch/index/mapper/IndexableField;I)V 119 <appendix> member <vmtarget> ; # com/naqqa/elasticsearch/index/engine/segment/SegmentWriter$$Lambda+0x000001bc813c6f90
instanceKlass com/naqqa/elasticsearch/index/engine/segment/SegmentWriter$VectorBuild
instanceKlass com/naqqa/elasticsearch/index/engine/SegmentPersistenceTest
instanceKlass  @bci com/naqqa/elasticsearch/index/engine/segment/TieredMergePolicy findMerge (Ljava/util/List;)Ljava/util/List; 115 <appendix> argL0 ; # com/naqqa/elasticsearch/index/engine/segment/TieredMergePolicy$$Lambda+0x000001bc813c56d0
instanceKlass  @bci com/naqqa/elasticsearch/index/engine/InternalEngineTest concurrentIndexingAndRefreshLoopIsCorrupionFreeAndEventuallyVisible ()V 82 <appendix> member <vmtarget> ; # com/naqqa/elasticsearch/index/engine/InternalEngineTest$$Lambda+0x000001bc813c54b0
instanceKlass  @bci com/naqqa/elasticsearch/index/engine/InternalEngineTest concurrentIndexingAndRefreshLoopIsCorrupionFreeAndEventuallyVisible ()V 40 <appendix> member <vmtarget> ; # com/naqqa/elasticsearch/index/engine/InternalEngineTest$$Lambda+0x000001bc813c5290
instanceKlass com/naqqa/elasticsearch/index/engine/InternalEngineTest
instanceKlass  @bci com/naqqa/elasticsearch/index/engine/IndexingMemoryEngineTest bufferedRamStaysBoundedAndWritesMultipleSegmentsWithoutRefresh ()V 101 <adapter> ; # java/lang/invoke/LambdaForm$MH+0x000001bc813cb400
# instanceKlass java/lang/invoke/LambdaForm$DMH+0x000001bc813cb000
instanceKlass  @bci com/naqqa/elasticsearch/index/engine/IndexingMemoryEngineTest bufferedRamStaysBoundedAndWritesMultipleSegmentsWithoutRefresh ()V 101 <appendix> form vmentry <vmtarget> ; # java/lang/invoke/LambdaForm$MH+0x000001bc813cac00
instanceKlass  @bci com/naqqa/elasticsearch/index/engine/IndexingMemoryEngineTest bufferedRamStaysBoundedAndWritesMultipleSegmentsWithoutRefresh ()V 101 <appendix> form names 4 function resolvedHandle form vmentry <vmtarget> ; # java/lang/invoke/LambdaForm$DMH+0x000001bc813ca800
instanceKlass  @bci com/naqqa/elasticsearch/index/engine/IndexingMemoryEngineTest bufferedRamStaysBoundedAndWritesMultipleSegmentsWithoutRefresh ()V 101 <appendix> argL3 form vmentry <vmtarget> ; # java/lang/invoke/LambdaForm$MH+0x000001bc813ca400
instanceKlass  @bci com/naqqa/elasticsearch/node/indices/PeerRecoveryService lambda$new$0 (Lcom/naqqa/elasticsearch/node/indices/PeerRecoveryService$SourceResolver;Ljava/lang/String;Lcom/naqqa/elasticsearch/transport/TransportService;Lcom/naqqa/elasticsearch/common/threadpool/ThreadPool;[B)Ljava/util/concurrent/CompletableFuture; 99 <appendix> argL3 argL2 form vmentry <vmtarget> ; # java/lang/invoke/LambdaForm$MH+0x000001bc813ca000
# instanceKlass java/lang/invoke/LambdaForm$MH+0x000001bc813c9c00
# instanceKlass java/lang/invoke/LambdaForm$MH+0x000001bc813c9800
# instanceKlass java/lang/invoke/LambdaForm$MH+0x000001bc813c9400
instanceKlass  @bci com/naqqa/elasticsearch/index/engine/IndexingMemoryEngineTest bufferedRamStaysBoundedAndWritesMultipleSegmentsWithoutRefresh ()V 101 <appendix> form names 8 function resolvedHandle form vmentry <vmtarget> ; # java/lang/invoke/LambdaForm$DMH+0x000001bc813c9000
instanceKlass  @bci com/naqqa/elasticsearch/index/engine/IndexingMemoryEngineTest bufferedRamStaysBoundedAndWritesMultipleSegmentsWithoutRefresh ()V 101 <appendix> argL1 form vmentry <vmtarget> ; # java/lang/invoke/LambdaForm$MH+0x000001bc813c8c00
# instanceKlass java/lang/invoke/LambdaForm$MH+0x000001bc813c8800
# instanceKlass java/lang/invoke/LambdaForm$MH+0x000001bc813c8400
# instanceKlass java/lang/invoke/LambdaForm$MH+0x000001bc813c8000
instanceKlass com/naqqa/elasticsearch/index/engine/IndexingMemoryEngineTest
instanceKlass com/naqqa/elasticsearch/index/engine/IndexingMemoryControllerTest$FakeAccountable
instanceKlass com/naqqa/elasticsearch/index/engine/IndexingMemoryControllerTest
instanceKlass com/naqqa/elasticsearch/index/engine/HeapBoundedIndexingTest
instanceKlass  @bci com/naqqa/elasticsearch/search/execution/QueryCache put (Ljava/lang/Object;Lcom/naqqa/elasticsearch/search/query/Query;Lcom/naqqa/elasticsearch/common/util/FixedBitSet;)V 76 <appendix> argL0 ; # com/naqqa/elasticsearch/search/execution/QueryCache$$Lambda+0x000001bc813c4630
instanceKlass com/naqqa/elasticsearch/search/execution/QueryCache$Entry
instanceKlass  @bci com/naqqa/elasticsearch/search/execution/QueryCache shouldCache (Lcom/naqqa/elasticsearch/search/query/Query;I)Z 26 <appendix> argL0 ; # com/naqqa/elasticsearch/search/execution/QueryCache$$Lambda+0x000001bc813c4200
instanceKlass com/naqqa/elasticsearch/index/engine/FilterCacheEngineTest
instanceKlass com/naqqa/elasticsearch/index/engine/InternalEngine$1
instanceKlass com/naqqa/elasticsearch/index/engine/NoOpResult
instanceKlass com/naqqa/elasticsearch/index/engine/ExplicitSeqNoEngineTest
instanceKlass  @bci com/naqqa/elasticsearch/index/engine/InternalEngine doMerge (Ljava/util/List;)V 116 <appendix> member <vmtarget> ; # com/naqqa/elasticsearch/index/engine/InternalEngine$$Lambda+0x000001bc813731d8
instanceKlass com/naqqa/elasticsearch/index/engine/segment/SegmentMerger$2
instanceKlass com/naqqa/elasticsearch/index/engine/segment/SegmentMerger
instanceKlass  @bci com/naqqa/elasticsearch/index/engine/segment/TieredMergePolicy pickForceMergeBatch (Ljava/util/List;I)Ljava/util/List; 30 <appendix> argL0 ; # com/naqqa/elasticsearch/index/engine/segment/TieredMergePolicy$$Lambda+0x000001bc813729d0
instanceKlass  @bci com/naqqa/elasticsearch/index/engine/EngineMergeConcurrencyStressTest concurrentIndexingRefreshFlushMergeAndSearchProducesNoRefCountErrorsOrLostDocs ()V 283 <appendix> member <vmtarget> ; # com/naqqa/elasticsearch/index/engine/EngineMergeConcurrencyStressTest$$Lambda+0x000001bc813725b0
instanceKlass  @bci com/naqqa/elasticsearch/index/engine/EngineMergeConcurrencyStressTest concurrentIndexingRefreshFlushMergeAndSearchProducesNoRefCountErrorsOrLostDocs ()V 245 <appendix> member <vmtarget> ; # com/naqqa/elasticsearch/index/engine/EngineMergeConcurrencyStressTest$$Lambda+0x000001bc81372390
instanceKlass  @bci com/naqqa/elasticsearch/index/engine/EngineMergeConcurrencyStressTest concurrentIndexingRefreshFlushMergeAndSearchProducesNoRefCountErrorsOrLostDocs ()V 221 <appendix> member <vmtarget> ; # com/naqqa/elasticsearch/index/engine/EngineMergeConcurrencyStressTest$$Lambda+0x000001bc81372170
instanceKlass  @bci com/naqqa/elasticsearch/index/engine/EngineMergeConcurrencyStressTest concurrentIndexingRefreshFlushMergeAndSearchProducesNoRefCountErrorsOrLostDocs ()V 197 <appendix> member <vmtarget> ; # com/naqqa/elasticsearch/index/engine/EngineMergeConcurrencyStressTest$$Lambda+0x000001bc81371f50
instanceKlass  @bci com/naqqa/elasticsearch/index/engine/EngineMergeConcurrencyStressTest startLoop (Ljava/lang/String;Ljava/util/concurrent/atomic/AtomicBoolean;Ljava/util/List;Lcom/naqqa/elasticsearch/index/engine/EngineMergeConcurrencyStressTest$Op;)Ljava/lang/Thread; 7 <appendix> member <vmtarget> ; # com/naqqa/elasticsearch/index/engine/EngineMergeConcurrencyStressTest$$Lambda+0x000001bc81371d30
instanceKlass  @bci com/naqqa/elasticsearch/index/engine/EngineMergeConcurrencyStressTest concurrentIndexingRefreshFlushMergeAndSearchProducesNoRefCountErrorsOrLostDocs ()V 167 <appendix> member <vmtarget> ; # com/naqqa/elasticsearch/index/engine/EngineMergeConcurrencyStressTest$$Lambda+0x000001bc81371b10
instanceKlass  @bci com/naqqa/elasticsearch/index/translog/Translog <init> (Ljava/nio/file/Path;Lcom/naqqa/elasticsearch/index/translog/TranslogConfig;)V 257 <appendix> member <vmtarget> ; # com/naqqa/elasticsearch/index/translog/Translog$$Lambda+0x000001bc813718f0
instanceKlass  @bci com/naqqa/elasticsearch/index/translog/Translog <init> (Ljava/nio/file/Path;Lcom/naqqa/elasticsearch/index/translog/TranslogConfig;)V 228 <appendix> argL0 ; # com/naqqa/elasticsearch/index/translog/Translog$$Lambda+0x000001bc813716d8
instanceKlass com/naqqa/elasticsearch/index/engine/EngineTestSupport
instanceKlass com/naqqa/elasticsearch/index/engine/EngineMergeConcurrencyStressTest$Op
instanceKlass com/naqqa/elasticsearch/index/engine/EngineMergeConcurrencyStressTest
instanceKlass sun/security/ssl/Alert$AlertConsumer
instanceKlass com/naqqa/elasticsearch/http/nio/TlsConnectionHandler$SyncChannel
instanceKlass com/naqqa/elasticsearch/http/nio/TlsConnectionHandler$1
instanceKlass sun/security/ssl/SessionTicketExtension$StatelessKey
instanceKlass sun/security/ssl/SessionTicketExtension$KeyState
instanceKlass sun/security/ssl/SessionTicketExtension$SessionTicketSpec
instanceKlass sun/security/ssl/X509Authentication$X509Credentials
instanceKlass java/security/cert/PKIXCertPathChecker
instanceKlass java/security/cert/CertPathChecker
instanceKlass sun/security/ssl/SSLAlgorithmConstraints$SupportedSignatureAlgorithmConstraints
instanceKlass com/sun/crypto/provider/GaloisCounterMode$DecryptOp
instanceKlass sun/security/ssl/CipherSuite$1
instanceKlass com/sun/crypto/provider/GaloisCounterMode$EncryptOp
instanceKlass com/sun/crypto/provider/GaloisCounterMode$GCMOperation
instanceKlass com/sun/crypto/provider/GHASH
instanceKlass com/sun/crypto/provider/GCM
instanceKlass com/sun/crypto/provider/GaloisCounterMode$GCMEngine
instanceKlass javax/crypto/spec/GCMParameterSpec
instanceKlass sun/security/ssl/Ciphertext
instanceKlass sun/security/ssl/SSLBasicKeyDerivation$SecretSizeSpec
instanceKlass sun/security/ssl/SSLBasicKeyDerivation
instanceKlass sun/security/ssl/Finished$1
instanceKlass sun/security/ssl/Finished$T13VerifyDataGenerator
instanceKlass sun/security/ssl/Finished$T12VerifyDataGenerator
instanceKlass sun/security/ssl/Finished$T10VerifyDataGenerator
instanceKlass sun/security/ssl/Finished$S30VerifyDataGenerator
instanceKlass sun/security/ssl/Finished$VerifyDataGenerator
instanceKlass sun/security/rsa/RSACore$BlindingRandomPair
instanceKlass sun/security/rsa/RSACore$BlindingParameters
instanceKlass  @bci sun/security/rsa/RSACore getBlindingRandomPair (Ljava/math/BigInteger;Ljava/math/BigInteger;Ljava/math/BigInteger;)Lsun/security/rsa/RSACore$BlindingRandomPair; 10 <appendix> argL0 ; # sun/security/rsa/RSACore$$Lambda+0x000001bc813a01e8
instanceKlass sun/security/rsa/MGF1
instanceKlass sun/security/ssl/StatusResponseManager
instanceKlass sun/security/ssl/CertificateMessage$CertificateEntry
instanceKlass sun/security/ssl/X509Authentication$X509Possession
instanceKlass sun/security/ssl/SSLAuthentication
instanceKlass java/util/stream/AbstractSpinedBuffer
instanceKlass  @bci sun/security/ssl/CertificateMessage$T13CertificateProducer choosePossession (Lsun/security/ssl/HandshakeContext;Lsun/security/ssl/ClientHello$ClientHelloMessage;)Lsun/security/ssl/SSLPossession; 89 <appendix> argL0 ; # sun/security/ssl/CertificateMessage$T13CertificateProducer$$Lambda+0x000001bc8139dd80
instanceKlass  @bci sun/security/ssl/CertificateMessage$T13CertificateProducer choosePossession (Lsun/security/ssl/HandshakeContext;Lsun/security/ssl/ClientHello$ClientHelloMessage;)Lsun/security/ssl/SSLPossession; 79 <appendix> argL0 ; # sun/security/ssl/CertificateMessage$T13CertificateProducer$$Lambda+0x000001bc8139db38
instanceKlass  @bci sun/security/ssl/CertificateMessage$T13CertificateProducer choosePossession (Lsun/security/ssl/HandshakeContext;Lsun/security/ssl/ClientHello$ClientHelloMessage;)Lsun/security/ssl/SSLPossession; 69 <appendix> member <vmtarget> ; # sun/security/ssl/CertificateMessage$T13CertificateProducer$$Lambda+0x000001bc8139d8e8
instanceKlass java/util/stream/DistinctOps
instanceKlass  @bci sun/security/ssl/CertificateMessage$T13CertificateProducer choosePossession (Lsun/security/ssl/HandshakeContext;Lsun/security/ssl/ClientHello$ClientHelloMessage;)Lsun/security/ssl/SSLPossession; 53 <appendix> argL0 ; # sun/security/ssl/CertificateMessage$T13CertificateProducer$$Lambda+0x000001bc8139cfa0
instanceKlass sun/security/ssl/SSLTrafficKeyDerivation$T13TrafficKeyDerivation
instanceKlass sun/security/ssl/SSLTrafficKeyDerivation$1
instanceKlass sun/security/ssl/SSLTrafficKeyDerivation$T13TrafficKeyDerivationGenerator
instanceKlass sun/security/ssl/SSLTrafficKeyDerivation$T12TrafficKeyDerivationGenerator
instanceKlass sun/security/ssl/SSLTrafficKeyDerivation$T10TrafficKeyDerivationGenerator
instanceKlass sun/security/ssl/SSLTrafficKeyDerivation$S30TrafficKeyDerivationGenerator
instanceKlass sun/security/ssl/SSLKeyDerivationGenerator
instanceKlass sun/security/ssl/SSLSecretDerivation
instanceKlass sun/security/ssl/HKDF
instanceKlass  @bci sun/security/ec/XDHKeyAgreement engineDoPhase (Ljava/security/Key;Z)Ljava/security/Key; 70 <appendix> argL0 ; # sun/security/ec/XDHKeyAgreement$$Lambda+0x000001bc813c0d30
instanceKlass  @bci sun/security/ec/XDHKeyAgreement initImpl (Ljava/security/Key;)V 66 <appendix> argL0 ; # sun/security/ec/XDHKeyAgreement$$Lambda+0x000001bc813c0b18
instanceKlass  @bci sun/security/ec/XDHKeyAgreement initImpl (Ljava/security/Key;)V 38 <appendix> argL0 ; # sun/security/ec/XDHKeyAgreement$$Lambda+0x000001bc813c08e0
instanceKlass  @bci sun/security/ec/XDHKeyAgreement initImpl (Ljava/security/Key;)V 22 <appendix> argL0 ; # sun/security/ec/XDHKeyAgreement$$Lambda+0x000001bc813c06a8
instanceKlass javax/crypto/KeyAgreementSpi
instanceKlass sun/security/ssl/KAKeyDerivation
instanceKlass sun/security/ssl/XDHKeyExchange$XDHEKAGenerator
instanceKlass sun/security/ssl/XDHKeyExchange
instanceKlass sun/security/ssl/SSLEngineOutputRecord$RecordMemo
instanceKlass sun/security/ssl/SSLEngineOutputRecord$HandshakeFragment
instanceKlass sun/security/ssl/KeyShareExtension$SHKeyShareSpec
instanceKlass sun/security/ssl/SupportedVersionsExtension$SHSupportedVersionsSpec
instanceKlass sun/security/ssl/HandshakeHash$CloneableHash
instanceKlass sun/security/ssl/HandshakeHash$T13HandshakeHash
instanceKlass sun/security/util/Length
instanceKlass java/security/spec/ECPublicKeySpec
instanceKlass sun/security/ssl/ECDHKeyExchange$ECDHECredentials
instanceKlass  @bci sun/security/ec/XDHKeyFactory generatePublicImpl (Ljava/security/spec/KeySpec;)Ljava/security/PublicKey; 65 <appendix> argL0 ; # sun/security/ec/XDHKeyFactory$$Lambda+0x000001bc813c0238
instanceKlass  @bci sun/security/ec/XDHKeyFactory generatePublicImpl (Ljava/security/spec/KeySpec;)Ljava/security/PublicKey; 51 <appendix> argL0 ; # sun/security/ec/XDHKeyFactory$$Lambda+0x000001bc813c0000
instanceKlass java/security/spec/XECPublicKeySpec
instanceKlass sun/security/ssl/XDHKeyExchange$XDHECredentials
instanceKlass sun/security/ssl/NamedGroupCredentials
instanceKlass sun/security/ssl/ChangeCipherSpec$T13ChangeCipherSpecConsumer
instanceKlass sun/security/ssl/ChangeCipherSpec$T10ChangeCipherSpecProducer
instanceKlass sun/security/ssl/ChangeCipherSpec$T10ChangeCipherSpecConsumer
instanceKlass sun/security/ssl/ChangeCipherSpec
instanceKlass sun/security/ssl/SSLExtension$ServerExtensions
instanceKlass sun/security/ssl/SSLEngineImpl$DelegatedTask$DelegatedAction
instanceKlass sun/security/ssl/SSLEngineImpl$DelegatedTask
instanceKlass javax/net/ssl/SSLEngineResult
instanceKlass sun/security/ssl/TransportContext$1
instanceKlass sun/security/ssl/Plaintext
instanceKlass sun/security/ssl/OutputRecord$T13PaddingHolder
instanceKlass sun/security/ssl/KeyShareExtension$CHKeyShareSpec
instanceKlass sun/security/util/math/IntegerModuloP$MultiplicativeInverser$Secp256R1
instanceKlass sun/security/ec/ECOperations$PointMultiplier$Default
instanceKlass sun/security/ec/ECOperations$PointMultiplier$Secp256R1GeneratorMultiplier$P256
instanceKlass sun/security/ec/ECOperations$PointMultiplier$Secp256R1GeneratorMultiplier
instanceKlass sun/security/ec/ECOperations$PointMultiplier
instanceKlass  @bci sun/security/ec/ECPrivateKeyImpl calculatePublicKey ()Ljava/security/PublicKey; 9 <appendix> argL0 ; # sun/security/ec/ECPrivateKeyImpl$$Lambda+0x000001bc81339f58
instanceKlass java/security/interfaces/ECPrivateKey
instanceKlass sun/security/ec/ECOperations
instanceKlass sun/security/ssl/ECDHKeyExchange$ECDHEPossession
instanceKlass sun/security/ssl/KeyShareExtension$KeyShareEntry
instanceKlass sun/security/ssl/XDHKeyExchange$1
instanceKlass java/security/interfaces/XECPrivateKey
instanceKlass java/security/interfaces/XECPublicKey
instanceKlass java/security/interfaces/XECKey
instanceKlass java/security/KeyPair
instanceKlass sun/security/util/math/IntegerModuloP$MultiplicativeInverser$Default
instanceKlass sun/security/util/math/IntegerModuloP$MultiplicativeInverser
instanceKlass sun/security/util/math/MutableIntegerModuloP
instanceKlass sun/security/jca/JCAUtil$CachedSecureRandomHolder
instanceKlass sun/security/ec/XECOperations
instanceKlass sun/security/ec/XECParameters
instanceKlass  @bci sun/security/ec/XDHKeyPairGenerator initialize (Ljava/security/spec/AlgorithmParameterSpec;Ljava/security/SecureRandom;)V 0 <appendix> argL0 ; # sun/security/ec/XDHKeyPairGenerator$$Lambda+0x000001bc81338d20
instanceKlass sun/security/ssl/XDHKeyExchange$XDHEPossession
instanceKlass sun/security/ssl/ECDHKeyExchange$ECDHEXDHKAGenerator
instanceKlass sun/security/ssl/ECDHKeyExchange$ECDHEKAGenerator
instanceKlass sun/security/ssl/ECDHKeyExchange$ECDHKAGenerator
instanceKlass sun/security/ssl/ECDHKeyExchange$ECDHEPossessionGenerator
instanceKlass sun/security/ssl/ECDHKeyExchange
instanceKlass sun/security/ssl/DHKeyExchange$DHEKAGenerator
instanceKlass sun/security/ssl/DHKeyExchange$DHEPossessionGenerator
instanceKlass sun/security/ssl/DHKeyExchange
instanceKlass sun/security/ssl/RSAKeyExchange$RSAKAGenerator
instanceKlass sun/security/ssl/RSAKeyExchange$EphemeralRSAPossessionGenerator
instanceKlass sun/security/ssl/RSAKeyExchange
instanceKlass sun/security/ssl/SSLKeyExchange$T13KeyAgreement
instanceKlass sun/security/ssl/SSLKeyAgreement
instanceKlass sun/security/ssl/SSLPossessionGenerator
instanceKlass sun/security/ssl/SSLKeyExchange
instanceKlass sun/security/ssl/SSLHandshakeBinding
instanceKlass sun/security/ssl/SSLKeyAgreementGenerator
instanceKlass sun/security/ssl/PskKeyExchangeModesExtension$PskKeyExchangeModesSpec
instanceKlass sun/security/ssl/SupportedVersionsExtension$CHSupportedVersionsSpec
instanceKlass sun/security/ssl/SignatureAlgorithmsExtension$SignatureSchemesSpec
instanceKlass sun/security/ssl/ExtendedMasterSecretExtension$ExtendedMasterSecretSpec
instanceKlass sun/security/ssl/CertStatusExtension$CertStatusRequestV2Spec
instanceKlass sun/security/ssl/ECPointFormatsExtension$ECPointFormatsSpec
instanceKlass sun/security/ssl/SupportedGroupsExtension$SupportedGroupsSpec
instanceKlass sun/security/ssl/CertStatusExtension$CertStatusRequest
instanceKlass sun/security/ssl/CertStatusExtension$CertStatusRequestSpec
instanceKlass sun/security/ssl/SSLExtension$SSLExtensionSpec
instanceKlass sun/security/ssl/SSLExtension$ClientExtensions
instanceKlass sun/security/ssl/PreSharedKeyExtension$SHPreSharedKeyStringizer
instanceKlass sun/security/ssl/PreSharedKeyExtension$SHPreSharedKeyAbsence
instanceKlass sun/security/ssl/PreSharedKeyExtension$SHPreSharedKeyConsumer
instanceKlass sun/security/ssl/PreSharedKeyExtension$SHPreSharedKeyProducer
instanceKlass sun/security/ssl/PreSharedKeyExtension$CHPreSharedKeyStringizer
instanceKlass sun/security/ssl/PreSharedKeyExtension$CHPreSharedKeyOnTradeAbsence
instanceKlass sun/security/ssl/PreSharedKeyExtension$CHPreSharedKeyUpdate
instanceKlass sun/security/ssl/PreSharedKeyExtension$CHPreSharedKeyOnLoadAbsence
instanceKlass sun/security/ssl/PreSharedKeyExtension$CHPreSharedKeyConsumer
instanceKlass sun/security/ssl/PreSharedKeyExtension$CHPreSharedKeyProducer
instanceKlass sun/security/ssl/PreSharedKeyExtension
instanceKlass sun/security/ssl/RenegoInfoExtension$RenegotiationInfoStringizer
instanceKlass sun/security/ssl/RenegoInfoExtension$SHRenegotiationInfoAbsence
instanceKlass sun/security/ssl/RenegoInfoExtension$SHRenegotiationInfoConsumer
instanceKlass sun/security/ssl/RenegoInfoExtension$SHRenegotiationInfoProducer
instanceKlass sun/security/ssl/RenegoInfoExtension$CHRenegotiationInfoAbsence
instanceKlass sun/security/ssl/RenegoInfoExtension$CHRenegotiationInfoConsumer
instanceKlass sun/security/ssl/RenegoInfoExtension$CHRenegotiationInfoProducer
instanceKlass sun/security/ssl/RenegoInfoExtension
instanceKlass sun/security/ssl/KeyShareExtension$HRRKeyShareStringizer
instanceKlass sun/security/ssl/KeyShareExtension$HRRKeyShareReproducer
instanceKlass sun/security/ssl/KeyShareExtension$HRRKeyShareConsumer
instanceKlass sun/security/ssl/KeyShareExtension$HRRKeyShareProducer
instanceKlass sun/security/ssl/KeyShareExtension$SHKeyShareStringizer
instanceKlass sun/security/ssl/KeyShareExtension$SHKeyShareAbsence
instanceKlass sun/security/ssl/KeyShareExtension$SHKeyShareConsumer
instanceKlass sun/security/ssl/KeyShareExtension$SHKeyShareProducer
instanceKlass sun/security/ssl/KeyShareExtension$CHKeyShareStringizer
instanceKlass sun/security/ssl/KeyShareExtension$CHKeyShareOnTradeAbsence
instanceKlass sun/security/ssl/KeyShareExtension$CHKeyShareConsumer
instanceKlass sun/security/ssl/KeyShareExtension$CHKeyShareProducer
instanceKlass sun/security/ssl/KeyShareExtension
instanceKlass sun/security/ssl/CertSignAlgsExtension$CertSignatureSchemesStringizer
instanceKlass sun/security/ssl/CertSignAlgsExtension$CRCertSignatureSchemesUpdate
instanceKlass sun/security/ssl/CertSignAlgsExtension$CRCertSignatureSchemesConsumer
instanceKlass sun/security/ssl/CertSignAlgsExtension$CRCertSignatureSchemesProducer
instanceKlass sun/security/ssl/CertSignAlgsExtension$CHCertSignatureSchemesUpdate
instanceKlass sun/security/ssl/CertSignAlgsExtension$CHCertSignatureSchemesConsumer
instanceKlass sun/security/ssl/CertSignAlgsExtension$CHCertSignatureSchemesProducer
instanceKlass sun/security/ssl/CertSignAlgsExtension
instanceKlass sun/security/ssl/CertificateAuthoritiesExtension$CertificateAuthoritiesStringizer
instanceKlass sun/security/ssl/CertificateAuthoritiesExtension$CRCertificateAuthoritiesConsumer
instanceKlass sun/security/ssl/CertificateAuthoritiesExtension$CRCertificateAuthoritiesProducer
instanceKlass sun/security/ssl/CertificateAuthoritiesExtension$CHCertificateAuthoritiesConsumer
instanceKlass sun/security/ssl/CertificateAuthoritiesExtension$CHCertificateAuthoritiesProducer
instanceKlass sun/security/ssl/CertificateAuthoritiesExtension
instanceKlass sun/security/ssl/PskKeyExchangeModesExtension$PskKeyExchangeModesStringizer
instanceKlass sun/security/ssl/PskKeyExchangeModesExtension$PskKeyExchangeModesOnTradeAbsence
instanceKlass sun/security/ssl/PskKeyExchangeModesExtension$PskKeyExchangeModesOnLoadAbsence
instanceKlass sun/security/ssl/PskKeyExchangeModesExtension$PskKeyExchangeModesConsumer
instanceKlass sun/security/ssl/PskKeyExchangeModesExtension$PskKeyExchangeModesProducer
instanceKlass sun/security/ssl/PskKeyExchangeModesExtension
instanceKlass sun/security/ssl/CookieExtension$CookieStringizer
instanceKlass sun/security/ssl/CookieExtension$HRRCookieReproducer
instanceKlass sun/security/ssl/CookieExtension$HRRCookieConsumer
instanceKlass sun/security/ssl/CookieExtension$HRRCookieProducer
instanceKlass sun/security/ssl/CookieExtension$CHCookieUpdate
instanceKlass sun/security/ssl/CookieExtension$CHCookieConsumer
instanceKlass sun/security/ssl/CookieExtension$CHCookieProducer
instanceKlass sun/security/ssl/CookieExtension
instanceKlass sun/security/ssl/SupportedVersionsExtension$HRRSupportedVersionsReproducer
instanceKlass sun/security/ssl/SupportedVersionsExtension$HRRSupportedVersionsConsumer
instanceKlass sun/security/ssl/SupportedVersionsExtension$HRRSupportedVersionsProducer
instanceKlass sun/security/ssl/SupportedVersionsExtension$SHSupportedVersionsStringizer
instanceKlass sun/security/ssl/SupportedVersionsExtension$SHSupportedVersionsConsumer
instanceKlass sun/security/ssl/SupportedVersionsExtension$SHSupportedVersionsProducer
instanceKlass sun/security/ssl/SupportedVersionsExtension$CHSupportedVersionsStringizer
instanceKlass sun/security/ssl/SupportedVersionsExtension$CHSupportedVersionsConsumer
instanceKlass sun/security/ssl/SupportedVersionsExtension$CHSupportedVersionsProducer
instanceKlass sun/security/ssl/SupportedVersionsExtension
instanceKlass sun/security/ssl/SignatureAlgorithmsExtension$SignatureSchemesStringizer
instanceKlass sun/security/ssl/SignatureAlgorithmsExtension$CRSignatureSchemesUpdate
instanceKlass sun/security/ssl/SignatureAlgorithmsExtension$CRSignatureSchemesAbsence
instanceKlass sun/security/ssl/SignatureAlgorithmsExtension$CRSignatureSchemesConsumer
instanceKlass sun/security/ssl/SignatureAlgorithmsExtension$CRSignatureSchemesProducer
instanceKlass sun/security/ssl/SignatureAlgorithmsExtension$CHSignatureSchemesOnTradeAbsence
instanceKlass sun/security/ssl/SignatureAlgorithmsExtension$CHSignatureSchemesUpdate
instanceKlass sun/security/ssl/SignatureAlgorithmsExtension$CHSignatureSchemesOnLoadAbsence
instanceKlass sun/security/ssl/SignatureAlgorithmsExtension$CHSignatureSchemesConsumer
instanceKlass sun/security/ssl/SignatureAlgorithmsExtension$CHSignatureSchemesProducer
instanceKlass sun/security/ssl/SignatureAlgorithmsExtension
instanceKlass sun/security/ssl/SessionTicketExtension$SessionTicketStringizer
instanceKlass sun/security/ssl/SessionTicketExtension$T12SHSessionTicketConsumer
instanceKlass sun/security/ssl/SessionTicketExtension$T12SHSessionTicketProducer
instanceKlass sun/security/ssl/SessionTicketExtension$T12CHSessionTicketConsumer
instanceKlass sun/security/ssl/SessionTicketExtension$T12CHSessionTicketProducer
instanceKlass sun/security/ssl/SessionTicketExtension
instanceKlass sun/security/ssl/ExtendedMasterSecretExtension$ExtendedMasterSecretStringizer
instanceKlass sun/security/ssl/ExtendedMasterSecretExtension$SHExtendedMasterSecretAbsence
instanceKlass sun/security/ssl/ExtendedMasterSecretExtension$SHExtendedMasterSecretConsumer
instanceKlass sun/security/ssl/ExtendedMasterSecretExtension$SHExtendedMasterSecretProducer
instanceKlass sun/security/ssl/ExtendedMasterSecretExtension$CHExtendedMasterSecretAbsence
instanceKlass sun/security/ssl/ExtendedMasterSecretExtension$CHExtendedMasterSecretConsumer
instanceKlass sun/security/ssl/ExtendedMasterSecretExtension$CHExtendedMasterSecretProducer
instanceKlass sun/security/ssl/ExtendedMasterSecretExtension
instanceKlass  @bci sun/security/ssl/AlpnExtension <clinit> ()V 100 <appendix> argL0 ; # sun/security/ssl/AlpnExtension$$Lambda+0x000001bc81376a18
instanceKlass sun/security/ssl/AlpnExtension$AlpnStringizer
instanceKlass sun/security/ssl/AlpnExtension$SHAlpnAbsence
instanceKlass sun/security/ssl/AlpnExtension$SHAlpnConsumer
instanceKlass sun/security/ssl/AlpnExtension$SHAlpnProducer
instanceKlass sun/security/ssl/AlpnExtension$CHAlpnAbsence
instanceKlass sun/security/ssl/AlpnExtension$CHAlpnConsumer
instanceKlass sun/security/ssl/AlpnExtension$CHAlpnProducer
instanceKlass sun/security/ssl/AlpnExtension
instanceKlass sun/security/ssl/ECPointFormatsExtension$ECPointFormatsStringizer
instanceKlass sun/security/ssl/ECPointFormatsExtension$SHECPointFormatsConsumer
instanceKlass sun/security/ssl/ECPointFormatsExtension$CHECPointFormatsConsumer
instanceKlass sun/security/ssl/ECPointFormatsExtension$CHECPointFormatsProducer
instanceKlass sun/security/ssl/ECPointFormatsExtension
instanceKlass sun/security/ssl/SupportedGroupsExtension$EESupportedGroupsConsumer
instanceKlass sun/security/ssl/SupportedGroupsExtension$EESupportedGroupsProducer
instanceKlass sun/security/ssl/SupportedGroupsExtension$SupportedGroupsStringizer
instanceKlass sun/security/ssl/SupportedGroupsExtension$CHSupportedGroupsOnTradeAbsence
instanceKlass sun/security/ssl/SupportedGroupsExtension$CHSupportedGroupsConsumer
instanceKlass sun/security/ssl/SupportedGroupsExtension$CHSupportedGroupsProducer
instanceKlass sun/security/ssl/SupportedGroupsExtension
instanceKlass sun/security/ssl/CertStatusExtension$CertStatusRespStringizer
instanceKlass sun/security/ssl/CertStatusExtension$CertStatusRequestsStringizer
instanceKlass sun/security/ssl/CertStatusExtension$SHCertStatusReqV2Consumer
instanceKlass sun/security/ssl/CertStatusExtension$SHCertStatusReqV2Producer
instanceKlass sun/security/ssl/CertStatusExtension$CHCertStatusReqV2Consumer
instanceKlass sun/security/ssl/CertStatusExtension$CHCertStatusReqV2Producer
instanceKlass sun/security/ssl/CertStatusExtension$CertStatusRequestStringizer
instanceKlass sun/security/ssl/CertStatusExtension$CTCertStatusResponseConsumer
instanceKlass sun/security/ssl/CertStatusExtension$CTCertStatusResponseProducer
instanceKlass sun/security/ssl/CertStatusExtension$SHCertStatusReqConsumer
instanceKlass sun/security/ssl/CertStatusExtension$SHCertStatusReqProducer
instanceKlass sun/security/ssl/CertStatusExtension$CHCertStatusReqConsumer
instanceKlass sun/security/ssl/CertStatusExtension$CHCertStatusReqProducer
instanceKlass sun/security/ssl/CertStatusExtension
instanceKlass sun/security/ssl/MaxFragExtension$MaxFragLenStringizer
instanceKlass sun/security/ssl/MaxFragExtension$EEMaxFragmentLengthUpdate
instanceKlass sun/security/ssl/MaxFragExtension$EEMaxFragmentLengthConsumer
instanceKlass sun/security/ssl/MaxFragExtension$EEMaxFragmentLengthProducer
instanceKlass sun/security/ssl/MaxFragExtension$SHMaxFragmentLengthUpdate
instanceKlass sun/security/ssl/MaxFragExtension$SHMaxFragmentLengthConsumer
instanceKlass sun/security/ssl/MaxFragExtension$SHMaxFragmentLengthProducer
instanceKlass sun/security/ssl/MaxFragExtension$CHMaxFragmentLengthConsumer
instanceKlass sun/security/ssl/MaxFragExtension$CHMaxFragmentLengthProducer
instanceKlass sun/security/ssl/MaxFragExtension
instanceKlass sun/security/ssl/ServerNameExtension$EEServerNameConsumer
instanceKlass sun/security/ssl/ServerNameExtension$EEServerNameProducer
instanceKlass sun/security/ssl/ServerNameExtension$SHServerNamesStringizer
instanceKlass sun/security/ssl/ServerNameExtension$SHServerNameConsumer
instanceKlass sun/security/ssl/ServerNameExtension$SHServerNameProducer
instanceKlass sun/security/ssl/ServerNameExtension$CHServerNamesStringizer
instanceKlass sun/security/ssl/ServerNameExtension$CHServerNameConsumer
instanceKlass sun/security/ssl/SSLExtension$ExtensionConsumer
instanceKlass sun/security/ssl/ServerNameExtension$CHServerNameProducer
instanceKlass sun/security/ssl/ServerNameExtension
instanceKlass sun/security/ssl/SSLStringizer
instanceKlass com/naqqa/elasticsearch/http/tls/TlsSession$1
instanceKlass sun/security/ssl/SSLExtensions
instanceKlass sun/security/ssl/SSLHandshake$HandshakeMessage
instanceKlass sun/security/ssl/RandomCookie
instanceKlass sun/security/action/GetLongAction
instanceKlass com/naqqa/elasticsearch/http/tls/TlsSession
instanceKlass sun/security/util/KeyUtil
instanceKlass sun/security/ssl/SSLConfiguration$CustomizedServerSignatureSchemes
instanceKlass sun/security/ssl/SSLKeyDerivation
instanceKlass sun/security/ssl/SSLCredentials
instanceKlass sun/security/ssl/NamedGroupPossession
instanceKlass sun/security/ssl/SSLPossession
instanceKlass javax/net/ssl/SSLEngine
instanceKlass com/naqqa/elasticsearch/http/nio/TlsConnectionHandler
instanceKlass sun/security/ssl/HandshakeContext
instanceKlass com/naqqa/elasticsearch/http/tls/TlsRoundTripTest$1
instanceKlass  @bci com/naqqa/elasticsearch/http/tls/TlsRoundTripTest httpsRequestOverNioTransportRoundTrips ()V 65 <appendix> argL0 ; # com/naqqa/elasticsearch/http/tls/TlsRoundTripTest$$Lambda+0x000001bc81370400
instanceKlass sun/security/ssl/SunX509KeyManagerImpl$X509Credentials
instanceKlass  @bci sun/security/pkcs12/PKCS12KeyStore engineGetKey (Ljava/lang/String;[C)Ljava/security/Key; 248 <adapter> ; # java/lang/invoke/LambdaForm$MH+0x000001bc81376400
# instanceKlass java/lang/invoke/LambdaForm$DMH+0x000001bc81376000
instanceKlass  @bci sun/security/pkcs12/PKCS12KeyStore engineGetKey (Ljava/lang/String;[C)Ljava/security/Key; 248 <appendix> form vmentry <vmtarget> ; # java/lang/invoke/LambdaForm$DMH+0x000001bc81375c00
instanceKlass  @bci sun/security/pkcs12/PKCS12KeyStore engineGetKey (Ljava/lang/String;[C)Ljava/security/Key; 248 <appendix> member <vmtarget> ; # sun/security/pkcs12/PKCS12KeyStore$$Lambda+0x000001bc812fd4f0
instanceKlass  @cpi sun/security/pkcs12/PKCS12KeyStore 1779 form vmentry <vmtarget> ; # java/lang/invoke/LambdaForm$DMH+0x000001bc81375800
instanceKlass sun/security/pkcs/EncryptedPrivateKeyInfo
instanceKlass java/math/MutableBigInteger
instanceKlass sun/security/rsa/RSAPadding
instanceKlass sun/security/rsa/RSACore
instanceKlass java/security/interfaces/RSAPrivateCrtKey
instanceKlass sun/security/pkcs/PKCS8Key
instanceKlass sun/security/util/InternalPrivateKey
instanceKlass java/security/interfaces/RSAPrivateKey
instanceKlass sun/security/util/SignatureUtil
instanceKlass jdk/internal/icu/util/CodePointTrie$Data
instanceKlass jdk/internal/icu/util/CodePointMap
instanceKlass jdk/internal/icu/util/VersionInfo
instanceKlass jdk/internal/icu/impl/ICUBinary$1
instanceKlass jdk/internal/icu/impl/ICUBinary
instanceKlass jdk/internal/icu/impl/NormalizerImpl$IsAcceptable
instanceKlass jdk/internal/icu/impl/ICUBinary$Authenticate
instanceKlass jdk/internal/icu/impl/NormalizerImpl
instanceKlass jdk/internal/icu/impl/Norm2AllModes$Norm2AllModesSingleton
instanceKlass jdk/internal/icu/impl/Norm2AllModes$NFKCSingleton
instanceKlass jdk/internal/icu/impl/Norm2AllModes
instanceKlass jdk/internal/icu/text/Normalizer2
instanceKlass jdk/internal/icu/text/NormalizerBase$ModeImpl
instanceKlass jdk/internal/icu/text/NormalizerBase$NFKDModeImpl
instanceKlass jdk/internal/icu/text/NormalizerBase$1
instanceKlass jdk/internal/icu/text/NormalizerBase$Mode
instanceKlass jdk/internal/icu/text/NormalizerBase
instanceKlass java/text/Normalizer
instanceKlass sun/security/pkcs/SignerInfo
instanceKlass sun/security/pkcs/PKCS9Attribute
instanceKlass sun/security/x509/AVAKeyword
instanceKlass sun/security/tools/KeyStoreUtil
instanceKlass com/sun/crypto/provider/PKCS12PBECipherCore
instanceKlass sun/security/util/PBEUtil
instanceKlass  @bci sun/security/pkcs12/PKCS12KeyStore engineLoad (Ljava/io/InputStream;[C)V 844 <adapter> ; # java/lang/invoke/LambdaForm$MH+0x000001bc81375400
# instanceKlass java/lang/invoke/LambdaForm$DMH+0x000001bc81375000
instanceKlass  @bci sun/security/pkcs12/PKCS12KeyStore engineLoad (Ljava/io/InputStream;[C)V 844 <appendix> form vmentry <vmtarget> ; # java/lang/invoke/LambdaForm$DMH+0x000001bc81374c00
instanceKlass  @bci sun/security/pkcs12/PKCS12KeyStore engineLoad (Ljava/io/InputStream;[C)V 844 <appendix> member <vmtarget> ; # sun/security/pkcs12/PKCS12KeyStore$$Lambda+0x000001bc812f4c00
instanceKlass  @cpi sun/security/pkcs12/PKCS12KeyStore 1787 form vmentry <vmtarget> ; # java/lang/invoke/LambdaForm$DMH+0x000001bc81374800
instanceKlass sun/security/pkcs12/MacData
instanceKlass sun/security/util/ArrayUtil
instanceKlass  @bci javax/crypto/spec/SecretKeySpec <clinit> ()V 0 <appendix> argL0 ; # javax/crypto/spec/SecretKeySpec$$Lambda+0x000001bc812f43a8
instanceKlass jdk/internal/access/JavaxCryptoSpecAccess
instanceKlass javax/crypto/spec/SecretKeySpec
instanceKlass  @bci com/sun/crypto/provider/PBKDF2KeyImpl <init> (Ljavax/crypto/spec/PBEKeySpec;Ljava/lang/String;)V 237 <appendix> member <vmtarget> ; # com/sun/crypto/provider/PBKDF2KeyImpl$$Lambda+0x000001bc812f3ce8
instanceKlass com/sun/crypto/provider/PBKDF2KeyImpl$1
instanceKlass javax/crypto/MacSpi
instanceKlass javax/crypto/Mac
instanceKlass sun/nio/cs/ThreadLocalCoders$Cache
instanceKlass sun/nio/cs/ThreadLocalCoders
instanceKlass com/sun/crypto/provider/PBKDF2KeyImpl
instanceKlass javax/crypto/interfaces/PBEKey
instanceKlass  @bci com/sun/crypto/provider/PBEKey <init> (Ljavax/crypto/spec/PBEKeySpec;Ljava/lang/String;Z)V 150 <appendix> member <vmtarget> ; # com/sun/crypto/provider/PBEKey$$Lambda+0x000001bc812f1fc0
instanceKlass com/sun/crypto/provider/PBEKey
instanceKlass javax/crypto/SecretKey
instanceKlass javax/crypto/SecretKeyFactory
instanceKlass javax/crypto/spec/PBEKeySpec
instanceKlass javax/crypto/SecretKeyFactorySpi
instanceKlass sun/security/util/PBEUtil$PBES2Params
instanceKlass  @bci sun/security/pkcs12/PKCS12KeyStore engineLoad (Ljava/io/InputStream;[C)V 592 <appendix> member <vmtarget> ; # sun/security/pkcs12/PKCS12KeyStore$$Lambda+0x000001bc812f00d0
instanceKlass sun/security/pkcs12/PKCS12KeyStore$RetryWithZero
instanceKlass javax/crypto/spec/PBEParameterSpec
instanceKlass javax/crypto/spec/IvParameterSpec
instanceKlass  @bci sun/security/util/DerInputStream checkNextTag (B)Z 2 <appendix> member <vmtarget> ; # sun/security/util/DerInputStream$$Lambda+0x000001bc812ef860
instanceKlass com/naqqa/elasticsearch/http/tls/KeyStores
instanceKlass java/lang/ProcessImpl$2
instanceKlass  @bci java/lang/ProcessHandleImpl lambda$static$1 ()Ljava/util/concurrent/Executor; 45 <appendix> member <vmtarget> ; # java/lang/ProcessHandleImpl$$Lambda+0x000001bc812ee5c8
instanceKlass  @cpi java/lang/ProcessHandleImpl 436 form vmentry <vmtarget> ; # java/lang/invoke/LambdaForm$DMH+0x000001bc81374400
instanceKlass  @bci java/lang/ProcessHandleImpl <clinit> ()V 32 <appendix> argL0 ; # java/lang/ProcessHandleImpl$$Lambda+0x000001bc812ee3b0
instanceKlass java/lang/ProcessHandleImpl
instanceKlass java/lang/ProcessHandle
instanceKlass  @bci java/lang/ProcessImpl <init> ([Ljava/lang/String;Ljava/lang/String;Ljava/lang/String;[JZZ)V 286 <appendix> member <vmtarget> ; # java/lang/ProcessImpl$$Lambda+0x000001bc812edd08
instanceKlass  @cpi java/lang/ProcessImpl 625 form vmentry <vmtarget> ; # java/lang/invoke/LambdaForm$DMH+0x000001bc81374000
instanceKlass java/lang/Process
instanceKlass java/lang/ProcessBuilder
instanceKlass com/naqqa/elasticsearch/http/tls/TlsRoundTripTest
instanceKlass  @bci com/naqqa/elasticsearch/http/nio/NioHttpServerTransportTest oversizedBodyReturns413AndClosesConnection ()V 14 <appendix> argL0 ; # com/naqqa/elasticsearch/http/nio/NioHttpServerTransportTest$$Lambda+0x000001bc8136fbf0
instanceKlass  @bci java/lang/VirtualThread parkNanos (J)V 52 <appendix> member <vmtarget> ; # java/lang/VirtualThread$$Lambda+0x000001bc812ed3c8
instanceKlass  @bci com/naqqa/elasticsearch/http/nio/NioHttpServerTransportTest keepAlivePipeliningOrderIsPreserved ()V 28 <appendix> argL0 ; # com/naqqa/elasticsearch/http/nio/NioHttpServerTransportTest$$Lambda+0x000001bc8136f9d8
instanceKlass  @bci com/naqqa/elasticsearch/http/nio/NioHttpServerTransportTest keepAlivePipeliningOrderIsPreserved ()V 14 <appendix> argL0 ; # com/naqqa/elasticsearch/http/nio/NioHttpServerTransportTest$$Lambda+0x000001bc8136f7c0
instanceKlass  @bci com/naqqa/elasticsearch/http/nio/NioHttpServerTransportTest gzipResponseAndRequestCompressionRoundTrip ()V 38 <appendix> argL0 ; # com/naqqa/elasticsearch/http/nio/NioHttpServerTransportTest$$Lambda+0x000001bc8136f5a8
instanceKlass  @bci com/naqqa/elasticsearch/http/nio/NioHttpServerTransportTest gzipResponseAndRequestCompressionRoundTrip ()V 24 <appendix> member <vmtarget> ; # com/naqqa/elasticsearch/http/nio/NioHttpServerTransportTest$$Lambda+0x000001bc8136f388
instanceKlass com/naqqa/elasticsearch/http/nio/HttpStatusPhrases
instanceKlass com/naqqa/elasticsearch/http/nio/HttpResponseEncoder
instanceKlass com/naqqa/elasticsearch/http/nio/ResponseBuilder
instanceKlass com/naqqa/elasticsearch/http/nio/NioHttpServerTransport$1
instanceKlass com/naqqa/elasticsearch/http/nio/NioRestChannel
instanceKlass com/naqqa/elasticsearch/http/nio/RequestFactory
instanceKlass  @bci com/naqqa/elasticsearch/http/nio/NioHttpServerTransport dispatch (Lcom/naqqa/elasticsearch/http/nio/Connection;Lcom/naqqa/elasticsearch/http/nio/ParsedRequest;)V 27 <appendix> member <vmtarget> ; # com/naqqa/elasticsearch/http/nio/NioHttpServerTransport$$Lambda+0x000001bc8136e338
instanceKlass com/naqqa/elasticsearch/http/nio/ResponseSlot
instanceKlass com/naqqa/elasticsearch/http/nio/ParsedRequest
instanceKlass com/naqqa/elasticsearch/http/nio/HttpRequestParser
instanceKlass com/naqqa/elasticsearch/http/nio/Connection
instanceKlass java/net/SocksSocketImpl$3
instanceKlass  @bci sun/nio/ch/NioSocketImpl closerFor (Ljava/io/FileDescriptor;Z)Ljava/lang/Runnable; 5 <appendix> member <vmtarget> ; # sun/nio/ch/NioSocketImpl$$Lambda+0x000001bc812ec540
instanceKlass  @bci com/naqqa/elasticsearch/http/nio/NioHttpServerTransport start ()V 108 <appendix> member <vmtarget> ; # com/naqqa/elasticsearch/http/nio/NioHttpServerTransport$$Lambda+0x000001bc8136d6f8
instanceKlass com/naqqa/elasticsearch/http/nio/NioHttpServerTransport
instanceKlass  @bci com/naqqa/elasticsearch/http/nio/NioHttpServerTransportTest chunkedRequestBodyIsDecoded ()V 14 <appendix> argL0 ; # com/naqqa/elasticsearch/http/nio/NioHttpServerTransportTest$$Lambda+0x000001bc8136d028
instanceKlass com/naqqa/elasticsearch/http/nio/NioHttpServerTransportTest$SimpleResponse
instanceKlass com/naqqa/elasticsearch/http/nio/NioHttpServerTransportTest
instanceKlass sun/net/www/HeaderParser
instanceKlass  @bci java/net/http/HttpResponse$BodyHandlers ofString ()Ljava/net/http/HttpResponse$BodyHandler; 0 <appendix> argL0 ; # java/net/http/HttpResponse$BodyHandlers$$Lambda+0x000001bc813388e8
instanceKlass  @bci com/naqqa/elasticsearch/http/jdk/JdkHttpServerTransportTest handlesBasicGetRequest ()V 14 <appendix> argL0 ; # com/naqqa/elasticsearch/http/jdk/JdkHttpServerTransportTest$$Lambda+0x000001bc8136ca08
instanceKlass  @bci java/net/http/HttpResponse$BodyHandlers ofByteArray ()Ljava/net/http/HttpResponse$BodyHandler; 0 <appendix> argL0 ; # java/net/http/HttpResponse$BodyHandlers$$Lambda+0x000001bc813386d0
instanceKlass  @bci com/naqqa/elasticsearch/http/jdk/JdkHttpServerTransportTest compressesResponseWhenGzipAccepted ()V 24 <appendix> member <vmtarget> ; # com/naqqa/elasticsearch/http/jdk/JdkHttpServerTransportTest$$Lambda+0x000001bc8136c7e8
instanceKlass com/naqqa/elasticsearch/http/jdk/JdkHttpServerTransportTest
instanceKlass  @bci com/naqqa/elasticsearch/http/RouterTest unknownPathIsNotFound ()V 14 <appendix> argL0 ; # com/naqqa/elasticsearch/http/RouterTest$$Lambda+0x000001bc8136c3d0
instanceKlass  @bci com/naqqa/elasticsearch/http/RouterTest mostSpecificPatternWins ()V 14 <appendix> argL0 ; # com/naqqa/elasticsearch/http/RouterTest$$Lambda+0x000001bc8136c1b8
instanceKlass  @bci com/naqqa/elasticsearch/http/RouterTest mostSpecificPatternWins ()V 8 <appendix> argL0 ; # com/naqqa/elasticsearch/http/RouterTest$$Lambda+0x000001bc8136bfa0
instanceKlass  @bci com/naqqa/elasticsearch/http/RouterTest methodNotAllowedReturnsAllowedMethods ()V 28 <appendix> argL0 ; # com/naqqa/elasticsearch/http/RouterTest$$Lambda+0x000001bc8136bd88
instanceKlass  @bci com/naqqa/elasticsearch/http/RouterTest methodNotAllowedReturnsAllowedMethods ()V 14 <appendix> argL0 ; # com/naqqa/elasticsearch/http/RouterTest$$Lambda+0x000001bc8136bb70
instanceKlass  @bci com/naqqa/elasticsearch/http/RouterTest matchesNamedParams ()V 8 <appendix> argL0 ; # com/naqqa/elasticsearch/http/RouterTest$$Lambda+0x000001bc8136b958
instanceKlass  @bci com/naqqa/elasticsearch/http/RouterTest headFallsBackToGetHandler ()V 8 <appendix> argL0 ; # com/naqqa/elasticsearch/http/RouterTest$$Lambda+0x000001bc8136b740
instanceKlass  @bci com/naqqa/elasticsearch/http/RouterTest decodesPathParamsPerSegment ()V 16 <appendix> argL0 ; # com/naqqa/elasticsearch/http/RouterTest$$Lambda+0x000001bc8136b528
instanceKlass  @bci com/naqqa/elasticsearch/http/Router <init> ()V 1 <appendix> argL0 ; # com/naqqa/elasticsearch/http/Router$$Lambda+0x000001bc8136b310
instanceKlass com/naqqa/elasticsearch/http/RouterTest
instanceKlass com/naqqa/elasticsearch/http/RestRequestTest
instanceKlass com/naqqa/elasticsearch/http/QueryStringParserTest
instanceKlass com/naqqa/elasticsearch/http/FilterPathTest
instanceKlass java/lang/StackTraceElement$HashedModules
instanceKlass java/lang/Throwable$PrintStreamOrWriter
instanceKlass java/io/PrintWriter$1
instanceKlass jdk/internal/access/JavaIOPrintWriterAccess
instanceKlass com/naqqa/elasticsearch/http/DefaultRestErrorRendererTest
instanceKlass com/naqqa/elasticsearch/http/CorsConfig$Builder
instanceKlass  @bci com/naqqa/elasticsearch/http/CorsHandlerTest requestWithHeaders (Lcom/naqqa/elasticsearch/http/RestMethod;Ljava/util/Map;)Lcom/naqqa/elasticsearch/http/RestRequest; 15 <appendix> member <vmtarget> ; # com/naqqa/elasticsearch/http/CorsHandlerTest$$Lambda+0x000001bc8136a010
instanceKlass com/naqqa/elasticsearch/http/CorsHandlerTest
instanceKlass  @bci com/naqqa/elasticsearch/http/MediaType parseAccept (Ljava/lang/String;)Ljava/util/List; 74 <appendix> argL0 ; # com/naqqa/elasticsearch/http/MediaType$$Lambda+0x000001bc81369b80
instanceKlass com/naqqa/elasticsearch/http/MediaType
instanceKlass com/naqqa/elasticsearch/http/ContentTypeNegotiator
instanceKlass com/naqqa/elasticsearch/http/ContentTypeNegotiatorTest
instanceKlass  @bci com/naqqa/elasticsearch/common/util/concurrent/ThreadContextTest testPreserveContextAcrossThreads ()V 27 <appendix> member <vmtarget> ; # com/naqqa/elasticsearch/common/util/concurrent/ThreadContextTest$$Lambda+0x000001bc81368f20
instanceKlass  @bci com/naqqa/elasticsearch/common/util/concurrent/ThreadContext stashContext ()Lcom/naqqa/elasticsearch/common/util/concurrent/ThreadContext$StoredContext; 23 <appendix> member <vmtarget> ; # com/naqqa/elasticsearch/common/util/concurrent/ThreadContext$$Lambda+0x000001bc81368cd8
instanceKlass com/naqqa/elasticsearch/common/util/concurrent/ThreadContext$StoredContext
instanceKlass com/naqqa/elasticsearch/common/util/concurrent/ThreadContextTest
instanceKlass  @bci com/naqqa/elasticsearch/common/util/SparseFixedBitSet set (I)V 29 <appendix> argL0 ; # com/naqqa/elasticsearch/common/util/SparseFixedBitSet$$Lambda+0x000001bc813686a0
instanceKlass com/naqqa/elasticsearch/common/util/SparseFixedBitSet
instanceKlass  @bci com/naqqa/elasticsearch/common/util/UtilStructuresTest testBigArraysAccountingAndBreaker ()V 158 <appendix> member <vmtarget> ; # com/naqqa/elasticsearch/common/util/UtilStructuresTest$$Lambda+0x000001bc81368258
instanceKlass com/naqqa/elasticsearch/common/util/BigArrays$PagedLongArray
instanceKlass com/naqqa/elasticsearch/common/util/PageCacheRecycler
instanceKlass com/naqqa/elasticsearch/common/util/LongArray
instanceKlass com/naqqa/elasticsearch/common/util/ObjectArray
instanceKlass com/naqqa/elasticsearch/common/util/DoubleArray
instanceKlass com/naqqa/elasticsearch/common/util/ByteArray
instanceKlass com/naqqa/elasticsearch/common/util/IntArray
instanceKlass com/naqqa/elasticsearch/common/util/BigArrays
instanceKlass com/naqqa/elasticsearch/common/util/UtilStructuresTest
instanceKlass  @bci com/naqqa/elasticsearch/common/unit/UnitParsersTest testRatioValueParsing ()V 40 <appendix> argL0 ; # com/naqqa/elasticsearch/common/unit/UnitParsersTest$$Lambda+0x000001bc81367b08
instanceKlass com/naqqa/elasticsearch/common/unit/RatioValue
instanceKlass com/naqqa/elasticsearch/common/unit/UnitParsersTest
instanceKlass com/naqqa/elasticsearch/common/time/DateTimeTest
instanceKlass  @bci com/naqqa/elasticsearch/common/threadpool/ThreadPoolTest testThreadContextPropagatesAcrossPool ()V 45 <appendix> member <vmtarget> ; # com/naqqa/elasticsearch/common/threadpool/ThreadPoolTest$$Lambda+0x000001bc81366e60
instanceKlass  @bci com/naqqa/elasticsearch/common/threadpool/ThreadPoolTest testRejectionMapsToEsRejectedExecutionException ()V 32 <appendix> member <vmtarget> ; # com/naqqa/elasticsearch/common/threadpool/ThreadPoolTest$$Lambda+0x000001bc81366830
instanceKlass  @bci com/naqqa/elasticsearch/common/threadpool/ThreadPoolTest testExecuteOnNamedPool ()V 33 <appendix> member <vmtarget> ; # com/naqqa/elasticsearch/common/threadpool/ThreadPoolTest$$Lambda+0x000001bc81366610
instanceKlass com/naqqa/elasticsearch/common/threadpool/ThreadPoolTest
instanceKlass  @bci com/naqqa/elasticsearch/common/settings/YamlSettingsLoader load (Ljava/lang/String;)Lcom/naqqa/elasticsearch/common/settings/Settings; 187 <appendix> argL0 ; # com/naqqa/elasticsearch/common/settings/YamlSettingsLoader$$Lambda+0x000001bc813661c8
instanceKlass com/naqqa/elasticsearch/common/settings/YamlSettingsLoader$Level
instanceKlass com/naqqa/elasticsearch/common/settings/YamlSettingsLoader
instanceKlass  @bci com/naqqa/elasticsearch/common/settings/Setting lambda$intSetting$2 (IILjava/lang/String;Ljava/lang/String;)Ljava/lang/Integer; 29 <adapter> ; # java/lang/invoke/LambdaForm$MH+0x000001bc81362c00
# instanceKlass java/lang/invoke/LambdaForm$DMH+0x000001bc81362800
instanceKlass  @bci com/naqqa/elasticsearch/common/settings/Setting lambda$intSetting$2 (IILjava/lang/String;Ljava/lang/String;)Ljava/lang/Integer; 29 <appendix> form vmentry <vmtarget> ; # java/lang/invoke/LambdaForm$MH+0x000001bc81362400
# instanceKlass java/lang/invoke/LambdaForm$MH+0x000001bc81362000
instanceKlass  @bci com/naqqa/elasticsearch/common/settings/Setting lambda$intSetting$2 (IILjava/lang/String;Ljava/lang/String;)Ljava/lang/Integer; 29 <appendix> form names 9 function resolvedHandle form vmentry <vmtarget> ; # java/lang/invoke/LambdaForm$DMH+0x000001bc81361c00
instanceKlass  @bci com/naqqa/elasticsearch/common/settings/Setting lambda$intSetting$2 (IILjava/lang/String;Ljava/lang/String;)Ljava/lang/Integer; 29 <appendix> argL3 form vmentry <vmtarget> ; # java/lang/invoke/LambdaForm$MH+0x000001bc81361800
# instanceKlass java/lang/invoke/LambdaForm$MH+0x000001bc81361400
# instanceKlass java/lang/invoke/LambdaForm$MH+0x000001bc81361000
# instanceKlass java/lang/invoke/LambdaForm$MH+0x000001bc81360c00
instanceKlass  @bci com/naqqa/elasticsearch/common/settings/SettingsTest testSettingDefaultsAndValidator ()V 63 <appendix> member <vmtarget> ; # com/naqqa/elasticsearch/common/settings/SettingsTest$$Lambda+0x000001bc81365ba0
instanceKlass com/naqqa/elasticsearch/common/settings/PropertiesSettingsLoader
instanceKlass  @bci com/naqqa/elasticsearch/common/settings/SettingsTest lambda$testFinalSettingCannotBeDynamic$2 ()V 11 <appendix> argL0 ; # com/naqqa/elasticsearch/common/settings/SettingsTest$$Lambda+0x000001bc81365768
instanceKlass  @bci com/naqqa/elasticsearch/common/settings/SettingsTest lambda$testFinalSettingCannotBeDynamic$2 ()V 6 <appendix> argL0 ; # com/naqqa/elasticsearch/common/settings/SettingsTest$$Lambda+0x000001bc81365530
instanceKlass  @bci com/naqqa/elasticsearch/common/settings/SettingsTest testFinalSettingCannotBeDynamic ()V 2 <appendix> argL0 ; # com/naqqa/elasticsearch/common/settings/SettingsTest$$Lambda+0x000001bc81365318
instanceKlass com/naqqa/elasticsearch/common/settings/AbstractScopedSettings$SettingUpdater
instanceKlass  @bci com/naqqa/elasticsearch/common/settings/SettingsTest testDynamicSettingUpdateConsumer ()V 62 <appendix> member <vmtarget> ; # com/naqqa/elasticsearch/common/settings/SettingsTest$$Lambda+0x000001bc81364ee0
instanceKlass  @cpi com/naqqa/elasticsearch/common/settings/SettingsTest 283 form vmentry <vmtarget> ; # java/lang/invoke/LambdaForm$DMH+0x000001bc81360800
instanceKlass com/naqqa/elasticsearch/common/settings/SettingsTest
instanceKlass com/naqqa/elasticsearch/common/regex/RegexTest
instanceKlass com/naqqa/elasticsearch/common/network/InetAddresses
instanceKlass com/naqqa/elasticsearch/common/network/InetAddressesTest
instanceKlass com/naqqa/elasticsearch/common/lifecycle/LifecycleTest
instanceKlass  @bci com/naqqa/elasticsearch/common/json/JsonRoundTripTest testErrorPositionsReported ()V 15 <appendix> member <vmtarget> ; # com/naqqa/elasticsearch/common/json/JsonRoundTripTest$$Lambda+0x000001bc81357cf8
instanceKlass java/math/MathContext
instanceKlass com/naqqa/elasticsearch/common/json/JsonRoundTripTest
instanceKlass com/naqqa/elasticsearch/common/io/stream/StreamTest
instanceKlass com/naqqa/elasticsearch/common/inject/Injector
instanceKlass com/naqqa/elasticsearch/common/inject/InjectorTest
instanceKlass com/naqqa/elasticsearch/common/hash/Murmur3Test
instanceKlass com/naqqa/elasticsearch/common/geo/format/WellKnownText$1
instanceKlass com/naqqa/elasticsearch/common/geo/TriangleEncoder
instanceKlass com/naqqa/elasticsearch/common/geo/Tessellator$Node
instanceKlass com/naqqa/elasticsearch/common/geo/Tessellator
instanceKlass  @bci com/naqqa/elasticsearch/common/geo/geometry/GeometryUtils$BoundsAccumulator add (Lcom/naqqa/elasticsearch/common/geo/geometry/Geometry;)V 25 <adapter> ; # java/lang/invoke/LambdaForm$MH+0x000001bc81360400
instanceKlass  @bci com/naqqa/elasticsearch/common/geo/geometry/GeometryUtils$BoundsAccumulator add (Lcom/naqqa/elasticsearch/common/geo/geometry/Geometry;)V 25 <appendix> form vmentry <vmtarget> ; # java/lang/invoke/LambdaForm$MH+0x000001bc81360000
instanceKlass  @bci com/naqqa/elasticsearch/common/geo/geometry/GeometryUtils$BoundsAccumulator add (Lcom/naqqa/elasticsearch/common/geo/geometry/Geometry;)V 25 <appendix> argL4 form vmentry <vmtarget> ; # java/lang/invoke/LambdaForm$MH+0x000001bc8135fc00
# instanceKlass java/lang/invoke/LambdaForm$MH+0x000001bc8135f800
# instanceKlass java/lang/invoke/LambdaForm$MH+0x000001bc8135f400
instanceKlass  @bci com/naqqa/elasticsearch/common/geo/geometry/GeometryUtils$BoundsAccumulator add (Lcom/naqqa/elasticsearch/common/geo/geometry/Geometry;)V 25 <appendix> argL1 form vmentry <vmtarget> ; # java/lang/invoke/LambdaForm$MH+0x000001bc8135f000
instanceKlass  @bci com/naqqa/elasticsearch/common/geo/geometry/GeometryUtils$BoundsAccumulator add (Lcom/naqqa/elasticsearch/common/geo/geometry/Geometry;)V 25 <appendix> form names 9 function resolvedHandle form vmentry <vmtarget> ; # java/lang/invoke/LambdaForm$DMH+0x000001bc8135ec00
# instanceKlass java/lang/invoke/LambdaForm$MH+0x000001bc8135e800
instanceKlass  @bci com/naqqa/elasticsearch/common/geo/geometry/GeometryUtils$BoundsAccumulator add (Lcom/naqqa/elasticsearch/common/geo/geometry/Geometry;)V 25 <appendix> argL0 form vmentry <vmtarget> ; # java/lang/invoke/LambdaForm$MH+0x000001bc8135e400
# instanceKlass java/lang/invoke/LambdaForm$MH+0x000001bc8135e000
instanceKlass java/lang/invoke/MethodHandleImpl$TableSwitchCacheKey
# instanceKlass java/lang/invoke/LambdaForm$MH+0x000001bc8135dc00
# instanceKlass java/lang/invoke/LambdaForm$MH+0x000001bc8135d800
# instanceKlass java/lang/invoke/LambdaForm$MH+0x000001bc8135d400
# instanceKlass java/lang/invoke/LambdaForm$MH+0x000001bc8135d000
# instanceKlass java/lang/invoke/LambdaForm$MH+0x000001bc8135cc00
# instanceKlass java/lang/invoke/LambdaForm$MH+0x000001bc8135c800
instanceKlass java/util/ReverseOrderListView
# instanceKlass java/lang/invoke/LambdaForm$MH+0x000001bc8135c400
instanceKlass  @bci java/lang/runtime/SwitchBootstraps typeSwitch (Ljava/lang/invoke/MethodHandles$Lookup;Ljava/lang/String;Ljava/lang/invoke/MethodType;[Ljava/lang/Object;)Ljava/lang/invoke/CallSite; 90 <appendix> argL0 ; # java/lang/runtime/SwitchBootstraps$$Lambda+0x000001bc812e7e40
# instanceKlass java/lang/invoke/LambdaForm$DMH+0x000001bc8135c000
# instanceKlass java/lang/invoke/LambdaForm$DMH+0x000001bc8135bc00
instanceKlass java/lang/runtime/SwitchBootstraps$EnumMap
# instanceKlass java/lang/invoke/LambdaForm$DMH+0x000001bc8135b800
instanceKlass java/lang/runtime/SwitchBootstraps$ResolvedEnumLabel
instanceKlass java/lang/constant/DynamicConstantDesc
# instanceKlass java/lang/invoke/LambdaForm$MH+0x000001bc8135b400
instanceKlass com/naqqa/elasticsearch/common/geo/geometry/GeometryCollection
instanceKlass com/naqqa/elasticsearch/common/geo/geometry/MultiPolygon
instanceKlass com/naqqa/elasticsearch/common/geo/geometry/MultiLine
instanceKlass com/naqqa/elasticsearch/common/geo/geometry/MultiPoint
instanceKlass com/naqqa/elasticsearch/common/geo/geometry/Point
instanceKlass java/lang/runtime/SwitchBootstraps
instanceKlass com/naqqa/elasticsearch/common/geo/geometry/GeometryUtils$BoundsAccumulator
instanceKlass com/naqqa/elasticsearch/common/geo/shape/Polygon2D$Ring
instanceKlass com/naqqa/elasticsearch/common/geo/shape/Polygon2D
instanceKlass com/naqqa/elasticsearch/common/geo/geometry/GeometryUtils
instanceKlass  @bci com/naqqa/elasticsearch/common/geo/GeoTileUtils stringEncode (J)Ljava/lang/String; 29 <adapter> ; # java/lang/invoke/LambdaForm$MH+0x000001bc8135b000
# instanceKlass java/lang/invoke/LambdaForm$DMH+0x000001bc8135ac00
instanceKlass  @bci com/naqqa/elasticsearch/common/geo/GeoTileUtils stringEncode (J)Ljava/lang/String; 29 <appendix> form vmentry <vmtarget> ; # java/lang/invoke/LambdaForm$MH+0x000001bc8135a800
instanceKlass  @bci com/naqqa/elasticsearch/common/geo/GeoTileUtils stringEncode (J)Ljava/lang/String; 29 <appendix> form names 5 function resolvedHandle form vmentry <vmtarget> ; # java/lang/invoke/LambdaForm$DMH+0x000001bc8135a400
instanceKlass  @bci com/naqqa/elasticsearch/common/geo/GeoTileUtils stringEncode (J)Ljava/lang/String; 29 <appendix> argL3 form vmentry <vmtarget> ; # java/lang/invoke/LambdaForm$MH+0x000001bc8135a000
# instanceKlass java/lang/invoke/LambdaForm$MH+0x000001bc81359c00
# instanceKlass java/lang/invoke/LambdaForm$MH+0x000001bc81359800
# instanceKlass java/lang/invoke/LambdaForm$MH+0x000001bc81359400
# instanceKlass java/lang/invoke/LambdaForm$MH+0x000001bc81359000
instanceKlass  @bci com/naqqa/elasticsearch/common/geo/GeoTileUtils stringEncode (J)Ljava/lang/String; 29 <appendix> form names 9 function resolvedHandle form vmentry <vmtarget> ; # java/lang/invoke/LambdaForm$DMH+0x000001bc81358c00
instanceKlass  @bci com/naqqa/elasticsearch/common/geo/GeoTileUtils stringEncode (J)Ljava/lang/String; 29 <appendix> argL1 form vmentry <vmtarget> ; # java/lang/invoke/LambdaForm$MH+0x000001bc81358800
# instanceKlass java/lang/invoke/LambdaForm$MH+0x000001bc81358400
# instanceKlass java/lang/invoke/LambdaForm$MH+0x000001bc81358000
# instanceKlass java/lang/invoke/LambdaForm$MH+0x000001bc81353c00
instanceKlass java/lang/FdLibm$Expm1
instanceKlass java/lang/FdLibm$Sinh
instanceKlass com/naqqa/elasticsearch/common/geo/GeoEncodingUtils
instanceKlass com/naqqa/elasticsearch/common/geo/GeoTileUtils
instanceKlass com/naqqa/elasticsearch/common/geo/Geohash
instanceKlass com/naqqa/elasticsearch/common/geo/format/GeoJson$1
instanceKlass com/naqqa/elasticsearch/common/geo/format/GeoJson
instanceKlass com/naqqa/elasticsearch/common/geo/geometry/Polygon
instanceKlass com/naqqa/elasticsearch/common/geo/format/WellKnownText$Parser
instanceKlass com/naqqa/elasticsearch/common/geo/geometry/GeometryVisitor
instanceKlass com/naqqa/elasticsearch/common/geo/geometry/Line
instanceKlass com/naqqa/elasticsearch/common/geo/format/WellKnownText
instanceKlass com/naqqa/elasticsearch/common/geo/GeoTest
instanceKlass com/naqqa/elasticsearch/common/xcontent/ToXContent$MapParams
instanceKlass com/naqqa/elasticsearch/common/xcontent/ToXContent$Params
instanceKlass com/naqqa/elasticsearch/common/exception/ExceptionsHelper
instanceKlass com/naqqa/elasticsearch/common/exception/ExceptionsTest
instanceKlass java/time/LocalDateTime$1
instanceKlass com/naqqa/elasticsearch/common/cron/IntervalSchedule
instanceKlass com/naqqa/elasticsearch/common/cron/CronExpression
instanceKlass com/naqqa/elasticsearch/common/cron/CronExpressionTest
instanceKlass com/naqqa/elasticsearch/common/collect/IntIntHashMap
instanceKlass com/naqqa/elasticsearch/common/collect/IntHashSet
instanceKlass com/naqqa/elasticsearch/common/collect/FloatArrayList
instanceKlass com/naqqa/elasticsearch/common/collect/IntArrayList
instanceKlass com/naqqa/elasticsearch/common/collect/PrimitiveCollectionsTest
instanceKlass com/naqqa/elasticsearch/common/bytes/BytesTest
instanceKlass  @bci com/naqqa/elasticsearch/common/breaker/ChildMemoryCircuitBreaker addEstimateBytesAndMaybeBreak (JLjava/lang/String;)D 80 <adapter> ; # java/lang/invoke/LambdaForm$MH+0x000001bc81353800
# instanceKlass java/lang/invoke/LambdaForm$DMH+0x000001bc81353400
instanceKlass  @bci com/naqqa/elasticsearch/common/breaker/ChildMemoryCircuitBreaker addEstimateBytesAndMaybeBreak (JLjava/lang/String;)D 80 <appendix> form vmentry <vmtarget> ; # java/lang/invoke/LambdaForm$MH+0x000001bc81353000
# instanceKlass java/lang/invoke/LambdaForm$MH+0x000001bc81352c00
# instanceKlass java/lang/invoke/LambdaForm$MH+0x000001bc81352800
instanceKlass  @bci com/naqqa/elasticsearch/common/breaker/ChildMemoryCircuitBreaker addEstimateBytesAndMaybeBreak (JLjava/lang/String;)D 80 <appendix> form names 13 function resolvedHandle form vmentry <vmtarget> ; # java/lang/invoke/LambdaForm$DMH+0x000001bc81352400
instanceKlass  @bci com/naqqa/elasticsearch/common/breaker/ChildMemoryCircuitBreaker addEstimateBytesAndMaybeBreak (JLjava/lang/String;)D 80 <appendix> argL4 form vmentry <vmtarget> ; # java/lang/invoke/LambdaForm$MH+0x000001bc81352000
instanceKlass  @bci com/naqqa/elasticsearch/common/breaker/ChildMemoryCircuitBreaker addEstimateBytesAndMaybeBreak (JLjava/lang/String;)D 80 <appendix> argL4 form names 7 function resolvedHandle form vmentry <vmtarget> ; # java/lang/invoke/LambdaForm$DMH+0x000001bc81351c00
# instanceKlass java/lang/invoke/LambdaForm$MH+0x000001bc81351800
# instanceKlass java/lang/invoke/LambdaForm$MH+0x000001bc81351400
# instanceKlass java/lang/invoke/LambdaForm$MH+0x000001bc81351000
# instanceKlass java/lang/invoke/LambdaForm$MH+0x000001bc81350c00
instanceKlass  @bci com/naqqa/elasticsearch/common/breaker/ChildMemoryCircuitBreaker addEstimateBytesAndMaybeBreak (JLjava/lang/String;)D 80 <appendix> form names 19 function resolvedHandle form vmentry <vmtarget> ; # java/lang/invoke/LambdaForm$DMH+0x000001bc81350800
instanceKlass  @bci com/naqqa/elasticsearch/common/breaker/ChildMemoryCircuitBreaker addEstimateBytesAndMaybeBreak (JLjava/lang/String;)D 80 <appendix> argL1 form vmentry <vmtarget> ; # java/lang/invoke/LambdaForm$MH+0x000001bc81350400
# instanceKlass java/lang/invoke/LambdaForm$MH+0x000001bc81350000
# instanceKlass java/lang/invoke/LambdaForm$MH+0x000001bc8134bc00
# instanceKlass java/lang/invoke/LambdaForm$MH+0x000001bc8134b800
instanceKlass  @bci com/naqqa/elasticsearch/common/breaker/CircuitBreakerServiceTest testRequestBreakerTripsWhenExceedingLimit ()V 45 <appendix> member <vmtarget> ; # com/naqqa/elasticsearch/common/breaker/CircuitBreakerServiceTest$$Lambda+0x000001bc8134c430
instanceKlass  @bci com/naqqa/elasticsearch/common/breaker/CircuitBreakerServiceTest testNamedBreakersRegistered ()V 59 <appendix> member <vmtarget> ; # com/naqqa/elasticsearch/common/breaker/CircuitBreakerServiceTest$$Lambda+0x000001bc8134c210
instanceKlass com/naqqa/elasticsearch/common/breaker/CircuitBreakerServiceTest
instanceKlass com/naqqa/elasticsearch/common/automaton/WildcardAutomata
instanceKlass  @bci com/naqqa/elasticsearch/common/automaton/StringDistance ngramCounts (Ljava/lang/CharSequence;I)Ljava/util/Map; 67 <appendix> argL0 ; # com/naqqa/elasticsearch/common/automaton/StringDistance$$Lambda+0x000001bc81345ac8
instanceKlass sun/reflect/generics/reflectiveObjects/LazyReflectiveObjectGenerator
instanceKlass sun/reflect/generics/reflectiveObjects/ParameterizedTypeImpl
instanceKlass java/lang/reflect/ParameterizedType
instanceKlass sun/reflect/generics/tree/ClassSignature
instanceKlass sun/reflect/generics/tree/Signature
instanceKlass sun/reflect/generics/tree/FormalTypeParameter
instanceKlass java/lang/reflect/TypeVariable
instanceKlass sun/reflect/generics/repository/AbstractRepository
instanceKlass  @bci com/naqqa/elasticsearch/common/automaton/AutomatonTest levenshteinAutomatonMatchesBruteForce ()V 179 <adapter> ; # java/lang/invoke/LambdaForm$MH+0x000001bc8134b400
# instanceKlass java/lang/invoke/LambdaForm$DMH+0x000001bc8134b000
instanceKlass  @bci com/naqqa/elasticsearch/common/automaton/AutomatonTest levenshteinAutomatonMatchesBruteForce ()V 179 <appendix> form vmentry <vmtarget> ; # java/lang/invoke/LambdaForm$MH+0x000001bc8134ac00
# instanceKlass java/lang/invoke/LambdaForm$MH+0x000001bc8134a800
# instanceKlass java/lang/invoke/LambdaForm$MH+0x000001bc8134a400
instanceKlass  @bci com/naqqa/elasticsearch/common/automaton/AutomatonTest levenshteinAutomatonMatchesBruteForce ()V 179 <appendix> form names 12 function resolvedHandle form vmentry <vmtarget> ; # java/lang/invoke/LambdaForm$DMH+0x000001bc8134a000
instanceKlass  @bci com/naqqa/elasticsearch/common/automaton/AutomatonTest levenshteinAutomatonMatchesBruteForce ()V 179 <appendix> argL4 form vmentry <vmtarget> ; # java/lang/invoke/LambdaForm$MH+0x000001bc81349c00
instanceKlass  @bci com/naqqa/elasticsearch/common/automaton/AutomatonTest levenshteinAutomatonMatchesBruteForce ()V 179 <appendix> argL4 form names 7 function resolvedHandle form vmentry <vmtarget> ; # java/lang/invoke/LambdaForm$DMH+0x000001bc81349800
# instanceKlass java/lang/invoke/LambdaForm$MH+0x000001bc81349400
# instanceKlass java/lang/invoke/LambdaForm$MH+0x000001bc81349000
# instanceKlass java/lang/invoke/LambdaForm$MH+0x000001bc81348c00
# instanceKlass java/lang/invoke/LambdaForm$MH+0x000001bc81348800
instanceKlass  @bci com/naqqa/elasticsearch/common/automaton/AutomatonTest levenshteinAutomatonMatchesBruteForce ()V 179 <appendix> form names 18 function resolvedHandle form vmentry <vmtarget> ; # java/lang/invoke/LambdaForm$DMH+0x000001bc81348400
instanceKlass  @bci com/naqqa/elasticsearch/common/automaton/AutomatonTest levenshteinAutomatonMatchesBruteForce ()V 179 <appendix> argL1 form vmentry <vmtarget> ; # java/lang/invoke/LambdaForm$MH+0x000001bc81348000
# instanceKlass java/lang/invoke/LambdaForm$MH+0x000001bc81344c00
# instanceKlass java/lang/invoke/LambdaForm$MH+0x000001bc81344800
# instanceKlass java/lang/invoke/LambdaForm$MH+0x000001bc81344400
instanceKlass com/naqqa/elasticsearch/common/automaton/StringDistance
instanceKlass com/naqqa/elasticsearch/common/automaton/LevenshteinAutomata
instanceKlass jdk/internal/util/random/RandomSupport$AbstractSpliteratorGenerator
instanceKlass  @bci com/naqqa/elasticsearch/common/automaton/AutomatonTest compiledAutomatonIntersectsSortedTermSource ()V 166 <appendix> argL0 ; # com/naqqa/elasticsearch/common/automaton/AutomatonTest$$Lambda+0x000001bc81345430
instanceKlass  @bci com/naqqa/elasticsearch/common/automaton/CompiledAutomaton intersect (Lcom/naqqa/elasticsearch/common/automaton/SortedTermSource;)Lcom/naqqa/elasticsearch/common/automaton/CompiledAutomaton$TermIterator; 87 <appendix> member <vmtarget> ; # com/naqqa/elasticsearch/common/automaton/CompiledAutomaton$$Lambda+0x000001bc81347c40
instanceKlass com/naqqa/elasticsearch/common/automaton/CompiledAutomaton$TermIterator
instanceKlass com/naqqa/elasticsearch/common/automaton/AutomatonTermsEnum
instanceKlass com/naqqa/elasticsearch/common/automaton/Operations$StateSet
instanceKlass com/naqqa/elasticsearch/common/automaton/CompiledAutomaton
instanceKlass  @bci com/naqqa/elasticsearch/common/automaton/ArrayTermSource ofUnsorted ([[B)Lcom/naqqa/elasticsearch/common/automaton/ArrayTermSource; 9 <appendix> argL0 ; # com/naqqa/elasticsearch/common/automaton/ArrayTermSource$$Lambda+0x000001bc81346b68
instanceKlass com/naqqa/elasticsearch/common/automaton/ArrayTermSource
instanceKlass com/naqqa/elasticsearch/common/automaton/RunAutomaton
instanceKlass java/util/BitSet
instanceKlass  @bci com/naqqa/elasticsearch/common/automaton/Automaton sortState (I)V 279 <appendix> member <vmtarget> ; # com/naqqa/elasticsearch/common/automaton/Automaton$$Lambda+0x000001bc81346298
instanceKlass  @bci com/naqqa/elasticsearch/common/automaton/Automaton sortState (I)V 77 <appendix> member <vmtarget> ; # com/naqqa/elasticsearch/common/automaton/Automaton$$Lambda+0x000001bc81346000
instanceKlass com/naqqa/elasticsearch/common/automaton/Operations
instanceKlass com/naqqa/elasticsearch/common/automaton/Automaton
instanceKlass com/naqqa/elasticsearch/common/automaton/Automata
instanceKlass  @bci com/naqqa/elasticsearch/common/automaton/RegExp toNfa (I)Lcom/naqqa/elasticsearch/common/automaton/Automaton; 278 <appendix> member <vmtarget> ; # com/naqqa/elasticsearch/common/automaton/RegExp$$Lambda+0x000001bc813436b8
instanceKlass  @cpi com/naqqa/elasticsearch/common/automaton/RegExp 613 form vmentry <vmtarget> ; # java/lang/invoke/LambdaForm$DMH+0x000001bc81344000
instanceKlass com/naqqa/elasticsearch/common/automaton/RegExp
instanceKlass java/util/SplittableRandom
instanceKlass java/util/random/RandomGenerator$SplittableGenerator
instanceKlass java/util/random/RandomGenerator$StreamableGenerator
instanceKlass com/naqqa/elasticsearch/common/automaton/SortedTermSource
instanceKlass com/naqqa/elasticsearch/common/automaton/AutomatonTest
instanceKlass com/naqqa/elasticsearch/common/UUIDsTest
instanceKlass  @bci com/naqqa/elasticsearch/codec/terms/BlockTermDictTest corruptByteCausesChecksumFailureOnOpen ()V 219 <appendix> member <vmtarget> ; # com/naqqa/elasticsearch/codec/terms/BlockTermDictTest$$Lambda+0x000001bc813425a8
instanceKlass com/naqqa/elasticsearch/codec/terms/BlockTermDictTest
instanceKlass java/util/zip/Inflater$InflaterZStreamRef
instanceKlass java/util/zip/Inflater
instanceKlass java/util/zip/Deflater$DeflaterZStreamRef
instanceKlass java/util/zip/Deflater
instanceKlass  @bci com/naqqa/elasticsearch/codec/storedfields/StoredFieldsTest corruptByteCausesChecksumFailureOnOpen ()V 128 <appendix> member <vmtarget> ; # com/naqqa/elasticsearch/codec/storedfields/StoredFieldsTest$$Lambda+0x000001bc81342188
instanceKlass com/naqqa/elasticsearch/codec/storedfields/StoredFieldsTest
instanceKlass com/naqqa/elasticsearch/codec/postings/PostingsTest
instanceKlass com/naqqa/elasticsearch/codec/points/BKDTest$1
instanceKlass com/naqqa/elasticsearch/codec/points/BKDTest
instanceKlass com/naqqa/elasticsearch/codec/fst/FSTTest
instanceKlass  @bci com/naqqa/elasticsearch/codec/docvalues/SortedDocValuesWriter write (Lcom/naqqa/elasticsearch/store/IndexOutput;I[[B)V 11 <appendix> argL0 ; # com/naqqa/elasticsearch/codec/docvalues/SortedDocValuesWriter$$Lambda+0x000001bc813414b0
instanceKlass com/naqqa/elasticsearch/codec/docvalues/SortedDocValuesWriter
instanceKlass com/naqqa/elasticsearch/codec/docvalues/SortedNumericDocValuesReader
instanceKlass com/naqqa/elasticsearch/codec/docvalues/SortedNumericDocValuesWriter
instanceKlass com/naqqa/elasticsearch/codec/docvalues/BinaryDocValuesReader
instanceKlass com/naqqa/elasticsearch/codec/docvalues/BinaryDocValuesWriter
instanceKlass com/naqqa/elasticsearch/codec/docvalues/DocValuesTest
instanceKlass com/naqqa/elasticsearch/codec/vectors/VectorsReader
instanceKlass com/naqqa/elasticsearch/codec/vectors/VectorsFormat
instanceKlass com/naqqa/elasticsearch/codec/termvectors/TermVectorsReader
instanceKlass  @bci com/naqqa/elasticsearch/codec/termvectors/TermVectorsWriter write (Lcom/naqqa/elasticsearch/store/IndexOutput;I[[Lcom/naqqa/elasticsearch/codec/termvectors/TermVectorTerm;)V 73 <appendix> argL0 ; # com/naqqa/elasticsearch/codec/termvectors/TermVectorsWriter$$Lambda+0x000001bc81340000
instanceKlass com/naqqa/elasticsearch/codec/termvectors/TermVectorsWriter
instanceKlass com/naqqa/elasticsearch/store/ByteBuffersDirectory$FileEntry
instanceKlass com/naqqa/elasticsearch/codec/MiscFormatsTest
instanceKlass com/naqqa/elasticsearch/codec/LZ4Test
instanceKlass  @bci com/naqqa/elasticsearch/codec/CodecIntegrationTest writesAndReadsBackAFullSegment ()V 135 <appendix> argL0 ; # com/naqqa/elasticsearch/codec/CodecIntegrationTest$$Lambda+0x000001bc8133e4d8
instanceKlass com/naqqa/elasticsearch/codec/CodecIntegrationTest
instanceKlass com/naqqa/elasticsearch/codec/DirectReader
instanceKlass com/naqqa/elasticsearch/codec/CodecFoundationTest$1
instanceKlass com/naqqa/elasticsearch/codec/CodecFoundationTest
instanceKlass com/naqqa/elasticsearch/cluster/routing/allocation/decider/DiskThresholdDecider$Threshold
instanceKlass com/naqqa/elasticsearch/cluster/routing/allocation/DiskThresholdDeciderTest$FixedDiskUsageProvider
instanceKlass com/naqqa/elasticsearch/cluster/routing/allocation/DiskThresholdDeciderTest
instanceKlass  @bci com/naqqa/elasticsearch/cluster/node/DiscoveryNodes getDataNodes ()Ljava/util/List; 14 <appendix> argL0 ; # com/naqqa/elasticsearch/cluster/node/DiscoveryNodes$$Lambda+0x000001bc8133cdb0
instanceKlass com/naqqa/elasticsearch/cluster/routing/allocation/ClusterHealth
instanceKlass com/naqqa/elasticsearch/cluster/routing/allocation/ClusterHealthTest
instanceKlass  @bci com/naqqa/elasticsearch/cluster/routing/allocation/BalancedShardsAllocatorTest testSameShardDeciderRejectsSecondCopyOnSameNode ()V 89 <appendix> argL0 ; # com/naqqa/elasticsearch/cluster/routing/allocation/BalancedShardsAllocatorTest$$Lambda+0x000001bc8133c768
instanceKlass  @bci com/naqqa/elasticsearch/cluster/routing/allocation/BalancedShardsAllocatorTest testSameShardDeciderRejectsSecondCopyOnSameNode ()V 56 <appendix> argL0 ; # com/naqqa/elasticsearch/cluster/routing/allocation/BalancedShardsAllocatorTest$$Lambda+0x000001bc8133c520
instanceKlass  @bci com/naqqa/elasticsearch/cluster/routing/allocation/BalancedShardsAllocatorTest testPrimariesAndReplicasSpreadAcrossNodes ()V 225 <appendix> argL0 ; # com/naqqa/elasticsearch/cluster/routing/allocation/BalancedShardsAllocatorTest$$Lambda+0x000001bc8133c290
instanceKlass  @bci com/naqqa/elasticsearch/cluster/routing/allocation/BalancedShardsAllocatorTest testPrimariesAndReplicasSpreadAcrossNodes ()V 188 <appendix> argL0 ; # com/naqqa/elasticsearch/cluster/routing/allocation/BalancedShardsAllocatorTest$$Lambda+0x000001bc8133c000
instanceKlass  @bci com/naqqa/elasticsearch/cluster/routing/allocation/BalancedShardsAllocatorTest testPrimariesAndReplicasSpreadAcrossNodes ()V 143 <appendix> argL0 ; # com/naqqa/elasticsearch/cluster/routing/allocation/BalancedShardsAllocatorTest$$Lambda+0x000001bc81333bf0
instanceKlass  @bci com/naqqa/elasticsearch/cluster/routing/allocation/BalancedShardsAllocatorTest testBalancerSpreadsMultipleIndicesEvenly ()V 216 <appendix> argL0 ; # com/naqqa/elasticsearch/cluster/routing/allocation/BalancedShardsAllocatorTest$$Lambda+0x000001bc81333960
instanceKlass  @bci java/util/function/BinaryOperator maxBy (Ljava/util/Comparator;)Ljava/util/function/BinaryOperator; 6 <appendix> member <vmtarget> ; # java/util/function/BinaryOperator$$Lambda+0x000001bc812e1d38
instanceKlass  @bci com/naqqa/elasticsearch/cluster/routing/allocation/BalancedShardsAllocatorTest testBalancerSpreadsMultipleIndicesEvenly ()V 179 <appendix> argL0 ; # com/naqqa/elasticsearch/cluster/routing/allocation/BalancedShardsAllocatorTest$$Lambda+0x000001bc813336d0
instanceKlass  @bci com/naqqa/elasticsearch/cluster/routing/allocation/BalancedShardsAllocatorTest testBalancerSpreadsMultipleIndicesEvenly ()V 153 <appendix> argL0 ; # com/naqqa/elasticsearch/cluster/routing/allocation/BalancedShardsAllocatorTest$$Lambda+0x000001bc813334a8
instanceKlass com/naqqa/elasticsearch/cluster/routing/allocation/BalancedShardsAllocatorTest
instanceKlass  @bci com/naqqa/elasticsearch/cluster/routing/allocation/AwarenessAllocationTest testAwarenessSpreadsShardsAcrossZones ()V 313 <appendix> argL0 ; # com/naqqa/elasticsearch/cluster/routing/allocation/AwarenessAllocationTest$$Lambda+0x000001bc81333080
instanceKlass com/naqqa/elasticsearch/cluster/routing/allocation/AwarenessAllocationTest
instanceKlass  @bci com/naqqa/elasticsearch/cluster/routing/allocation/command/CancelAllocationCommand execute (Lcom/naqqa/elasticsearch/cluster/routing/allocation/RoutingAllocation;)V 59 <appendix> member <vmtarget> ; # com/naqqa/elasticsearch/cluster/routing/allocation/command/CancelAllocationCommand$$Lambda+0x000001bc81332c60
instanceKlass  @bci com/naqqa/elasticsearch/cluster/routing/allocation/command/CancelAllocationCommand execute (Lcom/naqqa/elasticsearch/cluster/routing/allocation/RoutingAllocation;)V 43 <appendix> member <vmtarget> ; # com/naqqa/elasticsearch/cluster/routing/allocation/command/CancelAllocationCommand$$Lambda+0x000001bc81332a10
instanceKlass  @bci com/naqqa/elasticsearch/cluster/routing/RoutingNodes completeRelocation (Lcom/naqqa/elasticsearch/cluster/routing/ShardRouting;)V 49 <appendix> member <vmtarget> ; # com/naqqa/elasticsearch/cluster/routing/RoutingNodes$$Lambda+0x000001bc813325a0
instanceKlass  @bci com/naqqa/elasticsearch/cluster/routing/RoutingNodes relocateShard (Lcom/naqqa/elasticsearch/cluster/routing/ShardRouting;Ljava/lang/String;J)Lcom/naqqa/elasticsearch/cluster/routing/ShardRouting; 89 <appendix> argL0 ; # com/naqqa/elasticsearch/cluster/routing/RoutingNodes$$Lambda+0x000001bc81332368
instanceKlass  @bci com/naqqa/elasticsearch/cluster/routing/allocation/command/MoveAllocationCommand execute (Lcom/naqqa/elasticsearch/cluster/routing/allocation/RoutingAllocation;)V 59 <appendix> member <vmtarget> ; # com/naqqa/elasticsearch/cluster/routing/allocation/command/MoveAllocationCommand$$Lambda+0x000001bc81332148
instanceKlass  @bci com/naqqa/elasticsearch/cluster/routing/allocation/command/MoveAllocationCommand execute (Lcom/naqqa/elasticsearch/cluster/routing/allocation/RoutingAllocation;)V 43 <appendix> member <vmtarget> ; # com/naqqa/elasticsearch/cluster/routing/allocation/command/MoveAllocationCommand$$Lambda+0x000001bc81331ef8
instanceKlass sun/util/resources/Bundles$2
instanceKlass sun/util/resources/LocaleData$LocaleDataResourceBundleProvider
instanceKlass java/util/spi/ResourceBundleProvider
instanceKlass  @bci com/naqqa/elasticsearch/cluster/routing/RoutingNodes toRoutingTable (Ljava/lang/String;J)Lcom/naqqa/elasticsearch/cluster/routing/RoutingTable; 197 <appendix> argL0 ; # com/naqqa/elasticsearch/cluster/routing/RoutingNodes$$Lambda+0x000001bc81331898
instanceKlass  @bci com/naqqa/elasticsearch/cluster/routing/RoutingNodes toRoutingTable (Ljava/lang/String;J)Lcom/naqqa/elasticsearch/cluster/routing/RoutingTable; 176 <appendix> argL0 ; # com/naqqa/elasticsearch/cluster/routing/RoutingNodes$$Lambda+0x000001bc81331660
instanceKlass  @bci com/naqqa/elasticsearch/cluster/routing/ShardRouting toString ()Ljava/lang/String; 33 <adapter> ; # java/lang/invoke/LambdaForm$MH+0x000001bc81337c00
# instanceKlass java/lang/invoke/LambdaForm$DMH+0x000001bc81337800
instanceKlass  @bci com/naqqa/elasticsearch/cluster/routing/ShardRouting toString ()Ljava/lang/String; 33 <appendix> form vmentry <vmtarget> ; # java/lang/invoke/LambdaForm$MH+0x000001bc81337400
# instanceKlass java/lang/invoke/LambdaForm$MH+0x000001bc81337000
# instanceKlass java/lang/invoke/LambdaForm$MH+0x000001bc81336c00
instanceKlass  @bci com/naqqa/elasticsearch/cluster/routing/ShardRouting toString ()Ljava/lang/String; 33 <appendix> form names 14 function resolvedHandle form vmentry <vmtarget> ; # java/lang/invoke/LambdaForm$DMH+0x000001bc81336800
instanceKlass  @bci com/naqqa/elasticsearch/cluster/routing/ShardRouting toString ()Ljava/lang/String; 33 <appendix> argL4 form vmentry <vmtarget> ; # java/lang/invoke/LambdaForm$MH+0x000001bc81336400
# instanceKlass java/lang/invoke/LambdaForm$MH+0x000001bc81336000
# instanceKlass java/lang/invoke/LambdaForm$MH+0x000001bc81335c00
# instanceKlass java/lang/invoke/LambdaForm$MH+0x000001bc81335800
# instanceKlass java/lang/invoke/LambdaForm$MH+0x000001bc81335400
instanceKlass  @bci com/naqqa/elasticsearch/cluster/routing/ShardRouting toString ()Ljava/lang/String; 33 <appendix> form names 20 function resolvedHandle form vmentry <vmtarget> ; # java/lang/invoke/LambdaForm$DMH+0x000001bc81335000
instanceKlass  @bci com/naqqa/elasticsearch/cluster/routing/ShardRouting toString ()Ljava/lang/String; 33 <appendix> argL1 form vmentry <vmtarget> ; # java/lang/invoke/LambdaForm$MH+0x000001bc81334c00
# instanceKlass java/lang/invoke/LambdaForm$MH+0x000001bc81334800
# instanceKlass java/lang/invoke/LambdaForm$MH+0x000001bc81334400
# instanceKlass java/lang/invoke/LambdaForm$MH+0x000001bc81334000
instanceKlass java/util/Formattable
instanceKlass java/util/Formatter$FixedString
instanceKlass com/naqqa/elasticsearch/cluster/routing/allocation/AllocationExplanation
instanceKlass com/naqqa/elasticsearch/cluster/routing/allocation/decider/DataTierAllocationDecider
instanceKlass com/naqqa/elasticsearch/cluster/routing/allocation/decider/NodeVersionAllocationDecider
instanceKlass com/naqqa/elasticsearch/cluster/routing/allocation/decider/ThrottlingAllocationDecider
instanceKlass com/naqqa/elasticsearch/cluster/routing/allocation/decider/DiskThresholdDecider
instanceKlass com/naqqa/elasticsearch/cluster/routing/allocation/decider/AwarenessAllocationDecider
instanceKlass com/naqqa/elasticsearch/cluster/support/AllocationTestSupport
instanceKlass com/naqqa/elasticsearch/cluster/routing/allocation/AllocationServiceTest
instanceKlass  @bci com/naqqa/elasticsearch/cluster/coordination/PersistedClusterStateTest testSaveAndLoadRoundTripsTermAndLastAcceptedState ()V 257 <appendix> argL0 ; # com/naqqa/elasticsearch/cluster/coordination/PersistedClusterStateTest$$Lambda+0x000001bc81330290
instanceKlass  @bci com/naqqa/elasticsearch/cluster/coordination/PersistedClusterStateTest testSaveAndLoadRoundTripsTermAndLastAcceptedState ()V 247 <appendix> argL0 ; # com/naqqa/elasticsearch/cluster/coordination/PersistedClusterStateTest$$Lambda+0x000001bc81330000
instanceKlass  @bci com/naqqa/elasticsearch/cluster/coordination/PersistedClusterStateTest testCoordinationStateReloadsPersistedTermAcrossRestart ()V 122 <appendix> argL0 ; # com/naqqa/elasticsearch/cluster/coordination/PersistedClusterStateTest$$Lambda+0x000001bc8132cc00
instanceKlass  @bci com/naqqa/elasticsearch/cluster/coordination/PersistedClusterStateTest testCoordinationStateReloadsPersistedTermAcrossRestart ()V 112 <appendix> argL0 ; # com/naqqa/elasticsearch/cluster/coordination/PersistedClusterStateTest$$Lambda+0x000001bc8132dd68
instanceKlass com/naqqa/elasticsearch/cluster/coordination/PersistedClusterStateTest
instanceKlass  @bci com/naqqa/elasticsearch/cluster/coordination/ClusterCoordinationSimulationTest testVotingOnlyNodeNeverBecomesLeaderButCountsTowardQuorum ()V 62 <appendix> argL0 ; # com/naqqa/elasticsearch/cluster/coordination/ClusterCoordinationSimulationTest$$Lambda+0x000001bc8132d920
instanceKlass  @bci com/naqqa/elasticsearch/cluster/coordination/ClusterCoordinationSimulationTest testVotingOnlyNodeNeverBecomesLeaderButCountsTowardQuorum ()V 40 <appendix> argL0 ; # com/naqqa/elasticsearch/cluster/coordination/ClusterCoordinationSimulationTest$$Lambda+0x000001bc8132d6d8
instanceKlass  @bci com/naqqa/elasticsearch/cluster/coordination/ClusterCoordinationSimulationTest testVotingConfigurationShrinksAndGrowsWithMembership ()V 251 <appendix> member <vmtarget> ; # com/naqqa/elasticsearch/cluster/coordination/ClusterCoordinationSimulationTest$$Lambda+0x000001bc8132d490
instanceKlass  @bci com/naqqa/elasticsearch/cluster/coordination/ClusterCoordinationSimulationTest testVotingConfigurationShrinksAndGrowsWithMembership ()V 167 <appendix> argL0 ; # com/naqqa/elasticsearch/cluster/coordination/ClusterCoordinationSimulationTest$$Lambda+0x000001bc8132d248
instanceKlass  @bci com/naqqa/elasticsearch/cluster/coordination/ClusterCoordinationSimulationTest testVotingConfigurationShrinksAndGrowsWithMembership ()V 29 <appendix> argL0 ; # com/naqqa/elasticsearch/cluster/coordination/ClusterCoordinationSimulationTest$$Lambda+0x000001bc8132d000
instanceKlass  @bci com/naqqa/elasticsearch/cluster/coordination/ClusterCoordinationSimulationTest testVotingConfigurationShrinksAndGrowsWithMembership ()V 13 <appendix> argL0 ; # com/naqqa/elasticsearch/cluster/coordination/ClusterCoordinationSimulationTest$$Lambda+0x000001bc8132fd40
instanceKlass  @bci com/naqqa/elasticsearch/cluster/coordination/ClusterCoordinationSimulationTest testVotingConfigExclusionsAreCommittedByTheLeader ()V 147 <appendix> argL0 ; # com/naqqa/elasticsearch/cluster/coordination/ClusterCoordinationSimulationTest$$Lambda+0x000001bc8132faf8
instanceKlass com/naqqa/elasticsearch/cluster/coordination/Coordinator$10
instanceKlass  @bci com/naqqa/elasticsearch/cluster/coordination/ClusterCoordinationSimulationTest testVotingConfigExclusionsAreCommittedByTheLeader ()V 29 <appendix> argL0 ; # com/naqqa/elasticsearch/cluster/coordination/ClusterCoordinationSimulationTest$$Lambda+0x000001bc8132f460
instanceKlass  @bci com/naqqa/elasticsearch/cluster/coordination/ClusterCoordinationSimulationTest testVotingConfigExclusionsAreCommittedByTheLeader ()V 13 <appendix> argL0 ; # com/naqqa/elasticsearch/cluster/coordination/ClusterCoordinationSimulationTest$$Lambda+0x000001bc8132f218
instanceKlass  @bci com/naqqa/elasticsearch/cluster/coordination/ClusterCoordinationSimulationTest testLeaderFailoverConvergesToNewStableLeader ()V 105 <appendix> argL0 ; # com/naqqa/elasticsearch/cluster/coordination/ClusterCoordinationSimulationTest$$Lambda+0x000001bc8132efd0
instanceKlass  @bci com/naqqa/elasticsearch/cluster/coordination/ClusterCoordinationSimulationTest testLeaderFailoverConvergesToNewStableLeader ()V 68 <appendix> member <vmtarget> ; # com/naqqa/elasticsearch/cluster/coordination/ClusterCoordinationSimulationTest$$Lambda+0x000001bc8132ed80
instanceKlass  @bci com/naqqa/elasticsearch/cluster/coordination/ClusterCoordinationSimulationTest testLeaderFailoverConvergesToNewStableLeader ()V 35 <appendix> argL0 ; # com/naqqa/elasticsearch/cluster/coordination/ClusterCoordinationSimulationTest$$Lambda+0x000001bc8132eb38
instanceKlass  @bci com/naqqa/elasticsearch/cluster/coordination/ClusterCoordinationSimulationTest testLeaderFailoverConvergesToNewStableLeader ()V 13 <appendix> argL0 ; # com/naqqa/elasticsearch/cluster/coordination/ClusterCoordinationSimulationTest$$Lambda+0x000001bc8132e8f0
instanceKlass  @bci com/naqqa/elasticsearch/cluster/coordination/ClusterCoordinationSimulationTest testChaosWithDropsDelaysAndRestartsStillConverges ()V 168 <appendix> argL0 ; # com/naqqa/elasticsearch/cluster/coordination/ClusterCoordinationSimulationTest$$Lambda+0x000001bc8132e6a8
instanceKlass com/naqqa/elasticsearch/cluster/coordination/Coordinator$9
instanceKlass  @bci com/naqqa/elasticsearch/cluster/coordination/ClusterCoordinationSimulationTest testChaosWithDropsDelaysAndRestartsStillConverges ()V 13 <appendix> argL0 ; # com/naqqa/elasticsearch/cluster/coordination/ClusterCoordinationSimulationTest$$Lambda+0x000001bc8132e230
instanceKlass com/naqqa/elasticsearch/cluster/coordination/Coordinator$8$1
instanceKlass com/naqqa/elasticsearch/cluster/coordination/Coordinator$8
instanceKlass com/naqqa/elasticsearch/cluster/state/ClusterStateDiff
instanceKlass com/naqqa/elasticsearch/cluster/coordination/Coordinator$7
instanceKlass com/naqqa/elasticsearch/cluster/coordination/Coordinator$6
instanceKlass com/naqqa/elasticsearch/cluster/coordination/Coordinator$5
instanceKlass com/naqqa/elasticsearch/cluster/coordination/LeaderChecker$1
instanceKlass  @bci com/naqqa/elasticsearch/cluster/coordination/ClusterCoordinationSimulationTest testBootstrapElectsSingleStableLeader ()V 42 <appendix> argL0 ; # com/naqqa/elasticsearch/cluster/coordination/ClusterCoordinationSimulationTest$$Lambda+0x000001bc8132add0
instanceKlass  @bci com/naqqa/elasticsearch/cluster/support/ClusterSimulationHarness recordLeaders ()V 52 <appendix> argL0 ; # com/naqqa/elasticsearch/cluster/support/ClusterSimulationHarness$$Lambda+0x000001bc8132ab98
instanceKlass com/naqqa/elasticsearch/cluster/coordination/FollowersChecker$1
instanceKlass com/naqqa/elasticsearch/cluster/coordination/Coordinator$4
instanceKlass  @bci com/naqqa/elasticsearch/cluster/coordination/FollowersChecker setFollowers (Ljava/util/Set;)V 58 <appendix> member <vmtarget> ; # com/naqqa/elasticsearch/cluster/coordination/FollowersChecker$$Lambda+0x000001bc8132a2d0
instanceKlass com/naqqa/elasticsearch/cluster/coordination/FollowersChecker$FollowerState
instanceKlass com/naqqa/elasticsearch/cluster/coordination/Coordinator$2
instanceKlass com/naqqa/elasticsearch/cluster/coordination/Coordinator$1
instanceKlass  @bci com/naqqa/elasticsearch/cluster/support/FakeNetwork sendBack (Lcom/naqqa/elasticsearch/cluster/node/DiscoveryNode;Lcom/naqqa/elasticsearch/cluster/node/DiscoveryNode;[BZLcom/naqqa/elasticsearch/cluster/discovery/ClusterTransport$TransportResponseHandler;)V 104 <adapter> ; # java/lang/invoke/LambdaForm$MH+0x000001bc8132c800
instanceKlass  @bci com/naqqa/elasticsearch/cluster/support/FakeNetwork sendBack (Lcom/naqqa/elasticsearch/cluster/node/DiscoveryNode;Lcom/naqqa/elasticsearch/cluster/node/DiscoveryNode;[BZLcom/naqqa/elasticsearch/cluster/discovery/ClusterTransport$TransportResponseHandler;)V 104 <appendix> form vmentry <vmtarget> ; # java/lang/invoke/LambdaForm$DMH+0x000001bc8132c400
instanceKlass  @bci com/naqqa/elasticsearch/cluster/support/FakeNetwork sendBack (Lcom/naqqa/elasticsearch/cluster/node/DiscoveryNode;Lcom/naqqa/elasticsearch/cluster/node/DiscoveryNode;[BZLcom/naqqa/elasticsearch/cluster/discovery/ClusterTransport$TransportResponseHandler;)V 104 <appendix> member <vmtarget> ; # com/naqqa/elasticsearch/cluster/support/FakeNetwork$$Lambda+0x000001bc813293d0
instanceKlass  @cpi com/naqqa/elasticsearch/cluster/support/FakeNetwork 304 form vmentry <vmtarget> ; # java/lang/invoke/LambdaForm$DMH+0x000001bc8132c000
instanceKlass com/naqqa/elasticsearch/cluster/support/FakeNetwork$FakeChannel
instanceKlass  @bci com/naqqa/elasticsearch/cluster/support/FakeNetwork send (Lcom/naqqa/elasticsearch/cluster/node/DiscoveryNode;Lcom/naqqa/elasticsearch/cluster/node/DiscoveryNode;Ljava/lang/String;[BLcom/naqqa/elasticsearch/cluster/discovery/ClusterTransport$TransportResponseHandler;)V 107 <appendix> member <vmtarget> ; # com/naqqa/elasticsearch/cluster/support/FakeNetwork$$Lambda+0x000001bc81328d68
instanceKlass com/naqqa/elasticsearch/cluster/discovery/PeerFinder$1
instanceKlass  @bci com/naqqa/elasticsearch/cluster/support/FakeNetwork advanceTo (J)V 9 <appendix> argL0 ; # com/naqqa/elasticsearch/cluster/support/FakeNetwork$$Lambda+0x000001bc81328680
instanceKlass  @bci com/naqqa/elasticsearch/cluster/coordination/ClusterCoordinationSimulationTest testBootstrapElectsSingleStableLeader ()V 11 <appendix> argL0 ; # com/naqqa/elasticsearch/cluster/coordination/ClusterCoordinationSimulationTest$$Lambda+0x000001bc81328230
instanceKlass com/naqqa/elasticsearch/cluster/support/FakeTransport
instanceKlass com/naqqa/elasticsearch/cluster/support/FakeNetwork
instanceKlass com/naqqa/elasticsearch/cluster/support/ClusterSimulationHarness
instanceKlass com/naqqa/elasticsearch/cluster/coordination/ClusterCoordinationSimulationTest
instanceKlass com/naqqa/elasticsearch/bench/amazon/AmazonCsvReaderTest
instanceKlass  @bci com/naqqa/elasticsearch/node/action/NodeDocumentActionService get (Lcom/naqqa/elasticsearch/rest/document/DocumentActionService$GetRequest;)Ljava/util/concurrent/CompletableFuture; 7 <appendix> member <vmtarget> ; # com/naqqa/elasticsearch/node/action/NodeDocumentActionService$$Lambda+0x000001bc81323a50
instanceKlass com/naqqa/elasticsearch/bench/amazon/AmazonQueryExtras
instanceKlass com/naqqa/elasticsearch/bench/amazon/AmazonQueries
instanceKlass  @bci com/naqqa/elasticsearch/node/action/NodeSearchActionService count (Ljava/util/List;Ljava/util/Map;Ljava/util/Map;)Ljava/util/concurrent/CompletableFuture; 5 <appendix> member <vmtarget> ; # com/naqqa/elasticsearch/node/action/NodeSearchActionService$$Lambda+0x000001bc81323020
instanceKlass com/naqqa/elasticsearch/cluster/state/ClusterBlocks$Builder
instanceKlass  @bci com/naqqa/elasticsearch/node/indices/MetadataIndexService putSettings (Ljava/util/List;Ljava/util/Map;)V 174 <appendix> member <vmtarget> ; # com/naqqa/elasticsearch/node/indices/MetadataIndexService$$Lambda+0x000001bc81322bc0
instanceKlass  @bci com/naqqa/elasticsearch/node/action/NodeIndexAdminActionService putSettings (Ljava/util/List;Ljava/util/Map;)Ljava/util/concurrent/CompletableFuture; 4 <appendix> member <vmtarget> ; # com/naqqa/elasticsearch/node/action/NodeIndexAdminActionService$$Lambda+0x000001bc813229a0
instanceKlass com/naqqa/elasticsearch/bench/amazon/AmazonDocBuilder
instanceKlass  @bci com/naqqa/elasticsearch/bench/amazon/AmazonGroundTruth accumulate (Lcom/naqqa/elasticsearch/bench/amazon/AmazonProduct;)V 217 <appendix> argL0 ; # com/naqqa/elasticsearch/bench/amazon/AmazonGroundTruth$$Lambda+0x000001bc81322370
instanceKlass com/naqqa/elasticsearch/bench/amazon/AmazonProductParser
instanceKlass com/naqqa/elasticsearch/bench/amazon/AmazonCsvReader
instanceKlass  @bci com/naqqa/elasticsearch/bench/amazon/AmazonBulkLoader load (Lcom/naqqa/elasticsearch/bench/BenchHttpClient;Ljava/lang/String;Ljava/nio/file/Path;IIJ)Lcom/naqqa/elasticsearch/bench/amazon/AmazonLoadResult; 115 <appendix> member <vmtarget> ; # com/naqqa/elasticsearch/bench/amazon/AmazonBulkLoader$$Lambda+0x000001bc81321b28
instanceKlass com/naqqa/elasticsearch/bench/amazon/AmazonGroundTruth
instanceKlass com/naqqa/elasticsearch/bench/amazon/AmazonBulkLoader
# instanceKlass java/lang/invoke/LambdaForm$MH+0x000001bc81327000
instanceKlass com/naqqa/elasticsearch/bench/amazon/AmazonMapping
# instanceKlass java/lang/invoke/LambdaForm$DMH+0x000001bc81326c00
instanceKlass com/naqqa/elasticsearch/bench/amazon/AmazonBenchmarkSmokeTest
instanceKlass  @bci com/naqqa/elasticsearch/search/aggs/support/DoubleValuesSource of (Lcom/naqqa/elasticsearch/search/aggs/support/LongValuesSource;Z)Lcom/naqqa/elasticsearch/search/aggs/support/DoubleValuesSource; 17 <appendix> argL0 ; # com/naqqa/elasticsearch/search/aggs/support/DoubleValuesSource$$Lambda+0x000001bc81320ef8
# instanceKlass jdk/internal/net/http/HttpClientImpl$DelegatingExecutor$$Lambda+0x000001bc812b3c10
instanceKlass  @bci jdk/internal/net/http/HttpClientImpl$DelegatingExecutor shutdown ()V 18 <appendix> member <vmtarget> ; # jdk/internal/net/http/HttpClientImpl$DelegatingExecutor$$Lambda+0x000001bc812b39f0
instanceKlass java/util/concurrent/ConcurrentSkipListMap$Iter
# instanceKlass jdk/internal/net/http/HttpClientImpl$$Lambda+0x000001bc812b37c0
instanceKlass  @bci jdk/internal/net/http/HttpClientImpl stop ()V 23 <appendix> member <vmtarget> ; # jdk/internal/net/http/HttpClientImpl$$Lambda+0x000001bc812b3590
# instanceKlass jdk/internal/net/http/ConnectionPool$$Lambda+0x000001bc812b3360
instanceKlass  @bci jdk/internal/net/http/Http2ClientImpl stop ()V 87 <appendix> member <vmtarget> ; # jdk/internal/net/http/Http2ClientImpl$$Lambda+0x000001bc812b3130
instanceKlass  @bci jdk/internal/net/http/ConnectionPool stop ()V 88 <appendix> member <vmtarget> ; # jdk/internal/net/http/ConnectionPool$$Lambda+0x000001bc812b2f00
instanceKlass  @bci jdk/internal/net/http/ConnectionPool stop ()V 23 <appendix> argL0 ; # jdk/internal/net/http/ConnectionPool$$Lambda+0x000001bc812b2a90
# instanceKlass jdk/internal/net/http/ConnectionPool$$Lambda+0x000001bc812b2cc8
instanceKlass java/util/LinkedList$LLSpliterator
instanceKlass  @bci com/naqqa/elasticsearch/bench/WikiTrack docSource ()Lcom/naqqa/elasticsearch/bench/BulkIndexer$DocSource; 1 <appendix> member <vmtarget> ; # com/naqqa/elasticsearch/bench/WikiTrack$$Lambda+0x000001bc81320cd8
instanceKlass com/naqqa/elasticsearch/bench/WikiTrack
instanceKlass com/naqqa/elasticsearch/bench/WikiTrackEndToEndTest
# instanceKlass java/lang/invoke/LambdaForm$MH+0x000001bc81326800
# instanceKlass java/lang/invoke/LambdaForm$MH+0x000001bc81326400
# instanceKlass java/lang/invoke/LambdaForm$MH+0x000001bc81326000
# instanceKlass java/lang/invoke/LambdaForm$DMH+0x000001bc81325c00
# instanceKlass java/lang/invoke/LambdaForm$MH+0x000001bc81325800
# instanceKlass java/lang/invoke/LambdaForm$MH+0x000001bc81325400
# instanceKlass java/lang/invoke/LambdaForm$MH+0x000001bc81325000
# instanceKlass java/lang/invoke/LambdaForm$MH+0x000001bc81324c00
# instanceKlass java/lang/invoke/LambdaForm$MH+0x000001bc81324800
# instanceKlass java/lang/invoke/LambdaForm$MH+0x000001bc81324400
# instanceKlass java/lang/invoke/LambdaForm$MH+0x000001bc81324000
instanceKlass com/naqqa/elasticsearch/bench/WikiLikeDatasetTest
instanceKlass  @bci com/naqqa/elasticsearch/node/action/NodeSearchActionService clearScroll (Ljava/util/List;)Ljava/util/concurrent/CompletableFuture; 3 <appendix> member <vmtarget> ; # com/naqqa/elasticsearch/node/action/NodeSearchActionService$$Lambda+0x000001bc81320220
instanceKlass  @bci com/naqqa/elasticsearch/node/action/NodeSearchActionService scroll (Ljava/lang/String;Ljava/lang/String;)Ljava/util/concurrent/CompletableFuture; 4 <appendix> member <vmtarget> ; # com/naqqa/elasticsearch/node/action/NodeSearchActionService$$Lambda+0x000001bc81320000
instanceKlass com/naqqa/elasticsearch/search/advanced/pagination/SearchAfterCollector$Entry
instanceKlass com/naqqa/elasticsearch/search/advanced/pagination/SearchAfterCollector$3
instanceKlass com/naqqa/elasticsearch/search/advanced/pagination/SearchAfterCollector$2
instanceKlass  @bci com/naqqa/elasticsearch/search/advanced/pagination/SearchAfterCollector <init> (Lcom/naqqa/elasticsearch/search/execution/Sort;ILcom/naqqa/elasticsearch/search/advanced/pagination/FieldDoc;)V 34 <appendix> argL0 ; # com/naqqa/elasticsearch/search/advanced/pagination/SearchAfterCollector$$Lambda+0x000001bc8131e7e8
instanceKlass com/naqqa/elasticsearch/search/advanced/pagination/SearchAfterCollector
instanceKlass com/naqqa/elasticsearch/search/advanced/pagination/Pagination
instanceKlass com/naqqa/elasticsearch/search/advanced/pagination/ScrollContext
instanceKlass java/util/UUID$Holder
instanceKlass java/util/UUID
instanceKlass  @bci com/naqqa/elasticsearch/search/advanced/pagination/ScrollService openFrom (Lcom/naqqa/elasticsearch/search/execution/IndexSearcher;Lcom/naqqa/elasticsearch/search/query/Query;Lcom/naqqa/elasticsearch/search/execution/Sort;IJ)Lcom/naqqa/elasticsearch/search/advanced/pagination/ScrollContext$ScrollPage; 8 <appendix> argL0 ; # com/naqqa/elasticsearch/search/advanced/pagination/ScrollService$$Lambda+0x000001bc8131dd28
instanceKlass com/naqqa/elasticsearch/node/search/MultiShardSearcher
instanceKlass  @bci com/naqqa/elasticsearch/http/QueryStringParser parse (Ljava/lang/String;)Ljava/util/Map; 126 <appendix> argL0 ; # com/naqqa/elasticsearch/http/QueryStringParser$$Lambda+0x000001bc8131d8b8
instanceKlass com/naqqa/elasticsearch/search/aggs/support/sketch/TDigest
instanceKlass  @bci com/naqqa/elasticsearch/search/aggs/support/DoubleValuesSource of (Lcom/naqqa/elasticsearch/search/aggs/support/LongValuesSource;Z)Lcom/naqqa/elasticsearch/search/aggs/support/DoubleValuesSource; 9 <appendix> argL0 ; # com/naqqa/elasticsearch/search/aggs/support/DoubleValuesSource$$Lambda+0x000001bc8131cc78
instanceKlass com/naqqa/elasticsearch/action/search/AggsPhase$ShardAggregations
instanceKlass com/naqqa/elasticsearch/search/bridge/geo/GeoDistanceQuery$1
instanceKlass java/lang/FdLibm$Asin
instanceKlass com/naqqa/elasticsearch/common/geo/GeoRelations
instanceKlass com/naqqa/elasticsearch/common/geo/geometry/Circle
instanceKlass com/naqqa/elasticsearch/common/geo/geometry/Rectangle
instanceKlass com/naqqa/elasticsearch/common/geo/geometry/Geometry
instanceKlass com/naqqa/elasticsearch/common/time/DateMathParser
instanceKlass  @bci com/naqqa/elasticsearch/node/AggregationWireAndGeoTest multiShardPercentilesCardinalityAndNestedTermsAvgOverHttp ()V 290 <adapter> ; # java/lang/invoke/LambdaForm$MH+0x000001bc8131bc00
# instanceKlass java/lang/invoke/LambdaForm$DMH+0x000001bc8131b800
instanceKlass  @bci com/naqqa/elasticsearch/node/AggregationWireAndGeoTest multiShardPercentilesCardinalityAndNestedTermsAvgOverHttp ()V 290 <appendix> form vmentry <vmtarget> ; # java/lang/invoke/LambdaForm$MH+0x000001bc8131b400
instanceKlass com/naqqa/elasticsearch/search/bridge/geo/AbstractGeoPointQuery$1
instanceKlass com/naqqa/elasticsearch/codec/points/IntersectVisitor
instanceKlass java/util/concurrent/locks/ReentrantReadWriteLock$Sync$HoldCounter
instanceKlass com/naqqa/elasticsearch/common/geo/GeoUtils
instanceKlass com/naqqa/elasticsearch/common/geo/GeoPointParser
instanceKlass com/naqqa/elasticsearch/common/geo/GeoPoint
instanceKlass  @bci com/naqqa/elasticsearch/bench/TaxiTrack docSource ()Lcom/naqqa/elasticsearch/bench/BulkIndexer$DocSource; 1 <appendix> member <vmtarget> ; # com/naqqa/elasticsearch/bench/TaxiTrack$$Lambda+0x000001bc813158a0
instanceKlass com/naqqa/elasticsearch/bench/TaxiTrack
instanceKlass com/naqqa/elasticsearch/bench/TaxiTrackEndToEndTest
# instanceKlass java/lang/invoke/LambdaForm$MH+0x000001bc8131b000
# instanceKlass java/lang/invoke/LambdaForm$MH+0x000001bc8131ac00
# instanceKlass java/lang/invoke/LambdaForm$MH+0x000001bc8131a800
# instanceKlass java/lang/invoke/LambdaForm$DMH+0x000001bc8131a400
# instanceKlass java/lang/invoke/LambdaForm$MH+0x000001bc8131a000
# instanceKlass java/lang/invoke/LambdaForm$MH+0x000001bc81319c00
# instanceKlass java/lang/invoke/LambdaForm$MH+0x000001bc81319800
# instanceKlass java/lang/invoke/LambdaForm$MH+0x000001bc81319400
# instanceKlass java/lang/invoke/LambdaForm$MH+0x000001bc81319000
# instanceKlass java/lang/invoke/LambdaForm$MH+0x000001bc81318c00
# instanceKlass java/lang/invoke/LambdaForm$DMH+0x000001bc81318800
# instanceKlass java/lang/invoke/LambdaForm$MH+0x000001bc81318400
instanceKlass java/lang/FdLibm$Atan
instanceKlass java/lang/FdLibm
instanceKlass java/lang/FdLibm$Atan2
instanceKlass com/naqqa/elasticsearch/bench/dataset/TaxiLikeDataset
instanceKlass com/naqqa/elasticsearch/bench/TaxiLikeDatasetTest
instanceKlass  @bci com/naqqa/elasticsearch/bench/EmbeddedNode deleteRecursively (Ljava/nio/file/Path;)V 34 <appendix> argL0 ; # com/naqqa/elasticsearch/bench/EmbeddedNode$$Lambda+0x000001bc81314bf8
instanceKlass com/naqqa/elasticsearch/node/cluster/TransportClusterTransport
# instanceKlass java/lang/invoke/LambdaForm$MH+0x000001bc81318000
instanceKlass com/naqqa/elasticsearch/index/translog/Checkpoint
instanceKlass  @bci com/naqqa/elasticsearch/node/indices/IndicesService removeIndex (Ljava/lang/String;Z)V 114 <appendix> member <vmtarget> ; # com/naqqa/elasticsearch/node/indices/IndicesService$$Lambda+0x000001bc81314138
instanceKlass  @bci com/naqqa/elasticsearch/node/indices/IndicesService removeIndex (Ljava/lang/String;Z)V 29 <appendix> member <vmtarget> ; # com/naqqa/elasticsearch/node/indices/IndicesService$$Lambda+0x000001bc81313ee8
instanceKlass  @bci java/util/concurrent/ThreadPerTaskExecutor tryShutdownAndTerminate (Z)V 24 <appendix> argL0 ; # java/util/concurrent/ThreadPerTaskExecutor$$Lambda+0x000001bc812df378
instanceKlass  @bci jdk/internal/net/http/SocketTube$InternalWriteSubscriber signalError (Ljava/lang/Throwable;)V 8 <appendix> member <vmtarget> ; # jdk/internal/net/http/SocketTube$InternalWriteSubscriber$$Lambda+0x000001bc812b2870
instanceKlass  @bci jdk/internal/net/http/SocketTube$SocketFlowEvent abort (Ljava/io/IOException;)V 6 <appendix> member <vmtarget> ; # jdk/internal/net/http/SocketTube$SocketFlowEvent$$Lambda+0x000001bc812b2650
instanceKlass  @bci jdk/internal/net/http/SocketTube$InternalReadPublisher$InternalReadSubscription pauseReadEvent ()V 47 <appendix> member <vmtarget> ; # jdk/internal/net/http/SocketTube$InternalReadPublisher$InternalReadSubscription$$Lambda+0x000001bc812b2230
instanceKlass  @bci com/naqqa/elasticsearch/search/highlight/FragmentBuilder mergeSpans (Ljava/util/List;II)Ljava/util/List; 91 <appendix> argL0 ; # com/naqqa/elasticsearch/search/highlight/FragmentBuilder$$Lambda+0x000001bc81313c58
instanceKlass  @bci com/naqqa/elasticsearch/search/highlight/FragmentBuilder buildFragments (Ljava/lang/String;Ljava/util/List;Lcom/naqqa/elasticsearch/search/highlight/HighlightRequest;)Ljava/util/List; 116 <appendix> argL0 ; # com/naqqa/elasticsearch/search/highlight/FragmentBuilder$$Lambda+0x000001bc813139c8
instanceKlass  @bci com/naqqa/elasticsearch/search/highlight/FragmentBuilder buildFragments (Ljava/lang/String;Ljava/util/List;Lcom/naqqa/elasticsearch/search/highlight/HighlightRequest;)Ljava/util/List; 71 <appendix> argL0 ; # com/naqqa/elasticsearch/search/highlight/FragmentBuilder$$Lambda+0x000001bc81313738
instanceKlass com/naqqa/elasticsearch/search/highlight/FragmentBuilder$Fragment
instanceKlass java/text/StringCharacterIterator
instanceKlass java/text/CharacterIterator
instanceKlass java/text/BreakIterator$BreakIteratorCache
instanceKlass sun/text/SupplementaryCharacterData
instanceKlass sun/text/CompactByteArray
instanceKlass  @bci jdk/internal/module/SystemModuleFinders$SystemModuleReader open (Ljava/lang/String;)Ljava/util/Optional; 6 <appendix> member <vmtarget> ; # jdk/internal/module/SystemModuleFinders$SystemModuleReader$$Lambda+0x000001bc812de408
instanceKlass  @bci sun/util/resources/BreakIteratorResourceBundle getResourceAsStream (Ljava/lang/String;)Ljava/io/InputStream; 2 <appendix> member <vmtarget> ; # sun/util/resources/BreakIteratorResourceBundle$$Lambda+0x000001bc812de1e8
instanceKlass  @bci sun/util/locale/provider/JRELocaleProviderAdapter getBreakIteratorProvider ()Ljava/text/spi/BreakIteratorProvider; 8 <appendix> member <vmtarget> ; # sun/util/locale/provider/JRELocaleProviderAdapter$$Lambda+0x000001bc812dd680
instanceKlass java/text/BreakIterator
instanceKlass com/naqqa/elasticsearch/search/highlight/FragmentBuilder
instanceKlass  @bci com/naqqa/elasticsearch/search/highlight/MatchExtractor fromAnalysis (Lcom/naqqa/elasticsearch/analysis/Analyzer;Ljava/lang/String;Ljava/lang/String;Lcom/naqqa/elasticsearch/search/highlight/HighlightRequest;)Ljava/util/List; 146 <appendix> argL0 ; # com/naqqa/elasticsearch/search/highlight/MatchExtractor$$Lambda+0x000001bc813130a0
instanceKlass com/naqqa/elasticsearch/search/highlight/Match
instanceKlass com/naqqa/elasticsearch/search/highlight/MatchExtractor
instanceKlass com/naqqa/elasticsearch/node/search/HighlightPhase$ValueHitContext
instanceKlass com/naqqa/elasticsearch/search/highlight/HighlightRequest
instanceKlass com/naqqa/elasticsearch/search/highlight/UnifiedHighlighter
instanceKlass  @bci com/naqqa/elasticsearch/node/search/HighlightPhase$Terms add (Ljava/lang/String;Ljava/lang/String;)V 5 <appendix> argL0 ; # com/naqqa/elasticsearch/node/search/HighlightPhase$Terms$$Lambda+0x000001bc81311fd8
instanceKlass com/naqqa/elasticsearch/node/search/HighlightPhase$Terms
instanceKlass  @bci com/naqqa/elasticsearch/node/search/FieldValues flattenValue (Ljava/lang/String;Ljava/lang/Object;Ljava/util/Map;)V 81 <appendix> argL0 ; # com/naqqa/elasticsearch/node/search/FieldValues$$Lambda+0x000001bc81311b98
instanceKlass com/naqqa/elasticsearch/search/highlight/HitContext
instanceKlass com/naqqa/elasticsearch/search/highlight/Highlighter
instanceKlass com/naqqa/elasticsearch/node/search/HighlightPhase
instanceKlass com/naqqa/elasticsearch/search/query/TwoPhaseIterator
instanceKlass  @bci com/naqqa/elasticsearch/search/query/PhraseQuery createWeight (Lcom/naqqa/elasticsearch/search/execution/IndexSearcher;Lcom/naqqa/elasticsearch/search/query/ScoreMode;F)Lcom/naqqa/elasticsearch/search/query/Weight; 92 <appendix> argL0 ; # com/naqqa/elasticsearch/search/query/PhraseQuery$$Lambda+0x000001bc81310aa8
instanceKlass com/naqqa/elasticsearch/search/query/PrefixQuery$PrefixTermsEnum
instanceKlass  @bci com/naqqa/elasticsearch/node/search/SuggestPhase completion (Ljava/util/List;Ljava/lang/String;Ljava/util/Map;)Ljava/util/List; 546 <appendix> argL0 ; # com/naqqa/elasticsearch/node/search/SuggestPhase$$Lambda+0x000001bc81310410
instanceKlass com/naqqa/elasticsearch/search/suggest/completion/CompletionEntry$Input
instanceKlass  @bci com/naqqa/elasticsearch/search/suggest/completion/CompletionSuggester <init> (Ljava/util/List;)V 81 <appendix> argL0 ; # com/naqqa/elasticsearch/search/suggest/completion/CompletionSuggester$$Lambda+0x000001bc8130dc28
instanceKlass  @bci com/naqqa/elasticsearch/search/suggest/completion/CompletionSuggester <clinit> ()V 13 <appendix> argL0 ; # com/naqqa/elasticsearch/search/suggest/completion/CompletionSuggester$$Lambda+0x000001bc8130d800
instanceKlass  @bci com/naqqa/elasticsearch/search/suggest/completion/CompletionSuggester <clinit> ()V 0 <appendix> argL0 ; # com/naqqa/elasticsearch/search/suggest/completion/CompletionSuggester$$Lambda+0x000001bc8130fce8
instanceKlass com/naqqa/elasticsearch/search/suggest/completion/CompletionSuggester
instanceKlass com/naqqa/elasticsearch/search/suggest/completion/CompletionSegmentIndex
instanceKlass com/naqqa/elasticsearch/node/search/SuggestPhase
# instanceKlass java/lang/invoke/LambdaForm$DMH+0x000001bc8130d000
# instanceKlass java/lang/invoke/LambdaForm$DMH+0x000001bc8130cc00
instanceKlass com/naqqa/elasticsearch/node/search/QueryPhase$Candidate
instanceKlass com/naqqa/elasticsearch/node/search/QueryPhase$1
instanceKlass com/naqqa/elasticsearch/node/search/QueryPhase$ShardResult
instanceKlass com/naqqa/elasticsearch/node/search/QueryPhase
instanceKlass com/naqqa/elasticsearch/node/search/QueryPhase$Options
instanceKlass  @bci com/naqqa/elasticsearch/node/search/SearchExecutor execute (Ljava/util/List;Ljava/util/Map;Lcom/naqqa/elasticsearch/node/search/SearchSpec;Ljava/util/Map;)Ljava/util/Map; 161 <appendix> member <vmtarget> ; # com/naqqa/elasticsearch/node/search/SearchExecutor$$Lambda+0x000001bc8130e870
instanceKlass com/naqqa/elasticsearch/node/search/FieldValues
instanceKlass  @bci com/naqqa/elasticsearch/node/search/ShardTarget fieldType (Ljava/lang/String;)Lcom/naqqa/elasticsearch/node/search/QueryFactory$FieldType; 6 <appendix> member <vmtarget> ; # com/naqqa/elasticsearch/node/search/ShardTarget$$Lambda+0x000001bc8130e000
instanceKlass com/naqqa/elasticsearch/node/search/SearchEngine$1
instanceKlass com/naqqa/elasticsearch/search/advanced/common/SegmentReaderLeafAdapter
instanceKlass com/naqqa/elasticsearch/node/search/ShardTarget
instanceKlass com/naqqa/elasticsearch/node/search/QueryPhase$Sorter
instanceKlass com/naqqa/elasticsearch/script/DocLookup
instanceKlass com/naqqa/elasticsearch/node/search/SearchExecutor
instanceKlass jdk/internal/math/FDBigInteger
instanceKlass com/naqqa/elasticsearch/search/aggs/bucket/range/RangeBucket
instanceKlass com/naqqa/elasticsearch/common/bytes/BytesRef
instanceKlass  @bci com/naqqa/elasticsearch/search/aggs/support/DoubleValuesSource sortableFloat (Lcom/naqqa/elasticsearch/search/aggs/support/LongValuesSource;)Lcom/naqqa/elasticsearch/search/aggs/support/DoubleValuesSource; 5 <appendix> argL0 ; # com/naqqa/elasticsearch/search/aggs/support/DoubleValuesSource$$Lambda+0x000001bc8130a238
instanceKlass  @cpi com/naqqa/elasticsearch/search/aggs/support/DoubleValuesSource 81 form vmentry <vmtarget> ; # java/lang/invoke/LambdaForm$DMH+0x000001bc8130c800
instanceKlass  @bci com/naqqa/elasticsearch/search/aggs/support/DoubleValuesSource scaled (Lcom/naqqa/elasticsearch/search/aggs/support/LongValuesSource;D)Lcom/naqqa/elasticsearch/search/aggs/support/DoubleValuesSource; 18 <appendix> member <vmtarget> ; # com/naqqa/elasticsearch/search/aggs/support/DoubleValuesSource$$Lambda+0x000001bc81309e18
instanceKlass  @cpi com/naqqa/elasticsearch/search/aggs/support/DoubleValuesSource 91 form vmentry <vmtarget> ; # java/lang/invoke/LambdaForm$DMH+0x000001bc8130c400
instanceKlass java/util/function/LongToDoubleFunction
instanceKlass com/naqqa/elasticsearch/search/aggs/support/DoubleValuesSource
instanceKlass com/naqqa/elasticsearch/search/aggs/support/DocValuesAdapters$4
instanceKlass com/naqqa/elasticsearch/search/bridge/FieldExistsQuery$1
instanceKlass  @bci com/naqqa/elasticsearch/search/query/ConjunctionUtil intersect (Ljava/util/List;)Lcom/naqqa/elasticsearch/codec/DocIdSetIterator; 50 <appendix> argL0 ; # com/naqqa/elasticsearch/search/query/ConjunctionUtil$$Lambda+0x000001bc813090f8
instanceKlass  @cpi com/naqqa/elasticsearch/search/query/ConjunctionUtil 75 form vmentry <vmtarget> ; # java/lang/invoke/LambdaForm$DMH+0x000001bc8130c000
instanceKlass com/naqqa/elasticsearch/search/query/ConjunctionUtil
instanceKlass com/naqqa/elasticsearch/search/advanced/common/QueryBuilderToQuery$1
instanceKlass com/naqqa/elasticsearch/common/unit/Fuzziness
instanceKlass com/naqqa/elasticsearch/bench/QueryBenchRunner$1
instanceKlass com/naqqa/elasticsearch/bench/QueryBenchRunner
instanceKlass com/naqqa/elasticsearch/bench/QueryOp
instanceKlass  @bci com/naqqa/elasticsearch/action/search/LocalSearchExecutor searchOpen (Ljava/util/Map;Lcom/naqqa/elasticsearch/action/search/SearchRequest;Ljava/util/function/Function;)Lcom/naqqa/elasticsearch/action/search/SearchResponse; 605 <appendix> member <vmtarget> ; # com/naqqa/elasticsearch/action/search/LocalSearchExecutor$$Lambda+0x000001bc813060d8
instanceKlass com/naqqa/elasticsearch/common/util/FixedBitSet
instanceKlass com/naqqa/elasticsearch/action/search/SegmentOwnership
instanceKlass  @bci com/naqqa/elasticsearch/action/search/LocalSearchExecutor mergedFieldTypes (Ljava/util/Map;)Ljava/util/function/Function; 80 <appendix> member <vmtarget> ; # com/naqqa/elasticsearch/action/search/LocalSearchExecutor$$Lambda+0x000001bc81304d20
instanceKlass com/naqqa/elasticsearch/action/search/LocalSearchExecutor
instanceKlass  @bci com/naqqa/elasticsearch/search/execution/TopScoreDocCollectorManager reduce (Ljava/util/Collection;)Lcom/naqqa/elasticsearch/search/execution/TopDocs; 97 <appendix> argL0 ; # com/naqqa/elasticsearch/search/execution/TopScoreDocCollectorManager$$Lambda+0x000001bc81304000
instanceKlass  @bci jdk/incubator/vector/IntVector lambda$intoArray$92 ([IJLjdk/incubator/vector/IntVector;)V 4 <appendix> argL0 ; # jdk/incubator/vector/IntVector$$Lambda+0x000001bc812dc568
instanceKlass  @cpi jdk/incubator/vector/ShortVector 2215 form vmentry <vmtarget> ; # java/lang/invoke/LambdaForm$DMH+0x000001bc81302c00
instanceKlass jdk/incubator/vector/IntVector$FStOp
instanceKlass  @bci jdk/incubator/vector/IntVector intoArray ([II)V 38 <appendix> argL0 ; # jdk/incubator/vector/IntVector$$Lambda+0x000001bc812dc158
instanceKlass  @cpi jdk/incubator/vector/ShortVector 2106 form vmentry <vmtarget> ; # java/lang/invoke/LambdaForm$DMH+0x000001bc81302800
instanceKlass jdk/internal/vm/vector/VectorSupport$StoreVectorOperation
instanceKlass  @bci jdk/incubator/vector/IntVector lambda$binaryOperations$17 (Ljdk/incubator/vector/IntVector;Ljdk/incubator/vector/IntVector;Ljdk/incubator/vector/VectorMask;)Ljdk/incubator/vector/IntVector; 3 <appendix> argL0 ; # jdk/incubator/vector/IntVector$$Lambda+0x000001bc812dbd48
instanceKlass jdk/incubator/vector/IntVector$FBinOp
instanceKlass  @bci jdk/incubator/vector/IntVector binaryOperations (I)Ljdk/internal/vm/vector/VectorSupport$BinaryOperation; 140 <appendix> argL0 ; # jdk/incubator/vector/IntVector$$Lambda+0x000001bc812db938
instanceKlass  @bci jdk/incubator/vector/IntVector lanewiseTemplate (Ljdk/incubator/vector/VectorOperators$Binary;Ljdk/incubator/vector/Vector;)Ljdk/incubator/vector/IntVector; 143 <appendix> argL0 ; # jdk/incubator/vector/IntVector$$Lambda+0x000001bc812db720
instanceKlass jdk/internal/vm/vector/VectorSupport$BinaryOperation
instanceKlass  @bci java/lang/ProcessHandleImpl lambda$static$1 ()Ljava/util/concurrent/Executor; 45 <appendix> form vmentry <vmtarget> ; # java/lang/invoke/LambdaForm$DMH+0x000001bc81302400
instanceKlass  @bci jdk/incubator/vector/IntVector$IntSpecies lambda$broadcastBits$1 (JLjdk/incubator/vector/IntVector$IntSpecies;)Ljdk/incubator/vector/AbstractVector; 2 <appendix> member <vmtarget> ; # jdk/incubator/vector/IntVector$IntSpecies$$Lambda+0x000001bc812db310
instanceKlass jdk/incubator/vector/AbstractSpecies$RVOp
instanceKlass  @bci jdk/incubator/vector/IntVector$IntSpecies broadcastBits (J)Ljdk/incubator/vector/IntVector; 14 <appendix> argL0 ; # jdk/incubator/vector/IntVector$IntSpecies$$Lambda+0x000001bc812daf00
instanceKlass  @cpi jdk/incubator/vector/IntVector$IntSpecies 351 form vmentry <vmtarget> ; # java/lang/invoke/LambdaForm$DMH+0x000001bc81302000
instanceKlass jdk/internal/vm/vector/VectorSupport$FromBitsCoercedOperation
# instanceKlass java/lang/invoke/LambdaForm$MH+0x000001bc81301c00
instanceKlass jdk/incubator/vector/VectorOperators$Conversion
instanceKlass  @bci com/naqqa/elasticsearch/index/engine/segment/EngineVectorAccessorProvider$LiveFilteringAccessor combine (Lcom/naqqa/elasticsearch/search/vectors/Bits;)Lcom/naqqa/elasticsearch/search/vectors/Bits; 27 <adapter> ; # java/lang/invoke/LambdaForm$MH+0x000001bc81301800
# instanceKlass java/lang/invoke/LambdaForm$DMH+0x000001bc81301400
instanceKlass  @bci jdk/incubator/vector/VectorOperators convert (Ljava/lang/String;CLjava/lang/Class;Ljava/lang/Class;II)Ljdk/incubator/vector/VectorOperators$ConversionImpl; 72 <appendix> form vmentry <vmtarget> ; # java/lang/invoke/LambdaForm$MH+0x000001bc81301000
# instanceKlass java/lang/invoke/LambdaForm$MH+0x000001bc81300c00
instanceKlass  @bci jdk/incubator/vector/VectorOperators convert (Ljava/lang/String;CLjava/lang/Class;Ljava/lang/Class;II)Ljdk/incubator/vector/VectorOperators$ConversionImpl; 72 <appendix> form names 8 function resolvedHandle form vmentry <vmtarget> ; # java/lang/invoke/LambdaForm$DMH+0x000001bc81300800
instanceKlass  @bci jdk/incubator/vector/VectorOperators convert (Ljava/lang/String;CLjava/lang/Class;Ljava/lang/Class;II)Ljdk/incubator/vector/VectorOperators$ConversionImpl; 72 <appendix> argL3 form vmentry <vmtarget> ; # java/lang/invoke/LambdaForm$MH+0x000001bc81300400
# instanceKlass java/lang/invoke/LambdaForm$MH+0x000001bc81300000
# instanceKlass java/lang/invoke/LambdaForm$MH+0x000001bc812bfc00
# instanceKlass java/lang/invoke/LambdaForm$MH+0x000001bc812bf800
# instanceKlass java/lang/invoke/LambdaForm$MH+0x000001bc812bf400
instanceKlass  @bci jdk/incubator/vector/VectorOperators convert (Ljava/lang/String;CLjava/lang/Class;Ljava/lang/Class;II)Ljdk/incubator/vector/VectorOperators$ConversionImpl; 72 <appendix> form names 12 function resolvedHandle form vmentry <vmtarget> ; # java/lang/invoke/LambdaForm$DMH+0x000001bc812bf000
instanceKlass  @bci jdk/incubator/vector/VectorOperators convert (Ljava/lang/String;CLjava/lang/Class;Ljava/lang/Class;II)Ljdk/incubator/vector/VectorOperators$ConversionImpl; 72 <appendix> argL1 form vmentry <vmtarget> ; # java/lang/invoke/LambdaForm$MH+0x000001bc812bec00
# instanceKlass java/lang/invoke/LambdaForm$MH+0x000001bc812be800
# instanceKlass java/lang/invoke/LambdaForm$MH+0x000001bc812be400
# instanceKlass java/lang/invoke/LambdaForm$MH+0x000001bc812be000
instanceKlass jdk/incubator/vector/VectorOperators$Comparison
instanceKlass jdk/incubator/vector/VectorOperators$Test
instanceKlass jdk/incubator/vector/VectorOperators$OperatorImpl
instanceKlass  @bci jdk/incubator/vector/IntVector lambda$fromArray0Template$96 ([IJLjdk/incubator/vector/IntVector$IntSpecies;)Ljdk/incubator/vector/IntVector; 4 <appendix> argL0 ; # jdk/incubator/vector/IntVector$$Lambda+0x000001bc812d7838
instanceKlass  @cpi jdk/incubator/vector/ShortVector 2209 form vmentry <vmtarget> ; # java/lang/invoke/LambdaForm$DMH+0x000001bc812bdc00
instanceKlass jdk/incubator/vector/IntVector$FLdOp
instanceKlass  @bci jdk/incubator/vector/IntVector fromArray0Template ([II)Ljdk/incubator/vector/IntVector; 27 <appendix> argL0 ; # jdk/incubator/vector/IntVector$$Lambda+0x000001bc812d7428
instanceKlass  @cpi jdk/incubator/vector/ShortVector 2131 form vmentry <vmtarget> ; # java/lang/invoke/LambdaForm$DMH+0x000001bc812bd800
instanceKlass jdk/internal/vm/vector/VectorSupport$LoadOperation
instanceKlass  @bci jdk/incubator/vector/ByteVector <clinit> ()V 250 <appendix> argL0 ; # jdk/incubator/vector/ByteVector$$Lambda+0x000001bc812d6ff8
instanceKlass  @bci jdk/incubator/vector/ByteVector <clinit> ()V 226 <appendix> argL0 ; # jdk/incubator/vector/ByteVector$$Lambda+0x000001bc812d6418
instanceKlass  @bci jdk/incubator/vector/ByteVector <clinit> ()V 202 <appendix> argL0 ; # jdk/incubator/vector/ByteVector$$Lambda+0x000001bc812d5838
instanceKlass  @bci jdk/incubator/vector/ByteVector <clinit> ()V 178 <appendix> argL0 ; # jdk/incubator/vector/ByteVector$$Lambda+0x000001bc812d4c58
instanceKlass  @bci jdk/incubator/vector/ByteVector <clinit> ()V 154 <appendix> argL0 ; # jdk/incubator/vector/ByteVector$$Lambda+0x000001bc812d4078
instanceKlass  @bci jdk/incubator/vector/VectorIntrinsics <clinit> ()V 0 <appendix> argL0 ; # jdk/incubator/vector/VectorIntrinsics$$Lambda+0x000001bc812d2a50
instanceKlass jdk/incubator/vector/VectorIntrinsics
instanceKlass com/naqqa/elasticsearch/search/execution/LeafSlice
instanceKlass  @bci com/naqqa/elasticsearch/search/execution/IndexSearcher computeSlices (Ljava/util/List;II)Ljava/util/List; 10 <appendix> argL0 ; # com/naqqa/elasticsearch/search/execution/IndexSearcher$$Lambda+0x000001bc812b7b58
instanceKlass com/naqqa/elasticsearch/search/execution/TopScoreDocCollectorManager
instanceKlass  @bci com/naqqa/elasticsearch/node/search/SearchEngine lambda$fieldTypes$1 (Ljava/util/Map;Ljava/util/List;Ljava/lang/String;)Lcom/naqqa/elasticsearch/node/search/QueryFactory$FieldType; 4 <appendix> member <vmtarget> ; # com/naqqa/elasticsearch/node/search/SearchEngine$$Lambda+0x000001bc812b74e8
instanceKlass  @bci com/naqqa/elasticsearch/node/search/SearchEngine fieldTypes (Ljava/util/List;)Ljava/util/function/Function; 11 <appendix> member <vmtarget> ; # com/naqqa/elasticsearch/node/search/SearchEngine$$Lambda+0x000001bc812b72a8
instanceKlass com/naqqa/elasticsearch/node/search/SearchSpec
instanceKlass  @bci com/naqqa/elasticsearch/node/action/NodeSearchActionService search (Ljava/util/List;Ljava/util/Map;Ljava/util/Map;)Ljava/util/concurrent/CompletableFuture; 5 <appendix> member <vmtarget> ; # com/naqqa/elasticsearch/node/action/NodeSearchActionService$$Lambda+0x000001bc812b6e80
# instanceKlass java/lang/invoke/LambdaForm$MH+0x000001bc812bd400
instanceKlass  @bci com/naqqa/elasticsearch/node/action/NodeIndexAdminActionService refresh (Ljava/util/List;)Ljava/util/concurrent/CompletableFuture; 3 <appendix> member <vmtarget> ; # com/naqqa/elasticsearch/node/action/NodeIndexAdminActionService$$Lambda+0x000001bc812b6c60
instanceKlass com/naqqa/elasticsearch/bench/IndexingResult
instanceKlass  @bci com/naqqa/elasticsearch/codec/points/BKDWriter buildNode (Ljava/util/List;)[B 199 <appendix> member <vmtarget> ; # com/naqqa/elasticsearch/codec/points/BKDWriter$$Lambda+0x000001bc812b67c8
instanceKlass  @cpi com/naqqa/elasticsearch/codec/points/BKDWriter 211 form vmentry <vmtarget> ; # java/lang/invoke/LambdaForm$DMH+0x000001bc812bd000
instanceKlass com/naqqa/elasticsearch/codec/ForUtil$BitPackSequential
instanceKlass  @bci jdk/incubator/vector/IntVector <clinit> ()V 231 <appendix> argL0 ; # jdk/incubator/vector/IntVector$$Lambda+0x000001bc812d2618
instanceKlass  @bci jdk/incubator/vector/IntVector <clinit> ()V 207 <appendix> argL0 ; # jdk/incubator/vector/IntVector$$Lambda+0x000001bc812d1a40
instanceKlass  @bci jdk/incubator/vector/IntVector <clinit> ()V 183 <appendix> argL0 ; # jdk/incubator/vector/IntVector$$Lambda+0x000001bc812d0e68
instanceKlass  @bci jdk/incubator/vector/IntVector <clinit> ()V 159 <appendix> argL0 ; # jdk/incubator/vector/IntVector$$Lambda+0x000001bc812d0290
instanceKlass  @bci jdk/incubator/vector/IntVector <clinit> ()V 135 <appendix> argL0 ; # jdk/incubator/vector/IntVector$$Lambda+0x000001bc812cf6b8
instanceKlass jdk/internal/vm/vector/VectorSupport$VectorSpecies
instanceKlass jdk/incubator/vector/VectorSpecies
instanceKlass jdk/incubator/vector/VectorOperators$Associative
instanceKlass jdk/incubator/vector/VectorOperators$Ternary
instanceKlass jdk/incubator/vector/VectorOperators$Binary
instanceKlass jdk/incubator/vector/VectorOperators$Unary
instanceKlass jdk/incubator/vector/VectorOperators$Operator
instanceKlass jdk/incubator/vector/VectorOperators
instanceKlass jdk/incubator/vector/VectorOperators$ImplCache
instanceKlass java/lang/foreign/ValueLayout$OfDouble
instanceKlass java/lang/foreign/ValueLayout$OfFloat
instanceKlass java/lang/foreign/ValueLayout$OfLong
instanceKlass java/lang/foreign/ValueLayout$OfInt
instanceKlass java/lang/foreign/ValueLayout$OfShort
instanceKlass java/lang/foreign/ValueLayout$OfChar
instanceKlass java/lang/foreign/ValueLayout$OfBoolean
instanceKlass java/lang/foreign/ValueLayout$OfByte
# instanceKlass java/lang/invoke/LambdaForm$DMH+0x000001bc812bcc00
# instanceKlass java/lang/invoke/LambdaForm$DMH+0x000001bc812bc800
# instanceKlass java/lang/invoke/LambdaForm$DMH+0x000001bc812bc400
# instanceKlass java/lang/invoke/LambdaForm$DMH+0x000001bc812bc000
instanceKlass jdk/internal/foreign/abi/SharedUtils
instanceKlass jdk/internal/foreign/Utils
instanceKlass jdk/internal/foreign/layout/MemoryLayoutUtil
instanceKlass jdk/internal/foreign/layout/ValueLayouts
instanceKlass jdk/internal/foreign/layout/AbstractLayout
instanceKlass java/lang/foreign/AddressLayout
instanceKlass java/lang/foreign/ValueLayout
instanceKlass java/lang/foreign/MemoryLayout
instanceKlass com/naqqa/elasticsearch/codec/ForUtil$VectorAdd
instanceKlass com/naqqa/elasticsearch/codec/ForUtil
instanceKlass com/naqqa/elasticsearch/codec/postings/PostingsWriter$SkipEntry
instanceKlass jdk/internal/math/FormattedFPDecimal
# instanceKlass java/lang/invoke/LambdaForm$MH+0x000001bc812bbc00
# instanceKlass java/lang/invoke/LambdaForm$MH+0x000001bc812bb800
# instanceKlass java/lang/invoke/LambdaForm$MH+0x000001bc812bb400
instanceKlass com/naqqa/elasticsearch/store/ByteBufferIndexInput$Guard
instanceKlass  @bci com/naqqa/elasticsearch/store/MMapDirectory openInput (Ljava/lang/String;Lcom/naqqa/elasticsearch/store/IOContext;)Lcom/naqqa/elasticsearch/store/IndexInput; 66 <appendix> member <vmtarget> ; # com/naqqa/elasticsearch/store/MMapDirectory$$Lambda+0x000001bc812b5ba0
# instanceKlass java/lang/invoke/LambdaForm$MH+0x000001bc812bb000
# instanceKlass java/lang/invoke/LambdaForm$MH+0x000001bc812bac00
# instanceKlass java/lang/invoke/LambdaForm$MH+0x000001bc812ba800
# instanceKlass java/lang/invoke/LambdaForm$MH+0x000001bc812ba400
# instanceKlass java/lang/invoke/LambdaForm$MH+0x000001bc812ba000
# instanceKlass java/lang/invoke/LambdaForm$MH+0x000001bc812b9c00
# instanceKlass java/lang/invoke/LambdaForm$MH+0x000001bc812b9800
# instanceKlass java/lang/invoke/LambdaForm$BMH+0x000001bc812b9400
# instanceKlass java/lang/invoke/LambdaForm$DMH+0x000001bc812b9000
# instanceKlass java/lang/invoke/LambdaForm$MH+0x000001bc812b8c00
# instanceKlass java/lang/invoke/LambdaForm$DMH+0x000001bc812b8800
# instanceKlass java/lang/invoke/LambdaForm$MH+0x000001bc812b8400
# instanceKlass java/lang/invoke/LambdaForm$DMH+0x000001bc812b8000
instanceKlass java/lang/invoke/ClassSpecializer$Factory$1Var
# instanceKlass java/lang/invoke/LambdaForm$DMH+0x000001bc812b1c00
instanceKlass sun/invoke/util/ValueConversions$1
# instanceKlass java/lang/invoke/LambdaForm$DMH+0x000001bc812b1800
instanceKlass sun/nio/ch/Util$4
instanceKlass sun/nio/ch/FileChannelImpl$Unmapper
instanceKlass jdk/internal/access/foreign/UnmapperProxy
instanceKlass  @bci jdk/internal/misc/ExtendedMapMode <clinit> ()V 0 <appendix> argL0 ; # jdk/internal/misc/ExtendedMapMode$$Lambda+0x000001bc812c5290
instanceKlass jdk/internal/misc/ExtendedMapMode
instanceKlass java/nio/channels/FileChannel$MapMode
instanceKlass java/time/Year
instanceKlass com/naqqa/elasticsearch/cluster/state/ClusterBlock
instanceKlass com/naqqa/elasticsearch/indices/IndexBlocks
instanceKlass  @bci com/naqqa/elasticsearch/node/action/NodeDocumentActionService bulk (Ljava/util/List;Ljava/lang/String;Ljava/lang/String;)Ljava/util/concurrent/CompletableFuture; 9 <appendix> member <vmtarget> ; # com/naqqa/elasticsearch/node/action/NodeDocumentActionService$$Lambda+0x000001bc812b4e80
instanceKlass com/naqqa/elasticsearch/common/json/NdJson$1
instanceKlass com/naqqa/elasticsearch/common/json/NdJson
instanceKlass  @bci jdk/internal/net/http/SocketTube$InternalWriteSubscriber resumeWriteEvent (Z)V 38 <appendix> member <vmtarget> ; # jdk/internal/net/http/SocketTube$InternalWriteSubscriber$$Lambda+0x000001bc812b2000
instanceKlass java/lang/foreign/MemorySegment
instanceKlass com/naqqa/elasticsearch/common/xcontent/ToXContent
instanceKlass  @bci com/naqqa/elasticsearch/bench/BulkIndexer run (Lcom/naqqa/elasticsearch/bench/BenchHttpClient;Ljava/lang/String;JIILcom/naqqa/elasticsearch/bench/BulkIndexer$DocSource;)Lcom/naqqa/elasticsearch/bench/IndexingResult; 105 <adapter> ; # java/lang/invoke/LambdaForm$MH+0x000001bc812b1400
# instanceKlass java/lang/invoke/LambdaForm$DMH+0x000001bc812b1000
instanceKlass  @bci com/naqqa/elasticsearch/bench/BulkIndexer run (Lcom/naqqa/elasticsearch/bench/BenchHttpClient;Ljava/lang/String;JIILcom/naqqa/elasticsearch/bench/BulkIndexer$DocSource;)Lcom/naqqa/elasticsearch/bench/IndexingResult; 105 <appendix> form vmentry <vmtarget> ; # java/lang/invoke/LambdaForm$DMH+0x000001bc812b0c00
instanceKlass  @bci com/naqqa/elasticsearch/bench/BulkIndexer run (Lcom/naqqa/elasticsearch/bench/BenchHttpClient;Ljava/lang/String;JIILcom/naqqa/elasticsearch/bench/BulkIndexer$DocSource;)Lcom/naqqa/elasticsearch/bench/IndexingResult; 105 <appendix> member <vmtarget> ; # com/naqqa/elasticsearch/bench/BulkIndexer$$Lambda+0x000001bc812b4408
instanceKlass  @cpi com/naqqa/elasticsearch/bench/BulkIndexer 239 form vmentry <vmtarget> ; # java/lang/invoke/LambdaForm$DMH+0x000001bc812b0800
instanceKlass java/util/concurrent/Executors$DefaultThreadFactory
instanceKlass com/naqqa/elasticsearch/bench/LatencyRecorder
instanceKlass com/naqqa/elasticsearch/bench/BulkIndexer
instanceKlass  @bci com/naqqa/elasticsearch/bench/ProductTrack docSource ()Lcom/naqqa/elasticsearch/bench/BulkIndexer$DocSource; 1 <appendix> member <vmtarget> ; # com/naqqa/elasticsearch/bench/ProductTrack$$Lambda+0x000001bc812a9d00
instanceKlass com/naqqa/elasticsearch/bench/BulkIndexer$DocSource
instanceKlass  @bci com/naqqa/elasticsearch/cluster/routing/RoutingNodes <init> (Lcom/naqqa/elasticsearch/cluster/routing/RoutingTable;Lcom/naqqa/elasticsearch/cluster/node/DiscoveryNodes;)V 153 <appendix> argL0 ; # com/naqqa/elasticsearch/cluster/routing/RoutingNodes$$Lambda+0x000001bc812a98d0
instanceKlass  @bci com/naqqa/elasticsearch/node/indices/IndicesService awaitShardsStarted (Ljava/lang/String;J)Ljava/util/concurrent/CompletableFuture; 3 <adapter> ; # java/lang/invoke/LambdaForm$MH+0x000001bc812b0400
# instanceKlass java/lang/invoke/LambdaForm$DMH+0x000001bc812b0000
instanceKlass  @bci com/naqqa/elasticsearch/node/indices/IndicesService awaitShardsStarted (Ljava/lang/String;J)Ljava/util/concurrent/CompletableFuture; 3 <appendix> form vmentry <vmtarget> ; # java/lang/invoke/LambdaForm$DMH+0x000001bc812a8c00
instanceKlass  @bci com/naqqa/elasticsearch/node/indices/IndicesService awaitShardsStarted (Ljava/lang/String;J)Ljava/util/concurrent/CompletableFuture; 3 <appendix> member <vmtarget> ; # com/naqqa/elasticsearch/node/indices/IndicesService$$Lambda+0x000001bc812a96a8
instanceKlass  @cpi com/naqqa/elasticsearch/node/indices/IndicesService 1343 form vmentry <vmtarget> ; # java/lang/invoke/LambdaForm$DMH+0x000001bc812a8800
instanceKlass  @bci com/naqqa/elasticsearch/node/indices/IndicesService markShardsStarted (Ljava/util/List;)V 19 <appendix> member <vmtarget> ; # com/naqqa/elasticsearch/node/indices/IndicesService$$Lambda+0x000001bc812a9478
instanceKlass  @bci com/naqqa/elasticsearch/node/indices/IndicesService markShardsStarted (Ljava/util/List;)V 9 <appendix> member <vmtarget> ; # com/naqqa/elasticsearch/node/indices/IndicesService$$Lambda+0x000001bc812a9220
instanceKlass  @bci com/naqqa/elasticsearch/node/indices/IndicesService applyPrimary (Lcom/naqqa/elasticsearch/node/indices/IndexService;Lcom/naqqa/elasticsearch/cluster/state/IndexMetadata;Lcom/naqqa/elasticsearch/cluster/state/ClusterState;Lcom/naqqa/elasticsearch/cluster/routing/IndexShardRoutingTable;Lcom/naqqa/elasticsearch/cluster/routing/ShardRouting;Ljava/util/List;)V 258 <appendix> member <vmtarget> ; # com/naqqa/elasticsearch/node/indices/IndicesService$$Lambda+0x000001bc812a9000
# instanceKlass java/lang/invoke/LambdaForm$MH+0x000001bc812a8400
instanceKlass sun/misc/Unsafe
instanceKlass com/naqqa/elasticsearch/store/MMapDirectory$Unmapper
instanceKlass java/nio/file/Path$1
instanceKlass  @bci com/naqqa/elasticsearch/node/indices/IndexService lockFor (I)Ljava/lang/Object; 8 <appendix> argL0 ; # com/naqqa/elasticsearch/node/indices/IndexService$$Lambda+0x000001bc812ab7a0
instanceKlass com/naqqa/elasticsearch/node/indices/IndexService
instanceKlass com/naqqa/elasticsearch/cluster/io/GenericValueIO
instanceKlass com/naqqa/elasticsearch/cluster/node/ClusterNode$1
instanceKlass com/naqqa/elasticsearch/cluster/service/MasterService$1
instanceKlass  @bci com/naqqa/elasticsearch/cluster/routing/RoutingNodes toRoutingTable (Ljava/lang/String;J)Lcom/naqqa/elasticsearch/cluster/routing/RoutingTable; 109 <appendix> argL0 ; # com/naqqa/elasticsearch/cluster/routing/RoutingNodes$$Lambda+0x000001bc812aace8
instanceKlass  @bci com/naqqa/elasticsearch/cluster/routing/RoutingNodes toRoutingTable (Ljava/lang/String;J)Lcom/naqqa/elasticsearch/cluster/routing/RoutingTable; 88 <appendix> argL0 ; # com/naqqa/elasticsearch/cluster/routing/RoutingNodes$$Lambda+0x000001bc812aaab0
instanceKlass  @bci com/naqqa/elasticsearch/cluster/routing/RoutingNodes initializeShard (Lcom/naqqa/elasticsearch/cluster/routing/ShardRouting;Ljava/lang/String;J)Lcom/naqqa/elasticsearch/cluster/routing/ShardRouting; 24 <appendix> argL0 ; # com/naqqa/elasticsearch/cluster/routing/RoutingNodes$$Lambda+0x000001bc812aa878
instanceKlass com/naqqa/elasticsearch/cluster/routing/allocation/AllocationDeciders$1
instanceKlass  @bci com/naqqa/elasticsearch/cluster/node/DiscoveryNode isDataNode ()Z 9 <appendix> argL0 ; # com/naqqa/elasticsearch/cluster/node/DiscoveryNode$$Lambda+0x000001bc812aa430
instanceKlass java/util/TreeMap$TreeMapSpliterator
instanceKlass com/naqqa/elasticsearch/cluster/routing/allocation/Decision
instanceKlass com/naqqa/elasticsearch/cluster/routing/allocation/Decision$Multi
instanceKlass  @bci com/naqqa/elasticsearch/cluster/routing/allocation/BalancedShardsAllocator allocateUnassigned (Lcom/naqqa/elasticsearch/cluster/routing/allocation/RoutingAllocation;)V 16 <appendix> argL0 ; # com/naqqa/elasticsearch/cluster/routing/allocation/BalancedShardsAllocator$$Lambda+0x000001bc812af4b8
instanceKlass com/naqqa/elasticsearch/cluster/routing/allocation/RoutingAllocation
instanceKlass com/naqqa/elasticsearch/cluster/routing/RoutingNode
instanceKlass com/naqqa/elasticsearch/cluster/routing/RoutingNodes
instanceKlass com/naqqa/elasticsearch/cluster/routing/UnassignedInfo
instanceKlass  @bci java/util/function/BinaryOperator minBy (Ljava/util/Comparator;)Ljava/util/function/BinaryOperator; 6 <appendix> member <vmtarget> ; # java/util/function/BinaryOperator$$Lambda+0x000001bc812c31b8
instanceKlass  @bci java/util/Comparator thenComparing (Ljava/util/Comparator;)Ljava/util/Comparator; 7 <appendix> member <vmtarget> ; # java/util/Comparator$$Lambda+0x000001bc812c2f20
instanceKlass  @bci com/naqqa/elasticsearch/cluster/service/MasterService tick (J)V 318 <appendix> argL0 ; # com/naqqa/elasticsearch/cluster/service/MasterService$$Lambda+0x000001bc812ae610
instanceKlass  @bci com/naqqa/elasticsearch/cluster/service/MasterService tick (J)V 310 <appendix> argL0 ; # com/naqqa/elasticsearch/cluster/service/MasterService$$Lambda+0x000001bc812ae3d8
instanceKlass com/naqqa/elasticsearch/cluster/service/MasterService$PendingTask
instanceKlass com/naqqa/elasticsearch/node/cluster/ClusterStateManager$1
instanceKlass com/naqqa/elasticsearch/node/cluster/ClusterStateManager$UpdateTask
instanceKlass  @bci com/naqqa/elasticsearch/node/indices/MetadataIndexService createIndex (Lcom/naqqa/elasticsearch/node/indices/MetadataIndexService$CreateSpec;J)Lcom/naqqa/elasticsearch/cluster/state/IndexMetadata; 45 <appendix> member <vmtarget> ; # com/naqqa/elasticsearch/node/indices/MetadataIndexService$$Lambda+0x000001bc812ad4f0
instanceKlass com/naqqa/elasticsearch/common/time/MultiDateFormatter
instanceKlass  @bci com/naqqa/elasticsearch/node/indices/MetadataIndexService validateMappings (Ljava/lang/String;Ljava/util/Map;Ljava/util/Map;Ljava/util/Map;)V 19 <appendix> member <vmtarget> ; # com/naqqa/elasticsearch/node/indices/MetadataIndexService$$Lambda+0x000001bc812ace50
instanceKlass com/naqqa/elasticsearch/indices/template/ResolvedTemplate
instanceKlass com/naqqa/elasticsearch/indices/template/MappingMerger
instanceKlass  @bci java/util/Comparator comparingInt (Ljava/util/function/ToIntFunction;)Ljava/util/Comparator; 6 <appendix> member <vmtarget> ; # java/util/Comparator$$Lambda+0x000001bc812c2c88
instanceKlass  @bci com/naqqa/elasticsearch/indices/template/TemplateService findMatchingLegacyTemplates (Ljava/lang/String;)Ljava/util/List; 65 <appendix> argL0 ; # com/naqqa/elasticsearch/indices/template/TemplateService$$Lambda+0x000001bc812ac628
instanceKlass com/naqqa/elasticsearch/indices/template/LegacyTemplate
instanceKlass com/naqqa/elasticsearch/node/support/SettingsMaps
instanceKlass  @bci com/naqqa/elasticsearch/node/action/NodeIndexAdminActionService createIndex (Lcom/naqqa/elasticsearch/rest/indices/IndexAdminActionService$CreateIndexRequest;)Ljava/util/concurrent/CompletableFuture; 3 <appendix> member <vmtarget> ; # com/naqqa/elasticsearch/node/action/NodeIndexAdminActionService$$Lambda+0x000001bc812ac000
instanceKlass sun/nio/ch/Poller$Request
instanceKlass  @bci sun/nio/ch/Poller start ()Lsun/nio/ch/Poller; 71 <appendix> member <vmtarget> ; # sun/nio/ch/Poller$$Lambda+0x000001bc812c23f0
instanceKlass  @bci sun/nio/ch/Poller startThread (Ljava/lang/String;Ljava/lang/Runnable;)V 5 <appendix> member <vmtarget> ; # sun/nio/ch/Poller$$Lambda+0x000001bc812c21d0
instanceKlass  @cpi sun/nio/ch/Poller 421 form vmentry <vmtarget> ; # java/lang/invoke/LambdaForm$DMH+0x000001bc812a8000
instanceKlass  @bci sun/nio/ch/Poller start ()Lsun/nio/ch/Poller; 36 <appendix> member <vmtarget> ; # sun/nio/ch/Poller$$Lambda+0x000001bc812c1fb0
instanceKlass sun/nio/ch/PollerProvider
instanceKlass  @bci jdk/internal/net/http/Http1Exchange getOutgoing ()Ljdk/internal/net/http/Http1Exchange$DataPair; 260 <appendix> member <vmtarget> ; # jdk/internal/net/http/Http1Exchange$$Lambda+0x000001bc812a3c60
instanceKlass  @bci jdk/internal/net/http/Http1Exchange sendBodyAsync ()Ljava/util/concurrent/CompletableFuture; 153 <appendix> member <vmtarget> ; # jdk/internal/net/http/Http1Exchange$$Lambda+0x000001bc812a3a30
instanceKlass  @bci jdk/internal/net/http/Http1Exchange cancelIfFailed (Ljava/util/concurrent/Flow$Subscription;)V 9 <appendix> member <vmtarget> ; # jdk/internal/net/http/Http1Exchange$$Lambda+0x000001bc812a3800
instanceKlass  @bci jdk/internal/net/http/Http1Exchange sendBodyAsync ()Ljava/util/concurrent/CompletableFuture; 144 <appendix> member <vmtarget> ; # jdk/internal/net/http/Http1Exchange$$Lambda+0x000001bc812a7c10
instanceKlass jdk/internal/net/http/PullPublisher$Subscription
instanceKlass sun/nio/ch/Poller
instanceKlass  @bci sun/nio/ch/SelChImpl park (IJ)V 18 <appendix> member <vmtarget> ; # sun/nio/ch/SelChImpl$$Lambda+0x000001bc812c12f8
instanceKlass  @cpi sun/nio/ch/SelChImpl 88 form vmentry <vmtarget> ; # java/lang/invoke/LambdaForm$DMH+0x000001bc812a3400
instanceKlass  @bci jdk/internal/net/http/ConnectionPool purgeExpiredConnectionsAndReturnNextDeadline (Ljava/time/Instant;)J 185 <appendix> member <vmtarget> ; # jdk/internal/net/http/ConnectionPool$$Lambda+0x000001bc812a7580
instanceKlass java/util/LinkedList$DescendingIterator
instanceKlass  @bci jdk/internal/net/http/common/HttpHeadersBuilder addHeader (Ljava/lang/String;Ljava/lang/String;)V 5 <appendix> argL0 ; # jdk/internal/net/http/common/HttpHeadersBuilder$$Lambda+0x000001bc812a7348
instanceKlass jdk/internal/net/http/RequestPublishers$ByteArrayPublisher
instanceKlass jdk/internal/net/http/websocket/RawChannel
instanceKlass jdk/internal/net/http/HttpResponseImpl$RawChannelProvider
instanceKlass jdk/internal/net/http/HttpResponseImpl
instanceKlass jdk/internal/net/http/websocket/RawChannel$Provider
instanceKlass jdk/internal/net/http/ConnectionPool$ExpiryEntry
instanceKlass jdk/internal/net/http/ConnectionPool$CleanupTrigger
instanceKlass  @bci jdk/internal/net/http/HttpConnection closeOrReturnToCache (Ljava/net/http/HttpHeaders;)V 63 <appendix> argL0 ; # jdk/internal/net/http/HttpConnection$$Lambda+0x000001bc812a5eb8
instanceKlass jdk/internal/net/http/common/HttpBodySubscriberWrapper$SubscriptionWrapper
instanceKlass  @bci jdk/internal/net/http/MultiExchange lambda$responseAsync0$4 (Ljdk/internal/net/http/Response;)Ljava/util/concurrent/CompletionStage; 59 <appendix> member <vmtarget> ; # jdk/internal/net/http/MultiExchange$$Lambda+0x000001bc812a5a40
instanceKlass  @bci jdk/internal/net/http/Exchange readBodyAsync (Ljava/net/http/HttpResponse$BodyHandler;)Ljava/util/concurrent/CompletableFuture; 40 <appendix> member <vmtarget> ; # jdk/internal/net/http/Exchange$$Lambda+0x000001bc812a5810
instanceKlass  @bci jdk/internal/net/http/Http1Response readBody (Ljava/net/http/HttpResponse$BodySubscriber;ZLjava/util/concurrent/Executor;)Ljava/util/concurrent/CompletableFuture; 240 <appendix> member <vmtarget> ; # jdk/internal/net/http/Http1Response$$Lambda+0x000001bc812a55e0
instanceKlass  @bci jdk/internal/net/http/ResponseSubscribers lambda$getBodyAsync$3 (Ljava/net/http/HttpResponse$BodySubscriber;Ljava/util/concurrent/CompletableFuture;Ljava/util/function/Consumer;)V 7 <appendix> member <vmtarget> ; # jdk/internal/net/http/ResponseSubscribers$$Lambda+0x000001bc812a53b0
instanceKlass  @bci jdk/internal/net/http/ResponseSubscribers getBodyAsync (Ljava/util/concurrent/Executor;Ljava/net/http/HttpResponse$BodySubscriber;Ljava/util/concurrent/CompletableFuture;Ljava/util/function/Consumer;)Ljava/util/concurrent/CompletableFuture; 95 <appendix> member <vmtarget> ; # jdk/internal/net/http/ResponseSubscribers$$Lambda+0x000001bc812a5190
instanceKlass  @bci jdk/internal/net/http/Http1Response readBody (Ljava/net/http/HttpResponse$BodySubscriber;ZLjava/util/concurrent/Executor;)Ljava/util/concurrent/CompletableFuture; 227 <appendix> member <vmtarget> ; # jdk/internal/net/http/Http1Response$$Lambda+0x000001bc812a4f60
instanceKlass  @bci jdk/internal/net/http/HttpConnection$TrailingOperations add (Ljava/util/concurrent/CompletionStage;)V 24 <appendix> member <vmtarget> ; # jdk/internal/net/http/HttpConnection$TrailingOperations$$Lambda+0x000001bc812a4d30
instanceKlass  @bci jdk/internal/net/http/Http1Response lambda$readBody$3 (JLjava/net/http/HttpResponse$BodySubscriber;Ljava/util/concurrent/CompletableFuture;Ljdk/internal/net/http/Http1Response$ClientRefCountTracker;)V 164 <appendix> member <vmtarget> ; # jdk/internal/net/http/Http1Response$$Lambda+0x000001bc812a4b00
instanceKlass  @cpi com/naqqa/elasticsearch/cluster/support/FakeNetwork 301 form vmentry <vmtarget> ; # java/lang/invoke/LambdaForm$DMH+0x000001bc812a3000
instanceKlass  @bci jdk/internal/net/http/ResponseContent$FixedLengthBodyParser <init> (Ljdk/internal/net/http/ResponseContent;JLjava/util/function/Consumer;)V 11 <appendix> member <vmtarget> ; # jdk/internal/net/http/ResponseContent$FixedLengthBodyParser$$Lambda+0x000001bc812a48e0
instanceKlass jdk/internal/net/http/ResponseContent$FixedLengthBodyParser
instanceKlass  @bci jdk/internal/net/http/Http1Response lambda$readBody$3 (JLjava/net/http/HttpResponse$BodySubscriber;Ljava/util/concurrent/CompletableFuture;Ljdk/internal/net/http/Http1Response$ClientRefCountTracker;)V 93 <appendix> member <vmtarget> ; # jdk/internal/net/http/Http1Response$$Lambda+0x000001bc812a4418
instanceKlass  @bci jdk/internal/net/http/Http1Response lambda$readBody$3 (JLjava/net/http/HttpResponse$BodySubscriber;Ljava/util/concurrent/CompletableFuture;Ljdk/internal/net/http/Http1Response$ClientRefCountTracker;)V 19 <appendix> member <vmtarget> ; # jdk/internal/net/http/Http1Response$$Lambda+0x000001bc812a41f8
instanceKlass jdk/internal/net/http/ResponseContent$BodyParser
instanceKlass jdk/internal/net/http/ResponseContent
instanceKlass  @bci jdk/internal/net/http/Http1Response readBody (Ljava/net/http/HttpResponse$BodySubscriber;ZLjava/util/concurrent/Executor;)Ljava/util/concurrent/CompletableFuture; 208 <adapter> ; # java/lang/invoke/LambdaForm$MH+0x000001bc812a2c00
# instanceKlass java/lang/invoke/LambdaForm$DMH+0x000001bc812a2800
instanceKlass  @bci jdk/internal/net/http/Http1Response readBody (Ljava/net/http/HttpResponse$BodySubscriber;ZLjava/util/concurrent/Executor;)Ljava/util/concurrent/CompletableFuture; 208 <appendix> form vmentry <vmtarget> ; # java/lang/invoke/LambdaForm$DMH+0x000001bc812a2400
instanceKlass  @bci jdk/internal/net/http/Http1Response readBody (Ljava/net/http/HttpResponse$BodySubscriber;ZLjava/util/concurrent/Executor;)Ljava/util/concurrent/CompletableFuture; 208 <appendix> member <vmtarget> ; # jdk/internal/net/http/Http1Response$$Lambda+0x000001bc8129fa78
instanceKlass  @cpi jdk/internal/net/http/Http1Response 671 form vmentry <vmtarget> ; # java/lang/invoke/LambdaForm$DMH+0x000001bc812a2000
instanceKlass jdk/internal/net/http/Http1Response$ClientRefCountTracker
instanceKlass  @bci java/util/stream/FindOps$FindSink$OfLong <clinit> ()V 43 <appendix> argL0 ; # java/util/stream/FindOps$FindSink$OfLong$$Lambda+0x000001bc812c06a8
instanceKlass  @bci java/util/stream/FindOps$FindSink$OfLong <clinit> ()V 38 <appendix> argL0 ; # java/util/stream/FindOps$FindSink$OfLong$$Lambda+0x000001bc812c0460
instanceKlass  @bci java/util/stream/FindOps$FindSink$OfLong <clinit> ()V 16 <appendix> argL0 ; # java/util/stream/FindOps$FindSink$OfLong$$Lambda+0x000001bc812c0248
instanceKlass  @bci java/util/stream/FindOps$FindSink$OfLong <clinit> ()V 11 <appendix> argL0 ; # java/util/stream/FindOps$FindSink$OfLong$$Lambda+0x000001bc812c0000
instanceKlass java/util/OptionalLong
instanceKlass java/util/stream/Sink$OfLong
instanceKlass java/util/function/LongConsumer
instanceKlass java/util/stream/LongStream
instanceKlass  @bci java/net/http/HttpHeaders firstValueAsLong (Ljava/lang/String;)Ljava/util/OptionalLong; 10 <appendix> argL0 ; # java/net/http/HttpHeaders$$Lambda+0x000001bc8129f658
instanceKlass  @bci java/net/http/HttpResponse$BodySubscribers ofString (Ljava/nio/charset/Charset;)Ljava/net/http/HttpResponse$BodySubscriber; 10 <appendix> member <vmtarget> ; # java/net/http/HttpResponse$BodySubscribers$$Lambda+0x000001bc8129f418
instanceKlass jdk/internal/net/http/ResponseSubscribers
instanceKlass jdk/internal/net/http/ResponseSubscribers$ByteArraySubscriber
instanceKlass java/net/http/HttpResponse$BodySubscribers
instanceKlass jdk/internal/net/http/ResponseInfoImpl
instanceKlass  @bci jdk/internal/net/http/Http1HeaderParser addHeaderFromString (Ljava/lang/String;)V 126 <appendix> argL0 ; # jdk/internal/net/http/Http1HeaderParser$$Lambda+0x000001bc8129e8d0
instanceKlass  @bci sun/net/httpserver/ExchangeImpl sendResponseHeaders (IJ)V 404 <appendix> member <vmtarget> ; # sun/net/httpserver/ExchangeImpl$$Lambda+0x000001bc8129e680
instanceKlass  @bci sun/net/httpserver/ExchangeImpl sendResponseHeaders (IJ)V 380 <appendix> argL0 ; # sun/net/httpserver/ExchangeImpl$$Lambda+0x000001bc8129e448
instanceKlass sun/net/httpserver/Event
instanceKlass sun/util/cldr/CLDRBaseLocaleDataMetaInfo$TZCanonicalIDMapHolder
instanceKlass sun/util/calendar/ZoneInfoFile$ZoneOffsetTransitionRule
instanceKlass sun/util/calendar/ZoneInfoFile$1
instanceKlass sun/util/calendar/ZoneInfoFile
instanceKlass java/util/TimeZone
instanceKlass  @bci sun/util/locale/provider/JRELocaleProviderAdapter getTimeZoneNameProvider ()Ljava/util/spi/TimeZoneNameProvider; 8 <appendix> member <vmtarget> ; # sun/util/locale/provider/JRELocaleProviderAdapter$$Lambda+0x000001bc8127cd60
instanceKlass  @bci sun/util/cldr/CLDRLocaleProviderAdapter getTimeZoneNameProvider ()Ljava/util/spi/TimeZoneNameProvider; 8 <appendix> member <vmtarget> ; # sun/util/cldr/CLDRLocaleProviderAdapter$$Lambda+0x000001bc812545a0
instanceKlass sun/util/locale/provider/TimeZoneNameUtility$TimeZoneNameGetter
instanceKlass sun/util/locale/provider/TimeZoneNameUtility
instanceKlass sun/util/locale/provider/CalendarDataUtility$CalendarFieldValueNameGetter
instanceKlass sun/util/resources/LocaleData$2
instanceKlass java/util/concurrent/atomic/AtomicMarkableReference$Pair
instanceKlass java/util/concurrent/atomic/AtomicMarkableReference
instanceKlass sun/util/locale/provider/CalendarNameProviderImpl$LengthBasedComparator
instanceKlass sun/util/resources/provider/NonBaseLocaleDataMetaInfo
instanceKlass  @bci sun/util/locale/provider/JRELocaleProviderAdapter createSupportedLocaleString (Ljava/lang/String;)Ljava/lang/String; 6 <appendix> member <vmtarget> ; # sun/util/locale/provider/JRELocaleProviderAdapter$$Lambda+0x000001bc8127a5c8
instanceKlass sun/util/locale/provider/BaseLocaleDataMetaInfo
instanceKlass  @bci sun/util/locale/provider/JRELocaleProviderAdapter getCalendarNameProvider ()Ljava/util/spi/CalendarNameProvider; 8 <appendix> member <vmtarget> ; # sun/util/locale/provider/JRELocaleProviderAdapter$$Lambda+0x000001bc8127a158
instanceKlass  @bci sun/util/cldr/CLDRLocaleProviderAdapter getCalendarNameProvider ()Ljava/util/spi/CalendarNameProvider; 8 <appendix> member <vmtarget> ; # sun/util/cldr/CLDRLocaleProviderAdapter$$Lambda+0x000001bc81279a78
instanceKlass sun/util/locale/provider/CalendarDataUtility$CalendarFieldValueNamesMapGetter
instanceKlass sun/util/locale/provider/LocaleServiceProviderPool$LocalizedObjectGetter
instanceKlass sun/util/locale/provider/LocaleServiceProviderPool
instanceKlass  @bci java/time/format/DateTimeTextProvider findStore (Ljava/time/temporal/TemporalField;Ljava/util/Locale;)Ljava/lang/Object; 11 <appendix> member <vmtarget> ; # java/time/format/DateTimeTextProvider$$Lambda+0x000001bc81279610
instanceKlass  @bci com/naqqa/elasticsearch/node/MultiNodeTest ok (Lcom/naqqa/elasticsearch/node/MultiNodeTest$Response;)V 33 <appendix> form vmentry <vmtarget> ; # java/lang/invoke/LambdaForm$MH+0x000001bc812a1c00
# instanceKlass java/lang/invoke/LambdaForm$MH+0x000001bc812a1800
instanceKlass  @bci com/naqqa/elasticsearch/node/MultiNodeTest ok (Lcom/naqqa/elasticsearch/node/MultiNodeTest$Response;)V 33 <appendix> argL3 form vmentry <vmtarget> ; # java/lang/invoke/LambdaForm$MH+0x000001bc812a1400
# instanceKlass java/lang/invoke/LambdaForm$MH+0x000001bc812a1000
# instanceKlass java/lang/invoke/LambdaForm$MH+0x000001bc812a0c00
# instanceKlass java/lang/invoke/LambdaForm$MH+0x000001bc812a0800
instanceKlass sun/net/httpserver/Code
instanceKlass com/naqqa/elasticsearch/http/CompressionUtil
instanceKlass com/naqqa/elasticsearch/http/RestResponse
instanceKlass com/naqqa/elasticsearch/http/Json
instanceKlass com/naqqa/elasticsearch/http/FilterPath
instanceKlass com/naqqa/elasticsearch/http/RestErrors
instanceKlass com/naqqa/elasticsearch/rest/support/StrictParams
instanceKlass jdk/internal/misc/VirtualThreads
instanceKlass com/naqqa/elasticsearch/rest/support/RestUtils
instanceKlass com/naqqa/elasticsearch/common/regex/Regex
instanceKlass  @bci com/naqqa/elasticsearch/node/action/NodeIndexAdminActionService deleteIndex (Ljava/util/List;)Ljava/util/concurrent/CompletableFuture; 3 <appendix> member <vmtarget> ; # com/naqqa/elasticsearch/node/action/NodeIndexAdminActionService$$Lambda+0x000001bc8123a3b0
instanceKlass com/naqqa/elasticsearch/rest/support/StrictParamsFilter$1
instanceKlass  @bci com/naqqa/elasticsearch/node/rest/NodeRestFilter lambda$decorate$0 (Ljava/lang/String;Lcom/naqqa/elasticsearch/http/RestMethod;Ljava/lang/String;Lcom/naqqa/elasticsearch/http/RestHandler;Lcom/naqqa/elasticsearch/http/RestRequest;Lcom/naqqa/elasticsearch/http/RestChannel;)V 40 <appendix> argL0 ; # com/naqqa/elasticsearch/node/rest/NodeRestFilter$$Lambda+0x000001bc81239d50
instanceKlass com/naqqa/elasticsearch/http/jdk/JdkHttpServerTransport$JdkRestChannel
instanceKlass com/naqqa/elasticsearch/http/jdk/JdkHttpServerTransport$2
instanceKlass com/naqqa/elasticsearch/http/RouteResult
instanceKlass  @bci com/naqqa/elasticsearch/http/HttpHeaders add (Ljava/lang/String;Ljava/lang/String;)V 25 <appendix> argL0 ; # com/naqqa/elasticsearch/http/HttpHeaders$$Lambda+0x000001bc81238cb0
instanceKlass  @bci com/naqqa/elasticsearch/http/jdk/JdkHttpServerTransport lambda$buildRequestMetadata$1 (Lcom/naqqa/elasticsearch/http/HttpHeaders;Ljava/lang/String;Ljava/util/List;)V 3 <appendix> member <vmtarget> ; # com/naqqa/elasticsearch/http/jdk/JdkHttpServerTransport$$Lambda+0x000001bc81238a80
instanceKlass  @bci com/naqqa/elasticsearch/http/jdk/JdkHttpServerTransport buildRequestMetadata (Lcom/sun/net/httpserver/HttpExchange;[B)Lcom/naqqa/elasticsearch/http/RestRequest; 60 <appendix> member <vmtarget> ; # com/naqqa/elasticsearch/http/jdk/JdkHttpServerTransport$$Lambda+0x000001bc81238850
instanceKlass com/naqqa/elasticsearch/http/HttpHeaders
instanceKlass com/naqqa/elasticsearch/http/QueryStringParser
instanceKlass com/naqqa/elasticsearch/http/UrlCodec
instanceKlass sun/net/httpserver/ServerImpl$Exchange$LinkHandler
instanceKlass com/sun/net/httpserver/Filter$Chain
instanceKlass  @bci sun/net/httpserver/UnmodifiableHeaders <init> (Lcom/sun/net/httpserver/Headers;)V 16 <appendix> member <vmtarget> ; # sun/net/httpserver/UnmodifiableHeaders$$Lambda+0x000001bc8129d328
instanceKlass  @bci com/sun/net/httpserver/Headers putAll (Ljava/util/Map;)V 2 <appendix> member <vmtarget> ; # com/sun/net/httpserver/Headers$$Lambda+0x000001bc8129d0f8
instanceKlass  @cpi com/sun/net/httpserver/Headers 341 form vmentry <vmtarget> ; # java/lang/invoke/LambdaForm$DMH+0x000001bc812a0400
instanceKlass  @bci java/util/function/Function andThen (Ljava/util/function/Function;)Ljava/util/function/Function; 7 <appendix> member <vmtarget> ; # java/util/function/Function$$Lambda+0x000001bc81278d50
instanceKlass  @cpi java/util/function/Function 58 form vmentry <vmtarget> ; # java/lang/invoke/LambdaForm$DMH+0x000001bc812a0000
instanceKlass  @bci java/util/stream/Collectors toUnmodifiableMap (Ljava/util/function/Function;Ljava/util/function/Function;)Ljava/util/stream/Collector; 21 <appendix> argL0 ; # java/util/stream/Collectors$$Lambda+0x000001bc81278b18
instanceKlass  @bci java/util/stream/Collectors uniqKeysMapMerger ()Ljava/util/function/BinaryOperator; 0 <appendix> argL0 ; # java/util/stream/Collectors$$Lambda+0x000001bc812788d8
instanceKlass  @bci java/util/stream/Collectors uniqKeysMapAccumulator (Ljava/util/function/Function;Ljava/util/function/Function;)Ljava/util/function/BiConsumer; 2 <appendix> member <vmtarget> ; # java/util/stream/Collectors$$Lambda+0x000001bc812786a8
instanceKlass  @bci java/util/stream/Collectors toMap (Ljava/util/function/Function;Ljava/util/function/Function;)Ljava/util/stream/Collector; 4 <appendix> argL0 ; # java/util/stream/Collectors$$Lambda+0x000001bc81278490
instanceKlass  @bci com/sun/net/httpserver/Headers <init> (Ljava/util/Map;)V 25 <appendix> argL0 ; # com/sun/net/httpserver/Headers$$Lambda+0x000001bc8129cec0
instanceKlass  @bci com/sun/net/httpserver/Headers <init> (Ljava/util/Map;)V 20 <appendix> argL0 ; # com/sun/net/httpserver/Headers$$Lambda+0x000001bc8129cc88
instanceKlass sun/net/httpserver/ExchangeImpl
instanceKlass sun/net/httpserver/Utils
instanceKlass  @bci jdk/internal/net/http/Exchange sendRequestBody (Ljdk/internal/net/http/ExchangeImpl;)Ljava/util/concurrent/CompletableFuture; 70 <appendix> member <vmtarget> ; # jdk/internal/net/http/Exchange$$Lambda+0x000001bc8129b2f8
instanceKlass  @bci jdk/internal/net/http/Exchange wrapForUpgrade (Ljava/util/concurrent/CompletableFuture;)Ljava/util/concurrent/CompletableFuture; 9 <appendix> member <vmtarget> ; # jdk/internal/net/http/Exchange$$Lambda+0x000001bc8129b0b8
instanceKlass com/sun/net/httpserver/Headers
instanceKlass  @bci jdk/internal/net/http/Http1Response readHeadersAsync (Ljava/util/concurrent/Executor;)Ljava/util/concurrent/CompletableFuture; 225 <appendix> member <vmtarget> ; # jdk/internal/net/http/Http1Response$$Lambda+0x000001bc8129a6d8
instanceKlass sun/net/httpserver/Request
instanceKlass  @bci jdk/internal/net/http/Exchange sendRequestBody (Ljdk/internal/net/http/ExchangeImpl;)Ljava/util/concurrent/CompletableFuture; 53 <appendix> member <vmtarget> ; # jdk/internal/net/http/Exchange$$Lambda+0x000001bc81299728
instanceKlass  @bci jdk/internal/net/http/Http1Exchange getOutgoing ()Ljdk/internal/net/http/Http1Exchange$DataPair; 245 <appendix> member <vmtarget> ; # jdk/internal/net/http/Http1Exchange$$Lambda+0x000001bc81298d40
instanceKlass sun/net/httpserver/ServerImpl$Exchange
instanceKlass  @bci jdk/internal/net/http/SocketTube$InternalWriteSubscriber tryFlushCurrent (Z)V 280 <appendix> member <vmtarget> ; # jdk/internal/net/http/SocketTube$InternalWriteSubscriber$$Lambda+0x000001bc812988e8
instanceKlass sun/nio/ch/IOVecWrapper$Deallocator
instanceKlass sun/nio/ch/NativeObject
instanceKlass sun/nio/ch/IOVecWrapper
instanceKlass  @bci jdk/internal/net/http/Http1Exchange getOutgoing ()Ljdk/internal/net/http/Http1Exchange$DataPair; 185 <appendix> member <vmtarget> ; # jdk/internal/net/http/Http1Exchange$$Lambda+0x000001bc81298458
instanceKlass jdk/internal/net/http/Http1Exchange$DataPair
instanceKlass  @bci jdk/internal/net/http/Http1Request collectHeaders0 (Ljava/lang/StringBuilder;)V 80 <appendix> member <vmtarget> ; # jdk/internal/net/http/Http1Request$$Lambda+0x000001bc81298000
instanceKlass  @bci jdk/internal/net/http/common/Utils CONTEXT_RESTRICTED (Ljava/net/http/HttpClient;)Ljava/util/function/BiPredicate; 1 <appendix> member <vmtarget> ; # jdk/internal/net/http/common/Utils$$Lambda+0x000001bc81294c00
instanceKlass  @bci java/net/http/HttpHeaders lambda$headersOf$1 (Ljava/util/function/BiPredicate;Ljava/util/ArrayList;Ljava/util/TreeMap;Ljava/util/TreeSet;Ljava/lang/String;Ljava/util/List;)V 47 <appendix> member <vmtarget> ; # java/net/http/HttpHeaders$$Lambda+0x000001bc81295cf8
instanceKlass  @bci java/util/function/BiPredicate and (Ljava/util/function/BiPredicate;)Ljava/util/function/BiPredicate; 7 <appendix> member <vmtarget> ; # java/util/function/BiPredicate$$Lambda+0x000001bc81276f80
instanceKlass  @cpi java/util/function/BiPredicate 54 form vmentry <vmtarget> ; # java/lang/invoke/LambdaForm$DMH+0x000001bc81294800
instanceKlass  @bci jdk/internal/net/http/SocketTube$InternalReadPublisher$InternalReadSubscription resumeReadEvent ()V 47 <appendix> member <vmtarget> ; # jdk/internal/net/http/SocketTube$InternalReadPublisher$InternalReadSubscription$$Lambda+0x000001bc81295ac8
instanceKlass  @bci jdk/internal/net/http/SocketTube$InternalWriteSubscriber startSubscription ()V 135 <appendix> member <vmtarget> ; # jdk/internal/net/http/SocketTube$InternalWriteSubscriber$$Lambda+0x000001bc812958a8
instanceKlass jdk/internal/net/http/SocketTube$InternalWriteSubscriber$WriteSubscription
instanceKlass jdk/internal/net/http/SocketTube$InternalReadPublisher$ReadSubscription
instanceKlass  @bci jdk/internal/net/http/Http1Exchange lambda$sendHeadersAsync$4 (Ljava/lang/Void;)Ljava/util/concurrent/CompletionStage; 16 <appendix> member <vmtarget> ; # jdk/internal/net/http/Http1Exchange$$Lambda+0x000001bc81295228
instanceKlass  @bci jdk/internal/net/http/HttpClientImpl$SelectorManager run ()V 1394 <appendix> argL0 ; # jdk/internal/net/http/HttpClientImpl$SelectorManager$$Lambda+0x000001bc81295000
instanceKlass  @bci jdk/internal/net/http/HttpClientImpl$SelectorManager run ()V 1377 <appendix> member <vmtarget> ; # jdk/internal/net/http/HttpClientImpl$SelectorManager$$Lambda+0x000001bc81297a18
instanceKlass  @bci jdk/internal/net/http/HttpClientImpl registerPending (Ljdk/internal/net/http/HttpClientImpl$PendingRequest;)V 42 <appendix> member <vmtarget> ; # jdk/internal/net/http/HttpClientImpl$$Lambda+0x000001bc812977e8
instanceKlass jdk/internal/net/http/common/Pair
instanceKlass jdk/internal/net/http/HttpClientImpl$PendingRequest
instanceKlass  @bci jdk/internal/net/http/HttpClientImpl sendAsync (Ljava/net/http/HttpRequest;Ljava/net/http/HttpResponse$BodyHandler;Ljava/net/http/HttpResponse$PushPromiseHandler;Ljava/util/concurrent/Executor;)Ljava/util/concurrent/CompletableFuture; 254 <appendix> member <vmtarget> ; # jdk/internal/net/http/HttpClientImpl$$Lambda+0x000001bc81297188
instanceKlass  @bci jdk/internal/net/http/PlainHttpConnection$ConnectEvent handle ()V 211 <appendix> argL0 ; # jdk/internal/net/http/PlainHttpConnection$ConnectEvent$$Lambda+0x000001bc81296f70
instanceKlass  @bci jdk/internal/net/http/MultiExchange responseAsyncImpl ()Ljava/util/concurrent/CompletableFuture; 114 <appendix> member <vmtarget> ; # jdk/internal/net/http/MultiExchange$$Lambda+0x000001bc81296d40
instanceKlass  @bci jdk/internal/net/http/HttpClientImpl$SelectorManager run ()V 1359 <appendix> member <vmtarget> ; # jdk/internal/net/http/HttpClientImpl$SelectorManager$$Lambda+0x000001bc81296b10
instanceKlass  @bci jdk/internal/net/http/MultiExchange responseAsyncImpl ()Ljava/util/concurrent/CompletableFuture; 105 <appendix> member <vmtarget> ; # jdk/internal/net/http/MultiExchange$$Lambda+0x000001bc812968d0
instanceKlass  @bci jdk/internal/net/http/Exchange lambda$responseAsyncImpl0$8 (Ljava/util/function/Function;Ljdk/internal/net/http/ExchangeImpl;)Ljava/util/concurrent/CompletableFuture; 6 <appendix> member <vmtarget> ; # jdk/internal/net/http/Exchange$$Lambda+0x000001bc81296480
instanceKlass  @bci jdk/internal/net/http/HttpClientImpl$SelectorManager run ()V 1304 <appendix> member <vmtarget> ; # jdk/internal/net/http/HttpClientImpl$SelectorManager$$Lambda+0x000001bc812966b0
instanceKlass  @cpi com/naqqa/elasticsearch/node/MultiNodeTest 1126 form vmentry <vmtarget> ; # java/lang/invoke/LambdaForm$DMH+0x000001bc81294400
instanceKlass  @bci jdk/internal/net/http/Http1Exchange sendHeadersAsync ()Ljava/util/concurrent/CompletableFuture; 255 <appendix> member <vmtarget> ; # jdk/internal/net/http/Http1Exchange$$Lambda+0x000001bc81296240
instanceKlass  @bci jdk/internal/net/http/Http1Exchange sendHeadersAsync ()Ljava/util/concurrent/CompletableFuture; 246 <appendix> member <vmtarget> ; # jdk/internal/net/http/Http1Exchange$$Lambda+0x000001bc81296000
instanceKlass  @bci jdk/internal/net/http/HttpClientImpl$SelectorManager run ()V 1289 <appendix> member <vmtarget> ; # jdk/internal/net/http/HttpClientImpl$SelectorManager$$Lambda+0x000001bc81293da0
instanceKlass  @bci jdk/internal/net/http/Http1Exchange sendHeadersAsync ()Ljava/util/concurrent/CompletableFuture; 126 <appendix> member <vmtarget> ; # jdk/internal/net/http/Http1Exchange$$Lambda+0x000001bc81293b60
instanceKlass  @bci jdk/internal/net/http/HttpClientImpl$SelectorAttachment events (I)Ljava/util/stream/Stream; 10 <appendix> member <vmtarget> ; # jdk/internal/net/http/HttpClientImpl$SelectorAttachment$$Lambda+0x000001bc81293918
instanceKlass  @cpi com/naqqa/elasticsearch/cluster/coordination/ClusterCoordinationSimulationTest 312 form vmentry <vmtarget> ; # java/lang/invoke/LambdaForm$DMH+0x000001bc81294000
instanceKlass  @bci jdk/internal/net/http/PlainHttpConnection connectAsync (Ljdk/internal/net/http/Exchange;)Ljava/util/concurrent/CompletableFuture; 483 <appendix> member <vmtarget> ; # jdk/internal/net/http/PlainHttpConnection$$Lambda+0x000001bc812934f8
instanceKlass sun/net/httpserver/HttpConnection
instanceKlass  @bci jdk/internal/net/http/HttpClientImpl$SelectorAttachment <clinit> ()V 18 <appendix> member <vmtarget> ; # jdk/internal/net/http/HttpClientImpl$SelectorAttachment$$Lambda+0x000001bc81292bd0
instanceKlass jdk/internal/net/http/HttpClientImpl$SelectorAttachment
instanceKlass  @bci jdk/internal/net/http/Exchange checkCancelled (Ljava/util/concurrent/CompletableFuture;Ljdk/internal/net/http/HttpConnection;)Ljava/util/concurrent/CompletableFuture; 4 <appendix> member <vmtarget> ; # jdk/internal/net/http/Exchange$$Lambda+0x000001bc81292778
instanceKlass  @bci sun/net/httpserver/ServerImpl$Dispatcher run ()V 175 <appendix> argL0 ; # sun/net/httpserver/ServerImpl$Dispatcher$$Lambda+0x000001bc81292560
instanceKlass  @bci jdk/internal/net/http/PlainHttpConnection connectAsync (Ljdk/internal/net/http/Exchange;)Ljava/util/concurrent/CompletableFuture; 281 <appendix> member <vmtarget> ; # jdk/internal/net/http/PlainHttpConnection$$Lambda+0x000001bc81292340
instanceKlass  @bci jdk/internal/net/http/MultiExchange remainingConnectTimeout ()Ljava/util/Optional; 7 <appendix> argL0 ; # jdk/internal/net/http/MultiExchange$$Lambda+0x000001bc81292108
instanceKlass  @bci jdk/internal/net/http/common/Demand increase (J)Z 25 <appendix> argL0 ; # jdk/internal/net/http/common/Demand$$Lambda+0x000001bc81291ef0
instanceKlass  @bci jdk/internal/net/http/Http1AsyncReceiver handlePendingDelegate ()Z 50 <appendix> member <vmtarget> ; # jdk/internal/net/http/Http1AsyncReceiver$$Lambda+0x000001bc81291cd0
instanceKlass  @bci jdk/internal/net/http/Http1AsyncReceiver handlePendingDelegate ()Z 42 <appendix> member <vmtarget> ; # jdk/internal/net/http/Http1AsyncReceiver$$Lambda+0x000001bc81291aa0
instanceKlass jdk/internal/net/http/Http1HeaderParser
instanceKlass  @bci jdk/internal/net/http/Http1Response <init> (Ljdk/internal/net/http/HttpConnection;Ljdk/internal/net/http/Http1Exchange;Ljdk/internal/net/http/Http1AsyncReceiver;)V 97 <appendix> member <vmtarget> ; # jdk/internal/net/http/Http1Response$$Lambda+0x000001bc81291210
instanceKlass  @bci jdk/internal/net/http/Http1Response <init> (Ljdk/internal/net/http/HttpConnection;Ljdk/internal/net/http/Http1Exchange;Ljdk/internal/net/http/Http1AsyncReceiver;)V 79 <appendix> member <vmtarget> ; # jdk/internal/net/http/Http1Response$$Lambda+0x000001bc81290fe0
instanceKlass  @bci jdk/internal/net/http/Http1Response <init> (Ljdk/internal/net/http/HttpConnection;Ljdk/internal/net/http/Http1Exchange;Ljdk/internal/net/http/Http1AsyncReceiver;)V 13 <appendix> member <vmtarget> ; # jdk/internal/net/http/Http1Response$$Lambda+0x000001bc81290dc0
instanceKlass jdk/internal/net/http/Http1Response$Receiver
instanceKlass jdk/internal/net/http/Http1AsyncReceiver$Http1AsyncDelegate
instanceKlass jdk/internal/net/http/Http1Response
instanceKlass  @bci jdk/internal/net/http/Exchange responseAsyncImpl0 (Ljdk/internal/net/http/HttpConnection;)Ljava/util/concurrent/CompletableFuture; 70 <appendix> member <vmtarget> ; # jdk/internal/net/http/Exchange$$Lambda+0x000001bc8128f9e8
instanceKlass  @bci jdk/internal/net/http/Exchange establishExchange (Ljdk/internal/net/http/HttpConnection;)Ljava/util/concurrent/CompletableFuture; 151 <appendix> member <vmtarget> ; # jdk/internal/net/http/Exchange$$Lambda+0x000001bc8128f7a8
instanceKlass  @bci jdk/internal/net/http/Exchange establishExchange (Ljdk/internal/net/http/HttpConnection;)Ljava/util/concurrent/CompletableFuture; 134 <appendix> member <vmtarget> ; # jdk/internal/net/http/Exchange$$Lambda+0x000001bc8128f578
instanceKlass  @bci jdk/internal/net/http/ExchangeImpl get (Ljdk/internal/net/http/Exchange;Ljdk/internal/net/http/HttpConnection;)Ljava/util/concurrent/CompletableFuture; 95 <appendix> argL0 ; # jdk/internal/net/http/ExchangeImpl$$Lambda+0x000001bc8128f340
instanceKlass  @bci jdk/internal/net/http/ExchangeImpl createExchangeImpl (Ljdk/internal/net/http/Http2Connection;Ljava/lang/Throwable;Ljdk/internal/net/http/Exchange;Ljdk/internal/net/http/HttpConnection;)Ljava/util/concurrent/CompletableFuture; 234 <appendix> member <vmtarget> ; # jdk/internal/net/http/ExchangeImpl$$Lambda+0x000001bc8128f100
instanceKlass jdk/internal/net/http/Http1AsyncReceiver$Http1TubeSubscriber
instanceKlass  @bci jdk/internal/net/http/Http1AsyncReceiver <init> (Ljava/util/concurrent/Executor;Ljdk/internal/net/http/Http1Exchange;)V 33 <appendix> member <vmtarget> ; # jdk/internal/net/http/Http1AsyncReceiver$$Lambda+0x000001bc8128ec60
instanceKlass  @bci jdk/internal/net/http/Http1AsyncReceiver <init> (Ljava/util/concurrent/Executor;Ljdk/internal/net/http/Http1Exchange;)V 6 <appendix> member <vmtarget> ; # jdk/internal/net/http/Http1AsyncReceiver$$Lambda+0x000001bc8128ea40
instanceKlass jdk/internal/net/http/AbstractSubscription
instanceKlass jdk/internal/net/http/Http1AsyncReceiver
instanceKlass  @bci jdk/internal/net/http/Http1Request <init> (Ljdk/internal/net/http/HttpRequestImpl;Ljdk/internal/net/http/Http1Exchange;)V 6 <appendix> member <vmtarget> ; # jdk/internal/net/http/Http1Request$$Lambda+0x000001bc8128e140
instanceKlass  @bci jdk/internal/net/http/Http1Request <clinit> ()V 0 <appendix> argL0 ; # jdk/internal/net/http/Http1Request$$Lambda+0x000001bc8128def8
instanceKlass jdk/internal/net/http/Http1Exchange$Http1RequestBodySubscriber
instanceKlass jdk/internal/net/http/Http1Request
instanceKlass  @bci jdk/internal/net/http/SocketTube$InternalWriteSubscriber <init> (Ljdk/internal/net/http/SocketTube;)V 21 <appendix> member <vmtarget> ; # jdk/internal/net/http/SocketTube$InternalWriteSubscriber$$Lambda+0x000001bc8128d388
instanceKlass  @bci jdk/internal/net/http/SocketTube$InternalWriteSubscriber <init> (Ljdk/internal/net/http/SocketTube;)V 15 <appendix> member <vmtarget> ; # jdk/internal/net/http/SocketTube$InternalWriteSubscriber$$Lambda+0x000001bc8128d158
instanceKlass jdk/internal/net/http/SocketTube$InternalWriteSubscriber
instanceKlass  @bci jdk/internal/net/http/SocketTube$InternalReadPublisher$InternalReadSubscription <init> (Ljdk/internal/net/http/SocketTube$InternalReadPublisher;)V 56 <appendix> member <vmtarget> ; # jdk/internal/net/http/SocketTube$InternalReadPublisher$InternalReadSubscription$$Lambda+0x000001bc8128cab8
instanceKlass  @bci jdk/internal/net/http/SocketTube$InternalReadPublisher$InternalReadSubscription <init> (Ljdk/internal/net/http/SocketTube$InternalReadPublisher;)V 50 <appendix> member <vmtarget> ; # jdk/internal/net/http/SocketTube$InternalReadPublisher$InternalReadSubscription$$Lambda+0x000001bc8128c888
instanceKlass  @bci jdk/internal/net/http/SocketTube$InternalReadPublisher$InternalReadSubscription <init> (Ljdk/internal/net/http/SocketTube$InternalReadPublisher;)V 30 <appendix> member <vmtarget> ; # jdk/internal/net/http/SocketTube$InternalReadPublisher$InternalReadSubscription$$Lambda+0x000001bc8128c668
instanceKlass jdk/internal/net/http/SocketTube$SocketFlowTask
instanceKlass jdk/internal/net/http/SocketTube$InternalReadPublisher$InternalReadSubscription
instanceKlass jdk/internal/net/http/SocketTube$InternalReadPublisher
instanceKlass jdk/internal/net/http/SocketTube$SliceBufferSource
instanceKlass jdk/internal/net/http/SocketTube$BufferSource
instanceKlass  @bci jdk/internal/net/http/SocketTube <init> (Ljdk/internal/net/http/HttpClientImpl;Ljava/nio/channels/SocketChannel;Ljava/util/function/Supplier;)V 6 <appendix> member <vmtarget> ; # jdk/internal/net/http/SocketTube$$Lambda+0x000001bc8128b538
instanceKlass  @bci jdk/internal/net/http/PlainHttpConnection <init> (Ljava/net/InetSocketAddress;Ljdk/internal/net/http/HttpClientImpl;)V 243 <appendix> argL0 ; # jdk/internal/net/http/PlainHttpConnection$$Lambda+0x000001bc8128b320
instanceKlass jdk/internal/net/http/SocketTube
instanceKlass  @bci jdk/internal/net/http/HttpConnection$PlainHttpPublisher <init> (Ljdk/internal/net/http/HttpConnection;Ljava/lang/Object;)V 37 <appendix> member <vmtarget> ; # jdk/internal/net/http/HttpConnection$PlainHttpPublisher$$Lambda+0x000001bc8128ac18
instanceKlass jdk/internal/net/http/HttpConnection$PlainHttpPublisher
instanceKlass jdk/internal/net/http/HttpConnection$TrailingOperations
instanceKlass  @bci jdk/internal/net/http/HttpConnection <init> (Ljava/net/InetSocketAddress;Ljdk/internal/net/http/HttpClientImpl;)V 6 <appendix> member <vmtarget> ; # jdk/internal/net/http/HttpConnection$$Lambda+0x000001bc8128a598
instanceKlass jdk/internal/net/http/common/FlowTube
instanceKlass jdk/internal/net/http/AsyncEvent
instanceKlass jdk/internal/net/http/HttpConnection$HttpPublisher
instanceKlass jdk/internal/net/http/ConnectionPool$CacheKey
instanceKlass jdk/internal/net/http/common/SequentialScheduler$SchedulableTask
instanceKlass jdk/internal/net/http/common/SequentialScheduler$CompleteRestartableTask
instanceKlass jdk/internal/net/http/common/SequentialScheduler$RestartableTask
instanceKlass jdk/internal/net/http/common/SequentialScheduler$DeferredCompleter
instanceKlass jdk/internal/net/http/common/SequentialScheduler
instanceKlass jdk/internal/net/http/Http1Exchange$Http1Publisher$WriteTask
instanceKlass jdk/internal/net/http/common/Demand
instanceKlass jdk/internal/net/http/Http1Exchange$Http1Publisher$Http1WriteSubscription
instanceKlass  @bci jdk/internal/net/http/Http1Exchange$Http1Publisher <init> (Ljdk/internal/net/http/Http1Exchange;)V 11 <appendix> member <vmtarget> ; # jdk/internal/net/http/Http1Exchange$Http1Publisher$$Lambda+0x000001bc81287c00
instanceKlass jdk/internal/net/http/Http1Exchange$Http1Publisher
instanceKlass  @bci jdk/internal/net/http/Http1Exchange <init> (Ljdk/internal/net/http/Exchange;Ljdk/internal/net/http/HttpConnection;)V 7 <appendix> member <vmtarget> ; # jdk/internal/net/http/Http1Exchange$$Lambda+0x000001bc81283b88
instanceKlass  @bci jdk/internal/net/http/ExchangeImpl get (Ljdk/internal/net/http/Exchange;Ljdk/internal/net/http/HttpConnection;)Ljava/util/concurrent/CompletableFuture; 83 <appendix> member <vmtarget> ; # jdk/internal/net/http/ExchangeImpl$$Lambda+0x000001bc81283318
instanceKlass  @bci jdk/internal/net/http/Http2Connection keyString (ZLjava/net/InetSocketAddress;Ljava/lang/String;I)Ljava/lang/String; 79 <adapter> ; # java/lang/invoke/LambdaForm$MH+0x000001bc81287800
# instanceKlass java/lang/invoke/LambdaForm$DMH+0x000001bc81287400
instanceKlass  @bci jdk/internal/net/http/Http2Connection keyString (ZLjava/net/InetSocketAddress;Ljava/lang/String;I)Ljava/lang/String; 79 <appendix> form vmentry <vmtarget> ; # java/lang/invoke/LambdaForm$MH+0x000001bc81287000
# instanceKlass java/lang/invoke/LambdaForm$MH+0x000001bc81286c00
instanceKlass  @bci jdk/internal/net/http/Http2Connection keyString (ZLjava/net/InetSocketAddress;Ljava/lang/String;I)Ljava/lang/String; 79 <appendix> form names 8 function resolvedHandle form vmentry <vmtarget> ; # java/lang/invoke/LambdaForm$DMH+0x000001bc81286800
instanceKlass  @bci jdk/internal/net/http/Http2Connection keyString (ZLjava/net/InetSocketAddress;Ljava/lang/String;I)Ljava/lang/String; 79 <appendix> argL3 form vmentry <vmtarget> ; # java/lang/invoke/LambdaForm$MH+0x000001bc81286400
# instanceKlass java/lang/invoke/LambdaForm$MH+0x000001bc81286000
# instanceKlass java/lang/invoke/LambdaForm$MH+0x000001bc81285c00
# instanceKlass java/lang/invoke/LambdaForm$MH+0x000001bc81285800
# instanceKlass java/lang/invoke/LambdaForm$MH+0x000001bc81285400
instanceKlass  @bci jdk/internal/net/http/Http2Connection keyString (ZLjava/net/InetSocketAddress;Ljava/lang/String;I)Ljava/lang/String; 79 <appendix> form names 12 function resolvedHandle form vmentry <vmtarget> ; # java/lang/invoke/LambdaForm$DMH+0x000001bc81285000
instanceKlass  @bci jdk/internal/net/http/Http2Connection keyString (ZLjava/net/InetSocketAddress;Ljava/lang/String;I)Ljava/lang/String; 79 <appendix> argL1 form vmentry <vmtarget> ; # java/lang/invoke/LambdaForm$MH+0x000001bc81284c00
# instanceKlass java/lang/invoke/LambdaForm$MH+0x000001bc81284800
# instanceKlass java/lang/invoke/LambdaForm$MH+0x000001bc81284400
# instanceKlass java/lang/invoke/LambdaForm$MH+0x000001bc81284000
instanceKlass  @bci jdk/internal/net/http/HttpRequestImpl getAddress ()Ljava/net/InetSocketAddress; 64 <appendix> member <vmtarget> ; # jdk/internal/net/http/HttpRequestImpl$$Lambda+0x000001bc812830f8
instanceKlass  @bci jdk/internal/net/http/Http2Connection <clinit> ()V 19 <appendix> member <vmtarget> ; # jdk/internal/net/http/Http2Connection$$Lambda+0x000001bc81282ed8
instanceKlass jdk/internal/net/http/frame/Http2Frame
instanceKlass jdk/internal/net/http/Http2Connection
instanceKlass  @bci jdk/internal/net/http/ExchangeImpl <clinit> ()V 2 <appendix> member <vmtarget> ; # jdk/internal/net/http/ExchangeImpl$$Lambda+0x000001bc81280688
instanceKlass  @bci jdk/internal/net/http/Exchange responseAsyncImpl0 (Ljdk/internal/net/http/HttpConnection;)Ljava/util/concurrent/CompletableFuture; 57 <appendix> member <vmtarget> ; # jdk/internal/net/http/Exchange$$Lambda+0x000001bc81280448
instanceKlass  @bci jdk/internal/net/http/Exchange responseAsyncImpl0 (Ljdk/internal/net/http/HttpConnection;)Ljava/util/concurrent/CompletableFuture; 49 <appendix> member <vmtarget> ; # jdk/internal/net/http/Exchange$$Lambda+0x000001bc81280208
instanceKlass jdk/internal/net/http/AuthenticationFilter$Cache
instanceKlass java/time/Clock
instanceKlass java/time/InstantSource
instanceKlass  @bci jdk/internal/net/http/ResponseTimerEvent <clinit> ()V 2 <appendix> member <vmtarget> ; # jdk/internal/net/http/ResponseTimerEvent$$Lambda+0x000001bc8123c400
instanceKlass  @bci jdk/internal/net/http/MultiExchange responseAsync (Ljava/util/concurrent/Executor;)Ljava/util/concurrent/CompletableFuture; 23 <appendix> argL0 ; # jdk/internal/net/http/MultiExchange$$Lambda+0x000001bc8123cc80
instanceKlass  @bci jdk/internal/net/http/MultiExchange responseAsync0 (Ljava/util/concurrent/CompletableFuture;)Ljava/util/concurrent/CompletableFuture; 20 <appendix> member <vmtarget> ; # jdk/internal/net/http/MultiExchange$$Lambda+0x000001bc8123ca40
instanceKlass  @bci jdk/internal/net/http/MultiExchange responseAsync0 (Ljava/util/concurrent/CompletableFuture;)Ljava/util/concurrent/CompletableFuture; 11 <appendix> member <vmtarget> ; # jdk/internal/net/http/MultiExchange$$Lambda+0x000001bc8123c800
instanceKlass jdk/internal/net/http/Response
instanceKlass  @bci jdk/internal/net/http/MultiExchange responseAsync0 (Ljava/util/concurrent/CompletableFuture;)Ljava/util/concurrent/CompletableFuture; 2 <appendix> member <vmtarget> ; # jdk/internal/net/http/MultiExchange$$Lambda+0x000001bc8123dab0
instanceKlass jdk/internal/net/http/MultiExchange$CancelableRef
instanceKlass jdk/internal/net/http/Exchange$ConnectionAborter
instanceKlass  @bci jdk/internal/net/http/Exchange <init> (Ljdk/internal/net/http/HttpRequestImpl;Ljdk/internal/net/http/MultiExchange;)V 6 <appendix> member <vmtarget> ; # jdk/internal/net/http/Exchange$$Lambda+0x000001bc8123fd70
instanceKlass jdk/internal/net/http/ExchangeImpl
instanceKlass jdk/internal/net/http/Exchange
instanceKlass  @bci jdk/internal/net/http/MultiExchange <init> (Ljava/net/http/HttpRequest;Ljdk/internal/net/http/HttpRequestImpl;Ljdk/internal/net/http/HttpClientImpl;Ljava/net/http/HttpResponse$BodyHandler;Ljava/net/http/HttpResponse$PushPromiseHandler;Ljava/security/AccessControlContext;)V 173 <appendix> argL0 ; # jdk/internal/net/http/MultiExchange$$Lambda+0x000001bc8123f930
instanceKlass jdk/internal/net/http/MultiExchange$ConnectTimeoutTracker
instanceKlass  @bci jdk/internal/net/http/MultiExchange <clinit> ()V 19 <appendix> member <vmtarget> ; # jdk/internal/net/http/MultiExchange$$Lambda+0x000001bc8123f508
instanceKlass jdk/internal/net/http/TimeoutEvent
instanceKlass jdk/internal/net/http/MultiExchange
instanceKlass jdk/internal/net/http/common/Cancelable
instanceKlass sun/net/spi/DefaultProxySelector$3
instanceKlass sun/net/spi/DefaultProxySelector$NonProxyInfo
instanceKlass  @bci jdk/internal/net/http/HttpRequestImpl userAgent ()Ljava/lang/String; 0 <appendix> argL0 ; # jdk/internal/net/http/HttpRequestImpl$$Lambda+0x000001bc8123ea08
instanceKlass  @bci java/net/http/HttpResponse$BodyHandlers ofString (Ljava/nio/charset/Charset;)Ljava/net/http/HttpResponse$BodyHandler; 6 <appendix> member <vmtarget> ; # java/net/http/HttpResponse$BodyHandlers$$Lambda+0x000001bc8123e7e8
instanceKlass java/net/http/HttpResponse
instanceKlass java/net/http/HttpResponse$ResponseInfo
instanceKlass java/net/http/HttpResponse$BodyHandler
instanceKlass java/net/http/HttpResponse$BodyHandlers
instanceKlass  @bci java/net/http/HttpHeaders headersOf (Ljava/util/Map;Ljava/util/function/BiPredicate;)Ljava/net/http/HttpHeaders; 37 <appendix> member <vmtarget> ; # java/net/http/HttpHeaders$$Lambda+0x000001bc81237cc8
instanceKlass  @cpi com/naqqa/elasticsearch/bench/amazon/AmazonBulkLoader 342 form vmentry <vmtarget> ; # java/lang/invoke/LambdaForm$DMH+0x000001bc8123c000
instanceKlass java/net/http/HttpHeaders
instanceKlass jdk/internal/net/http/PullPublisher
instanceKlass jdk/internal/net/http/RequestPublishers$EmptyPublisher
instanceKlass java/net/http/HttpRequest$BodyPublisher
instanceKlass java/net/http/HttpRequest$BodyPublishers
instanceKlass jdk/internal/net/http/common/HttpHeadersBuilder
instanceKlass jdk/internal/net/http/HttpRequestBuilderImpl
instanceKlass java/net/http/HttpRequest$Builder
instanceKlass com/naqqa/elasticsearch/bench/ProductTrack
instanceKlass com/naqqa/elasticsearch/bench/Track
instanceKlass jdk/internal/net/http/common/Log
instanceKlass jdk/internal/net/http/RedirectFilter
instanceKlass jdk/internal/net/http/AuthenticationFilter
instanceKlass jdk/internal/net/http/HeaderFilter
instanceKlass jdk/internal/net/http/FilterFactory
instanceKlass  @bci jdk/internal/net/http/common/Utils getIntegerProperty (Ljava/lang/String;I)I 2 <appendix> member <vmtarget> ; # jdk/internal/net/http/common/Utils$$Lambda+0x000001bc81235b18
instanceKlass jdk/internal/net/http/ConnectionPool$ExpiryList
instanceKlass  @bci jdk/internal/net/http/ConnectionPool <init> (Ljava/lang/String;)V 6 <appendix> member <vmtarget> ; # jdk/internal/net/http/ConnectionPool$$Lambda+0x000001bc812353d8
instanceKlass jdk/internal/net/http/common/FlowTube$TubePublisher
instanceKlass java/util/concurrent/Flow$Publisher
instanceKlass jdk/internal/net/http/common/FlowTube$TubeSubscriber
instanceKlass jdk/internal/net/http/ConnectionPool
instanceKlass sun/security/ssl/SSLConfiguration$1
instanceKlass javax/net/ssl/SSLParameters
instanceKlass sun/security/ssl/SessionId
instanceKlass java/util/concurrent/ConcurrentLinkedQueue$Node
instanceKlass java/security/spec/MGF1ParameterSpec
instanceKlass sun/security/ec/ParametersMap$1
instanceKlass  @bci sun/security/ec/ed/EdDSAParameters <clinit> ()V 268 <appendix> argL0 ; # sun/security/ec/ed/EdDSAParameters$$Lambda+0x000001bc81234458
instanceKlass sun/security/ec/ed/EdDSAParameters$SHAKE256DigesterFactory
instanceKlass sun/security/ec/point/ProjectivePoint
instanceKlass  @bci sun/security/ec/ed/EdDSAParameters <clinit> ()V 117 <appendix> argL0 ; # sun/security/ec/ed/EdDSAParameters$$Lambda+0x000001bc81233ab0
instanceKlass sun/security/ec/ed/EdDSAParameters$Digester
instanceKlass sun/security/ec/ed/EdDSAParameters$SHA512DigesterFactory
instanceKlass sun/security/ec/point/ExtendedHomogeneousPoint
instanceKlass sun/security/ec/point/AffinePoint
instanceKlass sun/security/util/math/intpoly/IntegerPolynomial$Limb
instanceKlass sun/security/util/math/SmallValue
instanceKlass sun/security/ec/point/MutablePoint
instanceKlass sun/security/ec/point/ImmutablePoint
instanceKlass sun/security/ec/point/Point
instanceKlass sun/security/util/math/intpoly/IntegerPolynomial$Element
instanceKlass sun/security/util/math/ImmutableIntegerModuloP
instanceKlass sun/security/util/math/IntegerModuloP
instanceKlass sun/security/util/math/intpoly/IntegerPolynomial
instanceKlass sun/security/ec/ParametersMap
instanceKlass sun/security/ec/ed/EdECOperations
instanceKlass sun/security/ec/ed/EdDSAParameters$DigesterFactory
instanceKlass sun/security/util/math/IntegerFieldModuloP
instanceKlass sun/security/ec/ed/EdDSAParameters
instanceKlass  @bci sun/security/ec/ed/EdDSASignature <init> (Ljava/security/spec/NamedParameterSpec;)V 27 <appendix> argL0 ; # sun/security/ec/ed/EdDSASignature$$Lambda+0x000001bc81231938
instanceKlass java/security/spec/EdDSAParameterSpec
instanceKlass sun/security/ec/ed/EdDSASignature$MessageAccumulator
instanceKlass javax/net/ssl/ExtendedSSLSession
instanceKlass javax/crypto/spec/DHParameterSpec
instanceKlass sun/security/ssl/PredefinedDHParameterSpecs$1
instanceKlass sun/security/ssl/PredefinedDHParameterSpecs
instanceKlass sun/security/ssl/NamedGroup$SupportedGroups
instanceKlass sun/security/ssl/SSLConfiguration$CustomizedClientSignatureSchemes
instanceKlass javax/crypto/KeyGeneratorSpi
instanceKlass javax/crypto/KeyGenerator
instanceKlass sun/security/ssl/SSLConfiguration
instanceKlass sun/security/ssl/SSLCipher$SSLWriteCipher
instanceKlass sun/security/ssl/KeyUpdate$KeyUpdateProducer
instanceKlass sun/security/ssl/KeyUpdate$KeyUpdateConsumer
instanceKlass sun/security/ssl/KeyUpdate$KeyUpdateKickstartProducer
instanceKlass sun/security/ssl/KeyUpdate
instanceKlass sun/security/ssl/CertificateStatus$CertificateStatusAbsence
instanceKlass sun/security/ssl/HandshakeAbsence
instanceKlass sun/security/ssl/CertificateStatus$CertificateStatusProducer
instanceKlass sun/security/ssl/CertificateStatus$CertificateStatusConsumer
instanceKlass sun/security/ssl/CertificateStatus
instanceKlass sun/security/ssl/Finished$T13FinishedProducer
instanceKlass sun/security/ssl/Finished$T13FinishedConsumer
instanceKlass sun/security/ssl/Finished$T12FinishedProducer
instanceKlass sun/security/ssl/Finished$T12FinishedConsumer
instanceKlass sun/security/ssl/Finished
instanceKlass sun/security/ssl/ClientKeyExchange$ClientKeyExchangeProducer
instanceKlass sun/security/ssl/ClientKeyExchange$ClientKeyExchangeConsumer
instanceKlass sun/security/ssl/ClientKeyExchange
instanceKlass sun/security/ssl/CertificateVerify$T13CertificateVerifyProducer
instanceKlass sun/security/ssl/CertificateVerify$T13CertificateVerifyConsumer
instanceKlass sun/security/ssl/CertificateVerify$T12CertificateVerifyProducer
instanceKlass sun/security/ssl/CertificateVerify$T12CertificateVerifyConsumer
instanceKlass sun/security/ssl/CertificateVerify$T10CertificateVerifyProducer
instanceKlass sun/security/ssl/CertificateVerify$T10CertificateVerifyConsumer
instanceKlass sun/security/ssl/CertificateVerify$S30CertificateVerifyProducer
instanceKlass sun/security/ssl/CertificateVerify$S30CertificateVerifyConsumer
instanceKlass sun/security/ssl/CertificateVerify
instanceKlass sun/security/ssl/ServerHelloDone$ServerHelloDoneProducer
instanceKlass sun/security/ssl/ServerHelloDone$ServerHelloDoneConsumer
instanceKlass sun/security/ssl/ServerHelloDone
instanceKlass sun/security/ssl/CertificateRequest$T13CertificateRequestProducer
instanceKlass sun/security/ssl/CertificateRequest$T13CertificateRequestConsumer
instanceKlass sun/security/ssl/CertificateRequest$T12CertificateRequestProducer
instanceKlass sun/security/ssl/CertificateRequest$T12CertificateRequestConsumer
instanceKlass sun/security/ssl/CertificateRequest$T10CertificateRequestProducer
instanceKlass sun/security/ssl/CertificateRequest$T10CertificateRequestConsumer
instanceKlass sun/security/ssl/CertificateRequest
instanceKlass sun/security/ssl/ServerKeyExchange$ServerKeyExchangeProducer
instanceKlass sun/security/ssl/ServerKeyExchange$ServerKeyExchangeConsumer
instanceKlass sun/security/ssl/ServerKeyExchange
instanceKlass sun/security/ssl/CertificateMessage$T13CertificateProducer
instanceKlass sun/security/ssl/CertificateMessage$T13CertificateConsumer
instanceKlass sun/security/ssl/CertificateMessage$T12CertificateProducer
instanceKlass sun/security/ssl/CertificateMessage$T12CertificateConsumer
instanceKlass sun/security/ssl/CertificateMessage
instanceKlass sun/security/ssl/EncryptedExtensions$EncryptedExtensionsConsumer
instanceKlass sun/security/ssl/EncryptedExtensions$EncryptedExtensionsProducer
instanceKlass sun/security/ssl/EncryptedExtensions
instanceKlass sun/security/ssl/NewSessionTicket$T12NewSessionTicketProducer
instanceKlass sun/security/ssl/NewSessionTicket$T13NewSessionTicketProducer
instanceKlass sun/security/ssl/NewSessionTicket$T12NewSessionTicketConsumer
instanceKlass sun/security/ssl/NewSessionTicket$T13NewSessionTicketConsumer
instanceKlass sun/security/ssl/NewSessionTicket
instanceKlass sun/security/ssl/HelloVerifyRequest$HelloVerifyRequestProducer
instanceKlass sun/security/ssl/HelloVerifyRequest$HelloVerifyRequestConsumer
instanceKlass sun/security/ssl/HelloVerifyRequest
instanceKlass sun/security/ssl/ServerHello$T13HelloRetryRequestConsumer
instanceKlass sun/security/ssl/ServerHello$T13ServerHelloConsumer
instanceKlass sun/security/ssl/ServerHello$T12ServerHelloConsumer
instanceKlass sun/security/ssl/ServerHello$T13HelloRetryRequestReproducer
instanceKlass sun/security/ssl/ServerHello$T13HelloRetryRequestProducer
instanceKlass sun/security/ssl/ServerHello$T13ServerHelloProducer
instanceKlass sun/security/ssl/ServerHello$T12ServerHelloProducer
instanceKlass sun/security/ssl/ServerHello$ServerHelloConsumer
instanceKlass sun/security/ssl/ServerHello
instanceKlass sun/security/ssl/ClientHello$D13ClientHelloConsumer
instanceKlass sun/security/ssl/ClientHello$D12ClientHelloConsumer
instanceKlass sun/security/ssl/ClientHello$T13ClientHelloConsumer
instanceKlass sun/security/ssl/ClientHello$T12ClientHelloConsumer
instanceKlass sun/security/ssl/HandshakeConsumer
instanceKlass sun/security/ssl/ClientHello$ClientHelloProducer
instanceKlass sun/security/ssl/ClientHello$ClientHelloConsumer
instanceKlass sun/security/ssl/ClientHello$ClientHelloKickstartProducer
instanceKlass sun/security/ssl/ClientHello
instanceKlass sun/security/ssl/HelloRequest$HelloRequestProducer
instanceKlass sun/security/ssl/HelloRequest$HelloRequestConsumer
instanceKlass sun/security/ssl/HelloRequest$HelloRequestKickstartProducer
instanceKlass sun/security/ssl/SSLProducer
instanceKlass sun/security/ssl/HelloRequest
instanceKlass sun/security/ssl/HandshakeProducer
instanceKlass sun/security/ssl/SSLConsumer
instanceKlass sun/security/ssl/Authenticator$MacImpl
instanceKlass sun/security/ssl/Authenticator$MAC
instanceKlass sun/security/ssl/Authenticator
instanceKlass sun/security/ssl/SSLCipher$SSLReadCipher
instanceKlass sun/security/ssl/InputRecord
instanceKlass sun/security/ssl/SSLRecord
instanceKlass sun/security/ssl/Record
instanceKlass sun/security/ssl/TransportContext
instanceKlass sun/security/ssl/ConnectionContext
instanceKlass sun/security/ssl/HandshakeHash$CacheOnlyHash
instanceKlass sun/security/ssl/HandshakeHash$TranscriptHash
instanceKlass sun/security/ssl/HandshakeHash
instanceKlass java/net/SocksConsts
instanceKlass sun/net/PlatformSocketImpl
instanceKlass java/net/Socket
instanceKlass sun/security/ssl/SSLTransport
instanceKlass javax/net/SocketFactory
instanceKlass  @bci jdk/internal/net/http/HttpClientImpl getDefaultProxySelector ()Ljava/net/ProxySelector; 0 <appendix> argL0 ; # jdk/internal/net/http/HttpClientImpl$$Lambda+0x000001bc81230408
instanceKlass  @bci jdk/internal/net/http/HttpClientImpl <init> (Ljdk/internal/net/http/HttpClientBuilderImpl;Ljdk/internal/net/http/HttpClientImpl$SingleFacadeFactory;)V 475 <appendix> argL0 ; # jdk/internal/net/http/HttpClientImpl$$Lambda+0x000001bc812301f0
instanceKlass  @bci jdk/internal/net/http/Http2ClientImpl <clinit> ()V 3 <appendix> member <vmtarget> ; # jdk/internal/net/http/Http2ClientImpl$$Lambda+0x000001bc81229dd0
instanceKlass jdk/internal/net/http/Http2ClientImpl
instanceKlass  @bci jdk/internal/net/http/HttpClientFacade <init> (Ljdk/internal/net/http/HttpClientImpl;)V 19 <appendix> member <vmtarget> ; # jdk/internal/net/http/HttpClientFacade$$Lambda+0x000001bc81229230
instanceKlass  @bci jdk/internal/net/http/HttpClientImpl <init> (Ljdk/internal/net/http/HttpClientBuilderImpl;Ljdk/internal/net/http/HttpClientImpl$SingleFacadeFactory;)V 371 <appendix> member <vmtarget> ; # jdk/internal/net/http/HttpClientImpl$$Lambda+0x000001bc81229000
instanceKlass  @bci jdk/internal/net/http/HttpClientImpl <init> (Ljdk/internal/net/http/HttpClientBuilderImpl;Ljdk/internal/net/http/HttpClientImpl$SingleFacadeFactory;)V 363 <appendix> member <vmtarget> ; # jdk/internal/net/http/HttpClientImpl$$Lambda+0x000001bc8122bd58
instanceKlass java/util/function/BooleanSupplier
instanceKlass jdk/internal/net/http/HttpClientImpl$DelegatingExecutor
instanceKlass jdk/internal/net/http/HttpClientImpl$DefaultThreadFactory
instanceKlass  @bci sun/security/ssl/SSLContextImpl engineInit ([Ljavax/net/ssl/KeyManager;[Ljavax/net/ssl/TrustManager;Ljava/security/SecureRandom;)V 57 <appendix> argL0 ; # sun/security/ssl/SSLContextImpl$$Lambda+0x000001bc8125bb10
instanceKlass javax/net/ssl/X509ExtendedKeyManager
instanceKlass javax/net/ssl/X509KeyManager
instanceKlass javax/net/ssl/KeyManager
instanceKlass javax/net/ssl/KeyManagerFactorySpi
instanceKlass  @bci javax/net/ssl/KeyManagerFactory getDefaultAlgorithm ()Ljava/lang/String; 0 <appendix> argL0 ; # javax/net/ssl/KeyManagerFactory$$Lambda+0x000001bc8125a7b8
instanceKlass javax/net/ssl/KeyManagerFactory
instanceKlass sun/security/ssl/SSLContextImpl$DefaultManagersHolder$1
instanceKlass javax/net/ssl/X509ExtendedTrustManager
instanceKlass javax/net/ssl/X509TrustManager
instanceKlass javax/net/ssl/TrustManager
instanceKlass sun/security/validator/TrustStoreUtil
instanceKlass sun/security/x509/AccessDescription
instanceKlass sun/security/x509/RFC822Name
instanceKlass sun/security/x509/NetscapeCertTypeExtension$MapEntry
instanceKlass sun/security/x509/DNSName
instanceKlass sun/security/x509/URIName
instanceKlass sun/security/x509/DistributionPoint
instanceKlass java/security/cert/PolicyQualifierInfo
instanceKlass sun/security/x509/CertificatePolicyId
instanceKlass sun/security/x509/PolicyInformation
instanceKlass java/security/interfaces/ECPublicKey
instanceKlass sun/security/x509/GeneralName
instanceKlass sun/security/pkcs12/PKCS12KeyStore$Entry
instanceKlass java/util/jar/JarFile$ThreadTrackHolder
instanceKlass java/lang/Runtime$Version
instanceKlass java/util/jar/JavaUtilJarAccessImpl
instanceKlass jdk/internal/access/JavaUtilJarAccess
instanceKlass java/util/zip/ZipFile$1
instanceKlass jdk/internal/access/JavaUtilZipFileAccess
instanceKlass java/util/zip/ZipFile
instanceKlass java/util/zip/ZipConstants
instanceKlass jdk/internal/event/EventHelper
instanceKlass sun/security/jca/JCAUtil
instanceKlass sun/security/util/MemoryCache$CacheEntry
instanceKlass sun/security/x509/GeneralNames
instanceKlass sun/security/x509/KeyIdentifier
# instanceKlass java/lang/invoke/LambdaForm$MH+0x000001bc81228800
instanceKlass sun/security/x509/OIDMap$OIDInfo
instanceKlass sun/security/x509/PKIXExtensions
instanceKlass sun/security/x509/OIDMap
instanceKlass sun/security/x509/Extension
instanceKlass java/security/cert/Extension
instanceKlass sun/security/x509/CertificateExtensions
instanceKlass sun/security/rsa/RSAUtil
instanceKlass java/security/interfaces/RSAPublicKey
instanceKlass java/security/interfaces/RSAKey
instanceKlass java/security/spec/PSSParameterSpec
instanceKlass java/security/spec/RSAPrivateKeySpec
instanceKlass java/security/spec/RSAPublicKeySpec
instanceKlass  @bci java/security/spec/EncodedKeySpec <clinit> ()V 0 <appendix> argL0 ; # java/security/spec/EncodedKeySpec$$Lambda+0x000001bc812504c8
instanceKlass jdk/internal/access/JavaSecuritySpecAccess
instanceKlass java/security/spec/EncodedKeySpec
instanceKlass java/security/spec/KeySpec
instanceKlass sun/security/util/BitArray
instanceKlass sun/security/x509/X509Key
instanceKlass sun/security/x509/CertificateX509Key
instanceKlass java/util/Date
instanceKlass sun/util/calendar/CalendarUtils
instanceKlass sun/util/calendar/CalendarDate
instanceKlass sun/util/calendar/CalendarSystem$GregorianHolder
instanceKlass sun/util/calendar/CalendarSystem
instanceKlass sun/security/x509/CertificateValidity
instanceKlass sun/security/x509/AVA
instanceKlass sun/security/x509/RDN
instanceKlass javax/security/auth/x500/X500Principal
instanceKlass  @bci sun/security/x509/X500Name <clinit> ()V 153 <appendix> argL0 ; # sun/security/x509/X500Name$$Lambda+0x000001bc8124e438
instanceKlass sun/security/x509/X500Name
instanceKlass sun/security/x509/GeneralNameInterface
instanceKlass sun/security/x509/CertificateAlgorithmId
instanceKlass sun/security/x509/SerialNumber
instanceKlass sun/security/x509/CertificateSerialNumber
instanceKlass sun/security/x509/CertificateVersion
instanceKlass sun/security/x509/X509CertInfo
instanceKlass sun/security/x509/AlgorithmId
instanceKlass java/security/cert/X509Extension
instanceKlass sun/security/util/Cache$EqualByteArray
instanceKlass java/security/cert/CertificateFactorySpi
instanceKlass java/security/cert/CertificateFactory
instanceKlass sun/security/pkcs/ContentInfo
instanceKlass sun/security/util/IOUtils
instanceKlass sun/security/util/DerInputStream
instanceKlass sun/security/util/DerValue
instanceKlass sun/security/action/OpenFileInputStreamAction
instanceKlass  @bci sun/security/util/KeyStoreDelegator <init> (Ljava/lang/String;Ljava/lang/Class;Ljava/lang/String;Ljava/lang/Class;)V 4 <appendix> argL0 ; # sun/security/util/KeyStoreDelegator$$Lambda+0x000001bc8124aa88
instanceKlass java/security/KeyStoreSpi
instanceKlass  @bci java/security/KeyStore getDefaultType ()Ljava/lang/String; 0 <appendix> argL0 ; # java/security/KeyStore$$Lambda+0x000001bc812497b8
instanceKlass java/security/KeyStore
instanceKlass sun/security/ssl/TrustStoreManager$TrustStoreDescriptor$1
instanceKlass sun/security/util/FilePaths
instanceKlass sun/security/ssl/TrustStoreManager$TrustStoreDescriptor
instanceKlass sun/security/ssl/TrustStoreManager$TrustAnchorManager
instanceKlass sun/security/ssl/TrustStoreManager
instanceKlass javax/net/ssl/TrustManagerFactorySpi
instanceKlass  @bci javax/net/ssl/TrustManagerFactory getDefaultAlgorithm ()Ljava/lang/String; 0 <appendix> argL0 ; # javax/net/ssl/TrustManagerFactory$$Lambda+0x000001bc812482e0
instanceKlass javax/net/ssl/TrustManagerFactory
instanceKlass sun/security/ssl/SSLContextImpl$DefaultManagersHolder
instanceKlass sun/security/util/Cache
instanceKlass sun/security/action/GetIntegerAction
instanceKlass sun/security/ssl/SSLSessionContextImpl
instanceKlass javax/net/ssl/SSLSessionContext
instanceKlass sun/security/ssl/EphemeralKeyManager$EphemeralKeyPair
instanceKlass sun/security/ssl/EphemeralKeyManager
instanceKlass sun/security/ssl/SSLContextImpl$CustomizedSSLProtocols
instanceKlass java/security/spec/NamedParameterSpec
instanceKlass sun/security/util/ECKeySizeParameterSpec
instanceKlass java/security/AlgorithmParametersSpi
instanceKlass java/security/AlgorithmParameters
instanceKlass sun/security/util/ECUtil
instanceKlass java/security/KeyPairGeneratorSpi
instanceKlass java/security/PrivateKey
instanceKlass javax/security/auth/Destroyable
instanceKlass java/security/PublicKey
instanceKlass java/security/KeyFactorySpi
instanceKlass java/security/KeyFactory
instanceKlass javax/crypto/KeyAgreement
instanceKlass java/security/interfaces/ECKey
instanceKlass java/security/Key
instanceKlass java/security/Signature$1
instanceKlass jdk/internal/access/JavaSecuritySignatureAccess
instanceKlass java/security/SignatureSpi
instanceKlass sun/security/ssl/JsseJce$EcAvailability
instanceKlass sun/security/ssl/SSLAlgorithmDecomposer$1
instanceKlass sun/security/ssl/Utilities
instanceKlass sun/security/ssl/JsseJce
instanceKlass sun/security/ssl/NamedGroup$XDHScheme
instanceKlass sun/security/ssl/NamedGroup$FFDHEScheme
instanceKlass sun/security/ssl/NamedGroup$ECDHEScheme
instanceKlass sun/security/ssl/NamedGroup$NamedGroupScheme
instanceKlass sun/security/ssl/SSLCipher$1
instanceKlass sun/security/ssl/SSLCipher$T13CC20P1305WriteCipherGenerator
instanceKlass sun/security/ssl/SSLCipher$T12CC20P1305WriteCipherGenerator
instanceKlass sun/security/ssl/SSLCipher$T13CC20P1305ReadCipherGenerator
instanceKlass sun/security/ssl/SSLCipher$T12CC20P1305ReadCipherGenerator
instanceKlass sun/security/ssl/SSLCipher$T13GcmWriteCipherGenerator
instanceKlass sun/security/ssl/SSLCipher$T13GcmReadCipherGenerator
instanceKlass sun/security/ssl/SSLCipher$T12GcmWriteCipherGenerator
instanceKlass sun/security/ssl/SSLCipher$T12GcmReadCipherGenerator
instanceKlass com/sun/crypto/provider/AESConstants
instanceKlass java/util/Vector$1
instanceKlass  @bci javax/crypto/JceSecurityManager <clinit> ()V 67 <appendix> argL0 ; # javax/crypto/JceSecurityManager$$Lambda+0x000001bc811fcc20
instanceKlass  @bci javax/crypto/JceSecurityManager <clinit> ()V 49 <appendix> argL0 ; # javax/crypto/JceSecurityManager$$Lambda+0x000001bc811fca08
instanceKlass javax/crypto/JceSecurityManager
instanceKlass sun/security/ssl/SSLCipher$T11BlockWriteCipherGenerator
instanceKlass sun/security/ssl/SSLCipher$T11BlockReadCipherGenerator
instanceKlass com/sun/crypto/provider/PKCS5Padding
instanceKlass com/sun/crypto/provider/Padding
instanceKlass com/sun/crypto/provider/FeedbackCipher
instanceKlass com/sun/crypto/provider/SymmetricCipher
instanceKlass com/sun/crypto/provider/DESConstants
instanceKlass com/sun/crypto/provider/CipherCore
instanceKlass sun/security/ssl/SSLCipher$T10BlockWriteCipherGenerator
instanceKlass sun/security/ssl/SSLCipher$T10BlockReadCipherGenerator
instanceKlass javax/crypto/CipherSpi
instanceKlass  @bci javax/crypto/ProviderVerifier isTrustedModule ()Z 61 <appendix> argL0 ; # javax/crypto/ProviderVerifier$$Lambda+0x000001bc811fa1e0
instanceKlass javax/crypto/ProviderVerifier$1
instanceKlass javax/crypto/ProviderVerifier
instanceKlass javax/crypto/JceSecurity$3
instanceKlass javax/crypto/JceSecurity$2
instanceKlass java/net/spi/URLStreamHandlerProvider
instanceKlass java/net/URL$1
instanceKlass java/net/URL$2
instanceKlass jdk/internal/misc/ThreadTracker
instanceKlass java/net/URL$ThreadTrackHolder
instanceKlass java/util/Vector$Itr
instanceKlass javax/crypto/CryptoPolicyParser$CryptoPermissionEntry
instanceKlass javax/crypto/CryptoPolicyParser$GrantEntry
instanceKlass java/io/StreamTokenizer
instanceKlass javax/crypto/CryptoPolicyParser
instanceKlass sun/nio/fs/WindowsFileSystemProvider$1
instanceKlass javax/crypto/JceSecurity$1
instanceKlass javax/crypto/JceSecurity
instanceKlass sun/security/jca/ProviderList$ServiceList$1
instanceKlass sun/security/jca/ServiceId
instanceKlass javax/crypto/Cipher$Transform
instanceKlass javax/crypto/Cipher
instanceKlass sun/security/ssl/SSLCipher$StreamWriteCipherGenerator
instanceKlass sun/security/ssl/SSLCipher$StreamReadCipherGenerator
instanceKlass sun/security/ssl/SSLCipher$NullWriteCipherGenerator
instanceKlass sun/security/ssl/SSLCipher$WriteCipherGenerator
instanceKlass sun/security/ssl/SSLCipher$NullReadCipherGenerator
instanceKlass sun/security/ssl/SSLCipher$ReadCipherGenerator
instanceKlass sun/security/util/DisabledAlgorithmConstraints$Constraints$Holder
instanceKlass java/util/StringTokenizer
instanceKlass sun/security/util/DisabledAlgorithmConstraints$Constraint
instanceKlass sun/security/util/DisabledAlgorithmConstraints$Constraints
instanceKlass sun/security/util/AbstractAlgorithmConstraints$1
instanceKlass sun/security/util/AlgorithmDecomposer
instanceKlass sun/security/util/AbstractAlgorithmConstraints
instanceKlass sun/security/ssl/SSLAlgorithmConstraints
instanceKlass java/security/AlgorithmConstraints
instanceKlass sun/security/ssl/SSLLogger
instanceKlass javax/net/ssl/SSLContextSpi
instanceKlass javax/net/ssl/SSLContext
instanceKlass jdk/internal/net/http/common/HttpBodySubscriberWrapper$1
instanceKlass  @bci jdk/internal/net/http/common/HttpBodySubscriberWrapper <clinit> ()V 16 <appendix> argL0 ; # jdk/internal/net/http/common/HttpBodySubscriberWrapper$$Lambda+0x000001bc8122fdc8
instanceKlass java/util/concurrent/Flow$Subscription
instanceKlass jdk/internal/net/http/common/HttpBodySubscriberWrapper
instanceKlass jdk/internal/net/http/ResponseSubscribers$TrustedSubscriber
instanceKlass java/net/http/HttpResponse$BodySubscriber
instanceKlass java/util/concurrent/Flow$Subscriber
instanceKlass  @bci jdk/internal/net/http/HttpConnection <clinit> ()V 41 <appendix> argL0 ; # jdk/internal/net/http/HttpConnection$$Lambda+0x000001bc8122f790
instanceKlass  @bci jdk/internal/net/http/HttpConnection <clinit> ()V 30 <appendix> argL0 ; # jdk/internal/net/http/HttpConnection$$Lambda+0x000001bc8122f558
instanceKlass  @bci jdk/internal/net/http/HttpConnection <clinit> ()V 16 <appendix> argL0 ; # jdk/internal/net/http/HttpConnection$$Lambda+0x000001bc8122f340
instanceKlass jdk/internal/net/http/HttpClientImpl$SSLDirectBufferSupplier
instanceKlass  @bci jdk/internal/net/http/HttpClientImpl <init> (Ljdk/internal/net/http/HttpClientBuilderImpl;Ljdk/internal/net/http/HttpClientImpl$SingleFacadeFactory;)V 38 <appendix> member <vmtarget> ; # jdk/internal/net/http/HttpClientImpl$$Lambda+0x000001bc8122dfc0
instanceKlass  @bci jdk/internal/net/http/HttpClientImpl <init> (Ljdk/internal/net/http/HttpClientBuilderImpl;Ljdk/internal/net/http/HttpClientImpl$SingleFacadeFactory;)V 22 <appendix> member <vmtarget> ; # jdk/internal/net/http/HttpClientImpl$$Lambda+0x000001bc8122dda0
instanceKlass  @bci jdk/internal/net/http/common/DebugLogger <clinit> ()V 79 <appendix> member <vmtarget> ; # jdk/internal/net/http/common/DebugLogger$$Lambda+0x000001bc8122db80
instanceKlass  @bci jdk/internal/net/http/common/DebugLogger <clinit> ()V 56 <appendix> member <vmtarget> ; # jdk/internal/net/http/common/DebugLogger$$Lambda+0x000001bc8122d960
instanceKlass  @bci jdk/internal/net/http/common/DebugLogger <clinit> ()V 33 <appendix> member <vmtarget> ; # jdk/internal/net/http/common/DebugLogger$$Lambda+0x000001bc8122d740
instanceKlass jdk/internal/net/http/common/DebugLogger
instanceKlass  @bci jdk/internal/net/http/HttpClientImpl <init> (Ljdk/internal/net/http/HttpClientBuilderImpl;Ljdk/internal/net/http/HttpClientImpl$SingleFacadeFactory;)V 6 <appendix> member <vmtarget> ; # jdk/internal/net/http/HttpClientImpl$$Lambda+0x000001bc8122d1f0
instanceKlass jdk/internal/net/http/HttpClientImpl$SingleFacadeFactory
instanceKlass  @bci jdk/internal/net/http/common/Utils <clinit> ()V 331 <appendix> argL0 ; # jdk/internal/net/http/common/Utils$$Lambda+0x000001bc8122cda0
instanceKlass  @bci jdk/internal/net/http/common/Utils <clinit> ()V 323 <appendix> argL0 ; # jdk/internal/net/http/common/Utils$$Lambda+0x000001bc8122cb58
instanceKlass  @bci jdk/internal/net/http/common/Utils <clinit> ()V 315 <appendix> argL0 ; # jdk/internal/net/http/common/Utils$$Lambda+0x000001bc8122c910
instanceKlass  @bci java/util/stream/Collectors toUnmodifiableSet ()Ljava/util/stream/Collector; 19 <appendix> argL0 ; # java/util/stream/Collectors$$Lambda+0x000001bc811ee9b0
instanceKlass  @bci java/util/stream/Collectors toUnmodifiableSet ()Ljava/util/stream/Collector; 14 <appendix> argL0 ; # java/util/stream/Collectors$$Lambda+0x000001bc811ee770
instanceKlass  @bci java/util/stream/Collectors toUnmodifiableSet ()Ljava/util/stream/Collector; 9 <appendix> argL0 ; # java/util/stream/Collectors$$Lambda+0x000001bc811ee548
instanceKlass  @bci java/util/stream/Collectors toUnmodifiableSet ()Ljava/util/stream/Collector; 4 <appendix> argL0 ; # java/util/stream/Collectors$$Lambda+0x000001bc811ee330
instanceKlass  @bci jdk/internal/net/http/common/Utils <clinit> ()V 291 <appendix> argL0 ; # jdk/internal/net/http/common/Utils$$Lambda+0x000001bc8122c6c8
instanceKlass  @bci jdk/internal/net/http/common/Utils <clinit> ()V 281 <appendix> argL0 ; # jdk/internal/net/http/common/Utils$$Lambda+0x000001bc8122c490
instanceKlass  @bci jdk/internal/net/http/common/Utils <clinit> ()V 187 <appendix> argL0 ; # jdk/internal/net/http/common/Utils$$Lambda+0x000001bc8122c248
instanceKlass  @bci java/util/function/Predicate negate ()Ljava/util/function/Predicate; 1 <appendix> member <vmtarget> ; # java/util/function/Predicate$$Lambda+0x000001bc811ee0e0
instanceKlass  @cpi java/util/function/Predicate 75 form vmentry <vmtarget> ; # java/lang/invoke/LambdaForm$DMH+0x000001bc81228400
instanceKlass  @bci jdk/internal/net/http/common/Utils <clinit> ()V 168 <appendix> argL0 ; # jdk/internal/net/http/common/Utils$$Lambda+0x000001bc8122c000
instanceKlass  @bci jdk/internal/net/http/common/Utils <clinit> ()V 160 <appendix> member <vmtarget> ; # jdk/internal/net/http/common/Utils$$Lambda+0x000001bc81227d00
instanceKlass  @bci jdk/internal/net/http/common/Utils <clinit> ()V 150 <appendix> argL0 ; # jdk/internal/net/http/common/Utils$$Lambda+0x000001bc81227ab8
instanceKlass  @bci jdk/internal/net/http/common/Utils <clinit> ()V 142 <appendix> argL0 ; # jdk/internal/net/http/common/Utils$$Lambda+0x000001bc81227870
instanceKlass  @bci jdk/internal/net/http/common/Utils <clinit> ()V 134 <appendix> argL0 ; # jdk/internal/net/http/common/Utils$$Lambda+0x000001bc81227628
instanceKlass  @bci jdk/internal/net/http/common/Utils getNetProperty (Ljava/lang/String;)Ljava/lang/String; 1 <appendix> member <vmtarget> ; # jdk/internal/net/http/common/Utils$$Lambda+0x000001bc81227408
instanceKlass  @bci jdk/internal/net/http/common/Utils <clinit> ()V 120 <appendix> argL0 ; # jdk/internal/net/http/common/Utils$$Lambda+0x000001bc812271c0
instanceKlass java/util/function/BiPredicate
instanceKlass  @bci jdk/internal/net/http/common/Utils getIntegerNetProperty (Ljava/lang/String;I)I 2 <appendix> member <vmtarget> ; # jdk/internal/net/http/common/Utils$$Lambda+0x000001bc81226fa0
instanceKlass  @cpi jdk/internal/net/http/common/Utils 1274 form vmentry <vmtarget> ; # java/lang/invoke/LambdaForm$DMH+0x000001bc81228000
instanceKlass  @bci jdk/internal/net/http/common/Utils getProperty (Ljava/lang/String;)Ljava/lang/String; 1 <appendix> member <vmtarget> ; # jdk/internal/net/http/common/Utils$$Lambda+0x000001bc81226d80
instanceKlass  @bci jdk/internal/net/http/common/Utils getLoggerConfig (Ljava/lang/String;Ljdk/internal/net/http/common/DebugLogger$LoggerConfig;)Ljdk/internal/net/http/common/DebugLogger$LoggerConfig; 1 <appendix> member <vmtarget> ; # jdk/internal/net/http/common/Utils$$Lambda+0x000001bc81226b60
instanceKlass javax/net/ssl/SSLSession
instanceKlass jdk/internal/net/http/common/Logger
instanceKlass jdk/internal/net/http/common/Utils
instanceKlass jdk/internal/net/http/common/BufferSupplier
instanceKlass java/net/http/WebSocket$Builder
instanceKlass jdk/internal/net/http/common/OperationTrackers$Tracker
instanceKlass jdk/internal/net/http/HttpConnection
instanceKlass jdk/internal/net/http/websocket/WebSocketRequest
instanceKlass java/net/http/HttpRequest
instanceKlass sun/net/spi/DefaultProxySelector$1
instanceKlass java/net/Proxy
instanceKlass java/net/ProxySelector
instanceKlass jdk/internal/net/http/common/OperationTrackers$Trackable
instanceKlass jdk/internal/net/http/HttpClientBuilderImpl
instanceKlass java/net/http/HttpClient$Builder
instanceKlass java/net/http/HttpClient
instanceKlass com/naqqa/elasticsearch/bench/BenchHttpClient
instanceKlass  @bci com/naqqa/elasticsearch/node/Node startComponents ()V 2746 <appendix> member <vmtarget> ; # com/naqqa/elasticsearch/node/Node$$Lambda+0x000001bc8121f948
instanceKlass  @bci com/naqqa/elasticsearch/node/Node startComponents ()V 2700 <appendix> member <vmtarget> ; # com/naqqa/elasticsearch/node/Node$$Lambda+0x000001bc8121f728
instanceKlass  @bci com/naqqa/elasticsearch/node/Node startComponents ()V 2679 <appendix> member <vmtarget> ; # com/naqqa/elasticsearch/node/Node$$Lambda+0x000001bc8121f508
instanceKlass sun/net/httpserver/ServerImpl$1
instanceKlass java/util/LinkedList$Node
instanceKlass java/util/LinkedList$ListItr
instanceKlass com/sun/net/httpserver/Filter
instanceKlass  @bci com/naqqa/elasticsearch/http/jdk/JdkHttpServerTransport start ()V 114 <appendix> member <vmtarget> ; # com/naqqa/elasticsearch/http/jdk/JdkHttpServerTransport$$Lambda+0x000001bc8121f2e8
instanceKlass com/sun/net/httpserver/HttpExchange
instanceKlass com/sun/net/httpserver/Request
instanceKlass com/sun/net/httpserver/HttpHandler
instanceKlass java/util/Timer$ThreadReaper
instanceKlass java/util/TaskQueue
instanceKlass java/util/Timer
instanceKlass sun/net/httpserver/ServerImpl$Dispatcher
instanceKlass sun/net/httpserver/ContextList
instanceKlass sun/net/httpserver/ServerConfig$2
instanceKlass sun/util/logging/PlatformLogger$ConfigurableBridge$LoggerConfiguration
instanceKlass jdk/internal/logger/LoggerFinderLoader
instanceKlass  @bci java/lang/System$LoggerFinder accessProvider ()Ljava/lang/System$LoggerFinder; 8 <appendix> argL0 ; # java/lang/System$LoggerFinder$$Lambda+0x000001bc811e9810
instanceKlass jdk/internal/logger/LazyLoggers$LazyLoggerFactories
instanceKlass jdk/internal/logger/LazyLoggers$1
instanceKlass jdk/internal/logger/LazyLoggers
instanceKlass sun/net/httpserver/ServerConfig$1
instanceKlass sun/net/httpserver/ServerConfig
instanceKlass java/util/TimerTask
instanceKlass sun/net/httpserver/ServerImpl
instanceKlass com/sun/net/httpserver/HttpContext
instanceKlass com/sun/net/httpserver/spi/HttpServerProvider$1
instanceKlass com/sun/net/httpserver/spi/HttpServerProvider
instanceKlass com/naqqa/elasticsearch/http/CorsHandler
instanceKlass com/sun/net/httpserver/HttpServer
instanceKlass com/sun/net/httpserver/HttpsConfigurator
instanceKlass com/naqqa/elasticsearch/http/jdk/JdkHttpServerTransport
instanceKlass com/naqqa/elasticsearch/http/CorsConfig
instanceKlass com/naqqa/elasticsearch/http/HttpServerConfig
instanceKlass  @bci com/naqqa/elasticsearch/node/rest/NodeRestHandlers registerAll (Lcom/naqqa/elasticsearch/http/Router;)V 1128 <appendix> member <vmtarget> ; # com/naqqa/elasticsearch/node/rest/NodeRestHandlers$$Lambda+0x000001bc8121e3e0
instanceKlass  @bci com/naqqa/elasticsearch/node/rest/NodeRestHandlers registerAll (Lcom/naqqa/elasticsearch/http/Router;)V 1109 <appendix> member <vmtarget> ; # com/naqqa/elasticsearch/node/rest/NodeRestHandlers$$Lambda+0x000001bc8121e1c0
instanceKlass  @bci com/naqqa/elasticsearch/node/rest/NodeRestHandlers registerAll (Lcom/naqqa/elasticsearch/http/Router;)V 1090 <appendix> member <vmtarget> ; # com/naqqa/elasticsearch/node/rest/NodeRestHandlers$$Lambda+0x000001bc8121dfa0
instanceKlass  @bci com/naqqa/elasticsearch/node/rest/NodeRestHandlers registerAll (Lcom/naqqa/elasticsearch/http/Router;)V 1071 <appendix> member <vmtarget> ; # com/naqqa/elasticsearch/node/rest/NodeRestHandlers$$Lambda+0x000001bc8121dd80
instanceKlass  @bci com/naqqa/elasticsearch/node/rest/NodeRestHandlers registerAll (Lcom/naqqa/elasticsearch/http/Router;)V 1052 <appendix> member <vmtarget> ; # com/naqqa/elasticsearch/node/rest/NodeRestHandlers$$Lambda+0x000001bc8121db60
instanceKlass  @bci com/naqqa/elasticsearch/node/rest/NodeRestHandlers registerAll (Lcom/naqqa/elasticsearch/http/Router;)V 1033 <appendix> member <vmtarget> ; # com/naqqa/elasticsearch/node/rest/NodeRestHandlers$$Lambda+0x000001bc8121d940
instanceKlass  @bci com/naqqa/elasticsearch/node/rest/NodeRestHandlers registerAll (Lcom/naqqa/elasticsearch/http/Router;)V 1014 <appendix> member <vmtarget> ; # com/naqqa/elasticsearch/node/rest/NodeRestHandlers$$Lambda+0x000001bc8121d720
instanceKlass  @bci com/naqqa/elasticsearch/node/rest/NodeRestHandlers registerAll (Lcom/naqqa/elasticsearch/http/Router;)V 995 <appendix> member <vmtarget> ; # com/naqqa/elasticsearch/node/rest/NodeRestHandlers$$Lambda+0x000001bc8121d500
instanceKlass  @bci com/naqqa/elasticsearch/node/rest/NodeRestHandlers registerAll (Lcom/naqqa/elasticsearch/http/Router;)V 976 <appendix> member <vmtarget> ; # com/naqqa/elasticsearch/node/rest/NodeRestHandlers$$Lambda+0x000001bc8121d2e0
instanceKlass  @bci com/naqqa/elasticsearch/node/rest/NodeRestHandlers registerAll (Lcom/naqqa/elasticsearch/http/Router;)V 957 <appendix> member <vmtarget> ; # com/naqqa/elasticsearch/node/rest/NodeRestHandlers$$Lambda+0x000001bc8121d0c0
instanceKlass  @bci com/naqqa/elasticsearch/node/rest/NodeRestHandlers registerAll (Lcom/naqqa/elasticsearch/http/Router;)V 938 <appendix> member <vmtarget> ; # com/naqqa/elasticsearch/node/rest/NodeRestHandlers$$Lambda+0x000001bc8121cea0
instanceKlass  @bci com/naqqa/elasticsearch/node/rest/NodeRestHandlers registerAll (Lcom/naqqa/elasticsearch/http/Router;)V 919 <appendix> member <vmtarget> ; # com/naqqa/elasticsearch/node/rest/NodeRestHandlers$$Lambda+0x000001bc8121cc80
instanceKlass  @bci com/naqqa/elasticsearch/node/rest/NodeRestHandlers registerAll (Lcom/naqqa/elasticsearch/http/Router;)V 900 <appendix> member <vmtarget> ; # com/naqqa/elasticsearch/node/rest/NodeRestHandlers$$Lambda+0x000001bc8121ca60
instanceKlass  @bci com/naqqa/elasticsearch/node/rest/NodeRestHandlers registerAll (Lcom/naqqa/elasticsearch/http/Router;)V 881 <appendix> member <vmtarget> ; # com/naqqa/elasticsearch/node/rest/NodeRestHandlers$$Lambda+0x000001bc8121c840
instanceKlass  @bci com/naqqa/elasticsearch/node/rest/NodeRestHandlers registerAll (Lcom/naqqa/elasticsearch/http/Router;)V 862 <appendix> member <vmtarget> ; # com/naqqa/elasticsearch/node/rest/NodeRestHandlers$$Lambda+0x000001bc8121c620
instanceKlass  @bci com/naqqa/elasticsearch/node/rest/NodeRestHandlers registerAll (Lcom/naqqa/elasticsearch/http/Router;)V 843 <appendix> member <vmtarget> ; # com/naqqa/elasticsearch/node/rest/NodeRestHandlers$$Lambda+0x000001bc8121c400
instanceKlass  @bci com/naqqa/elasticsearch/node/rest/NodeRestHandlers registerAll (Lcom/naqqa/elasticsearch/http/Router;)V 824 <appendix> member <vmtarget> ; # com/naqqa/elasticsearch/node/rest/NodeRestHandlers$$Lambda+0x000001bc8121c1e0
instanceKlass  @bci com/naqqa/elasticsearch/node/rest/NodeRestHandlers registerAll (Lcom/naqqa/elasticsearch/http/Router;)V 805 <appendix> member <vmtarget> ; # com/naqqa/elasticsearch/node/rest/NodeRestHandlers$$Lambda+0x000001bc8121bfc0
instanceKlass  @bci com/naqqa/elasticsearch/node/rest/NodeRestHandlers registerAll (Lcom/naqqa/elasticsearch/http/Router;)V 786 <appendix> member <vmtarget> ; # com/naqqa/elasticsearch/node/rest/NodeRestHandlers$$Lambda+0x000001bc8121bda0
instanceKlass  @bci com/naqqa/elasticsearch/node/rest/NodeRestHandlers registerAll (Lcom/naqqa/elasticsearch/http/Router;)V 767 <appendix> member <vmtarget> ; # com/naqqa/elasticsearch/node/rest/NodeRestHandlers$$Lambda+0x000001bc8121bb80
instanceKlass  @bci com/naqqa/elasticsearch/node/rest/NodeRestHandlers registerAll (Lcom/naqqa/elasticsearch/http/Router;)V 748 <appendix> member <vmtarget> ; # com/naqqa/elasticsearch/node/rest/NodeRestHandlers$$Lambda+0x000001bc8121b960
instanceKlass  @bci com/naqqa/elasticsearch/node/rest/NodeRestHandlers registerAll (Lcom/naqqa/elasticsearch/http/Router;)V 729 <appendix> member <vmtarget> ; # com/naqqa/elasticsearch/node/rest/NodeRestHandlers$$Lambda+0x000001bc8121b740
instanceKlass  @bci com/naqqa/elasticsearch/node/rest/NodeRestHandlers registerAll (Lcom/naqqa/elasticsearch/http/Router;)V 710 <appendix> member <vmtarget> ; # com/naqqa/elasticsearch/node/rest/NodeRestHandlers$$Lambda+0x000001bc8121b520
instanceKlass  @bci com/naqqa/elasticsearch/node/rest/NodeRestHandlers registerAll (Lcom/naqqa/elasticsearch/http/Router;)V 691 <appendix> member <vmtarget> ; # com/naqqa/elasticsearch/node/rest/NodeRestHandlers$$Lambda+0x000001bc8121b300
instanceKlass  @bci com/naqqa/elasticsearch/node/rest/NodeRestHandlers registerAll (Lcom/naqqa/elasticsearch/http/Router;)V 673 <appendix> member <vmtarget> ; # com/naqqa/elasticsearch/node/rest/NodeRestHandlers$$Lambda+0x000001bc8121b0e0
instanceKlass  @bci com/naqqa/elasticsearch/node/rest/NodeRestHandlers registerAll (Lcom/naqqa/elasticsearch/http/Router;)V 655 <appendix> member <vmtarget> ; # com/naqqa/elasticsearch/node/rest/NodeRestHandlers$$Lambda+0x000001bc8121aec0
instanceKlass  @bci com/naqqa/elasticsearch/node/rest/NodeRestHandlers registerAll (Lcom/naqqa/elasticsearch/http/Router;)V 637 <appendix> member <vmtarget> ; # com/naqqa/elasticsearch/node/rest/NodeRestHandlers$$Lambda+0x000001bc8121aca0
instanceKlass  @bci com/naqqa/elasticsearch/node/rest/NodeRestHandlers registerAll (Lcom/naqqa/elasticsearch/http/Router;)V 619 <appendix> member <vmtarget> ; # com/naqqa/elasticsearch/node/rest/NodeRestHandlers$$Lambda+0x000001bc8121aa80
instanceKlass  @bci com/naqqa/elasticsearch/node/rest/NodeRestHandlers registerAll (Lcom/naqqa/elasticsearch/http/Router;)V 601 <appendix> member <vmtarget> ; # com/naqqa/elasticsearch/node/rest/NodeRestHandlers$$Lambda+0x000001bc8121a860
instanceKlass  @bci com/naqqa/elasticsearch/node/rest/NodeRestHandlers registerAll (Lcom/naqqa/elasticsearch/http/Router;)V 583 <appendix> member <vmtarget> ; # com/naqqa/elasticsearch/node/rest/NodeRestHandlers$$Lambda+0x000001bc8121a640
instanceKlass  @bci com/naqqa/elasticsearch/node/rest/NodeRestHandlers registerAll (Lcom/naqqa/elasticsearch/http/Router;)V 565 <appendix> member <vmtarget> ; # com/naqqa/elasticsearch/node/rest/NodeRestHandlers$$Lambda+0x000001bc8121a420
instanceKlass  @bci com/naqqa/elasticsearch/node/rest/NodeRestHandlers registerAll (Lcom/naqqa/elasticsearch/http/Router;)V 547 <appendix> member <vmtarget> ; # com/naqqa/elasticsearch/node/rest/NodeRestHandlers$$Lambda+0x000001bc8121a200
instanceKlass  @bci com/naqqa/elasticsearch/node/rest/NodeRestHandlers registerAll (Lcom/naqqa/elasticsearch/http/Router;)V 529 <appendix> member <vmtarget> ; # com/naqqa/elasticsearch/node/rest/NodeRestHandlers$$Lambda+0x000001bc81219fe0
instanceKlass  @bci com/naqqa/elasticsearch/node/rest/NodeRestHandlers registerAll (Lcom/naqqa/elasticsearch/http/Router;)V 511 <appendix> member <vmtarget> ; # com/naqqa/elasticsearch/node/rest/NodeRestHandlers$$Lambda+0x000001bc81219dc0
instanceKlass  @bci com/naqqa/elasticsearch/node/rest/NodeRestHandlers registerAll (Lcom/naqqa/elasticsearch/http/Router;)V 493 <appendix> member <vmtarget> ; # com/naqqa/elasticsearch/node/rest/NodeRestHandlers$$Lambda+0x000001bc81219ba0
instanceKlass  @bci com/naqqa/elasticsearch/node/rest/NodeRestHandlers registerAll (Lcom/naqqa/elasticsearch/http/Router;)V 475 <appendix> member <vmtarget> ; # com/naqqa/elasticsearch/node/rest/NodeRestHandlers$$Lambda+0x000001bc81219980
instanceKlass  @bci com/naqqa/elasticsearch/node/rest/NodeRestHandlers registerAll (Lcom/naqqa/elasticsearch/http/Router;)V 457 <appendix> member <vmtarget> ; # com/naqqa/elasticsearch/node/rest/NodeRestHandlers$$Lambda+0x000001bc81219760
instanceKlass  @bci com/naqqa/elasticsearch/node/rest/NodeRestHandlers registerAll (Lcom/naqqa/elasticsearch/http/Router;)V 439 <appendix> member <vmtarget> ; # com/naqqa/elasticsearch/node/rest/NodeRestHandlers$$Lambda+0x000001bc81219540
instanceKlass  @bci com/naqqa/elasticsearch/node/rest/NodeRestHandlers registerAll (Lcom/naqqa/elasticsearch/http/Router;)V 421 <appendix> member <vmtarget> ; # com/naqqa/elasticsearch/node/rest/NodeRestHandlers$$Lambda+0x000001bc81219320
instanceKlass  @bci com/naqqa/elasticsearch/node/rest/NodeRestHandlers registerAll (Lcom/naqqa/elasticsearch/http/Router;)V 403 <appendix> member <vmtarget> ; # com/naqqa/elasticsearch/node/rest/NodeRestHandlers$$Lambda+0x000001bc81219100
instanceKlass  @bci com/naqqa/elasticsearch/node/rest/NodeRestHandlers registerAll (Lcom/naqqa/elasticsearch/http/Router;)V 385 <appendix> member <vmtarget> ; # com/naqqa/elasticsearch/node/rest/NodeRestHandlers$$Lambda+0x000001bc81218ee0
instanceKlass  @bci com/naqqa/elasticsearch/node/rest/NodeRestHandlers registerAll (Lcom/naqqa/elasticsearch/http/Router;)V 367 <appendix> member <vmtarget> ; # com/naqqa/elasticsearch/node/rest/NodeRestHandlers$$Lambda+0x000001bc81218cc0
instanceKlass  @bci com/naqqa/elasticsearch/node/rest/NodeRestHandlers registerAll (Lcom/naqqa/elasticsearch/http/Router;)V 349 <appendix> member <vmtarget> ; # com/naqqa/elasticsearch/node/rest/NodeRestHandlers$$Lambda+0x000001bc81218aa0
instanceKlass  @bci com/naqqa/elasticsearch/node/rest/NodeRestHandlers registerAll (Lcom/naqqa/elasticsearch/http/Router;)V 331 <appendix> member <vmtarget> ; # com/naqqa/elasticsearch/node/rest/NodeRestHandlers$$Lambda+0x000001bc81218880
instanceKlass  @bci com/naqqa/elasticsearch/node/rest/NodeRestHandlers registerAll (Lcom/naqqa/elasticsearch/http/Router;)V 313 <appendix> member <vmtarget> ; # com/naqqa/elasticsearch/node/rest/NodeRestHandlers$$Lambda+0x000001bc81218660
instanceKlass  @bci com/naqqa/elasticsearch/node/rest/NodeRestHandlers registerAll (Lcom/naqqa/elasticsearch/http/Router;)V 295 <appendix> member <vmtarget> ; # com/naqqa/elasticsearch/node/rest/NodeRestHandlers$$Lambda+0x000001bc81218440
instanceKlass  @bci com/naqqa/elasticsearch/node/rest/NodeRestHandlers registerAll (Lcom/naqqa/elasticsearch/http/Router;)V 277 <appendix> member <vmtarget> ; # com/naqqa/elasticsearch/node/rest/NodeRestHandlers$$Lambda+0x000001bc81218220
instanceKlass  @bci com/naqqa/elasticsearch/node/rest/NodeRestHandlers registerAll (Lcom/naqqa/elasticsearch/http/Router;)V 259 <appendix> member <vmtarget> ; # com/naqqa/elasticsearch/node/rest/NodeRestHandlers$$Lambda+0x000001bc81218000
instanceKlass  @bci com/naqqa/elasticsearch/node/rest/NodeRestHandlers registerAll (Lcom/naqqa/elasticsearch/http/Router;)V 241 <appendix> member <vmtarget> ; # com/naqqa/elasticsearch/node/rest/NodeRestHandlers$$Lambda+0x000001bc81217d10
instanceKlass  @bci com/naqqa/elasticsearch/node/rest/NodeRestHandlers registerAll (Lcom/naqqa/elasticsearch/http/Router;)V 223 <appendix> member <vmtarget> ; # com/naqqa/elasticsearch/node/rest/NodeRestHandlers$$Lambda+0x000001bc81217af0
instanceKlass  @bci com/naqqa/elasticsearch/node/rest/NodeRestHandlers registerAll (Lcom/naqqa/elasticsearch/http/Router;)V 205 <appendix> member <vmtarget> ; # com/naqqa/elasticsearch/node/rest/NodeRestHandlers$$Lambda+0x000001bc812178d0
instanceKlass  @bci com/naqqa/elasticsearch/node/rest/NodeRestHandlers registerAll (Lcom/naqqa/elasticsearch/http/Router;)V 187 <appendix> member <vmtarget> ; # com/naqqa/elasticsearch/node/rest/NodeRestHandlers$$Lambda+0x000001bc812176b0
instanceKlass  @bci com/naqqa/elasticsearch/node/rest/NodeRestHandlers registerAll (Lcom/naqqa/elasticsearch/http/Router;)V 169 <appendix> member <vmtarget> ; # com/naqqa/elasticsearch/node/rest/NodeRestHandlers$$Lambda+0x000001bc81217490
instanceKlass  @bci com/naqqa/elasticsearch/node/rest/NodeRestHandlers registerAll (Lcom/naqqa/elasticsearch/http/Router;)V 151 <appendix> member <vmtarget> ; # com/naqqa/elasticsearch/node/rest/NodeRestHandlers$$Lambda+0x000001bc81217270
instanceKlass  @bci com/naqqa/elasticsearch/node/rest/NodeRestHandlers registerAll (Lcom/naqqa/elasticsearch/http/Router;)V 133 <appendix> member <vmtarget> ; # com/naqqa/elasticsearch/node/rest/NodeRestHandlers$$Lambda+0x000001bc81217050
instanceKlass  @bci com/naqqa/elasticsearch/node/rest/NodeRestHandlers registerAll (Lcom/naqqa/elasticsearch/http/Router;)V 115 <appendix> member <vmtarget> ; # com/naqqa/elasticsearch/node/rest/NodeRestHandlers$$Lambda+0x000001bc81216e30
instanceKlass  @bci com/naqqa/elasticsearch/node/rest/NodeRestHandlers registerAll (Lcom/naqqa/elasticsearch/http/Router;)V 97 <appendix> member <vmtarget> ; # com/naqqa/elasticsearch/node/rest/NodeRestHandlers$$Lambda+0x000001bc81216c10
instanceKlass  @bci com/naqqa/elasticsearch/node/rest/NodeRestHandlers registerAll (Lcom/naqqa/elasticsearch/http/Router;)V 79 <appendix> member <vmtarget> ; # com/naqqa/elasticsearch/node/rest/NodeRestHandlers$$Lambda+0x000001bc812169f0
instanceKlass  @bci com/naqqa/elasticsearch/node/rest/NodeRestHandlers registerAll (Lcom/naqqa/elasticsearch/http/Router;)V 61 <appendix> member <vmtarget> ; # com/naqqa/elasticsearch/node/rest/NodeRestHandlers$$Lambda+0x000001bc812167d0
instanceKlass  @bci com/naqqa/elasticsearch/node/rest/NodeRestHandlers registerAll (Lcom/naqqa/elasticsearch/http/Router;)V 43 <appendix> member <vmtarget> ; # com/naqqa/elasticsearch/node/rest/NodeRestHandlers$$Lambda+0x000001bc812165b0
instanceKlass  @bci com/naqqa/elasticsearch/node/rest/NodeRestHandlers registerAll (Lcom/naqqa/elasticsearch/http/Router;)V 25 <appendix> member <vmtarget> ; # com/naqqa/elasticsearch/node/rest/NodeRestHandlers$$Lambda+0x000001bc81216390
instanceKlass  @bci com/naqqa/elasticsearch/node/rest/NodeRestHandlers registerAll (Lcom/naqqa/elasticsearch/http/Router;)V 7 <appendix> member <vmtarget> ; # com/naqqa/elasticsearch/node/rest/NodeRestHandlers$$Lambda+0x000001bc81216170
instanceKlass  @bci com/naqqa/elasticsearch/node/action/NodeSlmActionService bind (Lcom/naqqa/elasticsearch/node/cluster/ClusterStateManager;)V 53 <appendix> member <vmtarget> ; # com/naqqa/elasticsearch/node/action/NodeSlmActionService$$Lambda+0x000001bc81215f50
instanceKlass  @bci com/naqqa/elasticsearch/node/action/NodeSlmActionService <clinit> ()V 8 <appendix> argL0 ; # com/naqqa/elasticsearch/node/action/NodeSlmActionService$$Lambda+0x000001bc81215d38
instanceKlass com/naqqa/elasticsearch/node/action/NodeSlmActionService
instanceKlass  @bci com/naqqa/elasticsearch/node/Node startComponents ()V 2420 <appendix> member <vmtarget> ; # com/naqqa/elasticsearch/node/Node$$Lambda+0x000001bc812158f8
instanceKlass  @bci com/naqqa/elasticsearch/node/Node startComponents ()V 2406 <appendix> member <vmtarget> ; # com/naqqa/elasticsearch/node/Node$$Lambda+0x000001bc812156d8
instanceKlass com/naqqa/elasticsearch/monitor/health/HealthReport
instanceKlass com/naqqa/elasticsearch/node/rest/NodeRestHandlers
instanceKlass  @bci com/naqqa/elasticsearch/rest/RestModule registerCat (Lcom/naqqa/elasticsearch/http/Router;Lcom/naqqa/elasticsearch/rest/cat/CatRestHandlers;)V 685 <appendix> member <vmtarget> ; # com/naqqa/elasticsearch/rest/RestModule$$Lambda+0x000001bc812150a8
instanceKlass  @bci com/naqqa/elasticsearch/rest/RestModule registerCat (Lcom/naqqa/elasticsearch/http/Router;Lcom/naqqa/elasticsearch/rest/cat/CatRestHandlers;)V 661 <appendix> member <vmtarget> ; # com/naqqa/elasticsearch/rest/RestModule$$Lambda+0x000001bc81214e88
instanceKlass  @bci com/naqqa/elasticsearch/rest/RestModule registerCat (Lcom/naqqa/elasticsearch/http/Router;Lcom/naqqa/elasticsearch/rest/cat/CatRestHandlers;)V 637 <appendix> member <vmtarget> ; # com/naqqa/elasticsearch/rest/RestModule$$Lambda+0x000001bc81214c68
instanceKlass  @bci com/naqqa/elasticsearch/rest/RestModule registerCat (Lcom/naqqa/elasticsearch/http/Router;Lcom/naqqa/elasticsearch/rest/cat/CatRestHandlers;)V 613 <appendix> member <vmtarget> ; # com/naqqa/elasticsearch/rest/RestModule$$Lambda+0x000001bc81214a48
instanceKlass  @bci com/naqqa/elasticsearch/rest/RestModule registerCat (Lcom/naqqa/elasticsearch/http/Router;Lcom/naqqa/elasticsearch/rest/cat/CatRestHandlers;)V 589 <appendix> member <vmtarget> ; # com/naqqa/elasticsearch/rest/RestModule$$Lambda+0x000001bc81214828
instanceKlass  @bci com/naqqa/elasticsearch/rest/RestModule registerCat (Lcom/naqqa/elasticsearch/http/Router;Lcom/naqqa/elasticsearch/rest/cat/CatRestHandlers;)V 565 <appendix> member <vmtarget> ; # com/naqqa/elasticsearch/rest/RestModule$$Lambda+0x000001bc81214608
instanceKlass  @bci com/naqqa/elasticsearch/rest/RestModule registerCat (Lcom/naqqa/elasticsearch/http/Router;Lcom/naqqa/elasticsearch/rest/cat/CatRestHandlers;)V 541 <appendix> member <vmtarget> ; # com/naqqa/elasticsearch/rest/RestModule$$Lambda+0x000001bc812143e8
instanceKlass  @bci com/naqqa/elasticsearch/rest/RestModule registerCat (Lcom/naqqa/elasticsearch/http/Router;Lcom/naqqa/elasticsearch/rest/cat/CatRestHandlers;)V 517 <appendix> member <vmtarget> ; # com/naqqa/elasticsearch/rest/RestModule$$Lambda+0x000001bc812141c8
instanceKlass  @bci com/naqqa/elasticsearch/rest/RestModule registerCat (Lcom/naqqa/elasticsearch/http/Router;Lcom/naqqa/elasticsearch/rest/cat/CatRestHandlers;)V 493 <appendix> member <vmtarget> ; # com/naqqa/elasticsearch/rest/RestModule$$Lambda+0x000001bc81213fa8
instanceKlass  @bci com/naqqa/elasticsearch/rest/RestModule registerCat (Lcom/naqqa/elasticsearch/http/Router;Lcom/naqqa/elasticsearch/rest/cat/CatRestHandlers;)V 469 <appendix> member <vmtarget> ; # com/naqqa/elasticsearch/rest/RestModule$$Lambda+0x000001bc81213d88
instanceKlass  @bci com/naqqa/elasticsearch/rest/RestModule registerCat (Lcom/naqqa/elasticsearch/http/Router;Lcom/naqqa/elasticsearch/rest/cat/CatRestHandlers;)V 445 <appendix> member <vmtarget> ; # com/naqqa/elasticsearch/rest/RestModule$$Lambda+0x000001bc81213b68
instanceKlass  @bci com/naqqa/elasticsearch/rest/RestModule registerCat (Lcom/naqqa/elasticsearch/http/Router;Lcom/naqqa/elasticsearch/rest/cat/CatRestHandlers;)V 421 <appendix> member <vmtarget> ; # com/naqqa/elasticsearch/rest/RestModule$$Lambda+0x000001bc81213948
instanceKlass  @bci com/naqqa/elasticsearch/rest/RestModule registerCat (Lcom/naqqa/elasticsearch/http/Router;Lcom/naqqa/elasticsearch/rest/cat/CatRestHandlers;)V 397 <appendix> member <vmtarget> ; # com/naqqa/elasticsearch/rest/RestModule$$Lambda+0x000001bc81213728
instanceKlass  @bci com/naqqa/elasticsearch/rest/RestModule registerCat (Lcom/naqqa/elasticsearch/http/Router;Lcom/naqqa/elasticsearch/rest/cat/CatRestHandlers;)V 373 <appendix> member <vmtarget> ; # com/naqqa/elasticsearch/rest/RestModule$$Lambda+0x000001bc81213508
instanceKlass  @bci com/naqqa/elasticsearch/rest/RestModule registerCat (Lcom/naqqa/elasticsearch/http/Router;Lcom/naqqa/elasticsearch/rest/cat/CatRestHandlers;)V 349 <appendix> member <vmtarget> ; # com/naqqa/elasticsearch/rest/RestModule$$Lambda+0x000001bc812132e8
instanceKlass  @bci com/naqqa/elasticsearch/rest/RestModule registerCat (Lcom/naqqa/elasticsearch/http/Router;Lcom/naqqa/elasticsearch/rest/cat/CatRestHandlers;)V 325 <appendix> member <vmtarget> ; # com/naqqa/elasticsearch/rest/RestModule$$Lambda+0x000001bc812130c8
instanceKlass  @bci com/naqqa/elasticsearch/rest/RestModule registerCat (Lcom/naqqa/elasticsearch/http/Router;Lcom/naqqa/elasticsearch/rest/cat/CatRestHandlers;)V 301 <appendix> member <vmtarget> ; # com/naqqa/elasticsearch/rest/RestModule$$Lambda+0x000001bc81212ea8
instanceKlass  @bci com/naqqa/elasticsearch/rest/RestModule registerCat (Lcom/naqqa/elasticsearch/http/Router;Lcom/naqqa/elasticsearch/rest/cat/CatRestHandlers;)V 277 <appendix> member <vmtarget> ; # com/naqqa/elasticsearch/rest/RestModule$$Lambda+0x000001bc81212c88
instanceKlass  @bci com/naqqa/elasticsearch/rest/RestModule registerCat (Lcom/naqqa/elasticsearch/http/Router;Lcom/naqqa/elasticsearch/rest/cat/CatRestHandlers;)V 253 <appendix> member <vmtarget> ; # com/naqqa/elasticsearch/rest/RestModule$$Lambda+0x000001bc81212a68
instanceKlass  @bci com/naqqa/elasticsearch/rest/RestModule registerCat (Lcom/naqqa/elasticsearch/http/Router;Lcom/naqqa/elasticsearch/rest/cat/CatRestHandlers;)V 229 <appendix> member <vmtarget> ; # com/naqqa/elasticsearch/rest/RestModule$$Lambda+0x000001bc81212848
instanceKlass  @bci com/naqqa/elasticsearch/rest/RestModule registerCat (Lcom/naqqa/elasticsearch/http/Router;Lcom/naqqa/elasticsearch/rest/cat/CatRestHandlers;)V 205 <appendix> member <vmtarget> ; # com/naqqa/elasticsearch/rest/RestModule$$Lambda+0x000001bc81212628
instanceKlass  @bci com/naqqa/elasticsearch/rest/RestModule registerCat (Lcom/naqqa/elasticsearch/http/Router;Lcom/naqqa/elasticsearch/rest/cat/CatRestHandlers;)V 181 <appendix> member <vmtarget> ; # com/naqqa/elasticsearch/rest/RestModule$$Lambda+0x000001bc81212408
instanceKlass  @bci com/naqqa/elasticsearch/rest/RestModule registerCat (Lcom/naqqa/elasticsearch/http/Router;Lcom/naqqa/elasticsearch/rest/cat/CatRestHandlers;)V 157 <appendix> member <vmtarget> ; # com/naqqa/elasticsearch/rest/RestModule$$Lambda+0x000001bc812121e8
instanceKlass  @bci com/naqqa/elasticsearch/rest/RestModule registerCat (Lcom/naqqa/elasticsearch/http/Router;Lcom/naqqa/elasticsearch/rest/cat/CatRestHandlers;)V 133 <appendix> member <vmtarget> ; # com/naqqa/elasticsearch/rest/RestModule$$Lambda+0x000001bc81211fc8
instanceKlass  @bci com/naqqa/elasticsearch/rest/RestModule registerCat (Lcom/naqqa/elasticsearch/http/Router;Lcom/naqqa/elasticsearch/rest/cat/CatRestHandlers;)V 109 <appendix> member <vmtarget> ; # com/naqqa/elasticsearch/rest/RestModule$$Lambda+0x000001bc81211da8
instanceKlass  @bci com/naqqa/elasticsearch/rest/RestModule registerCat (Lcom/naqqa/elasticsearch/http/Router;Lcom/naqqa/elasticsearch/rest/cat/CatRestHandlers;)V 85 <appendix> member <vmtarget> ; # com/naqqa/elasticsearch/rest/RestModule$$Lambda+0x000001bc81211b88
instanceKlass  @bci com/naqqa/elasticsearch/rest/RestModule registerCat (Lcom/naqqa/elasticsearch/http/Router;Lcom/naqqa/elasticsearch/rest/cat/CatRestHandlers;)V 61 <appendix> member <vmtarget> ; # com/naqqa/elasticsearch/rest/RestModule$$Lambda+0x000001bc81211968
instanceKlass  @bci com/naqqa/elasticsearch/rest/RestModule registerCat (Lcom/naqqa/elasticsearch/http/Router;Lcom/naqqa/elasticsearch/rest/cat/CatRestHandlers;)V 37 <appendix> member <vmtarget> ; # com/naqqa/elasticsearch/rest/RestModule$$Lambda+0x000001bc81211748
instanceKlass  @bci com/naqqa/elasticsearch/rest/RestModule registerCat (Lcom/naqqa/elasticsearch/http/Router;Lcom/naqqa/elasticsearch/rest/cat/CatRestHandlers;)V 13 <appendix> member <vmtarget> ; # com/naqqa/elasticsearch/rest/RestModule$$Lambda+0x000001bc81211528
instanceKlass com/naqqa/elasticsearch/rest/cat/CatRestHandlers
instanceKlass  @bci com/naqqa/elasticsearch/rest/RestModule registerCluster (Lcom/naqqa/elasticsearch/http/Router;Lcom/naqqa/elasticsearch/rest/cluster/ClusterAdminRestHandlers;)V 685 <appendix> member <vmtarget> ; # com/naqqa/elasticsearch/rest/RestModule$$Lambda+0x000001bc81211100
instanceKlass  @bci com/naqqa/elasticsearch/rest/RestModule registerCluster (Lcom/naqqa/elasticsearch/http/Router;Lcom/naqqa/elasticsearch/rest/cluster/ClusterAdminRestHandlers;)V 661 <appendix> member <vmtarget> ; # com/naqqa/elasticsearch/rest/RestModule$$Lambda+0x000001bc81210ee0
instanceKlass  @bci com/naqqa/elasticsearch/rest/RestModule registerCluster (Lcom/naqqa/elasticsearch/http/Router;Lcom/naqqa/elasticsearch/rest/cluster/ClusterAdminRestHandlers;)V 637 <appendix> member <vmtarget> ; # com/naqqa/elasticsearch/rest/RestModule$$Lambda+0x000001bc81210cc0
instanceKlass  @bci com/naqqa/elasticsearch/rest/RestModule registerCluster (Lcom/naqqa/elasticsearch/http/Router;Lcom/naqqa/elasticsearch/rest/cluster/ClusterAdminRestHandlers;)V 613 <appendix> member <vmtarget> ; # com/naqqa/elasticsearch/rest/RestModule$$Lambda+0x000001bc81210aa0
instanceKlass  @bci com/naqqa/elasticsearch/rest/RestModule registerCluster (Lcom/naqqa/elasticsearch/http/Router;Lcom/naqqa/elasticsearch/rest/cluster/ClusterAdminRestHandlers;)V 589 <appendix> member <vmtarget> ; # com/naqqa/elasticsearch/rest/RestModule$$Lambda+0x000001bc81210880
instanceKlass  @bci com/naqqa/elasticsearch/rest/RestModule registerCluster (Lcom/naqqa/elasticsearch/http/Router;Lcom/naqqa/elasticsearch/rest/cluster/ClusterAdminRestHandlers;)V 565 <appendix> member <vmtarget> ; # com/naqqa/elasticsearch/rest/RestModule$$Lambda+0x000001bc81210660
instanceKlass  @bci com/naqqa/elasticsearch/rest/RestModule registerCluster (Lcom/naqqa/elasticsearch/http/Router;Lcom/naqqa/elasticsearch/rest/cluster/ClusterAdminRestHandlers;)V 541 <appendix> member <vmtarget> ; # com/naqqa/elasticsearch/rest/RestModule$$Lambda+0x000001bc81210440
instanceKlass  @bci com/naqqa/elasticsearch/rest/RestModule registerCluster (Lcom/naqqa/elasticsearch/http/Router;Lcom/naqqa/elasticsearch/rest/cluster/ClusterAdminRestHandlers;)V 517 <appendix> member <vmtarget> ; # com/naqqa/elasticsearch/rest/RestModule$$Lambda+0x000001bc81210220
instanceKlass  @bci com/naqqa/elasticsearch/rest/RestModule registerCluster (Lcom/naqqa/elasticsearch/http/Router;Lcom/naqqa/elasticsearch/rest/cluster/ClusterAdminRestHandlers;)V 493 <appendix> member <vmtarget> ; # com/naqqa/elasticsearch/rest/RestModule$$Lambda+0x000001bc81210000
instanceKlass  @bci com/naqqa/elasticsearch/rest/RestModule registerCluster (Lcom/naqqa/elasticsearch/http/Router;Lcom/naqqa/elasticsearch/rest/cluster/ClusterAdminRestHandlers;)V 469 <appendix> member <vmtarget> ; # com/naqqa/elasticsearch/rest/RestModule$$Lambda+0x000001bc8120fd48
instanceKlass  @bci com/naqqa/elasticsearch/rest/RestModule registerCluster (Lcom/naqqa/elasticsearch/http/Router;Lcom/naqqa/elasticsearch/rest/cluster/ClusterAdminRestHandlers;)V 445 <appendix> member <vmtarget> ; # com/naqqa/elasticsearch/rest/RestModule$$Lambda+0x000001bc8120fb28
instanceKlass  @bci com/naqqa/elasticsearch/rest/RestModule registerCluster (Lcom/naqqa/elasticsearch/http/Router;Lcom/naqqa/elasticsearch/rest/cluster/ClusterAdminRestHandlers;)V 421 <appendix> member <vmtarget> ; # com/naqqa/elasticsearch/rest/RestModule$$Lambda+0x000001bc8120f908
instanceKlass  @bci com/naqqa/elasticsearch/rest/RestModule registerCluster (Lcom/naqqa/elasticsearch/http/Router;Lcom/naqqa/elasticsearch/rest/cluster/ClusterAdminRestHandlers;)V 397 <appendix> member <vmtarget> ; # com/naqqa/elasticsearch/rest/RestModule$$Lambda+0x000001bc8120f6e8
instanceKlass  @bci com/naqqa/elasticsearch/rest/RestModule registerCluster (Lcom/naqqa/elasticsearch/http/Router;Lcom/naqqa/elasticsearch/rest/cluster/ClusterAdminRestHandlers;)V 373 <appendix> member <vmtarget> ; # com/naqqa/elasticsearch/rest/RestModule$$Lambda+0x000001bc8120f4c8
instanceKlass  @bci com/naqqa/elasticsearch/rest/RestModule registerCluster (Lcom/naqqa/elasticsearch/http/Router;Lcom/naqqa/elasticsearch/rest/cluster/ClusterAdminRestHandlers;)V 349 <appendix> member <vmtarget> ; # com/naqqa/elasticsearch/rest/RestModule$$Lambda+0x000001bc8120f2a8
instanceKlass  @bci com/naqqa/elasticsearch/rest/RestModule registerCluster (Lcom/naqqa/elasticsearch/http/Router;Lcom/naqqa/elasticsearch/rest/cluster/ClusterAdminRestHandlers;)V 325 <appendix> member <vmtarget> ; # com/naqqa/elasticsearch/rest/RestModule$$Lambda+0x000001bc8120f088
instanceKlass  @bci com/naqqa/elasticsearch/rest/RestModule registerCluster (Lcom/naqqa/elasticsearch/http/Router;Lcom/naqqa/elasticsearch/rest/cluster/ClusterAdminRestHandlers;)V 301 <appendix> member <vmtarget> ; # com/naqqa/elasticsearch/rest/RestModule$$Lambda+0x000001bc8120ee68
instanceKlass  @bci com/naqqa/elasticsearch/rest/RestModule registerCluster (Lcom/naqqa/elasticsearch/http/Router;Lcom/naqqa/elasticsearch/rest/cluster/ClusterAdminRestHandlers;)V 277 <appendix> member <vmtarget> ; # com/naqqa/elasticsearch/rest/RestModule$$Lambda+0x000001bc8120ec48
instanceKlass  @bci com/naqqa/elasticsearch/rest/RestModule registerCluster (Lcom/naqqa/elasticsearch/http/Router;Lcom/naqqa/elasticsearch/rest/cluster/ClusterAdminRestHandlers;)V 253 <appendix> member <vmtarget> ; # com/naqqa/elasticsearch/rest/RestModule$$Lambda+0x000001bc8120ea28
instanceKlass  @bci com/naqqa/elasticsearch/rest/RestModule registerCluster (Lcom/naqqa/elasticsearch/http/Router;Lcom/naqqa/elasticsearch/rest/cluster/ClusterAdminRestHandlers;)V 229 <appendix> member <vmtarget> ; # com/naqqa/elasticsearch/rest/RestModule$$Lambda+0x000001bc8120e808
instanceKlass  @bci com/naqqa/elasticsearch/rest/RestModule registerCluster (Lcom/naqqa/elasticsearch/http/Router;Lcom/naqqa/elasticsearch/rest/cluster/ClusterAdminRestHandlers;)V 205 <appendix> member <vmtarget> ; # com/naqqa/elasticsearch/rest/RestModule$$Lambda+0x000001bc8120e5e8
instanceKlass  @bci com/naqqa/elasticsearch/rest/RestModule registerCluster (Lcom/naqqa/elasticsearch/http/Router;Lcom/naqqa/elasticsearch/rest/cluster/ClusterAdminRestHandlers;)V 181 <appendix> member <vmtarget> ; # com/naqqa/elasticsearch/rest/RestModule$$Lambda+0x000001bc8120e3c8
instanceKlass  @bci com/naqqa/elasticsearch/rest/RestModule registerCluster (Lcom/naqqa/elasticsearch/http/Router;Lcom/naqqa/elasticsearch/rest/cluster/ClusterAdminRestHandlers;)V 157 <appendix> member <vmtarget> ; # com/naqqa/elasticsearch/rest/RestModule$$Lambda+0x000001bc8120e1a8
instanceKlass  @bci com/naqqa/elasticsearch/rest/RestModule registerCluster (Lcom/naqqa/elasticsearch/http/Router;Lcom/naqqa/elasticsearch/rest/cluster/ClusterAdminRestHandlers;)V 133 <appendix> member <vmtarget> ; # com/naqqa/elasticsearch/rest/RestModule$$Lambda+0x000001bc8120df88
instanceKlass  @bci com/naqqa/elasticsearch/rest/RestModule registerCluster (Lcom/naqqa/elasticsearch/http/Router;Lcom/naqqa/elasticsearch/rest/cluster/ClusterAdminRestHandlers;)V 109 <appendix> member <vmtarget> ; # com/naqqa/elasticsearch/rest/RestModule$$Lambda+0x000001bc8120dd68
instanceKlass  @bci com/naqqa/elasticsearch/rest/RestModule registerCluster (Lcom/naqqa/elasticsearch/http/Router;Lcom/naqqa/elasticsearch/rest/cluster/ClusterAdminRestHandlers;)V 85 <appendix> member <vmtarget> ; # com/naqqa/elasticsearch/rest/RestModule$$Lambda+0x000001bc8120db48
instanceKlass  @bci com/naqqa/elasticsearch/rest/RestModule registerCluster (Lcom/naqqa/elasticsearch/http/Router;Lcom/naqqa/elasticsearch/rest/cluster/ClusterAdminRestHandlers;)V 61 <appendix> member <vmtarget> ; # com/naqqa/elasticsearch/rest/RestModule$$Lambda+0x000001bc8120d928
instanceKlass  @bci com/naqqa/elasticsearch/rest/RestModule registerCluster (Lcom/naqqa/elasticsearch/http/Router;Lcom/naqqa/elasticsearch/rest/cluster/ClusterAdminRestHandlers;)V 37 <appendix> member <vmtarget> ; # com/naqqa/elasticsearch/rest/RestModule$$Lambda+0x000001bc8120d708
instanceKlass  @bci com/naqqa/elasticsearch/rest/RestModule registerCluster (Lcom/naqqa/elasticsearch/http/Router;Lcom/naqqa/elasticsearch/rest/cluster/ClusterAdminRestHandlers;)V 13 <appendix> member <vmtarget> ; # com/naqqa/elasticsearch/rest/RestModule$$Lambda+0x000001bc8120d4e8
instanceKlass com/naqqa/elasticsearch/rest/cluster/ClusterAdminRestHandlers
instanceKlass  @bci com/naqqa/elasticsearch/rest/RestModule registerIndices (Lcom/naqqa/elasticsearch/http/Router;Lcom/naqqa/elasticsearch/rest/indices/IndexAdminRestHandlers;)V 1597 <appendix> member <vmtarget> ; # com/naqqa/elasticsearch/rest/RestModule$$Lambda+0x000001bc8120d0c0
instanceKlass  @bci com/naqqa/elasticsearch/rest/RestModule registerIndices (Lcom/naqqa/elasticsearch/http/Router;Lcom/naqqa/elasticsearch/rest/indices/IndexAdminRestHandlers;)V 1573 <appendix> member <vmtarget> ; # com/naqqa/elasticsearch/rest/RestModule$$Lambda+0x000001bc8120cea0
instanceKlass  @bci com/naqqa/elasticsearch/rest/RestModule registerIndices (Lcom/naqqa/elasticsearch/http/Router;Lcom/naqqa/elasticsearch/rest/indices/IndexAdminRestHandlers;)V 1549 <appendix> member <vmtarget> ; # com/naqqa/elasticsearch/rest/RestModule$$Lambda+0x000001bc8120cc80
instanceKlass  @bci com/naqqa/elasticsearch/rest/RestModule registerIndices (Lcom/naqqa/elasticsearch/http/Router;Lcom/naqqa/elasticsearch/rest/indices/IndexAdminRestHandlers;)V 1525 <appendix> member <vmtarget> ; # com/naqqa/elasticsearch/rest/RestModule$$Lambda+0x000001bc8120ca60
instanceKlass  @bci com/naqqa/elasticsearch/rest/RestModule registerIndices (Lcom/naqqa/elasticsearch/http/Router;Lcom/naqqa/elasticsearch/rest/indices/IndexAdminRestHandlers;)V 1501 <appendix> member <vmtarget> ; # com/naqqa/elasticsearch/rest/RestModule$$Lambda+0x000001bc8120c840
instanceKlass  @bci com/naqqa/elasticsearch/rest/RestModule registerIndices (Lcom/naqqa/elasticsearch/http/Router;Lcom/naqqa/elasticsearch/rest/indices/IndexAdminRestHandlers;)V 1477 <appendix> member <vmtarget> ; # com/naqqa/elasticsearch/rest/RestModule$$Lambda+0x000001bc8120c620
instanceKlass  @bci com/naqqa/elasticsearch/rest/RestModule registerIndices (Lcom/naqqa/elasticsearch/http/Router;Lcom/naqqa/elasticsearch/rest/indices/IndexAdminRestHandlers;)V 1453 <appendix> member <vmtarget> ; # com/naqqa/elasticsearch/rest/RestModule$$Lambda+0x000001bc8120c400
instanceKlass  @bci com/naqqa/elasticsearch/rest/RestModule registerIndices (Lcom/naqqa/elasticsearch/http/Router;Lcom/naqqa/elasticsearch/rest/indices/IndexAdminRestHandlers;)V 1429 <appendix> member <vmtarget> ; # com/naqqa/elasticsearch/rest/RestModule$$Lambda+0x000001bc8120c1e0
instanceKlass  @bci com/naqqa/elasticsearch/rest/RestModule registerIndices (Lcom/naqqa/elasticsearch/http/Router;Lcom/naqqa/elasticsearch/rest/indices/IndexAdminRestHandlers;)V 1405 <appendix> member <vmtarget> ; # com/naqqa/elasticsearch/rest/RestModule$$Lambda+0x000001bc8120bfc0
instanceKlass  @bci com/naqqa/elasticsearch/rest/RestModule registerIndices (Lcom/naqqa/elasticsearch/http/Router;Lcom/naqqa/elasticsearch/rest/indices/IndexAdminRestHandlers;)V 1381 <appendix> member <vmtarget> ; # com/naqqa/elasticsearch/rest/RestModule$$Lambda+0x000001bc8120bda0
instanceKlass  @bci com/naqqa/elasticsearch/rest/RestModule registerIndices (Lcom/naqqa/elasticsearch/http/Router;Lcom/naqqa/elasticsearch/rest/indices/IndexAdminRestHandlers;)V 1357 <appendix> member <vmtarget> ; # com/naqqa/elasticsearch/rest/RestModule$$Lambda+0x000001bc8120bb80
instanceKlass  @bci com/naqqa/elasticsearch/rest/RestModule registerIndices (Lcom/naqqa/elasticsearch/http/Router;Lcom/naqqa/elasticsearch/rest/indices/IndexAdminRestHandlers;)V 1333 <appendix> member <vmtarget> ; # com/naqqa/elasticsearch/rest/RestModule$$Lambda+0x000001bc8120b960
instanceKlass  @bci com/naqqa/elasticsearch/rest/RestModule registerIndices (Lcom/naqqa/elasticsearch/http/Router;Lcom/naqqa/elasticsearch/rest/indices/IndexAdminRestHandlers;)V 1309 <appendix> member <vmtarget> ; # com/naqqa/elasticsearch/rest/RestModule$$Lambda+0x000001bc8120b740
instanceKlass  @bci com/naqqa/elasticsearch/rest/RestModule registerIndices (Lcom/naqqa/elasticsearch/http/Router;Lcom/naqqa/elasticsearch/rest/indices/IndexAdminRestHandlers;)V 1285 <appendix> member <vmtarget> ; # com/naqqa/elasticsearch/rest/RestModule$$Lambda+0x000001bc8120b520
instanceKlass  @bci com/naqqa/elasticsearch/rest/RestModule registerIndices (Lcom/naqqa/elasticsearch/http/Router;Lcom/naqqa/elasticsearch/rest/indices/IndexAdminRestHandlers;)V 1261 <appendix> member <vmtarget> ; # com/naqqa/elasticsearch/rest/RestModule$$Lambda+0x000001bc8120b300
instanceKlass  @bci com/naqqa/elasticsearch/rest/RestModule registerIndices (Lcom/naqqa/elasticsearch/http/Router;Lcom/naqqa/elasticsearch/rest/indices/IndexAdminRestHandlers;)V 1237 <appendix> member <vmtarget> ; # com/naqqa/elasticsearch/rest/RestModule$$Lambda+0x000001bc8120b0e0
instanceKlass  @bci com/naqqa/elasticsearch/rest/RestModule registerIndices (Lcom/naqqa/elasticsearch/http/Router;Lcom/naqqa/elasticsearch/rest/indices/IndexAdminRestHandlers;)V 1213 <appendix> member <vmtarget> ; # com/naqqa/elasticsearch/rest/RestModule$$Lambda+0x000001bc8120aec0
instanceKlass  @bci com/naqqa/elasticsearch/rest/RestModule registerIndices (Lcom/naqqa/elasticsearch/http/Router;Lcom/naqqa/elasticsearch/rest/indices/IndexAdminRestHandlers;)V 1189 <appendix> member <vmtarget> ; # com/naqqa/elasticsearch/rest/RestModule$$Lambda+0x000001bc8120aca0
instanceKlass  @bci com/naqqa/elasticsearch/rest/RestModule registerIndices (Lcom/naqqa/elasticsearch/http/Router;Lcom/naqqa/elasticsearch/rest/indices/IndexAdminRestHandlers;)V 1165 <appendix> member <vmtarget> ; # com/naqqa/elasticsearch/rest/RestModule$$Lambda+0x000001bc8120aa80
instanceKlass  @bci com/naqqa/elasticsearch/rest/RestModule registerIndices (Lcom/naqqa/elasticsearch/http/Router;Lcom/naqqa/elasticsearch/rest/indices/IndexAdminRestHandlers;)V 1141 <appendix> member <vmtarget> ; # com/naqqa/elasticsearch/rest/RestModule$$Lambda+0x000001bc8120a860
instanceKlass  @bci com/naqqa/elasticsearch/rest/RestModule registerIndices (Lcom/naqqa/elasticsearch/http/Router;Lcom/naqqa/elasticsearch/rest/indices/IndexAdminRestHandlers;)V 1117 <appendix> member <vmtarget> ; # com/naqqa/elasticsearch/rest/RestModule$$Lambda+0x000001bc8120a640
instanceKlass  @bci com/naqqa/elasticsearch/rest/RestModule registerIndices (Lcom/naqqa/elasticsearch/http/Router;Lcom/naqqa/elasticsearch/rest/indices/IndexAdminRestHandlers;)V 1093 <appendix> member <vmtarget> ; # com/naqqa/elasticsearch/rest/RestModule$$Lambda+0x000001bc8120a420
instanceKlass  @bci com/naqqa/elasticsearch/rest/RestModule registerIndices (Lcom/naqqa/elasticsearch/http/Router;Lcom/naqqa/elasticsearch/rest/indices/IndexAdminRestHandlers;)V 1069 <appendix> member <vmtarget> ; # com/naqqa/elasticsearch/rest/RestModule$$Lambda+0x000001bc8120a200
instanceKlass  @bci com/naqqa/elasticsearch/rest/RestModule registerIndices (Lcom/naqqa/elasticsearch/http/Router;Lcom/naqqa/elasticsearch/rest/indices/IndexAdminRestHandlers;)V 1045 <appendix> member <vmtarget> ; # com/naqqa/elasticsearch/rest/RestModule$$Lambda+0x000001bc81209fe0
instanceKlass  @bci com/naqqa/elasticsearch/rest/RestModule registerIndices (Lcom/naqqa/elasticsearch/http/Router;Lcom/naqqa/elasticsearch/rest/indices/IndexAdminRestHandlers;)V 1021 <appendix> member <vmtarget> ; # com/naqqa/elasticsearch/rest/RestModule$$Lambda+0x000001bc81209dc0
instanceKlass  @bci com/naqqa/elasticsearch/rest/RestModule registerIndices (Lcom/naqqa/elasticsearch/http/Router;Lcom/naqqa/elasticsearch/rest/indices/IndexAdminRestHandlers;)V 997 <appendix> member <vmtarget> ; # com/naqqa/elasticsearch/rest/RestModule$$Lambda+0x000001bc81209ba0
instanceKlass  @bci com/naqqa/elasticsearch/rest/RestModule registerIndices (Lcom/naqqa/elasticsearch/http/Router;Lcom/naqqa/elasticsearch/rest/indices/IndexAdminRestHandlers;)V 973 <appendix> member <vmtarget> ; # com/naqqa/elasticsearch/rest/RestModule$$Lambda+0x000001bc81209980
instanceKlass  @bci com/naqqa/elasticsearch/rest/RestModule registerIndices (Lcom/naqqa/elasticsearch/http/Router;Lcom/naqqa/elasticsearch/rest/indices/IndexAdminRestHandlers;)V 949 <appendix> member <vmtarget> ; # com/naqqa/elasticsearch/rest/RestModule$$Lambda+0x000001bc81209760
instanceKlass  @bci com/naqqa/elasticsearch/rest/RestModule registerIndices (Lcom/naqqa/elasticsearch/http/Router;Lcom/naqqa/elasticsearch/rest/indices/IndexAdminRestHandlers;)V 925 <appendix> member <vmtarget> ; # com/naqqa/elasticsearch/rest/RestModule$$Lambda+0x000001bc81209540
instanceKlass  @bci com/naqqa/elasticsearch/rest/RestModule registerIndices (Lcom/naqqa/elasticsearch/http/Router;Lcom/naqqa/elasticsearch/rest/indices/IndexAdminRestHandlers;)V 901 <appendix> member <vmtarget> ; # com/naqqa/elasticsearch/rest/RestModule$$Lambda+0x000001bc81209320
instanceKlass  @bci com/naqqa/elasticsearch/rest/RestModule registerIndices (Lcom/naqqa/elasticsearch/http/Router;Lcom/naqqa/elasticsearch/rest/indices/IndexAdminRestHandlers;)V 877 <appendix> member <vmtarget> ; # com/naqqa/elasticsearch/rest/RestModule$$Lambda+0x000001bc81209100
instanceKlass  @bci com/naqqa/elasticsearch/rest/RestModule registerIndices (Lcom/naqqa/elasticsearch/http/Router;Lcom/naqqa/elasticsearch/rest/indices/IndexAdminRestHandlers;)V 853 <appendix> member <vmtarget> ; # com/naqqa/elasticsearch/rest/RestModule$$Lambda+0x000001bc81208ee0
instanceKlass  @bci com/naqqa/elasticsearch/rest/RestModule registerIndices (Lcom/naqqa/elasticsearch/http/Router;Lcom/naqqa/elasticsearch/rest/indices/IndexAdminRestHandlers;)V 829 <appendix> member <vmtarget> ; # com/naqqa/elasticsearch/rest/RestModule$$Lambda+0x000001bc81208cc0
instanceKlass  @bci com/naqqa/elasticsearch/rest/RestModule registerIndices (Lcom/naqqa/elasticsearch/http/Router;Lcom/naqqa/elasticsearch/rest/indices/IndexAdminRestHandlers;)V 805 <appendix> member <vmtarget> ; # com/naqqa/elasticsearch/rest/RestModule$$Lambda+0x000001bc81208aa0
instanceKlass  @bci com/naqqa/elasticsearch/rest/RestModule registerIndices (Lcom/naqqa/elasticsearch/http/Router;Lcom/naqqa/elasticsearch/rest/indices/IndexAdminRestHandlers;)V 781 <appendix> member <vmtarget> ; # com/naqqa/elasticsearch/rest/RestModule$$Lambda+0x000001bc81208880
instanceKlass  @bci com/naqqa/elasticsearch/rest/RestModule registerIndices (Lcom/naqqa/elasticsearch/http/Router;Lcom/naqqa/elasticsearch/rest/indices/IndexAdminRestHandlers;)V 757 <appendix> member <vmtarget> ; # com/naqqa/elasticsearch/rest/RestModule$$Lambda+0x000001bc81208660
instanceKlass  @bci com/naqqa/elasticsearch/rest/RestModule registerIndices (Lcom/naqqa/elasticsearch/http/Router;Lcom/naqqa/elasticsearch/rest/indices/IndexAdminRestHandlers;)V 733 <appendix> member <vmtarget> ; # com/naqqa/elasticsearch/rest/RestModule$$Lambda+0x000001bc81208440
instanceKlass  @bci com/naqqa/elasticsearch/rest/RestModule registerIndices (Lcom/naqqa/elasticsearch/http/Router;Lcom/naqqa/elasticsearch/rest/indices/IndexAdminRestHandlers;)V 709 <appendix> member <vmtarget> ; # com/naqqa/elasticsearch/rest/RestModule$$Lambda+0x000001bc81208220
instanceKlass  @bci com/naqqa/elasticsearch/rest/RestModule registerIndices (Lcom/naqqa/elasticsearch/http/Router;Lcom/naqqa/elasticsearch/rest/indices/IndexAdminRestHandlers;)V 685 <appendix> member <vmtarget> ; # com/naqqa/elasticsearch/rest/RestModule$$Lambda+0x000001bc81208000
instanceKlass  @bci com/naqqa/elasticsearch/rest/RestModule registerIndices (Lcom/naqqa/elasticsearch/http/Router;Lcom/naqqa/elasticsearch/rest/indices/IndexAdminRestHandlers;)V 661 <appendix> member <vmtarget> ; # com/naqqa/elasticsearch/rest/RestModule$$Lambda+0x000001bc81207d48
instanceKlass  @bci com/naqqa/elasticsearch/rest/RestModule registerIndices (Lcom/naqqa/elasticsearch/http/Router;Lcom/naqqa/elasticsearch/rest/indices/IndexAdminRestHandlers;)V 637 <appendix> member <vmtarget> ; # com/naqqa/elasticsearch/rest/RestModule$$Lambda+0x000001bc81207b28
instanceKlass  @bci com/naqqa/elasticsearch/rest/RestModule registerIndices (Lcom/naqqa/elasticsearch/http/Router;Lcom/naqqa/elasticsearch/rest/indices/IndexAdminRestHandlers;)V 613 <appendix> member <vmtarget> ; # com/naqqa/elasticsearch/rest/RestModule$$Lambda+0x000001bc81207908
instanceKlass  @bci com/naqqa/elasticsearch/rest/RestModule registerIndices (Lcom/naqqa/elasticsearch/http/Router;Lcom/naqqa/elasticsearch/rest/indices/IndexAdminRestHandlers;)V 589 <appendix> member <vmtarget> ; # com/naqqa/elasticsearch/rest/RestModule$$Lambda+0x000001bc812076e8
instanceKlass  @bci com/naqqa/elasticsearch/rest/RestModule registerIndices (Lcom/naqqa/elasticsearch/http/Router;Lcom/naqqa/elasticsearch/rest/indices/IndexAdminRestHandlers;)V 565 <appendix> member <vmtarget> ; # com/naqqa/elasticsearch/rest/RestModule$$Lambda+0x000001bc812074c8
instanceKlass  @bci com/naqqa/elasticsearch/rest/RestModule registerIndices (Lcom/naqqa/elasticsearch/http/Router;Lcom/naqqa/elasticsearch/rest/indices/IndexAdminRestHandlers;)V 541 <appendix> member <vmtarget> ; # com/naqqa/elasticsearch/rest/RestModule$$Lambda+0x000001bc812072a8
instanceKlass  @bci com/naqqa/elasticsearch/rest/RestModule registerIndices (Lcom/naqqa/elasticsearch/http/Router;Lcom/naqqa/elasticsearch/rest/indices/IndexAdminRestHandlers;)V 517 <appendix> member <vmtarget> ; # com/naqqa/elasticsearch/rest/RestModule$$Lambda+0x000001bc81207088
instanceKlass  @bci com/naqqa/elasticsearch/rest/RestModule registerIndices (Lcom/naqqa/elasticsearch/http/Router;Lcom/naqqa/elasticsearch/rest/indices/IndexAdminRestHandlers;)V 493 <appendix> member <vmtarget> ; # com/naqqa/elasticsearch/rest/RestModule$$Lambda+0x000001bc81206e68
instanceKlass  @bci com/naqqa/elasticsearch/rest/RestModule registerIndices (Lcom/naqqa/elasticsearch/http/Router;Lcom/naqqa/elasticsearch/rest/indices/IndexAdminRestHandlers;)V 469 <appendix> member <vmtarget> ; # com/naqqa/elasticsearch/rest/RestModule$$Lambda+0x000001bc81206c48
instanceKlass  @bci com/naqqa/elasticsearch/rest/RestModule registerIndices (Lcom/naqqa/elasticsearch/http/Router;Lcom/naqqa/elasticsearch/rest/indices/IndexAdminRestHandlers;)V 445 <appendix> member <vmtarget> ; # com/naqqa/elasticsearch/rest/RestModule$$Lambda+0x000001bc81206a28
instanceKlass  @bci com/naqqa/elasticsearch/rest/RestModule registerIndices (Lcom/naqqa/elasticsearch/http/Router;Lcom/naqqa/elasticsearch/rest/indices/IndexAdminRestHandlers;)V 421 <appendix> member <vmtarget> ; # com/naqqa/elasticsearch/rest/RestModule$$Lambda+0x000001bc81206808
instanceKlass  @bci com/naqqa/elasticsearch/rest/RestModule registerIndices (Lcom/naqqa/elasticsearch/http/Router;Lcom/naqqa/elasticsearch/rest/indices/IndexAdminRestHandlers;)V 397 <appendix> member <vmtarget> ; # com/naqqa/elasticsearch/rest/RestModule$$Lambda+0x000001bc812065e8
instanceKlass  @bci com/naqqa/elasticsearch/rest/RestModule registerIndices (Lcom/naqqa/elasticsearch/http/Router;Lcom/naqqa/elasticsearch/rest/indices/IndexAdminRestHandlers;)V 373 <appendix> member <vmtarget> ; # com/naqqa/elasticsearch/rest/RestModule$$Lambda+0x000001bc812063c8
instanceKlass  @bci com/naqqa/elasticsearch/rest/RestModule registerIndices (Lcom/naqqa/elasticsearch/http/Router;Lcom/naqqa/elasticsearch/rest/indices/IndexAdminRestHandlers;)V 349 <appendix> member <vmtarget> ; # com/naqqa/elasticsearch/rest/RestModule$$Lambda+0x000001bc812061a8
instanceKlass  @bci com/naqqa/elasticsearch/rest/RestModule registerIndices (Lcom/naqqa/elasticsearch/http/Router;Lcom/naqqa/elasticsearch/rest/indices/IndexAdminRestHandlers;)V 325 <appendix> member <vmtarget> ; # com/naqqa/elasticsearch/rest/RestModule$$Lambda+0x000001bc81205f88
instanceKlass  @bci com/naqqa/elasticsearch/rest/RestModule registerIndices (Lcom/naqqa/elasticsearch/http/Router;Lcom/naqqa/elasticsearch/rest/indices/IndexAdminRestHandlers;)V 301 <appendix> member <vmtarget> ; # com/naqqa/elasticsearch/rest/RestModule$$Lambda+0x000001bc81205d68
instanceKlass  @bci com/naqqa/elasticsearch/rest/RestModule registerIndices (Lcom/naqqa/elasticsearch/http/Router;Lcom/naqqa/elasticsearch/rest/indices/IndexAdminRestHandlers;)V 277 <appendix> member <vmtarget> ; # com/naqqa/elasticsearch/rest/RestModule$$Lambda+0x000001bc81205b48
instanceKlass  @bci com/naqqa/elasticsearch/rest/RestModule registerIndices (Lcom/naqqa/elasticsearch/http/Router;Lcom/naqqa/elasticsearch/rest/indices/IndexAdminRestHandlers;)V 253 <appendix> member <vmtarget> ; # com/naqqa/elasticsearch/rest/RestModule$$Lambda+0x000001bc81205928
instanceKlass  @bci com/naqqa/elasticsearch/rest/RestModule registerIndices (Lcom/naqqa/elasticsearch/http/Router;Lcom/naqqa/elasticsearch/rest/indices/IndexAdminRestHandlers;)V 229 <appendix> member <vmtarget> ; # com/naqqa/elasticsearch/rest/RestModule$$Lambda+0x000001bc81205708
instanceKlass  @bci com/naqqa/elasticsearch/rest/RestModule registerIndices (Lcom/naqqa/elasticsearch/http/Router;Lcom/naqqa/elasticsearch/rest/indices/IndexAdminRestHandlers;)V 205 <appendix> member <vmtarget> ; # com/naqqa/elasticsearch/rest/RestModule$$Lambda+0x000001bc812054e8
instanceKlass  @bci com/naqqa/elasticsearch/rest/RestModule registerIndices (Lcom/naqqa/elasticsearch/http/Router;Lcom/naqqa/elasticsearch/rest/indices/IndexAdminRestHandlers;)V 181 <appendix> member <vmtarget> ; # com/naqqa/elasticsearch/rest/RestModule$$Lambda+0x000001bc812052c8
instanceKlass  @bci com/naqqa/elasticsearch/rest/RestModule registerIndices (Lcom/naqqa/elasticsearch/http/Router;Lcom/naqqa/elasticsearch/rest/indices/IndexAdminRestHandlers;)V 157 <appendix> member <vmtarget> ; # com/naqqa/elasticsearch/rest/RestModule$$Lambda+0x000001bc812050a8
instanceKlass  @bci com/naqqa/elasticsearch/rest/RestModule registerIndices (Lcom/naqqa/elasticsearch/http/Router;Lcom/naqqa/elasticsearch/rest/indices/IndexAdminRestHandlers;)V 133 <appendix> member <vmtarget> ; # com/naqqa/elasticsearch/rest/RestModule$$Lambda+0x000001bc81204e88
instanceKlass  @bci com/naqqa/elasticsearch/rest/RestModule registerIndices (Lcom/naqqa/elasticsearch/http/Router;Lcom/naqqa/elasticsearch/rest/indices/IndexAdminRestHandlers;)V 109 <appendix> member <vmtarget> ; # com/naqqa/elasticsearch/rest/RestModule$$Lambda+0x000001bc81204c68
instanceKlass  @bci com/naqqa/elasticsearch/rest/RestModule registerIndices (Lcom/naqqa/elasticsearch/http/Router;Lcom/naqqa/elasticsearch/rest/indices/IndexAdminRestHandlers;)V 85 <appendix> member <vmtarget> ; # com/naqqa/elasticsearch/rest/RestModule$$Lambda+0x000001bc81204a48
instanceKlass  @bci com/naqqa/elasticsearch/rest/RestModule registerIndices (Lcom/naqqa/elasticsearch/http/Router;Lcom/naqqa/elasticsearch/rest/indices/IndexAdminRestHandlers;)V 61 <appendix> member <vmtarget> ; # com/naqqa/elasticsearch/rest/RestModule$$Lambda+0x000001bc81204828
instanceKlass  @bci com/naqqa/elasticsearch/rest/RestModule registerIndices (Lcom/naqqa/elasticsearch/http/Router;Lcom/naqqa/elasticsearch/rest/indices/IndexAdminRestHandlers;)V 37 <appendix> member <vmtarget> ; # com/naqqa/elasticsearch/rest/RestModule$$Lambda+0x000001bc81204608
instanceKlass  @bci com/naqqa/elasticsearch/rest/RestModule registerIndices (Lcom/naqqa/elasticsearch/http/Router;Lcom/naqqa/elasticsearch/rest/indices/IndexAdminRestHandlers;)V 13 <appendix> member <vmtarget> ; # com/naqqa/elasticsearch/rest/RestModule$$Lambda+0x000001bc812043e8
instanceKlass com/naqqa/elasticsearch/rest/indices/IndexAdminRestHandlers
instanceKlass  @bci com/naqqa/elasticsearch/rest/RestModule registerSearch (Lcom/naqqa/elasticsearch/http/Router;Lcom/naqqa/elasticsearch/rest/search/SearchRestHandlers;)V 996 <appendix> member <vmtarget> ; # com/naqqa/elasticsearch/rest/RestModule$$Lambda+0x000001bc81203fc0
instanceKlass  @bci com/naqqa/elasticsearch/rest/RestModule registerSearch (Lcom/naqqa/elasticsearch/http/Router;Lcom/naqqa/elasticsearch/rest/search/SearchRestHandlers;)V 972 <appendix> member <vmtarget> ; # com/naqqa/elasticsearch/rest/RestModule$$Lambda+0x000001bc81203da0
instanceKlass  @bci com/naqqa/elasticsearch/rest/RestModule registerSearch (Lcom/naqqa/elasticsearch/http/Router;Lcom/naqqa/elasticsearch/rest/search/SearchRestHandlers;)V 948 <appendix> member <vmtarget> ; # com/naqqa/elasticsearch/rest/RestModule$$Lambda+0x000001bc81203b80
instanceKlass  @bci com/naqqa/elasticsearch/rest/RestModule registerSearch (Lcom/naqqa/elasticsearch/http/Router;Lcom/naqqa/elasticsearch/rest/search/SearchRestHandlers;)V 924 <appendix> member <vmtarget> ; # com/naqqa/elasticsearch/rest/RestModule$$Lambda+0x000001bc81203960
instanceKlass  @bci com/naqqa/elasticsearch/rest/RestModule registerSearch (Lcom/naqqa/elasticsearch/http/Router;Lcom/naqqa/elasticsearch/rest/search/SearchRestHandlers;)V 900 <appendix> member <vmtarget> ; # com/naqqa/elasticsearch/rest/RestModule$$Lambda+0x000001bc81203740
instanceKlass  @bci com/naqqa/elasticsearch/rest/RestModule registerSearch (Lcom/naqqa/elasticsearch/http/Router;Lcom/naqqa/elasticsearch/rest/search/SearchRestHandlers;)V 876 <appendix> member <vmtarget> ; # com/naqqa/elasticsearch/rest/RestModule$$Lambda+0x000001bc81203520
instanceKlass  @bci com/naqqa/elasticsearch/rest/RestModule registerSearch (Lcom/naqqa/elasticsearch/http/Router;Lcom/naqqa/elasticsearch/rest/search/SearchRestHandlers;)V 852 <appendix> member <vmtarget> ; # com/naqqa/elasticsearch/rest/RestModule$$Lambda+0x000001bc81203300
instanceKlass  @bci com/naqqa/elasticsearch/rest/RestModule registerSearch (Lcom/naqqa/elasticsearch/http/Router;Lcom/naqqa/elasticsearch/rest/search/SearchRestHandlers;)V 828 <appendix> member <vmtarget> ; # com/naqqa/elasticsearch/rest/RestModule$$Lambda+0x000001bc812030e0
instanceKlass  @bci com/naqqa/elasticsearch/rest/RestModule registerSearch (Lcom/naqqa/elasticsearch/http/Router;Lcom/naqqa/elasticsearch/rest/search/SearchRestHandlers;)V 804 <appendix> member <vmtarget> ; # com/naqqa/elasticsearch/rest/RestModule$$Lambda+0x000001bc81202ec0
instanceKlass  @bci com/naqqa/elasticsearch/rest/RestModule registerSearch (Lcom/naqqa/elasticsearch/http/Router;Lcom/naqqa/elasticsearch/rest/search/SearchRestHandlers;)V 780 <appendix> member <vmtarget> ; # com/naqqa/elasticsearch/rest/RestModule$$Lambda+0x000001bc81202ca0
instanceKlass  @bci com/naqqa/elasticsearch/rest/RestModule registerSearch (Lcom/naqqa/elasticsearch/http/Router;Lcom/naqqa/elasticsearch/rest/search/SearchRestHandlers;)V 756 <appendix> member <vmtarget> ; # com/naqqa/elasticsearch/rest/RestModule$$Lambda+0x000001bc81202a80
instanceKlass  @bci com/naqqa/elasticsearch/rest/RestModule registerSearch (Lcom/naqqa/elasticsearch/http/Router;Lcom/naqqa/elasticsearch/rest/search/SearchRestHandlers;)V 732 <appendix> member <vmtarget> ; # com/naqqa/elasticsearch/rest/RestModule$$Lambda+0x000001bc81202860
instanceKlass  @bci com/naqqa/elasticsearch/rest/RestModule registerSearch (Lcom/naqqa/elasticsearch/http/Router;Lcom/naqqa/elasticsearch/rest/search/SearchRestHandlers;)V 708 <appendix> member <vmtarget> ; # com/naqqa/elasticsearch/rest/RestModule$$Lambda+0x000001bc81202640
instanceKlass  @bci com/naqqa/elasticsearch/rest/RestModule registerSearch (Lcom/naqqa/elasticsearch/http/Router;Lcom/naqqa/elasticsearch/rest/search/SearchRestHandlers;)V 684 <appendix> member <vmtarget> ; # com/naqqa/elasticsearch/rest/RestModule$$Lambda+0x000001bc81202420
instanceKlass  @bci com/naqqa/elasticsearch/rest/RestModule registerSearch (Lcom/naqqa/elasticsearch/http/Router;Lcom/naqqa/elasticsearch/rest/search/SearchRestHandlers;)V 660 <appendix> member <vmtarget> ; # com/naqqa/elasticsearch/rest/RestModule$$Lambda+0x000001bc81202200
instanceKlass  @bci com/naqqa/elasticsearch/rest/RestModule registerSearch (Lcom/naqqa/elasticsearch/http/Router;Lcom/naqqa/elasticsearch/rest/search/SearchRestHandlers;)V 636 <appendix> member <vmtarget> ; # com/naqqa/elasticsearch/rest/RestModule$$Lambda+0x000001bc81201fe0
instanceKlass  @bci com/naqqa/elasticsearch/rest/RestModule registerSearch (Lcom/naqqa/elasticsearch/http/Router;Lcom/naqqa/elasticsearch/rest/search/SearchRestHandlers;)V 612 <appendix> member <vmtarget> ; # com/naqqa/elasticsearch/rest/RestModule$$Lambda+0x000001bc81201dc0
instanceKlass  @bci com/naqqa/elasticsearch/rest/RestModule registerSearch (Lcom/naqqa/elasticsearch/http/Router;Lcom/naqqa/elasticsearch/rest/search/SearchRestHandlers;)V 588 <appendix> member <vmtarget> ; # com/naqqa/elasticsearch/rest/RestModule$$Lambda+0x000001bc81201ba0
instanceKlass  @bci com/naqqa/elasticsearch/rest/RestModule registerSearch (Lcom/naqqa/elasticsearch/http/Router;Lcom/naqqa/elasticsearch/rest/search/SearchRestHandlers;)V 564 <appendix> member <vmtarget> ; # com/naqqa/elasticsearch/rest/RestModule$$Lambda+0x000001bc81201980
instanceKlass  @bci com/naqqa/elasticsearch/rest/RestModule registerSearch (Lcom/naqqa/elasticsearch/http/Router;Lcom/naqqa/elasticsearch/rest/search/SearchRestHandlers;)V 541 <appendix> member <vmtarget> ; # com/naqqa/elasticsearch/rest/RestModule$$Lambda+0x000001bc81201760
instanceKlass  @bci com/naqqa/elasticsearch/rest/RestModule registerSearch (Lcom/naqqa/elasticsearch/http/Router;Lcom/naqqa/elasticsearch/rest/search/SearchRestHandlers;)V 518 <appendix> member <vmtarget> ; # com/naqqa/elasticsearch/rest/RestModule$$Lambda+0x000001bc81201540
instanceKlass  @bci com/naqqa/elasticsearch/rest/RestModule registerSearch (Lcom/naqqa/elasticsearch/http/Router;Lcom/naqqa/elasticsearch/rest/search/SearchRestHandlers;)V 495 <appendix> member <vmtarget> ; # com/naqqa/elasticsearch/rest/RestModule$$Lambda+0x000001bc81201320
instanceKlass  @bci com/naqqa/elasticsearch/rest/RestModule registerSearch (Lcom/naqqa/elasticsearch/http/Router;Lcom/naqqa/elasticsearch/rest/search/SearchRestHandlers;)V 472 <appendix> member <vmtarget> ; # com/naqqa/elasticsearch/rest/RestModule$$Lambda+0x000001bc81201100
instanceKlass  @bci com/naqqa/elasticsearch/rest/RestModule registerSearch (Lcom/naqqa/elasticsearch/http/Router;Lcom/naqqa/elasticsearch/rest/search/SearchRestHandlers;)V 449 <appendix> member <vmtarget> ; # com/naqqa/elasticsearch/rest/RestModule$$Lambda+0x000001bc81200ee0
instanceKlass  @bci com/naqqa/elasticsearch/rest/RestModule registerSearch (Lcom/naqqa/elasticsearch/http/Router;Lcom/naqqa/elasticsearch/rest/search/SearchRestHandlers;)V 426 <appendix> member <vmtarget> ; # com/naqqa/elasticsearch/rest/RestModule$$Lambda+0x000001bc81200cc0
instanceKlass  @bci com/naqqa/elasticsearch/rest/RestModule registerSearch (Lcom/naqqa/elasticsearch/http/Router;Lcom/naqqa/elasticsearch/rest/search/SearchRestHandlers;)V 403 <appendix> member <vmtarget> ; # com/naqqa/elasticsearch/rest/RestModule$$Lambda+0x000001bc81200aa0
instanceKlass  @bci com/naqqa/elasticsearch/rest/RestModule registerSearch (Lcom/naqqa/elasticsearch/http/Router;Lcom/naqqa/elasticsearch/rest/search/SearchRestHandlers;)V 380 <appendix> member <vmtarget> ; # com/naqqa/elasticsearch/rest/RestModule$$Lambda+0x000001bc81200880
instanceKlass  @bci com/naqqa/elasticsearch/rest/RestModule registerSearch (Lcom/naqqa/elasticsearch/http/Router;Lcom/naqqa/elasticsearch/rest/search/SearchRestHandlers;)V 357 <appendix> member <vmtarget> ; # com/naqqa/elasticsearch/rest/RestModule$$Lambda+0x000001bc81200660
instanceKlass  @bci com/naqqa/elasticsearch/rest/RestModule registerSearch (Lcom/naqqa/elasticsearch/http/Router;Lcom/naqqa/elasticsearch/rest/search/SearchRestHandlers;)V 334 <appendix> member <vmtarget> ; # com/naqqa/elasticsearch/rest/RestModule$$Lambda+0x000001bc81200440
instanceKlass  @bci com/naqqa/elasticsearch/rest/RestModule registerSearch (Lcom/naqqa/elasticsearch/http/Router;Lcom/naqqa/elasticsearch/rest/search/SearchRestHandlers;)V 311 <appendix> member <vmtarget> ; # com/naqqa/elasticsearch/rest/RestModule$$Lambda+0x000001bc81200220
instanceKlass  @bci com/naqqa/elasticsearch/rest/RestModule registerSearch (Lcom/naqqa/elasticsearch/http/Router;Lcom/naqqa/elasticsearch/rest/search/SearchRestHandlers;)V 288 <appendix> member <vmtarget> ; # com/naqqa/elasticsearch/rest/RestModule$$Lambda+0x000001bc81200000
instanceKlass  @bci com/naqqa/elasticsearch/rest/RestModule registerSearch (Lcom/naqqa/elasticsearch/http/Router;Lcom/naqqa/elasticsearch/rest/search/SearchRestHandlers;)V 265 <appendix> member <vmtarget> ; # com/naqqa/elasticsearch/rest/RestModule$$Lambda+0x000001bc811dfbf8
instanceKlass  @bci com/naqqa/elasticsearch/rest/RestModule registerSearch (Lcom/naqqa/elasticsearch/http/Router;Lcom/naqqa/elasticsearch/rest/search/SearchRestHandlers;)V 242 <appendix> member <vmtarget> ; # com/naqqa/elasticsearch/rest/RestModule$$Lambda+0x000001bc811df9d8
instanceKlass  @bci com/naqqa/elasticsearch/rest/RestModule registerSearch (Lcom/naqqa/elasticsearch/http/Router;Lcom/naqqa/elasticsearch/rest/search/SearchRestHandlers;)V 219 <appendix> member <vmtarget> ; # com/naqqa/elasticsearch/rest/RestModule$$Lambda+0x000001bc811df7b8
instanceKlass  @bci com/naqqa/elasticsearch/rest/RestModule registerSearch (Lcom/naqqa/elasticsearch/http/Router;Lcom/naqqa/elasticsearch/rest/search/SearchRestHandlers;)V 196 <appendix> member <vmtarget> ; # com/naqqa/elasticsearch/rest/RestModule$$Lambda+0x000001bc811df598
instanceKlass  @bci com/naqqa/elasticsearch/rest/RestModule registerSearch (Lcom/naqqa/elasticsearch/http/Router;Lcom/naqqa/elasticsearch/rest/search/SearchRestHandlers;)V 173 <appendix> member <vmtarget> ; # com/naqqa/elasticsearch/rest/RestModule$$Lambda+0x000001bc811df378
instanceKlass  @bci com/naqqa/elasticsearch/rest/RestModule registerSearch (Lcom/naqqa/elasticsearch/http/Router;Lcom/naqqa/elasticsearch/rest/search/SearchRestHandlers;)V 150 <appendix> member <vmtarget> ; # com/naqqa/elasticsearch/rest/RestModule$$Lambda+0x000001bc811df158
instanceKlass  @bci com/naqqa/elasticsearch/rest/RestModule registerSearch (Lcom/naqqa/elasticsearch/http/Router;Lcom/naqqa/elasticsearch/rest/search/SearchRestHandlers;)V 127 <appendix> member <vmtarget> ; # com/naqqa/elasticsearch/rest/RestModule$$Lambda+0x000001bc811def38
instanceKlass  @bci com/naqqa/elasticsearch/rest/RestModule registerSearch (Lcom/naqqa/elasticsearch/http/Router;Lcom/naqqa/elasticsearch/rest/search/SearchRestHandlers;)V 104 <appendix> member <vmtarget> ; # com/naqqa/elasticsearch/rest/RestModule$$Lambda+0x000001bc811ded18
instanceKlass  @bci com/naqqa/elasticsearch/rest/RestModule registerSearch (Lcom/naqqa/elasticsearch/http/Router;Lcom/naqqa/elasticsearch/rest/search/SearchRestHandlers;)V 81 <appendix> member <vmtarget> ; # com/naqqa/elasticsearch/rest/RestModule$$Lambda+0x000001bc811deaf8
instanceKlass  @bci com/naqqa/elasticsearch/rest/RestModule registerSearch (Lcom/naqqa/elasticsearch/http/Router;Lcom/naqqa/elasticsearch/rest/search/SearchRestHandlers;)V 58 <appendix> member <vmtarget> ; # com/naqqa/elasticsearch/rest/RestModule$$Lambda+0x000001bc811de8d8
instanceKlass  @bci com/naqqa/elasticsearch/rest/RestModule registerSearch (Lcom/naqqa/elasticsearch/http/Router;Lcom/naqqa/elasticsearch/rest/search/SearchRestHandlers;)V 35 <appendix> member <vmtarget> ; # com/naqqa/elasticsearch/rest/RestModule$$Lambda+0x000001bc811de6b8
instanceKlass  @bci com/naqqa/elasticsearch/rest/RestModule registerSearch (Lcom/naqqa/elasticsearch/http/Router;Lcom/naqqa/elasticsearch/rest/search/SearchRestHandlers;)V 12 <appendix> member <vmtarget> ; # com/naqqa/elasticsearch/rest/RestModule$$Lambda+0x000001bc811de498
instanceKlass com/naqqa/elasticsearch/rest/search/SearchRestHandlers
instanceKlass  @bci com/naqqa/elasticsearch/rest/RestModule registerDocument (Lcom/naqqa/elasticsearch/http/Router;Lcom/naqqa/elasticsearch/rest/document/DocumentRestHandlers;)V 656 <appendix> member <vmtarget> ; # com/naqqa/elasticsearch/rest/RestModule$$Lambda+0x000001bc811de070
instanceKlass  @bci com/naqqa/elasticsearch/rest/RestModule registerDocument (Lcom/naqqa/elasticsearch/http/Router;Lcom/naqqa/elasticsearch/rest/document/DocumentRestHandlers;)V 633 <appendix> member <vmtarget> ; # com/naqqa/elasticsearch/rest/RestModule$$Lambda+0x000001bc811dde50
instanceKlass  @bci com/naqqa/elasticsearch/rest/RestModule registerDocument (Lcom/naqqa/elasticsearch/http/Router;Lcom/naqqa/elasticsearch/rest/document/DocumentRestHandlers;)V 610 <appendix> member <vmtarget> ; # com/naqqa/elasticsearch/rest/RestModule$$Lambda+0x000001bc811ddc30
instanceKlass  @bci com/naqqa/elasticsearch/rest/RestModule registerDocument (Lcom/naqqa/elasticsearch/http/Router;Lcom/naqqa/elasticsearch/rest/document/DocumentRestHandlers;)V 587 <appendix> member <vmtarget> ; # com/naqqa/elasticsearch/rest/RestModule$$Lambda+0x000001bc811dda10
instanceKlass  @bci com/naqqa/elasticsearch/rest/RestModule registerDocument (Lcom/naqqa/elasticsearch/http/Router;Lcom/naqqa/elasticsearch/rest/document/DocumentRestHandlers;)V 564 <appendix> member <vmtarget> ; # com/naqqa/elasticsearch/rest/RestModule$$Lambda+0x000001bc811dd7f0
instanceKlass  @bci com/naqqa/elasticsearch/rest/RestModule registerDocument (Lcom/naqqa/elasticsearch/http/Router;Lcom/naqqa/elasticsearch/rest/document/DocumentRestHandlers;)V 541 <appendix> member <vmtarget> ; # com/naqqa/elasticsearch/rest/RestModule$$Lambda+0x000001bc811dd5d0
instanceKlass  @bci com/naqqa/elasticsearch/rest/RestModule registerDocument (Lcom/naqqa/elasticsearch/http/Router;Lcom/naqqa/elasticsearch/rest/document/DocumentRestHandlers;)V 518 <appendix> member <vmtarget> ; # com/naqqa/elasticsearch/rest/RestModule$$Lambda+0x000001bc811dd3b0
instanceKlass  @bci com/naqqa/elasticsearch/rest/RestModule registerDocument (Lcom/naqqa/elasticsearch/http/Router;Lcom/naqqa/elasticsearch/rest/document/DocumentRestHandlers;)V 495 <appendix> member <vmtarget> ; # com/naqqa/elasticsearch/rest/RestModule$$Lambda+0x000001bc811dd190
instanceKlass  @bci com/naqqa/elasticsearch/rest/RestModule registerDocument (Lcom/naqqa/elasticsearch/http/Router;Lcom/naqqa/elasticsearch/rest/document/DocumentRestHandlers;)V 472 <appendix> member <vmtarget> ; # com/naqqa/elasticsearch/rest/RestModule$$Lambda+0x000001bc811dcf70
instanceKlass  @bci com/naqqa/elasticsearch/rest/RestModule registerDocument (Lcom/naqqa/elasticsearch/http/Router;Lcom/naqqa/elasticsearch/rest/document/DocumentRestHandlers;)V 449 <appendix> member <vmtarget> ; # com/naqqa/elasticsearch/rest/RestModule$$Lambda+0x000001bc811dcd50
instanceKlass  @bci com/naqqa/elasticsearch/rest/RestModule registerDocument (Lcom/naqqa/elasticsearch/http/Router;Lcom/naqqa/elasticsearch/rest/document/DocumentRestHandlers;)V 426 <appendix> member <vmtarget> ; # com/naqqa/elasticsearch/rest/RestModule$$Lambda+0x000001bc811dcb30
instanceKlass  @bci com/naqqa/elasticsearch/rest/RestModule registerDocument (Lcom/naqqa/elasticsearch/http/Router;Lcom/naqqa/elasticsearch/rest/document/DocumentRestHandlers;)V 403 <appendix> member <vmtarget> ; # com/naqqa/elasticsearch/rest/RestModule$$Lambda+0x000001bc811dc910
instanceKlass  @bci com/naqqa/elasticsearch/rest/RestModule registerDocument (Lcom/naqqa/elasticsearch/http/Router;Lcom/naqqa/elasticsearch/rest/document/DocumentRestHandlers;)V 380 <appendix> member <vmtarget> ; # com/naqqa/elasticsearch/rest/RestModule$$Lambda+0x000001bc811dc6f0
instanceKlass  @bci com/naqqa/elasticsearch/rest/RestModule registerDocument (Lcom/naqqa/elasticsearch/http/Router;Lcom/naqqa/elasticsearch/rest/document/DocumentRestHandlers;)V 357 <appendix> member <vmtarget> ; # com/naqqa/elasticsearch/rest/RestModule$$Lambda+0x000001bc811dc4d0
instanceKlass  @bci com/naqqa/elasticsearch/rest/RestModule registerDocument (Lcom/naqqa/elasticsearch/http/Router;Lcom/naqqa/elasticsearch/rest/document/DocumentRestHandlers;)V 334 <appendix> member <vmtarget> ; # com/naqqa/elasticsearch/rest/RestModule$$Lambda+0x000001bc811dc2b0
instanceKlass  @bci com/naqqa/elasticsearch/rest/RestModule registerDocument (Lcom/naqqa/elasticsearch/http/Router;Lcom/naqqa/elasticsearch/rest/document/DocumentRestHandlers;)V 311 <appendix> member <vmtarget> ; # com/naqqa/elasticsearch/rest/RestModule$$Lambda+0x000001bc811dc090
instanceKlass  @bci com/naqqa/elasticsearch/rest/RestModule registerDocument (Lcom/naqqa/elasticsearch/http/Router;Lcom/naqqa/elasticsearch/rest/document/DocumentRestHandlers;)V 288 <appendix> member <vmtarget> ; # com/naqqa/elasticsearch/rest/RestModule$$Lambda+0x000001bc811dbe70
instanceKlass  @bci com/naqqa/elasticsearch/rest/RestModule registerDocument (Lcom/naqqa/elasticsearch/http/Router;Lcom/naqqa/elasticsearch/rest/document/DocumentRestHandlers;)V 265 <appendix> member <vmtarget> ; # com/naqqa/elasticsearch/rest/RestModule$$Lambda+0x000001bc811dbc50
instanceKlass  @bci com/naqqa/elasticsearch/rest/RestModule registerDocument (Lcom/naqqa/elasticsearch/http/Router;Lcom/naqqa/elasticsearch/rest/document/DocumentRestHandlers;)V 242 <appendix> member <vmtarget> ; # com/naqqa/elasticsearch/rest/RestModule$$Lambda+0x000001bc811dba30
instanceKlass  @bci com/naqqa/elasticsearch/rest/RestModule registerDocument (Lcom/naqqa/elasticsearch/http/Router;Lcom/naqqa/elasticsearch/rest/document/DocumentRestHandlers;)V 219 <appendix> member <vmtarget> ; # com/naqqa/elasticsearch/rest/RestModule$$Lambda+0x000001bc811db810
instanceKlass  @bci com/naqqa/elasticsearch/rest/RestModule registerDocument (Lcom/naqqa/elasticsearch/http/Router;Lcom/naqqa/elasticsearch/rest/document/DocumentRestHandlers;)V 196 <appendix> member <vmtarget> ; # com/naqqa/elasticsearch/rest/RestModule$$Lambda+0x000001bc811db5f0
instanceKlass  @bci com/naqqa/elasticsearch/rest/RestModule registerDocument (Lcom/naqqa/elasticsearch/http/Router;Lcom/naqqa/elasticsearch/rest/document/DocumentRestHandlers;)V 173 <appendix> member <vmtarget> ; # com/naqqa/elasticsearch/rest/RestModule$$Lambda+0x000001bc811db3d0
instanceKlass  @bci com/naqqa/elasticsearch/rest/RestModule registerDocument (Lcom/naqqa/elasticsearch/http/Router;Lcom/naqqa/elasticsearch/rest/document/DocumentRestHandlers;)V 150 <appendix> member <vmtarget> ; # com/naqqa/elasticsearch/rest/RestModule$$Lambda+0x000001bc811db1b0
instanceKlass  @bci com/naqqa/elasticsearch/rest/RestModule registerDocument (Lcom/naqqa/elasticsearch/http/Router;Lcom/naqqa/elasticsearch/rest/document/DocumentRestHandlers;)V 127 <appendix> member <vmtarget> ; # com/naqqa/elasticsearch/rest/RestModule$$Lambda+0x000001bc811daf90
instanceKlass  @bci com/naqqa/elasticsearch/rest/RestModule registerDocument (Lcom/naqqa/elasticsearch/http/Router;Lcom/naqqa/elasticsearch/rest/document/DocumentRestHandlers;)V 104 <appendix> member <vmtarget> ; # com/naqqa/elasticsearch/rest/RestModule$$Lambda+0x000001bc811dad70
instanceKlass  @bci com/naqqa/elasticsearch/rest/RestModule registerDocument (Lcom/naqqa/elasticsearch/http/Router;Lcom/naqqa/elasticsearch/rest/document/DocumentRestHandlers;)V 81 <appendix> member <vmtarget> ; # com/naqqa/elasticsearch/rest/RestModule$$Lambda+0x000001bc811dab50
instanceKlass  @bci com/naqqa/elasticsearch/rest/RestModule registerDocument (Lcom/naqqa/elasticsearch/http/Router;Lcom/naqqa/elasticsearch/rest/document/DocumentRestHandlers;)V 58 <appendix> member <vmtarget> ; # com/naqqa/elasticsearch/rest/RestModule$$Lambda+0x000001bc811da930
instanceKlass  @bci com/naqqa/elasticsearch/rest/RestModule registerDocument (Lcom/naqqa/elasticsearch/http/Router;Lcom/naqqa/elasticsearch/rest/document/DocumentRestHandlers;)V 35 <appendix> member <vmtarget> ; # com/naqqa/elasticsearch/rest/RestModule$$Lambda+0x000001bc811da710
instanceKlass com/naqqa/elasticsearch/http/PathPattern$Segment
instanceKlass  @bci com/naqqa/elasticsearch/rest/RestModule registerDocument (Lcom/naqqa/elasticsearch/http/Router;Lcom/naqqa/elasticsearch/rest/document/DocumentRestHandlers;)V 12 <appendix> member <vmtarget> ; # com/naqqa/elasticsearch/rest/RestModule$$Lambda+0x000001bc811d9ee8
instanceKlass  @bci com/naqqa/elasticsearch/rest/RestModule registerAll (Lcom/naqqa/elasticsearch/http/Router;Lcom/naqqa/elasticsearch/rest/RestServices;)V 34 <appendix> member <vmtarget> ; # com/naqqa/elasticsearch/rest/RestModule$$Lambda+0x000001bc811d9ca8
instanceKlass com/naqqa/elasticsearch/rest/document/DocumentRestHandlers
instanceKlass  @bci com/naqqa/elasticsearch/node/rest/NodeRestFilter decorate (Lcom/naqqa/elasticsearch/http/RestMethod;Ljava/lang/String;Lcom/naqqa/elasticsearch/http/RestHandler;)Lcom/naqqa/elasticsearch/http/RestHandler; 13 <appendix> member <vmtarget> ; # com/naqqa/elasticsearch/node/rest/NodeRestFilter$$Lambda+0x000001bc811d9880
instanceKlass com/naqqa/elasticsearch/http/PathPattern
instanceKlass  @bci com/naqqa/elasticsearch/rest/support/StrictParamsFilter wrap (Lcom/naqqa/elasticsearch/http/RestHandler;Ljava/util/Set;)Lcom/naqqa/elasticsearch/http/RestHandler; 2 <appendix> member <vmtarget> ; # com/naqqa/elasticsearch/rest/support/StrictParamsFilter$$Lambda+0x000001bc811d9250
instanceKlass com/naqqa/elasticsearch/rest/support/StrictParamsFilter
instanceKlass  @bci com/naqqa/elasticsearch/rest/RestModule registerRoot (Lcom/naqqa/elasticsearch/http/Router;Lcom/naqqa/elasticsearch/rest/RestServices;)V 28 <appendix> member <vmtarget> ; # com/naqqa/elasticsearch/rest/RestModule$$Lambda+0x000001bc811d8e30
instanceKlass com/naqqa/elasticsearch/http/RestChannel
instanceKlass com/naqqa/elasticsearch/http/RestRequest
instanceKlass com/naqqa/elasticsearch/http/RestHandler
instanceKlass com/naqqa/elasticsearch/rest/root/RootRestHandler
instanceKlass com/naqqa/elasticsearch/rest/support/CommonParams
instanceKlass com/naqqa/elasticsearch/rest/RestModule
instanceKlass com/naqqa/elasticsearch/http/Router
instanceKlass  @bci com/naqqa/elasticsearch/node/support/ClusterDocumentActionService <init> (Lcom/naqqa/elasticsearch/rest/document/DocumentActionService;Lcom/naqqa/elasticsearch/node/cluster/ClusterStateManager;Lcom/naqqa/elasticsearch/node/indices/IndicesService;Lcom/naqqa/elasticsearch/transport/TransportService;Lcom/naqqa/elasticsearch/node/cluster/NodeConnections;Ljava/util/function/Function;Ljava/util/function/Consumer;)V 150 <appendix> member <vmtarget> ; # com/naqqa/elasticsearch/node/support/ClusterDocumentActionService$$Lambda+0x000001bc811d76c8
instanceKlass  @bci com/naqqa/elasticsearch/node/support/ClusterDocumentActionService <init> (Lcom/naqqa/elasticsearch/rest/document/DocumentActionService;Lcom/naqqa/elasticsearch/node/cluster/ClusterStateManager;Lcom/naqqa/elasticsearch/node/indices/IndicesService;Lcom/naqqa/elasticsearch/transport/TransportService;Lcom/naqqa/elasticsearch/node/cluster/NodeConnections;Ljava/util/function/Function;Ljava/util/function/Consumer;)V 136 <appendix> member <vmtarget> ; # com/naqqa/elasticsearch/node/support/ClusterDocumentActionService$$Lambda+0x000001bc811d74a8
instanceKlass  @bci com/naqqa/elasticsearch/node/support/ClusterDocumentActionService <init> (Lcom/naqqa/elasticsearch/rest/document/DocumentActionService;Lcom/naqqa/elasticsearch/node/cluster/ClusterStateManager;Lcom/naqqa/elasticsearch/node/indices/IndicesService;Lcom/naqqa/elasticsearch/transport/TransportService;Lcom/naqqa/elasticsearch/node/cluster/NodeConnections;Ljava/util/function/Function;Ljava/util/function/Consumer;)V 122 <appendix> member <vmtarget> ; # com/naqqa/elasticsearch/node/support/ClusterDocumentActionService$$Lambda+0x000001bc811d7288
instanceKlass  @bci com/naqqa/elasticsearch/node/support/ClusterDocumentActionService <init> (Lcom/naqqa/elasticsearch/rest/document/DocumentActionService;Lcom/naqqa/elasticsearch/node/cluster/ClusterStateManager;Lcom/naqqa/elasticsearch/node/indices/IndicesService;Lcom/naqqa/elasticsearch/transport/TransportService;Lcom/naqqa/elasticsearch/node/cluster/NodeConnections;Ljava/util/function/Function;Ljava/util/function/Consumer;)V 108 <appendix> member <vmtarget> ; # com/naqqa/elasticsearch/node/support/ClusterDocumentActionService$$Lambda+0x000001bc811d7068
instanceKlass  @bci com/naqqa/elasticsearch/node/support/ClusterDocumentActionService <init> (Lcom/naqqa/elasticsearch/rest/document/DocumentActionService;Lcom/naqqa/elasticsearch/node/cluster/ClusterStateManager;Lcom/naqqa/elasticsearch/node/indices/IndicesService;Lcom/naqqa/elasticsearch/transport/TransportService;Lcom/naqqa/elasticsearch/node/cluster/NodeConnections;Ljava/util/function/Function;Ljava/util/function/Consumer;)V 95 <appendix> member <vmtarget> ; # com/naqqa/elasticsearch/node/support/ClusterDocumentActionService$$Lambda+0x000001bc811d6e48
instanceKlass  @bci com/naqqa/elasticsearch/node/support/ClusterDocumentActionService <init> (Lcom/naqqa/elasticsearch/rest/document/DocumentActionService;Lcom/naqqa/elasticsearch/node/cluster/ClusterStateManager;Lcom/naqqa/elasticsearch/node/indices/IndicesService;Lcom/naqqa/elasticsearch/transport/TransportService;Lcom/naqqa/elasticsearch/node/cluster/NodeConnections;Ljava/util/function/Function;Ljava/util/function/Consumer;)V 81 <appendix> member <vmtarget> ; # com/naqqa/elasticsearch/node/support/ClusterDocumentActionService$$Lambda+0x000001bc811d6c28
instanceKlass  @bci com/naqqa/elasticsearch/node/support/ClusterDocumentActionService <init> (Lcom/naqqa/elasticsearch/rest/document/DocumentActionService;Lcom/naqqa/elasticsearch/node/cluster/ClusterStateManager;Lcom/naqqa/elasticsearch/node/indices/IndicesService;Lcom/naqqa/elasticsearch/transport/TransportService;Lcom/naqqa/elasticsearch/node/cluster/NodeConnections;Ljava/util/function/Function;Ljava/util/function/Consumer;)V 67 <appendix> member <vmtarget> ; # com/naqqa/elasticsearch/node/support/ClusterDocumentActionService$$Lambda+0x000001bc811d6a08
instanceKlass  @bci com/naqqa/elasticsearch/node/Node startComponents ()V 2320 <appendix> member <vmtarget> ; # com/naqqa/elasticsearch/node/Node$$Lambda+0x000001bc811d67d8
instanceKlass  @bci com/naqqa/elasticsearch/node/Node startComponents ()V 2308 <appendix> member <vmtarget> ; # com/naqqa/elasticsearch/node/Node$$Lambda+0x000001bc811d6598
instanceKlass com/naqqa/elasticsearch/node/support/ClusterDocumentActionService
instanceKlass  @bci com/naqqa/elasticsearch/node/Node startComponents ()V 2261 <appendix> member <vmtarget> ; # com/naqqa/elasticsearch/node/Node$$Lambda+0x000001bc811d60d8
instanceKlass com/naqqa/elasticsearch/node/action/NodeCatActionService
instanceKlass  @bci com/naqqa/elasticsearch/node/Node startComponents ()V 2210 <appendix> member <vmtarget> ; # com/naqqa/elasticsearch/node/Node$$Lambda+0x000001bc811d5c10
instanceKlass com/naqqa/elasticsearch/cluster/routing/allocation/command/RerouteCommand
instanceKlass com/naqqa/elasticsearch/node/action/NodeClusterAdminActionService
instanceKlass com/naqqa/elasticsearch/node/rest/NodeRestFilter
instanceKlass com/naqqa/elasticsearch/http/DefaultRestErrorRenderer
instanceKlass com/naqqa/elasticsearch/node/rest/NodeRestFilter$ErrorRenderer
instanceKlass  @bci com/naqqa/elasticsearch/security/authc/ApiKeyService removeIfAbsentFrom (Ljava/util/Set;)V 10 <appendix> member <vmtarget> ; # com/naqqa/elasticsearch/security/authc/ApiKeyService$$Lambda+0x000001bc811d4eb8
instanceKlass com/naqqa/elasticsearch/security/audit/AuditLogger
instanceKlass  @bci com/naqqa/elasticsearch/node/security/SecurityService <init> (ZLjava/nio/file/Path;Ljava/nio/file/Path;ZLjava/lang/String;)V 339 <appendix> argL0 ; # com/naqqa/elasticsearch/node/security/SecurityService$$Lambda+0x000001bc811d4460
instanceKlass com/naqqa/elasticsearch/security/audit/AuditSink
instanceKlass com/naqqa/elasticsearch/security/authc/RealmChain
instanceKlass com/naqqa/elasticsearch/security/authc/NativeRealm
instanceKlass com/naqqa/elasticsearch/security/authc/Realm
instanceKlass com/naqqa/elasticsearch/security/authz/Authorizer
instanceKlass com/naqqa/elasticsearch/security/authc/ApiKeyService
instanceKlass com/naqqa/elasticsearch/security/authc/InMemorySecurityIndexStore
instanceKlass com/naqqa/elasticsearch/security/authc/SecurityIndexStore
instanceKlass com/naqqa/elasticsearch/node/security/SecurityService
instanceKlass com/naqqa/elasticsearch/indices/ilm/IlmRunner
instanceKlass  @bci com/naqqa/elasticsearch/node/Node startComponents ()V 2049 <appendix> member <vmtarget> ; # com/naqqa/elasticsearch/node/Node$$Lambda+0x000001bc811d2678
instanceKlass com/naqqa/elasticsearch/node/indices/NodeLifecycleActionExecutor
instanceKlass com/naqqa/elasticsearch/indices/ilm/LifecycleAction
instanceKlass com/naqqa/elasticsearch/node/indices/LifecycleService
instanceKlass  @bci com/naqqa/elasticsearch/node/monitor/MonitorService breakerSource ()Lcom/naqqa/elasticsearch/monitor/stats/CircuitBreakerStatsSource; 1 <appendix> member <vmtarget> ; # com/naqqa/elasticsearch/node/monitor/MonitorService$$Lambda+0x000001bc811d1df0
instanceKlass com/naqqa/elasticsearch/monitor/stats/CircuitBreakerStatsSource
instanceKlass com/naqqa/elasticsearch/node/monitor/MonitorService$12
instanceKlass com/naqqa/elasticsearch/node/monitor/MonitorService$11
instanceKlass  @bci com/naqqa/elasticsearch/node/monitor/MonitorService threadPoolSource ()Lcom/naqqa/elasticsearch/monitor/stats/ThreadPoolStatsSource; 1 <appendix> member <vmtarget> ; # com/naqqa/elasticsearch/node/monitor/MonitorService$$Lambda+0x000001bc811d1548
instanceKlass com/naqqa/elasticsearch/monitor/stats/ThreadPoolStatsSource
instanceKlass com/naqqa/elasticsearch/node/monitor/MonitorService$10
instanceKlass com/naqqa/elasticsearch/node/monitor/MonitorService$9
instanceKlass com/naqqa/elasticsearch/node/monitor/MonitorService$8
instanceKlass com/naqqa/elasticsearch/node/monitor/MonitorService$7
instanceKlass com/naqqa/elasticsearch/node/monitor/MonitorService$6
instanceKlass com/naqqa/elasticsearch/node/monitor/MonitorService$5
instanceKlass com/naqqa/elasticsearch/node/monitor/MonitorService$4
instanceKlass com/naqqa/elasticsearch/node/monitor/MonitorService$3
instanceKlass com/naqqa/elasticsearch/node/monitor/MonitorService$2
instanceKlass com/naqqa/elasticsearch/node/monitor/MonitorService$1
instanceKlass com/naqqa/elasticsearch/monitor/stats/NodeStatsCollector
instanceKlass  @bci java/util/stream/Collectors toList ()Ljava/util/stream/Collector; 14 <appendix> argL0 ; # java/util/stream/Collectors$$Lambda+0x000001bc811e83f8
instanceKlass  @bci java/util/stream/Collectors toList ()Ljava/util/stream/Collector; 9 <appendix> argL0 ; # java/util/stream/Collectors$$Lambda+0x000001bc811e81d0
instanceKlass  @bci java/util/stream/Collectors toList ()Ljava/util/stream/Collector; 4 <appendix> argL0 ; # java/util/stream/Collectors$$Lambda+0x000001bc811e7fb8
instanceKlass  @bci sun/management/spi/PlatformMBeanProvider$PlatformComponent getMBeans (Ljava/lang/Class;)Ljava/util/List; 63 <appendix> member <vmtarget> ; # sun/management/spi/PlatformMBeanProvider$PlatformComponent$$Lambda+0x000001bc811e7d78
instanceKlass  @bci sun/management/spi/PlatformMBeanProvider$PlatformComponent getMBeans (Ljava/lang/Class;)Ljava/util/List; 47 <appendix> member <vmtarget> ; # sun/management/spi/PlatformMBeanProvider$PlatformComponent$$Lambda+0x000001bc811e7b28
instanceKlass java/util/Collections$2
instanceKlass sun/management/ThreadImpl
instanceKlass com/sun/management/ThreadMXBean
instanceKlass java/util/stream/ReduceOps$2ReducingSink
instanceKlass  @bci java/lang/management/ManagementFactory$PlatformMBeanFinder findSingleton (Ljava/lang/Class;)Lsun/management/spi/PlatformMBeanProvider$PlatformComponent; 30 <appendix> member <vmtarget> ; # java/lang/management/ManagementFactory$PlatformMBeanFinder$$Lambda+0x000001bc811e64d0
instanceKlass  @bci java/lang/management/ManagementFactory$PlatformMBeanFinder findSingleton (Ljava/lang/Class;)Lsun/management/spi/PlatformMBeanProvider$PlatformComponent; 19 <appendix> member <vmtarget> ; # java/lang/management/ManagementFactory$PlatformMBeanFinder$$Lambda+0x000001bc811e6280
instanceKlass java/util/HashMap$HashMapSpliterator
instanceKlass jdk/management/jfr/internal/FlightRecorderMXBeanProvider$SingleMBeanComponent
instanceKlass jdk/management/jfr/FlightRecorderMXBean
instanceKlass java/lang/management/DefaultPlatformMBeanProvider$11
instanceKlass java/lang/management/DefaultPlatformMBeanProvider$10
instanceKlass java/lang/management/DefaultPlatformMBeanProvider$9
instanceKlass sun/management/ManagementFactoryHelper$LoggingMXBeanAccess$1
instanceKlass sun/management/ManagementFactoryHelper$LoggingMXBeanAccess
instanceKlass java/lang/management/DefaultPlatformMBeanProvider$8
instanceKlass java/lang/management/DefaultPlatformMBeanProvider$7
instanceKlass java/lang/management/DefaultPlatformMBeanProvider$6
instanceKlass java/lang/management/DefaultPlatformMBeanProvider$5
instanceKlass java/lang/management/DefaultPlatformMBeanProvider$4
instanceKlass java/lang/management/DefaultPlatformMBeanProvider$3
instanceKlass java/lang/management/DefaultPlatformMBeanProvider$2
instanceKlass java/lang/management/DefaultPlatformMBeanProvider$1
instanceKlass com/sun/management/internal/PlatformMBeanProviderImpl$5
instanceKlass sun/management/VMManagementImpl
instanceKlass sun/management/VMManagement
instanceKlass sun/management/ManagementFactoryHelper
instanceKlass sun/management/NotificationEmitterSupport
instanceKlass javax/management/NotificationEmitter
instanceKlass javax/management/NotificationBroadcaster
instanceKlass com/sun/management/DiagnosticCommandMBean
instanceKlass javax/management/DynamicMBean
instanceKlass com/sun/management/internal/PlatformMBeanProviderImpl$4
instanceKlass com/sun/management/internal/PlatformMBeanProviderImpl$3
instanceKlass com/sun/management/internal/PlatformMBeanProviderImpl$2
instanceKlass com/sun/management/internal/PlatformMBeanProviderImpl$1
instanceKlass sun/management/spi/PlatformMBeanProvider$PlatformComponent
instanceKlass  @bci com/sun/management/internal/PlatformMBeanProviderImpl <clinit> ()V 8 <appendix> argL0 ; # com/sun/management/internal/PlatformMBeanProviderImpl$$Lambda+0x000001bc811e1270
instanceKlass sun/management/spi/PlatformMBeanProvider
instanceKlass java/io/FilePermission$1
instanceKlass jdk/internal/access/JavaIOFilePermissionAccess
instanceKlass java/lang/management/ManagementFactory$PlatformMBeanFinder$1
instanceKlass java/lang/management/ManagementFactory$PlatformMBeanFinder
instanceKlass java/lang/management/ThreadMXBean
instanceKlass java/lang/management/PlatformManagedObject
instanceKlass  @bci java/lang/management/ManagementFactory loadNativeLib ()V 0 <appendix> argL0 ; # java/lang/management/ManagementFactory$$Lambda+0x000001bc811e0000
instanceKlass java/lang/management/ManagementFactory
instanceKlass com/naqqa/elasticsearch/monitor/hotthreads/HotThreadsSampler
instanceKlass  @bci com/naqqa/elasticsearch/node/Node startComponents ()V 2009 <appendix> argL0 ; # com/naqqa/elasticsearch/node/Node$$Lambda+0x000001bc811cdbd0
instanceKlass  @cpi com/naqqa/elasticsearch/node/Node 1596 form vmentry <vmtarget> ; # java/lang/invoke/LambdaForm$DMH+0x000001bc811cc400
instanceKlass java/util/function/IntSupplier
instanceKlass com/naqqa/elasticsearch/monitor/stats/HttpStatsSource
instanceKlass com/naqqa/elasticsearch/monitor/stats/QueryCacheStatsSource
instanceKlass com/naqqa/elasticsearch/monitor/stats/FieldDataStatsSource
instanceKlass com/naqqa/elasticsearch/monitor/stats/RequestCacheStatsSource
instanceKlass com/naqqa/elasticsearch/monitor/stats/SegmentsStatsSource
instanceKlass com/naqqa/elasticsearch/monitor/stats/RefreshFlushStatsSource
instanceKlass com/naqqa/elasticsearch/monitor/stats/SearchStatsSource
instanceKlass com/naqqa/elasticsearch/monitor/stats/TransportStatsSource
instanceKlass com/naqqa/elasticsearch/monitor/stats/TranslogStatsSource
instanceKlass com/naqqa/elasticsearch/monitor/stats/MergeStatsSource
instanceKlass com/naqqa/elasticsearch/monitor/stats/IndexingStatsSource
instanceKlass com/naqqa/elasticsearch/monitor/stats/GetStatsSource
instanceKlass com/naqqa/elasticsearch/node/monitor/MonitorService
instanceKlass  @bci com/naqqa/elasticsearch/node/Node startComponents ()V 1961 <appendix> member <vmtarget> ; # com/naqqa/elasticsearch/node/Node$$Lambda+0x000001bc811cee68
instanceKlass  @bci com/naqqa/elasticsearch/node/snapshots/SnapshotsService <init> (Lcom/naqqa/elasticsearch/node/cluster/ClusterStateManager;Lcom/naqqa/elasticsearch/node/indices/IndicesService;Lcom/naqqa/elasticsearch/node/action/NodeIndexAdminActionService;Ljava/nio/file/Path;Ljava/util/List;Ljava/nio/file/Path;Lcom/naqqa/elasticsearch/transport/TransportService;Lcom/naqqa/elasticsearch/node/cluster/NodeConnections;)V 98 <appendix> member <vmtarget> ; # com/naqqa/elasticsearch/node/snapshots/SnapshotsService$$Lambda+0x000001bc811cec48
instanceKlass  @bci com/naqqa/elasticsearch/node/snapshots/SnapshotsService <init> (Lcom/naqqa/elasticsearch/node/cluster/ClusterStateManager;Lcom/naqqa/elasticsearch/node/indices/IndicesService;Lcom/naqqa/elasticsearch/node/action/NodeIndexAdminActionService;Ljava/nio/file/Path;Ljava/util/List;Ljava/nio/file/Path;Lcom/naqqa/elasticsearch/transport/TransportService;Lcom/naqqa/elasticsearch/node/cluster/NodeConnections;)V 85 <appendix> member <vmtarget> ; # com/naqqa/elasticsearch/node/snapshots/SnapshotsService$$Lambda+0x000001bc811cea28
instanceKlass  @bci com/naqqa/elasticsearch/node/snapshots/SnapshotsService <init> (Lcom/naqqa/elasticsearch/node/cluster/ClusterStateManager;Lcom/naqqa/elasticsearch/node/indices/IndicesService;Lcom/naqqa/elasticsearch/node/action/NodeIndexAdminActionService;Ljava/nio/file/Path;Ljava/util/List;Ljava/nio/file/Path;Lcom/naqqa/elasticsearch/transport/TransportService;Lcom/naqqa/elasticsearch/node/cluster/NodeConnections;)V 72 <appendix> member <vmtarget> ; # com/naqqa/elasticsearch/node/snapshots/SnapshotsService$$Lambda+0x000001bc811ce808
instanceKlass com/naqqa/elasticsearch/snapshots/source/RepositoryMetadataSource
instanceKlass com/naqqa/elasticsearch/snapshots/repository/Repository
instanceKlass com/naqqa/elasticsearch/snapshots/blobstore/BlobStore
instanceKlass com/naqqa/elasticsearch/node/snapshots/SnapshotsService
instanceKlass  @bci com/naqqa/elasticsearch/node/Node startComponents ()V 1903 <appendix> member <vmtarget> ; # com/naqqa/elasticsearch/node/Node$$Lambda+0x000001bc811cbc28
instanceKlass  @bci com/naqqa/elasticsearch/node/Node startComponents ()V 1891 <appendix> member <vmtarget> ; # com/naqqa/elasticsearch/node/Node$$Lambda+0x000001bc811cba08
instanceKlass  @cpi com/naqqa/elasticsearch/node/cluster/TransportClusterTransport 556 form vmentry <vmtarget> ; # java/lang/invoke/LambdaForm$DMH+0x000001bc811cc000
instanceKlass com/naqqa/elasticsearch/node/indices/DynamicMappingService
instanceKlass  @bci com/naqqa/elasticsearch/node/action/NodeDocumentActionService <init> (Lcom/naqqa/elasticsearch/action/write/DocumentActionServiceImpl;Lcom/naqqa/elasticsearch/action/byquery/ByQueryActionService;Lcom/naqqa/elasticsearch/node/cluster/ClusterStateManager;Lcom/naqqa/elasticsearch/ingest/IngestService;Lcom/naqqa/elasticsearch/node/action/NodeDocumentActionService$AutoCreator;Lcom/naqqa/elasticsearch/node/monitor/NodeCounters;Ljava/util/concurrent/ExecutorService;Ljava/util/concurrent/ExecutorService;Ljava/util/function/Function;)V 14 <appendix> argL0 ; # com/naqqa/elasticsearch/node/action/NodeDocumentActionService$$Lambda+0x000001bc811cb5e8
instanceKlass com/naqqa/elasticsearch/node/action/NodeDocumentActionService$DynamicMappingHook
instanceKlass  @bci com/naqqa/elasticsearch/node/action/NodeDocumentActionService <init> (Lcom/naqqa/elasticsearch/action/write/DocumentActionServiceImpl;Lcom/naqqa/elasticsearch/action/byquery/ByQueryActionService;Lcom/naqqa/elasticsearch/node/cluster/ClusterStateManager;Lcom/naqqa/elasticsearch/ingest/IngestService;Lcom/naqqa/elasticsearch/node/action/NodeDocumentActionService$AutoCreator;Lcom/naqqa/elasticsearch/node/monitor/NodeCounters;Ljava/util/concurrent/ExecutorService;Ljava/util/concurrent/ExecutorService;Ljava/util/function/Function;)V 5 <appendix> argL0 ; # com/naqqa/elasticsearch/node/action/NodeDocumentActionService$$Lambda+0x000001bc811cb1c8
instanceKlass  @bci com/naqqa/elasticsearch/node/Node startComponents ()V 1857 <appendix> member <vmtarget> ; # com/naqqa/elasticsearch/node/Node$$Lambda+0x000001bc811caf88
instanceKlass  @bci com/naqqa/elasticsearch/node/Node startComponents ()V 1821 <appendix> member <vmtarget> ; # com/naqqa/elasticsearch/node/Node$$Lambda+0x000001bc811cad68
instanceKlass com/naqqa/elasticsearch/node/action/NodeDocumentActionService$AutoCreator
instanceKlass com/naqqa/elasticsearch/node/action/NodeDocumentActionService
instanceKlass  @bci com/naqqa/elasticsearch/node/Node startComponents ()V 1790 <appendix> member <vmtarget> ; # com/naqqa/elasticsearch/node/Node$$Lambda+0x000001bc811ca6b0
instanceKlass  @bci com/naqqa/elasticsearch/node/action/NodeSearchActionService <init> (Lcom/naqqa/elasticsearch/node/search/SearchEngine;Lcom/naqqa/elasticsearch/script/ScriptService;Ljava/util/concurrent/ExecutorService;Lcom/naqqa/elasticsearch/node/monitor/NodeCounters;)V 60 <appendix> argL0 ; # com/naqqa/elasticsearch/node/action/NodeSearchActionService$$Lambda+0x000001bc811ca478
instanceKlass  @bci com/naqqa/elasticsearch/search/advanced/async/AsyncSearchService <init> (J)V 44 <appendix> member <vmtarget> ; # com/naqqa/elasticsearch/search/advanced/async/AsyncSearchService$$Lambda+0x000001bc811ca258
instanceKlass  @bci com/naqqa/elasticsearch/search/advanced/async/AsyncSearchService <init> (J)V 28 <appendix> argL0 ; # com/naqqa/elasticsearch/search/advanced/async/AsyncSearchService$$Lambda+0x000001bc811ca040
instanceKlass  @bci com/naqqa/elasticsearch/search/advanced/async/AsyncSearchService <init> (J)V 16 <appendix> argL0 ; # com/naqqa/elasticsearch/search/advanced/async/AsyncSearchService$$Lambda+0x000001bc811c9e28
instanceKlass com/naqqa/elasticsearch/search/advanced/async/AsyncSearchService
instanceKlass  @bci com/naqqa/elasticsearch/search/advanced/pagination/PitService <init> (J)V 32 <appendix> member <vmtarget> ; # com/naqqa/elasticsearch/search/advanced/pagination/PitService$$Lambda+0x000001bc811c99e8
instanceKlass  @bci com/naqqa/elasticsearch/search/advanced/pagination/PitService <init> (J)V 16 <appendix> argL0 ; # com/naqqa/elasticsearch/search/advanced/pagination/PitService$$Lambda+0x000001bc811c97d0
instanceKlass com/naqqa/elasticsearch/search/advanced/pagination/PitService
instanceKlass  @bci com/naqqa/elasticsearch/search/advanced/pagination/ScrollService <init> (J)V 32 <appendix> member <vmtarget> ; # com/naqqa/elasticsearch/search/advanced/pagination/ScrollService$$Lambda+0x000001bc811c9390
instanceKlass  @bci com/naqqa/elasticsearch/search/advanced/pagination/ScrollService <init> (J)V 16 <appendix> argL0 ; # com/naqqa/elasticsearch/search/advanced/pagination/ScrollService$$Lambda+0x000001bc811c9178
instanceKlass com/naqqa/elasticsearch/search/advanced/pagination/ScrollService
instanceKlass com/naqqa/elasticsearch/node/action/NodeSearchActionService
instanceKlass  @bci com/naqqa/elasticsearch/action/byquery/ByQueryActionService <init> (Lcom/naqqa/elasticsearch/action/write/RelocationAwareRouter;Lcom/naqqa/elasticsearch/action/byquery/ByQuerySearchHooks;Lcom/naqqa/elasticsearch/monitor/tasks/TaskManager;Lcom/naqqa/elasticsearch/script/ScriptService;)V 106 <appendix> argL0 ; # com/naqqa/elasticsearch/action/byquery/ByQueryActionService$$Lambda+0x000001bc811c8a88
instanceKlass  @bci com/naqqa/elasticsearch/node/Node startComponents ()V 1724 <appendix> member <vmtarget> ; # com/naqqa/elasticsearch/node/Node$$Lambda+0x000001bc811c8868
instanceKlass  @bci com/naqqa/elasticsearch/node/Node startComponents ()V 1712 <appendix> member <vmtarget> ; # com/naqqa/elasticsearch/node/Node$$Lambda+0x000001bc811c8648
instanceKlass com/naqqa/elasticsearch/action/byquery/ByQueryActionService
instanceKlass com/naqqa/elasticsearch/index/engine/segment/EngineNestedDocMapping
instanceKlass com/naqqa/elasticsearch/search/vectors/segment/VectorSegmentAccessor
instanceKlass com/naqqa/elasticsearch/index/engine/segment/EngineVectorAccessorProvider
instanceKlass com/naqqa/elasticsearch/search/vectors/query/VectorSegmentAccessorProvider
instanceKlass com/naqqa/elasticsearch/node/search/QueryFactory
instanceKlass com/naqqa/elasticsearch/node/search/SearchEngine
instanceKlass com/naqqa/elasticsearch/ingest/IngestService
instanceKlass com/naqqa/elasticsearch/ingest/processor/EnrichProcessor$Factory
instanceKlass com/naqqa/elasticsearch/ingest/processor/GeoIpProcessor$Factory
instanceKlass com/naqqa/elasticsearch/ingest/processor/RegisteredDomainProcessor$Factory
instanceKlass com/naqqa/elasticsearch/ingest/processor/NetworkDirectionProcessor$Factory
instanceKlass com/naqqa/elasticsearch/ingest/processor/CommunityIdProcessor$Factory
instanceKlass com/naqqa/elasticsearch/ingest/processor/FingerprintProcessor$Factory
instanceKlass com/naqqa/elasticsearch/ingest/processor/UserAgentProcessor$Factory
instanceKlass com/naqqa/elasticsearch/ingest/processor/UriPartsProcessor$Factory
instanceKlass  @bci com/naqqa/elasticsearch/ingest/processor/UrlDecodeProcessor factory ()Lcom/naqqa/elasticsearch/ingest/Processor$Factory; 2 <appendix> argL0 ; # com/naqqa/elasticsearch/ingest/processor/UrlDecodeProcessor$$Lambda+0x000001bc811c5ab0
instanceKlass com/naqqa/elasticsearch/ingest/processor/UrlDecodeProcessor
instanceKlass  @bci com/naqqa/elasticsearch/ingest/processor/HtmlStripProcessor factory ()Lcom/naqqa/elasticsearch/ingest/Processor$Factory; 2 <appendix> argL0 ; # com/naqqa/elasticsearch/ingest/processor/HtmlStripProcessor$$Lambda+0x000001bc811c5678
instanceKlass com/naqqa/elasticsearch/ingest/processor/HtmlStripProcessor
instanceKlass com/naqqa/elasticsearch/ingest/processor/DotExpanderProcessor$Factory
instanceKlass com/naqqa/elasticsearch/ingest/processor/SortProcessor$Factory
instanceKlass com/naqqa/elasticsearch/ingest/processor/ForeachProcessor$Factory
instanceKlass com/naqqa/elasticsearch/ingest/processor/FailProcessor$Factory
instanceKlass com/naqqa/elasticsearch/ingest/processor/DropProcessor$Factory
instanceKlass com/naqqa/elasticsearch/ingest/processor/PipelineProcessor$Factory
instanceKlass com/naqqa/elasticsearch/ingest/processor/ScriptProcessor$Factory
instanceKlass com/naqqa/elasticsearch/ingest/processor/CsvProcessor$Factory
instanceKlass com/naqqa/elasticsearch/ingest/processor/KvProcessor$Factory
instanceKlass com/naqqa/elasticsearch/ingest/processor/JsonProcessor$Factory
instanceKlass com/naqqa/elasticsearch/ingest/processor/GsubProcessor$Factory
instanceKlass  @bci com/naqqa/elasticsearch/ingest/processor/IngestProcessors registerAll (Lcom/naqqa/elasticsearch/ingest/ProcessorRegistry;)V 180 <appendix> argL0 ; # com/naqqa/elasticsearch/ingest/processor/IngestProcessors$$Lambda+0x000001bc811c3b38
instanceKlass  @bci com/naqqa/elasticsearch/ingest/processor/IngestProcessors registerAll (Lcom/naqqa/elasticsearch/ingest/ProcessorRegistry;)V 164 <appendix> argL0 ; # com/naqqa/elasticsearch/ingest/processor/IngestProcessors$$Lambda+0x000001bc811c3900
instanceKlass  @bci com/naqqa/elasticsearch/ingest/processor/StringTransformProcessor factory (Ljava/lang/String;Ljava/util/function/Function;)Lcom/naqqa/elasticsearch/ingest/Processor$Factory; 2 <appendix> member <vmtarget> ; # com/naqqa/elasticsearch/ingest/processor/StringTransformProcessor$$Lambda+0x000001bc811c36e0
instanceKlass com/naqqa/elasticsearch/ingest/AbstractProcessor
instanceKlass  @bci com/naqqa/elasticsearch/ingest/processor/IngestProcessors registerAll (Lcom/naqqa/elasticsearch/ingest/ProcessorRegistry;)V 148 <appendix> argL0 ; # com/naqqa/elasticsearch/ingest/processor/IngestProcessors$$Lambda+0x000001bc811c3020
instanceKlass com/naqqa/elasticsearch/ingest/processor/JoinProcessor$Factory
instanceKlass com/naqqa/elasticsearch/ingest/processor/SplitProcessor$Factory
instanceKlass com/naqqa/elasticsearch/ingest/processor/DissectProcessor$Factory
instanceKlass com/naqqa/elasticsearch/ingest/processor/GrokProcessor$Factory
instanceKlass com/naqqa/elasticsearch/ingest/processor/DateIndexNameProcessor$Factory
instanceKlass com/naqqa/elasticsearch/ingest/processor/DateProcessor$Factory
instanceKlass com/naqqa/elasticsearch/ingest/processor/ConvertProcessor$Factory
instanceKlass com/naqqa/elasticsearch/ingest/processor/AppendProcessor$Factory
instanceKlass com/naqqa/elasticsearch/ingest/processor/RenameProcessor$Factory
instanceKlass com/naqqa/elasticsearch/ingest/processor/RemoveProcessor$Factory
instanceKlass com/naqqa/elasticsearch/ingest/processor/SetProcessor$Factory
instanceKlass com/naqqa/elasticsearch/ingest/Processor$Factory
instanceKlass com/naqqa/elasticsearch/ingest/processor/IngestProcessors
instanceKlass com/naqqa/elasticsearch/node/ingest/ScriptBackedIngestScriptService
instanceKlass com/naqqa/elasticsearch/ingest/Processor
instanceKlass com/naqqa/elasticsearch/ingest/ProcessorRegistry
instanceKlass com/naqqa/elasticsearch/ingest/PipelineStore
instanceKlass  @bci com/naqqa/elasticsearch/action/write/BulkCoordinator registerShardHandler (Lcom/naqqa/elasticsearch/transport/TransportService;)V 9 <appendix> member <vmtarget> ; # com/naqqa/elasticsearch/action/write/BulkCoordinator$$Lambda+0x000001bc811c0878
instanceKlass  @bci com/naqqa/elasticsearch/action/write/BulkCoordinator registerShardHandler (Lcom/naqqa/elasticsearch/transport/TransportService;)V 3 <appendix> argL0 ; # com/naqqa/elasticsearch/action/write/BulkCoordinator$$Lambda+0x000001bc811c0660
instanceKlass com/naqqa/elasticsearch/action/write/BulkShardTransportRequest
instanceKlass  @bci com/naqqa/elasticsearch/node/Node startComponents ()V 1576 <appendix> member <vmtarget> ; # com/naqqa/elasticsearch/node/Node$$Lambda+0x000001bc811c01f8
instanceKlass com/naqqa/elasticsearch/action/write/RemoteShardConnector
instanceKlass com/naqqa/elasticsearch/action/write/DocumentActionServiceImpl
instanceKlass  @bci com/naqqa/elasticsearch/node/Node startComponents ()V 1554 <appendix> member <vmtarget> ; # com/naqqa/elasticsearch/node/Node$$Lambda+0x000001bc811bfa58
instanceKlass  @bci com/naqqa/elasticsearch/node/Node startComponents ()V 1536 <appendix> member <vmtarget> ; # com/naqqa/elasticsearch/node/Node$$Lambda+0x000001bc811bf838
instanceKlass  @bci com/naqqa/elasticsearch/node/action/NodeIndexAdminActionService <init> (Lcom/naqqa/elasticsearch/node/indices/MetadataIndexService;Lcom/naqqa/elasticsearch/node/indices/IndicesService;Lcom/naqqa/elasticsearch/indices/template/TemplateService;Lcom/naqqa/elasticsearch/indices/template/TemplateResolver;Lcom/naqqa/elasticsearch/indices/datastream/DataStreamService;Lcom/naqqa/elasticsearch/node/monitor/NodeCounters;Ljava/util/concurrent/ExecutorService;Ljava/nio/file/Path;J)V 125 <appendix> member <vmtarget> ; # com/naqqa/elasticsearch/node/action/NodeIndexAdminActionService$$Lambda+0x000001bc811bf5f8
instanceKlass  @bci com/naqqa/elasticsearch/node/action/NodeIndexAdminActionService <init> (Lcom/naqqa/elasticsearch/node/indices/MetadataIndexService;Lcom/naqqa/elasticsearch/node/indices/IndicesService;Lcom/naqqa/elasticsearch/indices/template/TemplateService;Lcom/naqqa/elasticsearch/indices/template/TemplateResolver;Lcom/naqqa/elasticsearch/indices/datastream/DataStreamService;Lcom/naqqa/elasticsearch/node/monitor/NodeCounters;Ljava/util/concurrent/ExecutorService;Ljava/nio/file/Path;J)V 119 <appendix> member <vmtarget> ; # com/naqqa/elasticsearch/node/action/NodeIndexAdminActionService$$Lambda+0x000001bc811bf3b8
instanceKlass com/naqqa/elasticsearch/node/support/IndexResolver
instanceKlass com/naqqa/elasticsearch/indices/rollover/RolloverService
instanceKlass com/naqqa/elasticsearch/node/action/NodeIndexAdminActionService
instanceKlass  @bci com/naqqa/elasticsearch/node/Node startComponents ()V 1457 <appendix> member <vmtarget> ; # com/naqqa/elasticsearch/node/Node$$Lambda+0x000001bc811be798
instanceKlass com/naqqa/elasticsearch/node/indices/MetadataIndexService
instanceKlass com/naqqa/elasticsearch/indices/alias/AliasService
instanceKlass com/naqqa/elasticsearch/indices/datastream/DataStreamService
instanceKlass com/naqqa/elasticsearch/indices/template/TemplateResolver
instanceKlass com/naqqa/elasticsearch/indices/template/TemplateService
instanceKlass com/naqqa/elasticsearch/node/monitor/NodeCounters$Timed
instanceKlass com/naqqa/elasticsearch/node/monitor/NodeCounters
instanceKlass  @bci com/naqqa/elasticsearch/node/Node refreshTransportNodes (Lcom/naqqa/elasticsearch/cluster/state/ClusterState;Ljava/util/Map;Ljava/lang/String;)V 86 <appendix> member <vmtarget> ; # com/naqqa/elasticsearch/node/Node$$Lambda+0x000001bc811bc9d0
instanceKlass com/naqqa/elasticsearch/cluster/coordination/Coordinator$PublicationRound
instanceKlass com/naqqa/elasticsearch/cluster/coordination/PublishRequest
instanceKlass com/naqqa/elasticsearch/cluster/coordination/Coordinator$3
instanceKlass com/naqqa/elasticsearch/cluster/node/DiscoveryNodes$Builder
instanceKlass com/naqqa/elasticsearch/cluster/coordination/VoteCollection
instanceKlass com/naqqa/elasticsearch/cluster/coordination/Coordinator$ElectionRound
instanceKlass java/util/AbstractMap$2$1
instanceKlass com/naqqa/elasticsearch/cluster/io/StreamUtils
instanceKlass jdk/internal/util/ByteArray
instanceKlass  @bci com/naqqa/elasticsearch/cluster/discovery/PeerFinder tick (J)V 137 <appendix> member <vmtarget> ; # com/naqqa/elasticsearch/cluster/discovery/PeerFinder$$Lambda+0x000001bc811bb2d0
instanceKlass  @bci com/naqqa/elasticsearch/node/cluster/ClusterStateManager start (J)V 10 <appendix> member <vmtarget> ; # com/naqqa/elasticsearch/node/cluster/ClusterStateManager$$Lambda+0x000001bc811bb0b0
instanceKlass com/naqqa/elasticsearch/common/unit/TimeValue$1
instanceKlass  @bci com/naqqa/elasticsearch/node/Node startComponents ()V 1158 <appendix> member <vmtarget> ; # com/naqqa/elasticsearch/node/Node$$Lambda+0x000001bc811bac90
instanceKlass com/naqqa/elasticsearch/cluster/service/ClusterChangedEvent
instanceKlass  @bci com/naqqa/elasticsearch/node/Node startComponents ()V 1115 <appendix> member <vmtarget> ; # com/naqqa/elasticsearch/node/Node$$Lambda+0x000001bc811ba848
instanceKlass  @bci com/naqqa/elasticsearch/node/Node startComponents ()V 1089 <appendix> member <vmtarget> ; # com/naqqa/elasticsearch/node/Node$$Lambda+0x000001bc811ba608
instanceKlass  @bci com/naqqa/elasticsearch/node/indices/IndicesService <init> (Ljava/nio/file/Path;Ljava/lang/String;Lcom/naqqa/elasticsearch/transport/TransportService;Lcom/naqqa/elasticsearch/analysis/registry/AnalysisRegistry;Lcom/naqqa/elasticsearch/node/cluster/ClusterStateManager;Lcom/naqqa/elasticsearch/node/cluster/NodeConnections;Lcom/naqqa/elasticsearch/common/threadpool/ThreadPool;)V 198 <appendix> member <vmtarget> ; # com/naqqa/elasticsearch/node/indices/IndicesService$$Lambda+0x000001bc811ba3e8
instanceKlass  @bci com/naqqa/elasticsearch/node/indices/IndicesService <init> (Ljava/nio/file/Path;Ljava/lang/String;Lcom/naqqa/elasticsearch/transport/TransportService;Lcom/naqqa/elasticsearch/analysis/registry/AnalysisRegistry;Lcom/naqqa/elasticsearch/node/cluster/ClusterStateManager;Lcom/naqqa/elasticsearch/node/cluster/NodeConnections;Lcom/naqqa/elasticsearch/common/threadpool/ThreadPool;)V 186 <appendix> member <vmtarget> ; # com/naqqa/elasticsearch/node/indices/IndicesService$$Lambda+0x000001bc811ba1c8
instanceKlass  @bci com/naqqa/elasticsearch/node/indices/IndicesService <init> (Ljava/nio/file/Path;Ljava/lang/String;Lcom/naqqa/elasticsearch/transport/TransportService;Lcom/naqqa/elasticsearch/analysis/registry/AnalysisRegistry;Lcom/naqqa/elasticsearch/node/cluster/ClusterStateManager;Lcom/naqqa/elasticsearch/node/cluster/NodeConnections;Lcom/naqqa/elasticsearch/common/threadpool/ThreadPool;)V 180 <appendix> argL0 ; # com/naqqa/elasticsearch/node/indices/IndicesService$$Lambda+0x000001bc811b9fb0
instanceKlass  @bci com/naqqa/elasticsearch/node/indices/IndicesService <init> (Ljava/nio/file/Path;Ljava/lang/String;Lcom/naqqa/elasticsearch/transport/TransportService;Lcom/naqqa/elasticsearch/analysis/registry/AnalysisRegistry;Lcom/naqqa/elasticsearch/node/cluster/ClusterStateManager;Lcom/naqqa/elasticsearch/node/cluster/NodeConnections;Lcom/naqqa/elasticsearch/common/threadpool/ThreadPool;)V 166 <appendix> member <vmtarget> ; # com/naqqa/elasticsearch/node/indices/IndicesService$$Lambda+0x000001bc811b9d90
instanceKlass  @bci com/naqqa/elasticsearch/node/indices/PeerRecoveryService <init> (Lcom/naqqa/elasticsearch/transport/TransportService;Lcom/naqqa/elasticsearch/common/threadpool/ThreadPool;Ljava/lang/String;Lcom/naqqa/elasticsearch/node/indices/PeerRecoveryService$SourceResolver;)V 62 <appendix> member <vmtarget> ; # com/naqqa/elasticsearch/node/indices/PeerRecoveryService$$Lambda+0x000001bc811b9b70
instanceKlass  @bci com/naqqa/elasticsearch/node/cluster/Wire register (Lcom/naqqa/elasticsearch/transport/TransportService;Ljava/lang/String;Lcom/naqqa/elasticsearch/node/cluster/Wire$AsyncHandler;)V 8 <appendix> member <vmtarget> ; # com/naqqa/elasticsearch/node/cluster/Wire$$Lambda+0x000001bc811b9950
instanceKlass  @bci com/naqqa/elasticsearch/node/cluster/Wire register (Lcom/naqqa/elasticsearch/transport/TransportService;Ljava/lang/String;Lcom/naqqa/elasticsearch/node/cluster/Wire$AsyncHandler;)V 2 <appendix> argL0 ; # com/naqqa/elasticsearch/node/cluster/Wire$$Lambda+0x000001bc811b9738
instanceKlass com/naqqa/elasticsearch/node/cluster/Wire
instanceKlass  @bci com/naqqa/elasticsearch/node/indices/PeerRecoveryService <init> (Lcom/naqqa/elasticsearch/transport/TransportService;Lcom/naqqa/elasticsearch/common/threadpool/ThreadPool;Ljava/lang/String;Lcom/naqqa/elasticsearch/node/indices/PeerRecoveryService$SourceResolver;)V 50 <appendix> member <vmtarget> ; # com/naqqa/elasticsearch/node/indices/PeerRecoveryService$$Lambda+0x000001bc811b90b8
instanceKlass com/naqqa/elasticsearch/node/cluster/Wire$AsyncHandler
instanceKlass  @bci com/naqqa/elasticsearch/node/indices/IndicesService <init> (Ljava/nio/file/Path;Ljava/lang/String;Lcom/naqqa/elasticsearch/transport/TransportService;Lcom/naqqa/elasticsearch/analysis/registry/AnalysisRegistry;Lcom/naqqa/elasticsearch/node/cluster/ClusterStateManager;Lcom/naqqa/elasticsearch/node/cluster/NodeConnections;Lcom/naqqa/elasticsearch/common/threadpool/ThreadPool;)V 153 <appendix> member <vmtarget> ; # com/naqqa/elasticsearch/node/indices/IndicesService$$Lambda+0x000001bc811b8ca0
instanceKlass com/naqqa/elasticsearch/node/indices/PeerRecoveryService$SourceResolver
instanceKlass com/naqqa/elasticsearch/index/recovery/LiveOpsSource
instanceKlass com/naqqa/elasticsearch/node/indices/PeerRecoveryService
instanceKlass com/naqqa/elasticsearch/node/indices/IndicesService
instanceKlass java/util/AbstractMap$1$1
instanceKlass com/naqqa/elasticsearch/cluster/state/MapCustom
instanceKlass com/naqqa/elasticsearch/cluster/state/Custom
instanceKlass  @bci com/naqqa/elasticsearch/cluster/node/ClusterNode <init> (Ljava/lang/String;Lcom/naqqa/elasticsearch/cluster/node/DiscoveryNode;Lcom/naqqa/elasticsearch/cluster/discovery/ClusterTransport;Ljava/nio/file/Path;Ljava/util/List;Ljava/util/List;JJJIJJLcom/naqqa/elasticsearch/cluster/routing/allocation/AllocationService;)V 108 <appendix> member <vmtarget> ; # com/naqqa/elasticsearch/cluster/node/ClusterNode$$Lambda+0x000001bc811b7a88
instanceKlass com/naqqa/elasticsearch/cluster/service/MasterService$PublishFunction
instanceKlass  @bci com/naqqa/elasticsearch/cluster/node/ClusterNode <init> (Ljava/lang/String;Lcom/naqqa/elasticsearch/cluster/node/DiscoveryNode;Lcom/naqqa/elasticsearch/cluster/discovery/ClusterTransport;Ljava/nio/file/Path;Ljava/util/List;Ljava/util/List;JJJIJJLcom/naqqa/elasticsearch/cluster/routing/allocation/AllocationService;)V 102 <appendix> member <vmtarget> ; # com/naqqa/elasticsearch/cluster/node/ClusterNode$$Lambda+0x000001bc811b7670
instanceKlass  @bci com/naqqa/elasticsearch/cluster/node/ClusterNode <init> (Ljava/lang/String;Lcom/naqqa/elasticsearch/cluster/node/DiscoveryNode;Lcom/naqqa/elasticsearch/cluster/discovery/ClusterTransport;Ljava/nio/file/Path;Ljava/util/List;Ljava/util/List;JJJIJJLcom/naqqa/elasticsearch/cluster/routing/allocation/AllocationService;)V 88 <appendix> member <vmtarget> ; # com/naqqa/elasticsearch/cluster/node/ClusterNode$$Lambda+0x000001bc811b7450
instanceKlass com/naqqa/elasticsearch/cluster/service/MasterService$PublishCallback
instanceKlass com/naqqa/elasticsearch/cluster/service/MasterService
instanceKlass  @bci com/naqqa/elasticsearch/cluster/coordination/Coordinator <init> (Lcom/naqqa/elasticsearch/cluster/node/DiscoveryNode;Lcom/naqqa/elasticsearch/cluster/discovery/ClusterTransport;Ljava/nio/file/Path;Ljava/util/List;Ljava/util/List;JJJIJJLjava/util/function/Consumer;)V 286 <appendix> member <vmtarget> ; # com/naqqa/elasticsearch/cluster/coordination/Coordinator$$Lambda+0x000001bc811b6e28
instanceKlass  @bci com/naqqa/elasticsearch/cluster/coordination/Coordinator <init> (Lcom/naqqa/elasticsearch/cluster/node/DiscoveryNode;Lcom/naqqa/elasticsearch/cluster/discovery/ClusterTransport;Ljava/nio/file/Path;Ljava/util/List;Ljava/util/List;JJJIJJLjava/util/function/Consumer;)V 272 <appendix> member <vmtarget> ; # com/naqqa/elasticsearch/cluster/coordination/Coordinator$$Lambda+0x000001bc811b6c08
instanceKlass  @bci com/naqqa/elasticsearch/cluster/coordination/Coordinator <init> (Lcom/naqqa/elasticsearch/cluster/node/DiscoveryNode;Lcom/naqqa/elasticsearch/cluster/discovery/ClusterTransport;Ljava/nio/file/Path;Ljava/util/List;Ljava/util/List;JJJIJJLjava/util/function/Consumer;)V 258 <appendix> member <vmtarget> ; # com/naqqa/elasticsearch/cluster/coordination/Coordinator$$Lambda+0x000001bc811b69e8
instanceKlass  @bci com/naqqa/elasticsearch/cluster/coordination/Coordinator <init> (Lcom/naqqa/elasticsearch/cluster/node/DiscoveryNode;Lcom/naqqa/elasticsearch/cluster/discovery/ClusterTransport;Ljava/nio/file/Path;Ljava/util/List;Ljava/util/List;JJJIJJLjava/util/function/Consumer;)V 244 <appendix> member <vmtarget> ; # com/naqqa/elasticsearch/cluster/coordination/Coordinator$$Lambda+0x000001bc811b67c8
instanceKlass  @bci com/naqqa/elasticsearch/cluster/coordination/Coordinator <init> (Lcom/naqqa/elasticsearch/cluster/node/DiscoveryNode;Lcom/naqqa/elasticsearch/cluster/discovery/ClusterTransport;Ljava/nio/file/Path;Ljava/util/List;Ljava/util/List;JJJIJJLjava/util/function/Consumer;)V 230 <appendix> member <vmtarget> ; # com/naqqa/elasticsearch/cluster/coordination/Coordinator$$Lambda+0x000001bc811b65a8
instanceKlass  @bci com/naqqa/elasticsearch/cluster/coordination/Coordinator <init> (Lcom/naqqa/elasticsearch/cluster/node/DiscoveryNode;Lcom/naqqa/elasticsearch/cluster/discovery/ClusterTransport;Ljava/nio/file/Path;Ljava/util/List;Ljava/util/List;JJJIJJLjava/util/function/Consumer;)V 216 <appendix> member <vmtarget> ; # com/naqqa/elasticsearch/cluster/coordination/Coordinator$$Lambda+0x000001bc811b6388
instanceKlass  @bci com/naqqa/elasticsearch/cluster/coordination/Coordinator <init> (Lcom/naqqa/elasticsearch/cluster/node/DiscoveryNode;Lcom/naqqa/elasticsearch/cluster/discovery/ClusterTransport;Ljava/nio/file/Path;Ljava/util/List;Ljava/util/List;JJJIJJLjava/util/function/Consumer;)V 201 <appendix> member <vmtarget> ; # com/naqqa/elasticsearch/cluster/coordination/Coordinator$$Lambda+0x000001bc811b6168
instanceKlass  @bci com/naqqa/elasticsearch/cluster/coordination/Coordinator <init> (Lcom/naqqa/elasticsearch/cluster/node/DiscoveryNode;Lcom/naqqa/elasticsearch/cluster/discovery/ClusterTransport;Ljava/nio/file/Path;Ljava/util/List;Ljava/util/List;JJJIJJLjava/util/function/Consumer;)V 187 <appendix> member <vmtarget> ; # com/naqqa/elasticsearch/cluster/coordination/Coordinator$$Lambda+0x000001bc811b5f48
instanceKlass com/naqqa/elasticsearch/cluster/coordination/ClusterBootstrapService
instanceKlass  @bci com/naqqa/elasticsearch/cluster/coordination/LeaderChecker <init> (Lcom/naqqa/elasticsearch/cluster/node/DiscoveryNode;Lcom/naqqa/elasticsearch/cluster/discovery/ClusterTransport;JJILjava/util/function/Consumer;)V 60 <appendix> member <vmtarget> ; # com/naqqa/elasticsearch/cluster/coordination/LeaderChecker$$Lambda+0x000001bc811b5b20
instanceKlass  @bci com/naqqa/elasticsearch/cluster/coordination/Coordinator <init> (Lcom/naqqa/elasticsearch/cluster/node/DiscoveryNode;Lcom/naqqa/elasticsearch/cluster/discovery/ClusterTransport;Ljava/nio/file/Path;Ljava/util/List;Ljava/util/List;JJJIJJLjava/util/function/Consumer;)V 168 <appendix> member <vmtarget> ; # com/naqqa/elasticsearch/cluster/coordination/Coordinator$$Lambda+0x000001bc811b58f0
instanceKlass com/naqqa/elasticsearch/cluster/coordination/LeaderChecker
instanceKlass  @bci com/naqqa/elasticsearch/cluster/coordination/FollowersChecker <init> (Lcom/naqqa/elasticsearch/cluster/node/DiscoveryNode;Lcom/naqqa/elasticsearch/cluster/discovery/ClusterTransport;JJILjava/util/function/Consumer;)V 52 <appendix> member <vmtarget> ; # com/naqqa/elasticsearch/cluster/coordination/FollowersChecker$$Lambda+0x000001bc811b54c8
instanceKlass  @bci com/naqqa/elasticsearch/cluster/coordination/Coordinator <init> (Lcom/naqqa/elasticsearch/cluster/node/DiscoveryNode;Lcom/naqqa/elasticsearch/cluster/discovery/ClusterTransport;Ljava/nio/file/Path;Ljava/util/List;Ljava/util/List;JJJIJJLjava/util/function/Consumer;)V 143 <appendix> member <vmtarget> ; # com/naqqa/elasticsearch/cluster/coordination/Coordinator$$Lambda+0x000001bc811b5298
instanceKlass com/naqqa/elasticsearch/cluster/coordination/FollowersChecker
instanceKlass  @bci com/naqqa/elasticsearch/cluster/discovery/PeerFinder <init> (Lcom/naqqa/elasticsearch/cluster/node/DiscoveryNode;Lcom/naqqa/elasticsearch/cluster/discovery/ClusterTransport;Ljava/util/List;Ljava/util/function/Supplier;J)V 61 <appendix> member <vmtarget> ; # com/naqqa/elasticsearch/cluster/discovery/PeerFinder$$Lambda+0x000001bc811b4e70
instanceKlass com/naqqa/elasticsearch/cluster/discovery/ClusterTransport$TransportRequestHandler
instanceKlass  @bci com/naqqa/elasticsearch/cluster/coordination/Coordinator <init> (Lcom/naqqa/elasticsearch/cluster/node/DiscoveryNode;Lcom/naqqa/elasticsearch/cluster/discovery/ClusterTransport;Ljava/nio/file/Path;Ljava/util/List;Ljava/util/List;JJJIJJLjava/util/function/Consumer;)V 116 <appendix> member <vmtarget> ; # com/naqqa/elasticsearch/cluster/coordination/Coordinator$$Lambda+0x000001bc811b4a58
instanceKlass com/naqqa/elasticsearch/cluster/discovery/PeerFinder
instanceKlass java/io/DataOutput
instanceKlass com/naqqa/elasticsearch/cluster/coordination/PersistedClusterState
instanceKlass com/naqqa/elasticsearch/cluster/coordination/CoordinationState
instanceKlass  @bci com/naqqa/elasticsearch/cluster/node/ClusterNode <init> (Ljava/lang/String;Lcom/naqqa/elasticsearch/cluster/node/DiscoveryNode;Lcom/naqqa/elasticsearch/cluster/discovery/ClusterTransport;Ljava/nio/file/Path;Ljava/util/List;Ljava/util/List;JJJIJJLcom/naqqa/elasticsearch/cluster/routing/allocation/AllocationService;)V 63 <appendix> member <vmtarget> ; # com/naqqa/elasticsearch/cluster/node/ClusterNode$$Lambda+0x000001bc811b3de0
instanceKlass com/naqqa/elasticsearch/cluster/discovery/ClusterTransport$TransportResponseHandler
instanceKlass com/naqqa/elasticsearch/cluster/coordination/Coordinator
instanceKlass com/naqqa/elasticsearch/cluster/service/ClusterApplierService
instanceKlass com/naqqa/elasticsearch/cluster/coordination/Coordinator$PublishListener
instanceKlass com/naqqa/elasticsearch/cluster/node/ClusterNode
instanceKlass com/naqqa/elasticsearch/cluster/discovery/StaticSeedHostsProvider
instanceKlass com/naqqa/elasticsearch/cluster/discovery/SeedHostsProvider
instanceKlass com/naqqa/elasticsearch/cluster/discovery/ClusterTransport$TransportChannel
instanceKlass com/naqqa/elasticsearch/node/cluster/LoopbackClusterTransport
instanceKlass com/naqqa/elasticsearch/cluster/routing/allocation/DiskUsageProvider$1
instanceKlass com/naqqa/elasticsearch/cluster/routing/allocation/DiskUsageProvider
instanceKlass com/naqqa/elasticsearch/cluster/routing/allocation/BalancedShardsAllocator
instanceKlass com/naqqa/elasticsearch/cluster/routing/allocation/AllocationService
instanceKlass com/naqqa/elasticsearch/node/cluster/NodeAllocationDeciders$ExistingPrimaryDecider
instanceKlass com/naqqa/elasticsearch/node/cluster/NodeAllocationDeciders$NoRelocationDecider
instanceKlass com/naqqa/elasticsearch/node/cluster/NodeAllocationDeciders$LiveDataNodeDecider
instanceKlass com/naqqa/elasticsearch/cluster/routing/allocation/decider/EnableAllocationDecider
instanceKlass com/naqqa/elasticsearch/cluster/routing/allocation/decider/FilterAllocationDecider
instanceKlass com/naqqa/elasticsearch/cluster/routing/allocation/decider/MaxRetryAllocationDecider
instanceKlass com/naqqa/elasticsearch/cluster/routing/allocation/decider/SameShardAllocationDecider
instanceKlass com/naqqa/elasticsearch/cluster/routing/allocation/AllocationDecider
instanceKlass com/naqqa/elasticsearch/cluster/routing/allocation/AllocationDeciders
instanceKlass  @bci com/naqqa/elasticsearch/node/cluster/ClusterStateManager <init> (Ljava/lang/String;Lcom/naqqa/elasticsearch/cluster/node/DiscoveryNode;Ljava/nio/file/Path;JLcom/naqqa/elasticsearch/node/cluster/ClusterStateManager$DiscoveryConfig;Lcom/naqqa/elasticsearch/transport/TransportService;Lcom/naqqa/elasticsearch/node/cluster/NodeConnections;)V 74 <appendix> member <vmtarget> ; # com/naqqa/elasticsearch/node/cluster/ClusterStateManager$$Lambda+0x000001bc811b0ce0
instanceKlass  @bci com/naqqa/elasticsearch/node/cluster/ClusterStateManager <init> (Ljava/lang/String;Lcom/naqqa/elasticsearch/cluster/node/DiscoveryNode;Ljava/nio/file/Path;JLcom/naqqa/elasticsearch/node/cluster/ClusterStateManager$DiscoveryConfig;Lcom/naqqa/elasticsearch/transport/TransportService;Lcom/naqqa/elasticsearch/node/cluster/NodeConnections;)V 61 <appendix> member <vmtarget> ; # com/naqqa/elasticsearch/node/cluster/ClusterStateManager$$Lambda+0x000001bc811b0ac0
instanceKlass  @bci com/naqqa/elasticsearch/node/cluster/ClusterStateManager <init> (Ljava/lang/String;Lcom/naqqa/elasticsearch/cluster/node/DiscoveryNode;Ljava/nio/file/Path;JLcom/naqqa/elasticsearch/node/cluster/ClusterStateManager$DiscoveryConfig;Lcom/naqqa/elasticsearch/transport/TransportService;Lcom/naqqa/elasticsearch/node/cluster/NodeConnections;)V 17 <appendix> member <vmtarget> ; # com/naqqa/elasticsearch/node/cluster/ClusterStateManager$$Lambda+0x000001bc811b08a0
instanceKlass com/naqqa/elasticsearch/cluster/service/ClusterStateTaskExecutor
instanceKlass com/naqqa/elasticsearch/cluster/service/ClusterStateTaskExecutor$TaskListener
instanceKlass java/io/DataInput
instanceKlass com/naqqa/elasticsearch/cluster/discovery/ClusterTransport
instanceKlass com/naqqa/elasticsearch/node/cluster/ClusterStateManager
instanceKlass com/naqqa/elasticsearch/node/cluster/NodeConnections
instanceKlass com/naqqa/elasticsearch/cluster/node/DiscoveryNode
instanceKlass java/util/RegularEnumSet$EnumSetIterator
instanceKlass  @bci com/naqqa/elasticsearch/node/Node startComponents ()V 634 <appendix> member <vmtarget> ; # com/naqqa/elasticsearch/node/Node$$Lambda+0x000001bc811aec20
instanceKlass com/naqqa/elasticsearch/common/settings/AbstractScopedSettings
instanceKlass  @bci com/naqqa/elasticsearch/common/breaker/CircuitBreakerService registerChild (Ljava/lang/String;JDLcom/naqqa/elasticsearch/common/breaker/CircuitBreaker$Durability;)V 16 <appendix> member <vmtarget> ; # com/naqqa/elasticsearch/common/breaker/CircuitBreakerService$$Lambda+0x000001bc811ae3a0
instanceKlass  @cpi com/naqqa/elasticsearch/search/suggest/completion/CompletionSuggester 236 form vmentry <vmtarget> ; # java/lang/invoke/LambdaForm$DMH+0x000001bc811abc00
instanceKlass com/naqqa/elasticsearch/common/breaker/ChildMemoryCircuitBreaker
instanceKlass com/naqqa/elasticsearch/common/breaker/CircuitBreaker
instanceKlass com/naqqa/elasticsearch/common/breaker/CircuitBreakerService
instanceKlass  @bci com/naqqa/elasticsearch/node/Node startComponents ()V 296 <appendix> member <vmtarget> ; # com/naqqa/elasticsearch/node/Node$$Lambda+0x000001bc811ad618
instanceKlass  @cpi com/naqqa/elasticsearch/index/query/request/SearchSourceBuilder 442 form vmentry <vmtarget> ; # java/lang/invoke/LambdaForm$DMH+0x000001bc811ab800
instanceKlass  @bci com/naqqa/elasticsearch/node/Node startComponents ()V 275 <appendix> member <vmtarget> ; # com/naqqa/elasticsearch/node/Node$$Lambda+0x000001bc811ad3f8
instanceKlass  @bci com/naqqa/elasticsearch/node/Node startComponents ()V 264 <appendix> member <vmtarget> ; # com/naqqa/elasticsearch/node/Node$$Lambda+0x000001bc811ad1d8
instanceKlass sun/nio/fs/WindowsFileCopy
instanceKlass  @bci com/naqqa/elasticsearch/common/settings/Setting doubleSetting (Ljava/lang/String;D[Lcom/naqqa/elasticsearch/common/settings/Setting$Property;)Lcom/naqqa/elasticsearch/common/settings/Setting; 11 <appendix> argL0 ; # com/naqqa/elasticsearch/common/settings/Setting$$Lambda+0x000001bc811acfa0
instanceKlass  @bci com/naqqa/elasticsearch/search/aggs/support/DoubleValuesSource scaled (Lcom/naqqa/elasticsearch/search/aggs/support/LongValuesSource;D)Lcom/naqqa/elasticsearch/search/aggs/support/DoubleValuesSource; 18 <appendix> form vmentry <vmtarget> ; # java/lang/invoke/LambdaForm$DMH+0x000001bc811ab400
instanceKlass  @bci com/naqqa/elasticsearch/common/settings/Setting doubleSetting (Ljava/lang/String;D[Lcom/naqqa/elasticsearch/common/settings/Setting$Property;)Lcom/naqqa/elasticsearch/common/settings/Setting; 6 <appendix> member <vmtarget> ; # com/naqqa/elasticsearch/common/settings/Setting$$Lambda+0x000001bc811acd68
instanceKlass  @cpi com/naqqa/elasticsearch/common/settings/Setting 365 form vmentry <vmtarget> ; # java/lang/invoke/LambdaForm$DMH+0x000001bc811ab000
instanceKlass  @bci com/naqqa/elasticsearch/common/settings/Setting timeSetting (Ljava/lang/String;Lcom/naqqa/elasticsearch/common/unit/TimeValue;[Lcom/naqqa/elasticsearch/common/settings/Setting$Property;)Lcom/naqqa/elasticsearch/common/settings/Setting; 12 <appendix> member <vmtarget> ; # com/naqqa/elasticsearch/common/settings/Setting$$Lambda+0x000001bc811acb28
instanceKlass  @bci com/naqqa/elasticsearch/common/settings/Setting timeSetting (Ljava/lang/String;Lcom/naqqa/elasticsearch/common/unit/TimeValue;[Lcom/naqqa/elasticsearch/common/settings/Setting$Property;)Lcom/naqqa/elasticsearch/common/settings/Setting; 6 <appendix> member <vmtarget> ; # com/naqqa/elasticsearch/common/settings/Setting$$Lambda+0x000001bc811ac8e8
instanceKlass  @bci com/naqqa/elasticsearch/common/settings/Setting boolSetting (Ljava/lang/String;Z[Lcom/naqqa/elasticsearch/common/settings/Setting$Property;)Lcom/naqqa/elasticsearch/common/settings/Setting; 11 <appendix> argL0 ; # com/naqqa/elasticsearch/common/settings/Setting$$Lambda+0x000001bc811ac6b0
instanceKlass  @bci com/naqqa/elasticsearch/common/settings/Setting boolSetting (Ljava/lang/String;Z[Lcom/naqqa/elasticsearch/common/settings/Setting$Property;)Lcom/naqqa/elasticsearch/common/settings/Setting; 6 <appendix> member <vmtarget> ; # com/naqqa/elasticsearch/common/settings/Setting$$Lambda+0x000001bc811ac478
instanceKlass  @bci com/naqqa/elasticsearch/common/settings/Setting intSetting (Ljava/lang/String;III[Lcom/naqqa/elasticsearch/common/settings/Setting$Property;)Lcom/naqqa/elasticsearch/common/settings/Setting; 14 <adapter> ; # java/lang/invoke/LambdaForm$MH+0x000001bc811aac00
# instanceKlass java/lang/invoke/LambdaForm$DMH+0x000001bc811aa800
instanceKlass  @bci com/naqqa/elasticsearch/common/settings/Setting intSetting (Ljava/lang/String;III[Lcom/naqqa/elasticsearch/common/settings/Setting$Property;)Lcom/naqqa/elasticsearch/common/settings/Setting; 14 <appendix> form vmentry <vmtarget> ; # java/lang/invoke/LambdaForm$DMH+0x000001bc811aa400
instanceKlass  @bci com/naqqa/elasticsearch/common/settings/Setting intSetting (Ljava/lang/String;III[Lcom/naqqa/elasticsearch/common/settings/Setting$Property;)Lcom/naqqa/elasticsearch/common/settings/Setting; 14 <appendix> member <vmtarget> ; # com/naqqa/elasticsearch/common/settings/Setting$$Lambda+0x000001bc811ac238
instanceKlass  @cpi com/naqqa/elasticsearch/common/settings/Setting 353 form vmentry <vmtarget> ; # java/lang/invoke/LambdaForm$DMH+0x000001bc811aa000
instanceKlass  @bci com/naqqa/elasticsearch/common/settings/Setting intSetting (Ljava/lang/String;III[Lcom/naqqa/elasticsearch/common/settings/Setting$Property;)Lcom/naqqa/elasticsearch/common/settings/Setting; 6 <appendix> member <vmtarget> ; # com/naqqa/elasticsearch/common/settings/Setting$$Lambda+0x000001bc811ac000
instanceKlass  @bci com/naqqa/elasticsearch/common/settings/Setting listSetting (Ljava/lang/String;Ljava/util/List;[Lcom/naqqa/elasticsearch/common/settings/Setting$Property;)Lcom/naqqa/elasticsearch/common/settings/Setting; 11 <appendix> argL0 ; # com/naqqa/elasticsearch/common/settings/Setting$$Lambda+0x000001bc811a7bd0
instanceKlass  @bci com/naqqa/elasticsearch/common/settings/Setting listSetting (Ljava/lang/String;Ljava/util/List;[Lcom/naqqa/elasticsearch/common/settings/Setting$Property;)Lcom/naqqa/elasticsearch/common/settings/Setting; 6 <appendix> member <vmtarget> ; # com/naqqa/elasticsearch/common/settings/Setting$$Lambda+0x000001bc811a7990
instanceKlass  @bci com/naqqa/elasticsearch/common/settings/Setting simpleString (Ljava/lang/String;Ljava/lang/String;[Lcom/naqqa/elasticsearch/common/settings/Setting$Property;)Lcom/naqqa/elasticsearch/common/settings/Setting; 6 <appendix> member <vmtarget> ; # com/naqqa/elasticsearch/common/settings/Setting$$Lambda+0x000001bc811a7750
instanceKlass  @bci java/util/function/Function identity ()Ljava/util/function/Function; 0 <appendix> argL0 ; # java/util/function/Function$$Lambda+0x000001bc810fe440
instanceKlass com/naqqa/elasticsearch/common/settings/Setting
instanceKlass  @bci com/naqqa/elasticsearch/node/Node <clinit> ()V 11 <appendix> argL0 ; # com/naqqa/elasticsearch/node/Node$$Lambda+0x000001bc811a6ee0
instanceKlass com/naqqa/elasticsearch/http/HttpServerTransport
instanceKlass com/naqqa/elasticsearch/http/Router$RouteDecorator
instanceKlass com/naqqa/elasticsearch/rest/search/SearchActionService
instanceKlass com/naqqa/elasticsearch/rest/indices/IndexAdminActionService
instanceKlass com/naqqa/elasticsearch/rest/cluster/ClusterAdminActionService
instanceKlass com/naqqa/elasticsearch/rest/cat/CatActionService
instanceKlass com/naqqa/elasticsearch/rest/document/DocumentActionService
instanceKlass com/naqqa/elasticsearch/http/RestErrorRenderer
instanceKlass com/naqqa/elasticsearch/indices/ilm/IndexLifecycleActionExecutor
instanceKlass com/naqqa/elasticsearch/ingest/IngestScriptService
instanceKlass com/naqqa/elasticsearch/cluster/service/ClusterStateApplier
instanceKlass com/naqqa/elasticsearch/common/settings/Settings$Builder
instanceKlass com/naqqa/elasticsearch/bench/EmbeddedNode
instanceKlass com/naqqa/elasticsearch/bench/ProductTrackEndToEndTest
instanceKlass java/time/Instant$1
# instanceKlass java/lang/invoke/LambdaForm$MH+0x000001bc811a9c00
# instanceKlass java/lang/invoke/LambdaForm$BMH+0x000001bc811a9800
# instanceKlass java/lang/invoke/LambdaForm$DMH+0x000001bc811a9400
# instanceKlass java/lang/invoke/LambdaForm$MH+0x000001bc811a9000
# instanceKlass java/lang/invoke/LambdaForm$BMH+0x000001bc811a8c00
# instanceKlass java/lang/invoke/LambdaForm$DMH+0x000001bc811a8800
# instanceKlass java/lang/invoke/LambdaForm$MH+0x000001bc811a8400
# instanceKlass java/lang/invoke/LambdaForm$MH+0x000001bc811a8000
# instanceKlass java/lang/invoke/LambdaForm$DMH+0x000001bc811a3c00
# instanceKlass java/lang/invoke/LambdaForm$MH+0x000001bc811a3800
# instanceKlass java/lang/invoke/LambdaForm$DMH+0x000001bc811a3400
# instanceKlass java/lang/invoke/LambdaForm$MH+0x000001bc811a3000
# instanceKlass java/lang/invoke/LambdaForm$MH+0x000001bc811a2c00
# instanceKlass java/lang/invoke/LambdaForm$MH+0x000001bc811a2800
# instanceKlass java/lang/invoke/LambdaForm$MH+0x000001bc811a2400
# instanceKlass java/lang/invoke/LambdaForm$MH+0x000001bc811a2000
# instanceKlass java/lang/invoke/LambdaForm$MH+0x000001bc811a1c00
# instanceKlass java/lang/invoke/LambdaForm$DMH+0x000001bc811a1800
# instanceKlass java/lang/invoke/LambdaForm$MH+0x000001bc811a1400
instanceKlass  @bci com/naqqa/elasticsearch/node/AggregationWireAndGeoTest multiShardPercentilesCardinalityAndNestedTermsAvgOverHttp ()V 265 <appendix> form vmentry <vmtarget> ; # java/lang/invoke/LambdaForm$MH+0x000001bc811a1000
instanceKlass java/lang/StringUTF16$CharsSpliterator
instanceKlass java/util/stream/Sink$ChainedInt
instanceKlass  @bci java/util/stream/FindOps$FindSink$OfInt <clinit> ()V 43 <appendix> argL0 ; # java/util/stream/FindOps$FindSink$OfInt$$Lambda+0x800000049
instanceKlass  @bci java/util/stream/FindOps$FindSink$OfInt <clinit> ()V 38 <appendix> argL0 ; # java/util/stream/FindOps$FindSink$OfInt$$Lambda+0x80000004b
instanceKlass  @bci java/util/stream/FindOps$FindSink$OfInt <clinit> ()V 16 <appendix> argL0 ; # java/util/stream/FindOps$FindSink$OfInt$$Lambda+0x80000004a
instanceKlass  @bci java/util/stream/FindOps$FindSink$OfInt <clinit> ()V 11 <appendix> argL0 ; # java/util/stream/FindOps$FindSink$OfInt$$Lambda+0x80000004c
instanceKlass java/util/OptionalInt
instanceKlass  @bci java/text/DecimalFormatSymbols findNonFormatChar (Ljava/lang/String;C)C 4 <appendix> argL0 ; # java/text/DecimalFormatSymbols$$Lambda+0x80000000d
instanceKlass java/util/function/IntPredicate
instanceKlass java/lang/StringLatin1$CharsSpliterator
instanceKlass sun/util/resources/Bundles$CacheKeyReference
instanceKlass  @bci java/util/ResourceBundle$ResourceBundleProviderHelper newResourceBundle (Ljava/lang/Class;)Ljava/util/ResourceBundle; 22 <appendix> member <vmtarget> ; # java/util/ResourceBundle$ResourceBundleProviderHelper$$Lambda+0x800000012
instanceKlass java/util/ResourceBundle$ResourceBundleProviderHelper
instanceKlass  @bci sun/util/cldr/CLDRLocaleProviderAdapter applyAliases (Ljava/util/Locale;)Ljava/util/Locale; 4 <appendix> argL0 ; # sun/util/cldr/CLDRLocaleProviderAdapter$$Lambda+0x800000064
instanceKlass sun/util/resources/Bundles$CacheKey
instanceKlass java/util/ResourceBundle$1
instanceKlass jdk/internal/access/JavaUtilResourceBundleAccess
instanceKlass sun/util/resources/Bundles
instanceKlass sun/util/resources/LocaleData$LocaleDataStrategy
instanceKlass sun/util/resources/Bundles$Strategy
instanceKlass sun/util/resources/LocaleData$1
instanceKlass java/util/ResourceBundle
instanceKlass java/util/ResourceBundle$Control
instanceKlass sun/util/resources/LocaleData
instanceKlass sun/util/locale/provider/LocaleResources
instanceKlass sun/util/locale/provider/CalendarDataUtility
instanceKlass sun/util/locale/provider/AvailableLanguageTags
instanceKlass  @bci sun/util/locale/provider/JRELocaleProviderAdapter getDecimalFormatSymbolsProvider ()Ljava/text/spi/DecimalFormatSymbolsProvider; 8 <appendix> member <vmtarget> ; # sun/util/locale/provider/JRELocaleProviderAdapter$$Lambda+0x80000006b
instanceKlass sun/util/resources/cldr/provider/CLDRLocaleDataMetaInfo
instanceKlass  @bci sun/util/cldr/CLDRLocaleProviderAdapter <init> ()V 4 <appendix> argL0 ; # sun/util/cldr/CLDRLocaleProviderAdapter$$Lambda+0x800000066
instanceKlass sun/util/cldr/CLDRBaseLocaleDataMetaInfo
instanceKlass sun/util/locale/provider/LocaleDataMetaInfo
instanceKlass sun/util/locale/provider/ResourceBundleBasedAdapter
instanceKlass sun/util/locale/provider/LocaleProviderAdapter
instanceKlass java/util/spi/LocaleServiceProvider
instanceKlass java/text/DecimalFormatSymbols
instanceKlass java/util/Formatter$Flags
instanceKlass java/util/Formatter$FormatSpecifier
instanceKlass java/util/Formatter$FormatString
instanceKlass java/util/Formatter$Conversion
instanceKlass java/util/Formatter
instanceKlass com/naqqa/elasticsearch/bench/dataset/WikiLikeDataset
instanceKlass com/naqqa/elasticsearch/bench/dataset/AliasSampler
instanceKlass com/naqqa/elasticsearch/bench/dataset/ProductLikeDataset
instanceKlass com/naqqa/elasticsearch/bench/ProductLikeDatasetTest
instanceKlass  @bci java/util/regex/Pattern union (Ljava/util/regex/Pattern$CharPredicate;Ljava/util/regex/Pattern$CharPredicate;Z)Ljava/util/regex/Pattern$CharPredicate; 6 <appendix> member <vmtarget> ; # java/util/regex/Pattern$$Lambda+0x800000033
instanceKlass  @bci com/naqqa/elasticsearch/analysis/tokenizer/NGramTokenizer <clinit> ()V 0 <appendix> argL0 ; # com/naqqa/elasticsearch/analysis/tokenizer/NGramTokenizer$$Lambda+0x000001bc811a4000
instanceKlass com/naqqa/elasticsearch/analysis/tokenizer/NGramTokenizer$CodepointMatcher
instanceKlass com/naqqa/elasticsearch/analysis/tokenizer/TokenizersSmokeTest
instanceKlass com/naqqa/elasticsearch/analysis/synonym/SynonymMap$Node
instanceKlass com/naqqa/elasticsearch/analysis/synonym/SynonymMap
instanceKlass com/naqqa/elasticsearch/analysis/synonym/SynonymFilterTest
instanceKlass  @bci com/naqqa/elasticsearch/analysis/stop/StopwordListsTest unknownAndImmutable ()V 49 <appendix> argL0 ; # com/naqqa/elasticsearch/analysis/stop/StopwordListsTest$$Lambda+0x000001bc8119f390
instanceKlass com/naqqa/elasticsearch/analysis/stop/StopwordListsTest
instanceKlass com/naqqa/elasticsearch/analysis/stem/snowball/RussianSnowballStemmerTest
instanceKlass com/naqqa/elasticsearch/analysis/stem/snowball/RomanianSnowballStemmerTest
instanceKlass com/naqqa/elasticsearch/analysis/stem/snowball/FrenchSnowballStemmerTest
instanceKlass com/naqqa/elasticsearch/analysis/stem/english/EnglishStemmerTest
instanceKlass com/naqqa/elasticsearch/analysis/registry/LanguageRegistrationTest
instanceKlass  @bci com/naqqa/elasticsearch/analysis/registry/TokenFilterFactories create (Ljava/lang/String;Ljava/lang/String;Lcom/naqqa/elasticsearch/analysis/AnalysisSettings;Lcom/naqqa/elasticsearch/analysis/AnalysisContext;Ljava/util/function/Function;)Lcom/naqqa/elasticsearch/analysis/TokenFilterFactory; 1942 <appendix> member <vmtarget> ; # com/naqqa/elasticsearch/analysis/registry/TokenFilterFactories$$Lambda+0x000001bc8119e2e0
instanceKlass  @bci com/naqqa/elasticsearch/analysis/registry/TokenFilterFactories create (Ljava/lang/String;Ljava/lang/String;Lcom/naqqa/elasticsearch/analysis/AnalysisSettings;Lcom/naqqa/elasticsearch/analysis/AnalysisContext;Ljava/util/function/Function;)Lcom/naqqa/elasticsearch/analysis/TokenFilterFactory; 1887 <appendix> member <vmtarget> ; # com/naqqa/elasticsearch/analysis/registry/TokenFilterFactories$$Lambda+0x000001bc8119e088
instanceKlass  @bci com/naqqa/elasticsearch/analysis/registry/AnalysisRegistry$Builder resolveFilter (Ljava/lang/String;)Lcom/naqqa/elasticsearch/analysis/TokenFilterFactory; 86 <appendix> member <vmtarget> ; # com/naqqa/elasticsearch/analysis/registry/AnalysisRegistry$Builder$$Lambda+0x000001bc8119de48
instanceKlass  @bci com/naqqa/elasticsearch/analysis/registry/ConcurrentStemmingTest assertThreadSafe (Ljava/lang/String;Lcom/naqqa/elasticsearch/analysis/Analyzer;Ljava/lang/String;)V 68 <adapter> ; # java/lang/invoke/LambdaForm$MH+0x000001bc811a0c00
# instanceKlass java/lang/invoke/LambdaForm$DMH+0x000001bc811a0800
instanceKlass  @bci com/naqqa/elasticsearch/analysis/registry/ConcurrentStemmingTest assertThreadSafe (Ljava/lang/String;Lcom/naqqa/elasticsearch/analysis/Analyzer;Ljava/lang/String;)V 68 <appendix> form vmentry <vmtarget> ; # java/lang/invoke/LambdaForm$DMH+0x000001bc811a0400
instanceKlass  @bci com/naqqa/elasticsearch/analysis/registry/ConcurrentStemmingTest assertThreadSafe (Ljava/lang/String;Lcom/naqqa/elasticsearch/analysis/Analyzer;Ljava/lang/String;)V 68 <appendix> member <vmtarget> ; # com/naqqa/elasticsearch/analysis/registry/ConcurrentStemmingTest$$Lambda+0x000001bc8119dc28
instanceKlass  @cpi com/naqqa/elasticsearch/analysis/registry/ConcurrentStemmingTest 229 form vmentry <vmtarget> ; # java/lang/invoke/LambdaForm$DMH+0x000001bc811a0000
instanceKlass com/naqqa/elasticsearch/analysis/registry/ConcurrentStemmingTest
instanceKlass com/naqqa/elasticsearch/analysis/stem/snowball/NordicSupport
instanceKlass com/naqqa/elasticsearch/analysis/registry/BuiltinAnalyzersTest
instanceKlass  @bci com/naqqa/elasticsearch/analysis/registry/AnalyzeActionTest unknownAnalyzerThrowsElasticsearchStyleError ()V 42 <appendix> member <vmtarget> ; # com/naqqa/elasticsearch/analysis/registry/AnalyzeActionTest$$Lambda+0x000001bc8119d408
instanceKlass  @bci com/naqqa/elasticsearch/analysis/registry/TokenFilterFactories create (Ljava/lang/String;Ljava/lang/String;Lcom/naqqa/elasticsearch/analysis/AnalysisSettings;Lcom/naqqa/elasticsearch/analysis/AnalysisContext;Ljava/util/function/Function;)Lcom/naqqa/elasticsearch/analysis/TokenFilterFactory; 1616 <appendix> member <vmtarget> ; # com/naqqa/elasticsearch/analysis/registry/TokenFilterFactories$$Lambda+0x000001bc8119d1b8
instanceKlass  @bci com/naqqa/elasticsearch/analysis/registry/AnalysisRegistry$Builder resolveFilter (Ljava/lang/String;)Lcom/naqqa/elasticsearch/analysis/TokenFilterFactory; 111 <appendix> member <vmtarget> ; # com/naqqa/elasticsearch/analysis/registry/AnalysisRegistry$Builder$$Lambda+0x000001bc8119cf78
instanceKlass  @bci com/naqqa/elasticsearch/analysis/registry/AnalysisRegistry$Builder buildAnalyzer (Ljava/lang/String;Lcom/naqqa/elasticsearch/analysis/AnalysisSettings;)Lcom/naqqa/elasticsearch/analysis/Analyzer; 96 <appendix> member <vmtarget> ; # com/naqqa/elasticsearch/analysis/registry/AnalysisRegistry$Builder$$Lambda+0x000001bc8119cd38
instanceKlass  @bci com/naqqa/elasticsearch/analysis/registry/TokenizerFactories create (Ljava/lang/String;Ljava/lang/String;Lcom/naqqa/elasticsearch/analysis/AnalysisSettings;Lcom/naqqa/elasticsearch/analysis/AnalysisContext;)Lcom/naqqa/elasticsearch/analysis/TokenizerFactory; 466 <appendix> member <vmtarget> ; # com/naqqa/elasticsearch/analysis/registry/TokenizerFactories$$Lambda+0x000001bc8119cb18
instanceKlass  @bci com/naqqa/elasticsearch/analysis/registry/AnalysisRegistry$Builder buildAnalyzer (Ljava/lang/String;Lcom/naqqa/elasticsearch/analysis/AnalysisSettings;)Lcom/naqqa/elasticsearch/analysis/Analyzer; 66 <appendix> member <vmtarget> ; # com/naqqa/elasticsearch/analysis/registry/AnalysisRegistry$Builder$$Lambda+0x000001bc8119c8d8
instanceKlass java/util/stream/Nodes$ArrayNode
instanceKlass  @bci java/util/stream/ReferencePipeline toArray ()[Ljava/lang/Object; 1 <appendix> argL0 ; # java/util/stream/ReferencePipeline$$Lambda+0x000001bc810fdc30
instanceKlass java/util/ImmutableCollections$Access$1
instanceKlass jdk/internal/access/JavaUtilCollectionAccess
instanceKlass java/util/ImmutableCollections$Access
instanceKlass  @bci com/naqqa/elasticsearch/analysis/registry/AnalyzeActionTest analyzeWithExplicitTokenizerAndFilters ()V 85 <appendix> argL0 ; # com/naqqa/elasticsearch/analysis/registry/AnalyzeActionTest$$Lambda+0x000001bc8119c6a0
instanceKlass  @bci com/naqqa/elasticsearch/analysis/registry/TokenFilterFactories create (Ljava/lang/String;Ljava/lang/String;Lcom/naqqa/elasticsearch/analysis/AnalysisSettings;Lcom/naqqa/elasticsearch/analysis/AnalysisContext;Ljava/util/function/Function;)Lcom/naqqa/elasticsearch/analysis/TokenFilterFactory; 1583 <appendix> member <vmtarget> ; # com/naqqa/elasticsearch/analysis/registry/TokenFilterFactories$$Lambda+0x000001bc8119c448
instanceKlass com/naqqa/elasticsearch/analysis/registry/TokenFilterFactories
instanceKlass  @bci com/naqqa/elasticsearch/analysis/registry/AnalyzeAction resolveTokenFilters (Ljava/lang/Object;)Ljava/util/List; 70 <appendix> member <vmtarget> ; # com/naqqa/elasticsearch/analysis/registry/AnalyzeAction$$Lambda+0x000001bc811996b0
instanceKlass com/naqqa/elasticsearch/analysis/registry/TokenizerFactories$1
instanceKlass  @bci com/naqqa/elasticsearch/analysis/registry/TokenizerFactories create (Ljava/lang/String;Ljava/lang/String;Lcom/naqqa/elasticsearch/analysis/AnalysisSettings;Lcom/naqqa/elasticsearch/analysis/AnalysisContext;)Lcom/naqqa/elasticsearch/analysis/TokenizerFactory; 477 <appendix> member <vmtarget> ; # com/naqqa/elasticsearch/analysis/registry/TokenizerFactories$$Lambda+0x000001bc81199258
instanceKlass com/naqqa/elasticsearch/analysis/registry/TokenizerFactories
instanceKlass com/naqqa/elasticsearch/analysis/registry/AnalyzeAction
instanceKlass com/naqqa/elasticsearch/analysis/registry/AnalyzeActionTest
instanceKlass  @bci com/naqqa/elasticsearch/analysis/phonetic/SoundexTest testNonAsciiLettersRejected ()V 33 <appendix> member <vmtarget> ; # com/naqqa/elasticsearch/analysis/phonetic/SoundexTest$$Lambda+0x000001bc81194800
instanceKlass  @bci com/naqqa/elasticsearch/analysis/phonetic/SoundexTest testNonAsciiLettersRejected ()V 20 <appendix> member <vmtarget> ; # com/naqqa/elasticsearch/analysis/phonetic/SoundexTest$$Lambda+0x000001bc81195d20
instanceKlass com/naqqa/elasticsearch/analysis/phonetic/SoundexTest
instanceKlass com/naqqa/elasticsearch/analysis/phonetic/RefinedSoundexTest
instanceKlass  @bci com/naqqa/elasticsearch/analysis/phonetic/PhoneticEncodersTest testUnknown ()V 2 <appendix> argL0 ; # com/naqqa/elasticsearch/analysis/phonetic/PhoneticEncodersTest$$Lambda+0x000001bc81195668
instanceKlass com/naqqa/elasticsearch/analysis/phonetic/RefinedSoundex
instanceKlass com/naqqa/elasticsearch/analysis/phonetic/Soundex
instanceKlass com/naqqa/elasticsearch/analysis/phonetic/PhoneticEncoders
instanceKlass com/naqqa/elasticsearch/analysis/phonetic/PhoneticEncodersTest
instanceKlass com/naqqa/elasticsearch/analysis/phonetic/Nysiis
instanceKlass com/naqqa/elasticsearch/analysis/phonetic/NysiisTest
instanceKlass com/naqqa/elasticsearch/analysis/phonetic/Metaphone
instanceKlass com/naqqa/elasticsearch/analysis/phonetic/MetaphoneTest
instanceKlass  @bci java/util/regex/Pattern union (Ljava/util/regex/Pattern$CharPredicate;Ljava/util/regex/Pattern$CharPredicate;Z)Ljava/util/regex/Pattern$CharPredicate; 14 <appendix> member <vmtarget> ; # java/util/regex/Pattern$$Lambda+0x000001bc810fd3a8
instanceKlass  @bci java/util/regex/CharPredicates category (I)Ljava/util/regex/Pattern$CharPredicate; 1 <appendix> member <vmtarget> ; # java/util/regex/CharPredicates$$Lambda+0x000001bc810fd150
instanceKlass com/naqqa/elasticsearch/analysis/phonetic/KoelnerPhonetik
instanceKlass com/naqqa/elasticsearch/analysis/phonetic/KoelnerPhonetikTest
instanceKlass com/naqqa/elasticsearch/analysis/phonetic/DoubleMetaphoneMatches
instanceKlass com/naqqa/elasticsearch/analysis/phonetic/DoubleMetaphone$Result
instanceKlass com/naqqa/elasticsearch/analysis/phonetic/DoubleMetaphone
instanceKlass com/naqqa/elasticsearch/analysis/phonetic/DoubleMetaphoneTest
instanceKlass com/naqqa/elasticsearch/analysis/phonetic/SoundexUtils
instanceKlass com/naqqa/elasticsearch/analysis/phonetic/ColognePhonetic$Output
instanceKlass com/naqqa/elasticsearch/analysis/phonetic/ColognePhonetic
instanceKlass com/naqqa/elasticsearch/analysis/phonetic/ColognePhoneticTest
instanceKlass  @bci java/util/regex/Pattern Range (II)Ljava/util/regex/Pattern$CharPredicate; 23 <appendix> member <vmtarget> ; # java/util/regex/Pattern$$Lambda+0x80000002b
instanceKlass com/naqqa/elasticsearch/analysis/phonetic/Caverphone2
instanceKlass com/naqqa/elasticsearch/analysis/phonetic/Caverphone1
instanceKlass com/naqqa/elasticsearch/analysis/phonetic/PhoneticEncoder
instanceKlass com/naqqa/elasticsearch/analysis/phonetic/CaverphoneTest
instanceKlass com/naqqa/elasticsearch/analysis/lang/c/ThaiDictionary
instanceKlass com/naqqa/elasticsearch/analysis/lang/c/ThaiTokenizerTest
instanceKlass com/naqqa/elasticsearch/analysis/lang/c/SoraniNormalizer
instanceKlass com/naqqa/elasticsearch/analysis/lang/c/SoraniAnalyzerTest
instanceKlass com/naqqa/elasticsearch/analysis/lang/c/PersianNormalizer
instanceKlass com/naqqa/elasticsearch/analysis/lang/c/ArabicNormalizer
instanceKlass com/naqqa/elasticsearch/analysis/lang/c/PersianAnalyzerTest
instanceKlass com/naqqa/elasticsearch/analysis/lang/c/HindiNormalizer
instanceKlass com/naqqa/elasticsearch/analysis/lang/c/HindiAnalyzerTest
instanceKlass com/naqqa/elasticsearch/analysis/lang/c/SuffixStemmer
instanceKlass com/naqqa/elasticsearch/analysis/lang/c/BengaliNormalizer
instanceKlass com/naqqa/elasticsearch/analysis/lang/c/IndicNormalizer
instanceKlass com/naqqa/elasticsearch/analysis/lang/c/BengaliAnalyzerTest
instanceKlass com/naqqa/elasticsearch/analysis/lang/b/SerbianStemmer
instanceKlass com/naqqa/elasticsearch/analysis/lang/b/SerbianStemmerTest
# instanceKlass java/lang/invoke/LambdaForm$MH+0x000001bc81194000
instanceKlass com/naqqa/elasticsearch/analysis/lang/b/LithuanianStemmer
instanceKlass com/naqqa/elasticsearch/analysis/lang/b/LithuanianStemmerTest
instanceKlass com/naqqa/elasticsearch/analysis/lang/b/LatvianStemmer$Affix
instanceKlass com/naqqa/elasticsearch/analysis/lang/b/LatvianStemmerTest
instanceKlass java/util/Arrays$ArrayItr
instanceKlass com/naqqa/elasticsearch/analysis/lang/b/GreekExceptionSet
instanceKlass com/naqqa/elasticsearch/analysis/lang/b/GreekStemmerCore
instanceKlass com/naqqa/elasticsearch/analysis/lang/b/GreekStemmerTest
instanceKlass com/naqqa/elasticsearch/analysis/stem/light/RslpPluralStep$Rule
instanceKlass com/naqqa/elasticsearch/analysis/stem/light/RslpPluralStep
instanceKlass com/naqqa/elasticsearch/analysis/lang/b/GalicianAnalyzerFactoryTest
instanceKlass com/naqqa/elasticsearch/analysis/lang/b/SnowballAmong
instanceKlass com/naqqa/elasticsearch/analysis/lang/b/SnowballProgram
instanceKlass com/naqqa/elasticsearch/analysis/lang/b/EstonianStemmer
instanceKlass com/naqqa/elasticsearch/analysis/lang/b/EstonianStemmerTest
instanceKlass com/naqqa/elasticsearch/analysis/lang/b/CzechStemmerTest
instanceKlass  @bci com/naqqa/elasticsearch/analysis/lang/b/AbstractCharStemmer <clinit> ()V 0 <appendix> argL0 ; # com/naqqa/elasticsearch/analysis/lang/b/AbstractCharStemmer$$Lambda+0x000001bc8118d3d0
instanceKlass com/naqqa/elasticsearch/analysis/lang/b/AbstractCharStemmer
instanceKlass com/naqqa/elasticsearch/analysis/lang/b/BulgarianStemmerTest
instanceKlass sun/util/locale/LocaleObjectCache
instanceKlass sun/util/locale/BaseLocale$Key
instanceKlass sun/util/locale/StringTokenIterator
instanceKlass sun/util/locale/LanguageTag
instanceKlass sun/util/locale/ParseStatus
instanceKlass sun/util/locale/InternalLocaleBuilder$CaseInsensitiveChar
instanceKlass sun/util/locale/InternalLocaleBuilder
instanceKlass java/util/Locale$Builder
instanceKlass com/naqqa/elasticsearch/analysis/lang/b/BrazilianStemmerCore
instanceKlass com/naqqa/elasticsearch/analysis/lang/b/BrazilianStemmer
instanceKlass com/naqqa/elasticsearch/analysis/lang/b/BrazilianStemmerTest
instanceKlass  @bci com/naqqa/elasticsearch/analysis/lang/a/TurkishAnalyzerFactory create (Ljava/util/Map;)Lcom/naqqa/elasticsearch/analysis/Analyzer; 85 <appendix> member <vmtarget> ; # com/naqqa/elasticsearch/analysis/lang/a/TurkishAnalyzerFactory$$Lambda+0x000001bc8118c4f0
instanceKlass com/naqqa/elasticsearch/analysis/lang/a/TurkishAnalyzerFactoryTest
instanceKlass com/naqqa/elasticsearch/analysis/lang/a/IrishAnalyzerFactoryTest
instanceKlass com/naqqa/elasticsearch/analysis/lang/a/IndonesianAnalyzerFactoryTest
instanceKlass com/naqqa/elasticsearch/analysis/lang/a/HungarianAnalyzerFactoryTest
instanceKlass com/naqqa/elasticsearch/analysis/lang/a/CatalanAnalyzerFactoryTest
instanceKlass com/naqqa/elasticsearch/analysis/lang/a/BasqueAnalyzerFactoryTest
instanceKlass com/naqqa/elasticsearch/analysis/lang/a/ArmenianAnalyzerFactoryTest
instanceKlass com/naqqa/elasticsearch/analysis/lang/a/ArabicAnalyzerFactoryTest
instanceKlass com/naqqa/elasticsearch/analysis/hyphenation/Hyphenation
instanceKlass  @bci com/naqqa/elasticsearch/analysis/hyphenation/HyphenationTree$Node getOrCreate (C)Lcom/naqqa/elasticsearch/analysis/hyphenation/HyphenationTree$Node; 26 <appendix> argL0 ; # com/naqqa/elasticsearch/analysis/hyphenation/HyphenationTree$Node$$Lambda+0x000001bc81189cb8
instanceKlass com/naqqa/elasticsearch/analysis/hyphenation/Hyphen
instanceKlass com/sun/org/apache/xerces/internal/impl/Constants$ArrayEnumeration
instanceKlass com/sun/org/apache/xerces/internal/impl/Constants
instanceKlass com/sun/org/apache/xerces/internal/impl/dtd/XMLContentSpec
instanceKlass com/sun/org/apache/xerces/internal/impl/dtd/models/ContentModelValidator
instanceKlass com/sun/org/apache/xerces/internal/impl/dtd/DTDGrammar
instanceKlass com/sun/org/apache/xerces/internal/xni/grammars/Grammar
instanceKlass com/sun/org/apache/xerces/internal/impl/validation/EntityState
instanceKlass com/sun/org/apache/xerces/internal/util/URI
instanceKlass com/sun/org/apache/xerces/internal/parsers/AbstractSAXParser$LocatorProxy
instanceKlass org/xml/sax/ext/Locator2
instanceKlass org/xml/sax/Locator
instanceKlass com/sun/org/apache/xerces/internal/util/XMLSymbols
instanceKlass com/sun/org/apache/xerces/internal/util/XMLChar
instanceKlass com/sun/xml/internal/stream/Entity
instanceKlass com/sun/xml/internal/stream/util/BufferAllocator
instanceKlass com/sun/xml/internal/stream/util/ThreadLocalBufferAllocator
instanceKlass com/sun/org/apache/xerces/internal/impl/XMLEntityManager$EncodingInfo
instanceKlass com/sun/org/apache/xerces/internal/utils/XMLLimitAnalyzer
instanceKlass com/sun/org/apache/xerces/internal/xni/parser/XMLInputSource
instanceKlass com/sun/org/apache/xerces/internal/impl/ExternalSubsetResolver
instanceKlass com/sun/org/apache/xerces/internal/util/EntityResolverWrapper
instanceKlass org/xml/sax/ext/EntityResolver2
instanceKlass  @bci com/naqqa/elasticsearch/analysis/hyphenation/HyphenationTree loadPatterns (Ljava/io/InputStream;)V 88 <appendix> argL0 ; # com/naqqa/elasticsearch/analysis/hyphenation/HyphenationTree$$Lambda+0x000001bc81189898
instanceKlass sun/invoke/util/VerifyAccess$1
instanceKlass org/xml/sax/InputSource
instanceKlass com/sun/org/apache/xerces/internal/util/ErrorHandlerWrapper
instanceKlass com/sun/org/apache/xerces/internal/xni/parser/XMLErrorHandler
instanceKlass org/xml/sax/helpers/DefaultHandler
instanceKlass org/xml/sax/DTDHandler
instanceKlass org/xml/sax/EntityResolver
instanceKlass com/sun/org/apache/xerces/internal/parsers/AbstractSAXParser$AttributesProxy
instanceKlass org/xml/sax/ext/Attributes2
instanceKlass org/xml/sax/Attributes
instanceKlass org/xml/sax/AttributeList
instanceKlass com/sun/org/apache/xerces/internal/util/FeatureState
instanceKlass com/sun/org/apache/xerces/internal/util/PropertyState
instanceKlass com/sun/org/apache/xerces/internal/impl/msg/XMLMessageFormatter
instanceKlass com/sun/org/apache/xerces/internal/util/MessageFormatter
instanceKlass com/sun/org/apache/xerces/internal/impl/XMLVersionDetector
instanceKlass com/sun/org/apache/xerces/internal/impl/validation/ValidationManager
instanceKlass com/sun/org/apache/xerces/internal/impl/dv/dtd/NMTOKENDatatypeValidator
instanceKlass com/sun/org/apache/xerces/internal/impl/dv/dtd/NOTATIONDatatypeValidator
instanceKlass com/sun/org/apache/xerces/internal/impl/dv/dtd/ENTITYDatatypeValidator
instanceKlass com/sun/org/apache/xerces/internal/impl/dv/dtd/ListDatatypeValidator
instanceKlass com/sun/org/apache/xerces/internal/impl/dv/dtd/IDREFDatatypeValidator
instanceKlass com/sun/org/apache/xerces/internal/impl/dv/dtd/IDDatatypeValidator
instanceKlass com/sun/org/apache/xerces/internal/impl/dv/dtd/StringDatatypeValidator
instanceKlass com/sun/org/apache/xerces/internal/impl/dv/DatatypeValidator
instanceKlass com/sun/org/apache/xerces/internal/impl/dv/DTDDVFactory
instanceKlass com/sun/org/apache/xerces/internal/impl/dtd/DTDGrammarBucket
instanceKlass com/sun/org/apache/xerces/internal/impl/dtd/XMLAttributeDecl
instanceKlass com/sun/org/apache/xerces/internal/impl/dtd/XMLSimpleType
instanceKlass com/sun/org/apache/xerces/internal/impl/dtd/XMLElementDecl
instanceKlass com/sun/org/apache/xerces/internal/impl/validation/ValidationState
instanceKlass com/sun/org/apache/xerces/internal/impl/dv/ValidationContext
instanceKlass com/sun/org/apache/xerces/internal/impl/dtd/XMLDTDValidator
instanceKlass com/sun/org/apache/xerces/internal/impl/RevalidationHandler
instanceKlass com/sun/org/apache/xerces/internal/impl/dtd/XMLDTDValidatorFilter
instanceKlass com/sun/org/apache/xerces/internal/xni/parser/XMLDocumentFilter
instanceKlass com/sun/org/apache/xerces/internal/impl/dtd/XMLEntityDecl
instanceKlass com/sun/org/apache/xerces/internal/impl/dtd/XMLDTDProcessor
instanceKlass com/sun/org/apache/xerces/internal/xni/parser/XMLDTDContentModelFilter
instanceKlass com/sun/org/apache/xerces/internal/xni/parser/XMLDTDFilter
instanceKlass com/sun/org/apache/xerces/internal/xni/parser/XMLDTDScanner
instanceKlass com/sun/org/apache/xerces/internal/xni/parser/XMLDTDContentModelSource
instanceKlass com/sun/org/apache/xerces/internal/xni/parser/XMLDTDSource
instanceKlass com/sun/org/apache/xerces/internal/xni/grammars/XMLDTDDescription
instanceKlass com/sun/org/apache/xerces/internal/xni/grammars/XMLGrammarDescription
instanceKlass com/sun/org/apache/xerces/internal/impl/XMLDocumentScannerImpl$TrailingMiscDriver
instanceKlass com/sun/org/apache/xerces/internal/impl/XMLDocumentScannerImpl$PrologDriver
instanceKlass com/sun/org/apache/xerces/internal/impl/XMLDocumentScannerImpl$XMLDeclDriver
instanceKlass com/sun/org/apache/xerces/internal/util/NamespaceSupport
instanceKlass com/sun/org/apache/xerces/internal/xni/NamespaceContext
instanceKlass com/sun/org/apache/xerces/internal/util/XMLAttributesImpl$Attribute
instanceKlass com/sun/org/apache/xerces/internal/util/XMLAttributesImpl
instanceKlass com/sun/org/apache/xerces/internal/xni/XMLAttributes
instanceKlass com/sun/org/apache/xerces/internal/impl/XMLDocumentFragmentScannerImpl$FragmentContentDriver
instanceKlass com/sun/org/apache/xerces/internal/impl/XMLDocumentFragmentScannerImpl$Driver
instanceKlass com/sun/org/apache/xerces/internal/impl/XMLDocumentFragmentScannerImpl$ElementStack2
instanceKlass com/sun/org/apache/xerces/internal/xni/QName
instanceKlass com/sun/org/apache/xerces/internal/impl/XMLDocumentFragmentScannerImpl$ElementStack
instanceKlass com/sun/org/apache/xerces/internal/xni/XMLString
instanceKlass com/sun/org/apache/xerces/internal/impl/XMLScanner
instanceKlass com/sun/xml/internal/stream/XMLBufferListener
instanceKlass com/sun/org/apache/xerces/internal/impl/XMLEntityHandler
instanceKlass com/sun/org/apache/xerces/internal/xni/parser/XMLDocumentScanner
instanceKlass com/sun/org/apache/xerces/internal/xni/parser/XMLDocumentSource
instanceKlass com/sun/org/apache/xerces/internal/impl/XMLErrorReporter
instanceKlass com/sun/org/apache/xerces/internal/impl/XMLEntityScanner
instanceKlass com/sun/org/apache/xerces/internal/xni/XMLLocator
instanceKlass com/sun/xml/internal/stream/XMLEntityStorage
instanceKlass com/sun/org/apache/xerces/internal/util/AugmentationsImpl$AugmentationsItemsContainer
instanceKlass com/sun/org/apache/xerces/internal/util/AugmentationsImpl
instanceKlass com/sun/org/apache/xerces/internal/xni/Augmentations
instanceKlass com/sun/org/apache/xerces/internal/util/XMLResourceIdentifierImpl
instanceKlass com/sun/org/apache/xerces/internal/xni/XMLResourceIdentifier
instanceKlass com/sun/org/apache/xerces/internal/impl/XMLEntityManager
instanceKlass com/sun/org/apache/xerces/internal/xni/parser/XMLEntityResolver
instanceKlass com/sun/org/apache/xerces/internal/xni/parser/XMLComponent
instanceKlass com/sun/org/apache/xerces/internal/util/SymbolTable$Entry
instanceKlass com/sun/org/apache/xerces/internal/util/SymbolTable
instanceKlass jdk/xml/internal/JdkConstants
instanceKlass jdk/xml/internal/JdkXmlUtils
instanceKlass com/sun/org/apache/xerces/internal/util/ParserConfigurationSettings
instanceKlass com/sun/org/apache/xerces/internal/parsers/XML11Configurable
instanceKlass com/sun/org/apache/xerces/internal/xni/parser/XMLPullParserConfiguration
instanceKlass com/sun/org/apache/xerces/internal/xni/parser/XMLParserConfiguration
instanceKlass com/sun/org/apache/xerces/internal/xni/parser/XMLComponentManager
instanceKlass com/sun/org/apache/xerces/internal/parsers/XMLParser
instanceKlass com/sun/org/apache/xerces/internal/xni/XMLDTDContentModelHandler
instanceKlass com/sun/org/apache/xerces/internal/xni/XMLDTDHandler
instanceKlass com/sun/org/apache/xerces/internal/xni/XMLDocumentHandler
instanceKlass org/xml/sax/XMLReader
instanceKlass org/xml/sax/Parser
instanceKlass com/sun/org/apache/xerces/internal/utils/XMLSecurityPropertyManager
instanceKlass com/sun/org/apache/xerces/internal/utils/XMLSecurityManager
instanceKlass javax/xml/parsers/SAXParser
instanceKlass com/sun/org/apache/xerces/internal/xs/PSVIProvider
instanceKlass com/sun/org/apache/xerces/internal/jaxp/JAXPConstants
instanceKlass  @bci javax/xml/parsers/FactoryFinder newInstance (Ljava/lang/Class;Ljava/lang/String;Ljava/lang/ClassLoader;ZZ)Ljava/lang/Object; 104 <appendix> member <vmtarget> ; # javax/xml/parsers/FactoryFinder$$Lambda+0x000001bc810e0740
instanceKlass  @bci jdk/xml/internal/SecuritySupport getContextClassLoader ()Ljava/lang/ClassLoader; 0 <appendix> argL0 ; # jdk/xml/internal/SecuritySupport$$Lambda+0x000001bc810e02c8
instanceKlass  @bci javax/xml/parsers/FactoryFinder find (Ljava/lang/Class;Ljava/lang/String;)Ljava/lang/Object; 104 <appendix> member <vmtarget> ; # javax/xml/parsers/FactoryFinder$$Lambda+0x000001bc810e00a8
instanceKlass javax/xml/parsers/FactoryFinder$1
instanceKlass  @bci jdk/xml/internal/SecuritySupport getFileInputStream (Ljava/io/File;)Ljava/io/FileInputStream; 1 <appendix> member <vmtarget> ; # jdk/xml/internal/SecuritySupport$$Lambda+0x000001bc810dfc60
instanceKlass  @bci jdk/xml/internal/SecuritySupport doesFileExist (Ljava/io/File;)Z 1 <appendix> member <vmtarget> ; # jdk/xml/internal/SecuritySupport$$Lambda+0x000001bc810dfa40
instanceKlass  @bci javax/xml/parsers/FactoryFinder find (Ljava/lang/Class;Ljava/lang/String;)Ljava/lang/Object; 6 <appendix> member <vmtarget> ; # javax/xml/parsers/FactoryFinder$$Lambda+0x000001bc810df820
instanceKlass  @bci jdk/xml/internal/SecuritySupport getSystemProperty (Ljava/lang/String;)Ljava/lang/String; 1 <appendix> member <vmtarget> ; # jdk/xml/internal/SecuritySupport$$Lambda+0x000001bc810df600
instanceKlass jdk/xml/internal/SecuritySupport
instanceKlass javax/xml/parsers/FactoryFinder
instanceKlass javax/xml/parsers/SAXParserFactory
instanceKlass com/naqqa/elasticsearch/analysis/hyphenation/HyphenationTree$Node
instanceKlass org/xml/sax/ErrorHandler
instanceKlass org/xml/sax/ContentHandler
instanceKlass com/naqqa/elasticsearch/analysis/hyphenation/HyphenationTree
instanceKlass com/naqqa/elasticsearch/analysis/hyphenation/HyphenationTreeTest
instanceKlass com/naqqa/elasticsearch/analysis/folding/AsciiFolderTest
instanceKlass  @bci com/naqqa/elasticsearch/analysis/filter/worddelimiter/WordDelimiterSettingsTest invalidTypeRules ()V 71 <appendix> argL0 ; # com/naqqa/elasticsearch/analysis/filter/worddelimiter/WordDelimiterSettingsTest$$Lambda+0x000001bc81188a98
instanceKlass  @bci com/naqqa/elasticsearch/analysis/filter/worddelimiter/WordDelimiterSettingsTest invalidTypeRules ()V 48 <appendix> argL0 ; # com/naqqa/elasticsearch/analysis/filter/worddelimiter/WordDelimiterSettingsTest$$Lambda+0x000001bc81188880
instanceKlass  @bci com/naqqa/elasticsearch/analysis/filter/worddelimiter/WordDelimiterSettingsTest invalidTypeRules ()V 25 <appendix> argL0 ; # com/naqqa/elasticsearch/analysis/filter/worddelimiter/WordDelimiterSettingsTest$$Lambda+0x000001bc81188668
instanceKlass  @bci com/naqqa/elasticsearch/analysis/filter/worddelimiter/WordDelimiterSettingsTest invalidTypeRules ()V 2 <appendix> argL0 ; # com/naqqa/elasticsearch/analysis/filter/worddelimiter/WordDelimiterSettingsTest$$Lambda+0x000001bc81188450
instanceKlass  @bci com/naqqa/elasticsearch/analysis/filter/worddelimiter/WordDelimiterSettingsTest invalidBoolean ()V 2 <appendix> argL0 ; # com/naqqa/elasticsearch/analysis/filter/worddelimiter/WordDelimiterSettingsTest$$Lambda+0x000001bc81188238
instanceKlass com/naqqa/elasticsearch/analysis/filter/worddelimiter/WordDelimiterSettingsTest
instanceKlass  @bci com/naqqa/elasticsearch/analysis/filter/worddelimiter/WordDelimiterGraphFilterTest invalidFlag ()V 3 <appendix> argL0 ; # com/naqqa/elasticsearch/analysis/filter/worddelimiter/WordDelimiterGraphFilterTest$$Lambda+0x000001bc81182c00
instanceKlass  @bci com/naqqa/elasticsearch/analysis/filter/worddelimiter/WdAssert assertTokens (Lcom/naqqa/elasticsearch/analysis/TokenStream;[Ljava/lang/String;[I[I[I[I)V 199 <appendix> argL0 ; # com/naqqa/elasticsearch/analysis/filter/worddelimiter/WdAssert$$Lambda+0x000001bc81183d00
instanceKlass com/naqqa/elasticsearch/analysis/filter/worddelimiter/SlowWdf
instanceKlass com/naqqa/elasticsearch/analysis/filter/worddelimiter/WordDelimiterGraphFilterTest
instanceKlass  @bci com/naqqa/elasticsearch/analysis/filter/worddelimiter/WdAssert assertTokens (Lcom/naqqa/elasticsearch/analysis/TokenStream;[Ljava/lang/String;[I[I[I[I)V 157 <appendix> argL0 ; # com/naqqa/elasticsearch/analysis/filter/worddelimiter/WdAssert$$Lambda+0x000001bc81183430
instanceKlass  @bci com/naqqa/elasticsearch/analysis/filter/worddelimiter/WdAssert assertTokens (Lcom/naqqa/elasticsearch/analysis/TokenStream;[Ljava/lang/String;[I[I[I[I)V 115 <appendix> argL0 ; # com/naqqa/elasticsearch/analysis/filter/worddelimiter/WdAssert$$Lambda+0x000001bc81183218
instanceKlass java/util/stream/Nodes$IntArrayNode
instanceKlass java/util/stream/Node$Builder$OfInt
instanceKlass java/util/stream/Sink$OfInt
instanceKlass java/util/function/IntConsumer
instanceKlass java/util/stream/Node$Builder
instanceKlass java/util/stream/Node$OfDouble
instanceKlass java/util/stream/Node$OfLong
instanceKlass java/util/stream/Node$OfInt
instanceKlass java/util/stream/Node$OfPrimitive
instanceKlass java/util/stream/Nodes$EmptyNode
instanceKlass java/util/stream/Node
instanceKlass java/util/stream/Nodes
instanceKlass  @bci java/util/stream/IntPipeline toArray ()[I 1 <appendix> argL0 ; # java/util/stream/IntPipeline$$Lambda+0x000001bc810dd430
instanceKlass java/util/function/IntFunction
instanceKlass java/util/stream/IntStream
instanceKlass  @bci com/naqqa/elasticsearch/analysis/filter/worddelimiter/WdAssert assertTokens (Lcom/naqqa/elasticsearch/analysis/TokenStream;[Ljava/lang/String;[I[I[I[I)V 75 <appendix> argL0 ; # com/naqqa/elasticsearch/analysis/filter/worddelimiter/WdAssert$$Lambda+0x000001bc81183000
instanceKlass java/util/function/ToIntFunction
instanceKlass  @bci com/naqqa/elasticsearch/analysis/filter/worddelimiter/WordDelimiterFilter sortBuffered ()V 51 <appendix> member <vmtarget> ; # com/naqqa/elasticsearch/analysis/filter/worddelimiter/WordDelimiterFilter$$Lambda+0x000001bc81187c98
instanceKlass  @cpi com/naqqa/elasticsearch/analysis/filter/worddelimiter/WordDelimiterFilter 369 form vmentry <vmtarget> ; # java/lang/invoke/LambdaForm$DMH+0x000001bc81182800
instanceKlass com/naqqa/elasticsearch/analysis/filter/worddelimiter/WdAssert
instanceKlass com/naqqa/elasticsearch/analysis/filter/worddelimiter/WordDelimiterFilter$Concatenation
instanceKlass java/lang/Byte$ByteCache
instanceKlass java/util/regex/IntHashSet
instanceKlass java/util/regex/Matcher
instanceKlass java/util/regex/MatchResult
instanceKlass  @bci java/util/regex/CharPredicates ASCII_SPACE ()Ljava/util/regex/Pattern$BmpCharPredicate; 0 <appendix> argL0 ; # java/util/regex/CharPredicates$$Lambda+0x800000027
instanceKlass  @bci java/util/regex/Pattern DOT ()Ljava/util/regex/Pattern$CharPredicate; 0 <appendix> argL0 ; # java/util/regex/Pattern$$Lambda+0x000001bc810dc6f8
instanceKlass com/naqqa/elasticsearch/analysis/filter/worddelimiter/WordDelimiterSettings
instanceKlass com/naqqa/elasticsearch/analysis/filter/worddelimiter/WordDelimiterFilterTest
instanceKlass  @bci com/naqqa/elasticsearch/analysis/filter/worddelimiter/WordDelimiterGraphFilter sortParts (II)V 46 <appendix> member <vmtarget> ; # com/naqqa/elasticsearch/analysis/filter/worddelimiter/WordDelimiterGraphFilter$$Lambda+0x000001bc81186200
instanceKlass com/naqqa/elasticsearch/analysis/filter/worddelimiter/WordDelimiterGraphFilter$Concatenation
instanceKlass com/naqqa/elasticsearch/analysis/filter/worddelimiter/WordDelimiterIterator
instanceKlass  @bci com/naqqa/elasticsearch/analysis/filter/ShingleFilter build ()V 234 <appendix> member <vmtarget> ; # com/naqqa/elasticsearch/analysis/filter/ShingleFilter$$Lambda+0x000001bc81185b58
instanceKlass com/naqqa/elasticsearch/analysis/folding/AsciiFolder
instanceKlass com/naqqa/elasticsearch/analysis/filter/FiltersSmokeTest
instanceKlass com/naqqa/elasticsearch/analysis/charfilter/html/HtmlCharacterEntities
instanceKlass com/naqqa/elasticsearch/analysis/charfilter/html/HtmlStripScanner
instanceKlass com/naqqa/elasticsearch/analysis/charfilter/html/HtmlStripCharFilterTest
instanceKlass  @bci com/naqqa/elasticsearch/action/write/DistributedWriteTest testUpsertCreatesDocWhenAbsent ()V 39 <appendix> member <vmtarget> ; # com/naqqa/elasticsearch/action/write/DistributedWriteTest$$Lambda+0x000001bc81184640
instanceKlass com/naqqa/elasticsearch/common/logging/LoggerMessageFormat
instanceKlass  @bci com/naqqa/elasticsearch/action/write/DistributedWriteTest testUpdateRetryOnConflictResolvesConcurrentVersionBump ()V 96 <appendix> member <vmtarget> ; # com/naqqa/elasticsearch/action/write/DistributedWriteTest$$Lambda+0x000001bc81184220
instanceKlass  @bci com/naqqa/elasticsearch/action/write/DistributedWriteTest testUpdateRetryOnConflictResolvesConcurrentVersionBump ()V 39 <appendix> member <vmtarget> ; # com/naqqa/elasticsearch/action/write/DistributedWriteTest$$Lambda+0x000001bc81184000
instanceKlass com/naqqa/elasticsearch/index/replication/TranslogResync
instanceKlass  @bci com/naqqa/elasticsearch/cluster/coordination/CoordinationState handleStartJoin (Lcom/naqqa/elasticsearch/cluster/coordination/StartJoinRequest;)Lcom/naqqa/elasticsearch/cluster/coordination/Join; 24 <appendix> form vmentry <vmtarget> ; # java/lang/invoke/LambdaForm$MH+0x000001bc81182400
instanceKlass  @bci com/naqqa/elasticsearch/cluster/coordination/CoordinationState handleStartJoin (Lcom/naqqa/elasticsearch/cluster/coordination/StartJoinRequest;)Lcom/naqqa/elasticsearch/cluster/coordination/Join; 24 <appendix> argL3 form vmentry <vmtarget> ; # java/lang/invoke/LambdaForm$MH+0x000001bc81182000
instanceKlass  @bci com/naqqa/elasticsearch/common/breaker/ChildMemoryCircuitBreaker addEstimateBytesAndMaybeBreak (JLjava/lang/String;)D 80 <appendix> argL4 argL2 form vmentry <vmtarget> ; # java/lang/invoke/LambdaForm$MH+0x000001bc81181c00
# instanceKlass java/lang/invoke/LambdaForm$MH+0x000001bc81181800
# instanceKlass java/lang/invoke/LambdaForm$MH+0x000001bc81181400
# instanceKlass java/lang/invoke/LambdaForm$MH+0x000001bc81181000
instanceKlass  @bci com/naqqa/elasticsearch/cluster/coordination/CoordinationState handleStartJoin (Lcom/naqqa/elasticsearch/cluster/coordination/StartJoinRequest;)Lcom/naqqa/elasticsearch/cluster/coordination/Join; 24 <appendix> argL1 form vmentry <vmtarget> ; # java/lang/invoke/LambdaForm$MH+0x000001bc81180c00
# instanceKlass java/lang/invoke/LambdaForm$MH+0x000001bc81180800
# instanceKlass java/lang/invoke/LambdaForm$MH+0x000001bc81180400
# instanceKlass java/lang/invoke/LambdaForm$MH+0x000001bc81180000
instanceKlass  @bci com/naqqa/elasticsearch/action/write/DistributedWriteTest testStalePrimaryTriggersExactlyOneRetryThenSucceeds ()V 104 <appendix> member <vmtarget> ; # com/naqqa/elasticsearch/action/write/DistributedWriteTest$$Lambda+0x000001bc8117da20
instanceKlass  @bci com/naqqa/elasticsearch/action/write/DistributedWriteTest testStalePrimaryTriggersExactlyOneRetryThenSucceeds ()V 92 <appendix> member <vmtarget> ; # com/naqqa/elasticsearch/action/write/DistributedWriteTest$$Lambda+0x000001bc8117d800
instanceKlass com/naqqa/elasticsearch/action/write/RelocationRetryListener
instanceKlass  @bci com/naqqa/elasticsearch/action/write/DistributedWriteTest testRefreshImmediateTriggersSynchronousRefresh ()V 39 <appendix> member <vmtarget> ; # com/naqqa/elasticsearch/action/write/DistributedWriteTest$$Lambda+0x000001bc8117f9c0
instanceKlass  @bci com/naqqa/elasticsearch/index/replication/ReplicationOperation$1 reader ()Lcom/naqqa/elasticsearch/common/io/stream/Writeable$Reader; 0 <appendix> argL0 ; # com/naqqa/elasticsearch/index/replication/ReplicationOperation$1$$Lambda+0x000001bc8117f7a8
instanceKlass com/naqqa/elasticsearch/index/replication/ReplicationResponse
instanceKlass com/naqqa/elasticsearch/index/replication/ReplicationGroup$2
instanceKlass  @bci com/naqqa/elasticsearch/index/replication/ReplicationGroup connectionTo (Lcom/naqqa/elasticsearch/index/replication/ShardCopy;)Lcom/naqqa/elasticsearch/transport/Connection; 10 <appendix> member <vmtarget> ; # com/naqqa/elasticsearch/index/replication/ReplicationGroup$$Lambda+0x000001bc8117f128
instanceKlass com/naqqa/elasticsearch/index/replication/ReplicationOperation$1
instanceKlass  @bci com/naqqa/elasticsearch/action/write/DistributedWriteTest testIndexGetDeleteRoundTrip ()V 38 <appendix> member <vmtarget> ; # com/naqqa/elasticsearch/action/write/DistributedWriteTest$$Lambda+0x000001bc8117ecb8
instanceKlass  @bci com/naqqa/elasticsearch/index/replication/ReplicationGroup registerHandler (Lcom/naqqa/elasticsearch/index/replication/ShardCopy;)V 13 <appendix> member <vmtarget> ; # com/naqqa/elasticsearch/index/replication/ReplicationGroup$$Lambda+0x000001bc8117ea98
instanceKlass  @cpi com/naqqa/elasticsearch/http/nio/NioHttpServerTransport 637 form vmentry <vmtarget> ; # java/lang/invoke/LambdaForm$DMH+0x000001bc8117d400
instanceKlass  @bci com/naqqa/elasticsearch/index/replication/ReplicationGroup registerHandler (Lcom/naqqa/elasticsearch/index/replication/ShardCopy;)V 6 <appendix> argL0 ; # com/naqqa/elasticsearch/index/replication/ReplicationGroup$$Lambda+0x000001bc8117e880
instanceKlass  @bci com/naqqa/elasticsearch/action/write/DistributedWriteTest testDetectNoopSkipsUpdate ()V 39 <appendix> member <vmtarget> ; # com/naqqa/elasticsearch/action/write/DistributedWriteTest$$Lambda+0x000001bc8117e660
instanceKlass jdk/internal/misc/Blocker$ForkJoinPools
instanceKlass jdk/internal/misc/CarrierThread$1
instanceKlass  @bci java/lang/VirtualThread lambda$createDefaultScheduler$1 (Ljava/util/concurrent/ForkJoinPool;)Ljava/util/concurrent/ForkJoinWorkerThread; 1 <appendix> member <vmtarget> ; # java/lang/VirtualThread$$Lambda+0x000001bc810db7f0
instanceKlass  @bci java/lang/VirtualThread <init> (Ljava/util/concurrent/Executor;Ljava/lang/String;ILjava/lang/Runnable;)V 71 <appendix> member <vmtarget> ; # java/lang/VirtualThread$$Lambda+0x000001bc810db128
instanceKlass java/lang/VirtualThread$VThreadContinuation$1
instanceKlass java/lang/Thread$Constants$1
instanceKlass  @bci java/lang/VirtualThread createDelayedTaskScheduler ()Ljava/util/concurrent/ScheduledExecutorService; 22 <appendix> argL0 ; # java/lang/VirtualThread$$Lambda+0x000001bc810da430
instanceKlass  @bci java/lang/VirtualThread lambda$createDefaultScheduler$4 (Ljava/util/concurrent/ForkJoinPool$ForkJoinWorkerThreadFactory;)Ljava/util/concurrent/ForkJoinPool; 118 <appendix> argL0 ; # java/lang/VirtualThread$$Lambda+0x000001bc810da1e8
instanceKlass  @cpi jdk/internal/net/http/common/Utils 1310 form vmentry <vmtarget> ; # java/lang/invoke/LambdaForm$DMH+0x000001bc8117d000
instanceKlass  @bci java/lang/VirtualThread lambda$createDefaultScheduler$4 (Ljava/util/concurrent/ForkJoinPool$ForkJoinWorkerThreadFactory;)Ljava/util/concurrent/ForkJoinPool; 95 <appendix> argL0 ; # java/lang/VirtualThread$$Lambda+0x000001bc810d9fd0
instanceKlass  @bci java/lang/VirtualThread createDefaultScheduler ()Ljava/util/concurrent/ForkJoinPool; 7 <appendix> member <vmtarget> ; # java/lang/VirtualThread$$Lambda+0x000001bc810d9db0
instanceKlass  @bci java/lang/VirtualThread createDefaultScheduler ()Ljava/util/concurrent/ForkJoinPool; 0 <appendix> argL0 ; # java/lang/VirtualThread$$Lambda+0x000001bc810d9b98
instanceKlass jdk/internal/vm/ContinuationSupport
instanceKlass java/util/concurrent/ThreadPerTaskExecutor$TaskRunner
instanceKlass  @bci com/naqqa/elasticsearch/action/write/BulkCoordinator execute (Lcom/naqqa/elasticsearch/action/write/BulkRequest;)Lcom/naqqa/elasticsearch/action/write/BulkResponse; 442 <appendix> form vmentry <vmtarget> ; # java/lang/invoke/LambdaForm$DMH+0x000001bc8117cc00
instanceKlass  @bci com/naqqa/elasticsearch/action/write/BulkCoordinator execute (Lcom/naqqa/elasticsearch/action/write/BulkRequest;)Lcom/naqqa/elasticsearch/action/write/BulkResponse; 442 <appendix> member <vmtarget> ; # com/naqqa/elasticsearch/action/write/BulkCoordinator$$Lambda+0x000001bc8117e238
instanceKlass  @cpi com/naqqa/elasticsearch/node/rest/NodeRestFilter 232 form vmentry <vmtarget> ; # java/lang/invoke/LambdaForm$DMH+0x000001bc8117c800
instanceKlass  @bci com/naqqa/elasticsearch/action/write/BulkCoordinator execute (Lcom/naqqa/elasticsearch/action/write/BulkRequest;)Lcom/naqqa/elasticsearch/action/write/BulkResponse; 294 <appendix> argL0 ; # com/naqqa/elasticsearch/action/write/BulkCoordinator$$Lambda+0x000001bc8117e000
instanceKlass  @bci com/naqqa/elasticsearch/action/write/BulkCoordinator execute (Lcom/naqqa/elasticsearch/action/write/BulkRequest;)Lcom/naqqa/elasticsearch/action/write/BulkResponse; 266 <appendix> argL0 ; # com/naqqa/elasticsearch/action/write/BulkCoordinator$$Lambda+0x000001bc81173cd8
instanceKlass com/naqqa/elasticsearch/action/write/BulkCoordinator
instanceKlass  @bci com/naqqa/elasticsearch/action/write/DistributedWriteTest testBulkAcrossTwoShardsPreservesOrderWithPartialFailure ()V 164 <appendix> member <vmtarget> ; # com/naqqa/elasticsearch/action/write/DistributedWriteTest$$Lambda+0x000001bc811730a8
instanceKlass  @bci com/naqqa/elasticsearch/action/write/DistributedWriteTest$ShardCluster <init> (Ljava/lang/String;II)V 52 <appendix> argL0 ; # com/naqqa/elasticsearch/action/write/DistributedWriteTest$ShardCluster$$Lambda+0x000001bc81172e90
instanceKlass com/naqqa/elasticsearch/action/write/DistributedWriteTest$Node
instanceKlass com/naqqa/elasticsearch/action/write/DistributedWriteTest$ShardCluster
instanceKlass com/naqqa/elasticsearch/action/write/DistributedWriteTest
instanceKlass  @bci com/naqqa/elasticsearch/action/search/SearchCoordinatorTest shardFailureRecordedAndAllowPartialFalseAborts ()V 220 <appendix> member <vmtarget> ; # com/naqqa/elasticsearch/action/search/SearchCoordinatorTest$$Lambda+0x000001bc811725f8
instanceKlass  @bci com/naqqa/elasticsearch/transport/ConnectTransportException <init> (Lcom/naqqa/elasticsearch/transport/DiscoveryNode;Ljava/lang/String;Ljava/lang/Throwable;)V 14 <appendix> form vmentry <vmtarget> ; # java/lang/invoke/LambdaForm$MH+0x000001bc8117c400
# instanceKlass java/lang/invoke/LambdaForm$MH+0x000001bc8117c000
instanceKlass  @bci com/naqqa/elasticsearch/transport/ConnectTransportException <init> (Lcom/naqqa/elasticsearch/transport/DiscoveryNode;Ljava/lang/String;Ljava/lang/Throwable;)V 14 <appendix> form names 10 function resolvedHandle form vmentry <vmtarget> ; # java/lang/invoke/LambdaForm$DMH+0x000001bc8117bc00
instanceKlass  @bci com/naqqa/elasticsearch/transport/ConnectTransportException <init> (Lcom/naqqa/elasticsearch/transport/DiscoveryNode;Ljava/lang/String;Ljava/lang/Throwable;)V 14 <appendix> argL3 form vmentry <vmtarget> ; # java/lang/invoke/LambdaForm$MH+0x000001bc8117b800
# instanceKlass java/lang/invoke/LambdaForm$MH+0x000001bc8117b400
instanceKlass  @bci com/naqqa/elasticsearch/monitor/slowlog/SlowLogService formatLine (Lcom/naqqa/elasticsearch/monitor/slowlog/SlowLogLevel;Ljava/lang/String;Ljava/lang/String;IJLjava/lang/String;)Ljava/lang/String; 35 <appendix> argL5 form names 7 function resolvedHandle form vmentry <vmtarget> ; # java/lang/invoke/LambdaForm$DMH+0x000001bc8117b000
instanceKlass  @bci com/naqqa/elasticsearch/monitor/slowlog/SlowLogService formatLine (Lcom/naqqa/elasticsearch/monitor/slowlog/SlowLogLevel;Ljava/lang/String;Ljava/lang/String;IJLjava/lang/String;)Ljava/lang/String; 35 <appendix> argL5 argL2 form vmentry <vmtarget> ; # java/lang/invoke/LambdaForm$MH+0x000001bc8117ac00
# instanceKlass java/lang/invoke/LambdaForm$MH+0x000001bc8117a800
# instanceKlass java/lang/invoke/LambdaForm$MH+0x000001bc8117a400
# instanceKlass java/lang/invoke/LambdaForm$MH+0x000001bc8117a000
# instanceKlass java/lang/invoke/LambdaForm$MH+0x000001bc81179c00
instanceKlass  @bci com/naqqa/elasticsearch/transport/ConnectTransportException <init> (Lcom/naqqa/elasticsearch/transport/DiscoveryNode;Ljava/lang/String;Ljava/lang/Throwable;)V 14 <appendix> form names 14 function resolvedHandle form vmentry <vmtarget> ; # java/lang/invoke/LambdaForm$DMH+0x000001bc81179800
instanceKlass  @bci com/naqqa/elasticsearch/transport/ConnectTransportException <init> (Lcom/naqqa/elasticsearch/transport/DiscoveryNode;Ljava/lang/String;Ljava/lang/Throwable;)V 14 <appendix> argL1 form vmentry <vmtarget> ; # java/lang/invoke/LambdaForm$MH+0x000001bc81179400
instanceKlass  @bci com/naqqa/elasticsearch/node/MultiNodeTest ok (Lcom/naqqa/elasticsearch/node/MultiNodeTest$Response;)V 33 <appendix> argL1 form vmentry <vmtarget> ; # java/lang/invoke/LambdaForm$MH+0x000001bc81179000
# instanceKlass java/lang/invoke/LambdaForm$MH+0x000001bc81178c00
# instanceKlass java/lang/invoke/LambdaForm$MH+0x000001bc81178800
# instanceKlass java/lang/invoke/LambdaForm$MH+0x000001bc81178400
# instanceKlass java/lang/invoke/LambdaForm$MH+0x000001bc81178000
# instanceKlass java/lang/invoke/LambdaForm$MH+0x000001bc81171c00
instanceKlass sun/net/util/SocketExceptions
instanceKlass java/util/ArrayList$SubList$1
instanceKlass com/naqqa/elasticsearch/action/search/SearchCoordinator$3
instanceKlass com/naqqa/elasticsearch/action/search/ShardFieldCollector$3
instanceKlass com/naqqa/elasticsearch/action/search/ShardFieldCollector$2
instanceKlass com/naqqa/elasticsearch/codec/docvalues/SortedDocValuesReader
instanceKlass  @bci com/naqqa/elasticsearch/action/search/ShardFieldCollector <init> (Lcom/naqqa/elasticsearch/search/execution/Sort;I)V 22 <appendix> argL0 ; # com/naqqa/elasticsearch/action/search/ShardFieldCollector$$Lambda+0x000001bc811771f0
instanceKlass com/naqqa/elasticsearch/action/search/ShardFieldCollector
instanceKlass com/naqqa/elasticsearch/search/execution/SortField
instanceKlass com/naqqa/elasticsearch/search/execution/Sort
instanceKlass jdk/internal/math/FloatToDecimal
instanceKlass  @bci com/naqqa/elasticsearch/action/search/SearchCoordinatorTest dfsProducesDifferentScoreThanPlainOnSkewedCorpus ()V 318 <adapter> ; # java/lang/invoke/LambdaForm$MH+0x000001bc81171800
# instanceKlass java/lang/invoke/LambdaForm$DMH+0x000001bc81171400
instanceKlass  @bci com/naqqa/elasticsearch/action/search/SearchCoordinatorTest dfsProducesDifferentScoreThanPlainOnSkewedCorpus ()V 318 <appendix> form vmentry <vmtarget> ; # java/lang/invoke/LambdaForm$MH+0x000001bc81171000
instanceKlass  @bci com/naqqa/elasticsearch/action/search/SearchCoordinator search (Lcom/naqqa/elasticsearch/cluster/routing/RoutingTable;Lcom/naqqa/elasticsearch/action/search/SearchRequest;)Lcom/naqqa/elasticsearch/action/search/SearchResponse; 1098 <appendix> argL0 ; # com/naqqa/elasticsearch/action/search/SearchCoordinator$$Lambda+0x000001bc81176130
instanceKlass  @bci com/naqqa/elasticsearch/action/search/SearchCoordinator search (Lcom/naqqa/elasticsearch/cluster/routing/RoutingTable;Lcom/naqqa/elasticsearch/action/search/SearchRequest;)Lcom/naqqa/elasticsearch/action/search/SearchResponse; 969 <appendix> argL0 ; # com/naqqa/elasticsearch/action/search/SearchCoordinator$$Lambda+0x000001bc81175ef8
instanceKlass com/naqqa/elasticsearch/action/search/ShardSearchService$DfsResponse
instanceKlass com/naqqa/elasticsearch/search/query/DisjunctionScorers
instanceKlass  @bci java/util/stream/MatchOps makeRef (Ljava/util/function/Predicate;Ljava/util/stream/MatchOps$MatchKind;)Ljava/util/stream/TerminalOp; 20 <appendix> member <vmtarget> ; # java/util/stream/MatchOps$$Lambda+0x000001bc810d8638
instanceKlass java/util/stream/MatchOps$BooleanTerminalSink
instanceKlass java/util/stream/MatchOps$MatchOp
instanceKlass java/util/stream/MatchOps
instanceKlass  @bci com/naqqa/elasticsearch/search/query/BooleanQuery createWeight (Lcom/naqqa/elasticsearch/search/execution/IndexSearcher;Lcom/naqqa/elasticsearch/search/query/ScoreMode;F)Lcom/naqqa/elasticsearch/search/query/Weight; 45 <appendix> argL0 ; # com/naqqa/elasticsearch/search/query/BooleanQuery$$Lambda+0x000001bc81174638
instanceKlass java/util/AbstractList$RandomAccessSpliterator
instanceKlass com/naqqa/elasticsearch/search/query/BooleanQuery$Builder
instanceKlass com/naqqa/elasticsearch/action/search/ShardSearchService$CanMatchResponse
instanceKlass com/naqqa/elasticsearch/action/search/CanMatchFilter$LongRangeCanMatchFilter
instanceKlass com/naqqa/elasticsearch/action/search/CanMatchFilter
instanceKlass com/naqqa/elasticsearch/action/search/SearchCoordinatorTest
instanceKlass  @bci com/naqqa/elasticsearch/search/aggs/bucket/terms/InternalTerms reduce (Ljava/util/List;Lcom/naqqa/elasticsearch/search/aggs/ReduceContext;)Lcom/naqqa/elasticsearch/search/aggs/InternalAggregation; 301 <appendix> argL0 ; # com/naqqa/elasticsearch/search/aggs/bucket/terms/InternalTerms$$Lambda+0x000001bc8116ef10
instanceKlass com/naqqa/elasticsearch/search/aggs/BucketValueExtractor
instanceKlass java/util/Collections$ReverseComparator2
instanceKlass java/util/Collections$ReverseComparator
instanceKlass  @bci java/util/Comparator comparingDouble (Ljava/util/function/ToDoubleFunction;)Ljava/util/Comparator; 6 <appendix> member <vmtarget> ; # java/util/Comparator$$Lambda+0x000001bc810d6ca0
instanceKlass  @bci com/naqqa/elasticsearch/search/aggs/bucket/terms/TermsOrder comparator ()Ljava/util/Comparator; 22 <appendix> member <vmtarget> ; # com/naqqa/elasticsearch/search/aggs/bucket/terms/TermsOrder$$Lambda+0x000001bc8116eaf0
instanceKlass  @cpi com/naqqa/elasticsearch/search/aggs/bucket/terms/TermsOrder 145 form vmentry <vmtarget> ; # java/lang/invoke/LambdaForm$DMH+0x000001bc81170c00
instanceKlass java/util/function/ToDoubleFunction
instanceKlass com/naqqa/elasticsearch/search/aggs/bucket/terms/TermsBucket
instanceKlass com/naqqa/elasticsearch/action/search/AggsPhase$CombinedCollector$1
instanceKlass com/naqqa/elasticsearch/action/search/AggsPhase$CombinedCollector
instanceKlass  @bci com/naqqa/elasticsearch/action/search/SearchResponse$Failure toString ()Ljava/lang/String; 1 <appendix> form vmentry <vmtarget> ; # java/lang/invoke/LambdaForm$MH+0x000001bc81170800
# instanceKlass java/lang/invoke/LambdaForm$MH+0x000001bc81170400
# instanceKlass java/lang/invoke/LambdaForm$MH+0x000001bc81170000
# instanceKlass java/lang/invoke/LambdaForm$MH+0x000001bc8116dc00
# instanceKlass java/lang/invoke/LambdaForm$MH+0x000001bc8116d800
# instanceKlass java/lang/invoke/LambdaForm$MH+0x000001bc8116d400
# instanceKlass java/lang/invoke/LambdaForm$MH+0x000001bc8116d000
# instanceKlass java/lang/invoke/LambdaForm$MH+0x000001bc8116cc00
# instanceKlass java/lang/invoke/LambdaForm$MH+0x000001bc8116c800
instanceKlass  @bci java/lang/invoke/BootstrapMethodInvoker invoke (Ljava/lang/Class;Ljava/lang/invoke/MethodHandle;Ljava/lang/String;Ljava/lang/Object;Ljava/lang/Object;Ljava/lang/Class;)Ljava/lang/Object; 894 <adapter> ; # java/lang/invoke/LambdaForm$MH+0x000001bc8116c400
instanceKlass  @bci com/naqqa/elasticsearch/action/search/AggsPhase lambda$fieldTypesFrom$2 (Ljava/util/Map;Lcom/naqqa/elasticsearch/index/mapper/MapperService;Ljava/lang/String;)Lcom/naqqa/elasticsearch/node/search/QueryFactory$FieldType; 3 <appendix> member <vmtarget> ; # com/naqqa/elasticsearch/action/search/AggsPhase$$Lambda+0x000001bc8116e000
instanceKlass  @bci com/naqqa/elasticsearch/search/aggs/bucket/IncludeExclude parse (Ljava/util/Map;)Ljava/util/function/Predicate; 32 <appendix> argL0 ; # com/naqqa/elasticsearch/search/aggs/bucket/IncludeExclude$$Lambda+0x000001bc8116bd20
instanceKlass com/naqqa/elasticsearch/search/aggs/bucket/IncludeExclude
instanceKlass com/naqqa/elasticsearch/search/aggs/bucket/terms/TermsOrder
instanceKlass  @bci com/naqqa/elasticsearch/action/search/AggsWiringTest exceedingMaxBucketsSurfacesAsClearFailureNotCorruptedResults ()V 172 <appendix> member <vmtarget> ; # com/naqqa/elasticsearch/action/search/AggsWiringTest$$Lambda+0x000001bc8116b6f8
instanceKlass com/naqqa/elasticsearch/test/Assert$ThrowingRunnable
instanceKlass java/time/LocalTime$1
instanceKlass java/time/format/DateTimeFormatterBuilder$2
instanceKlass java/time/LocalDate$1
instanceKlass java/time/ZonedDateTime$1
instanceKlass java/time/format/DateTimePrintContext
instanceKlass  @bci com/naqqa/elasticsearch/search/aggs/bucket/histogram/InternalDateHistogram reduce (Ljava/util/List;Lcom/naqqa/elasticsearch/search/aggs/ReduceContext;)Lcom/naqqa/elasticsearch/search/aggs/InternalAggregation; 161 <appendix> argL0 ; # com/naqqa/elasticsearch/search/aggs/bucket/histogram/InternalDateHistogram$$Lambda+0x000001bc8116b270
instanceKlass  @bci com/naqqa/elasticsearch/search/aggs/bucket/BucketReduceUtil groupByKey (Ljava/util/List;)Ljava/util/LinkedHashMap; 72 <appendix> argL0 ; # com/naqqa/elasticsearch/search/aggs/bucket/BucketReduceUtil$$Lambda+0x000001bc8116b038
instanceKlass com/naqqa/elasticsearch/search/aggs/bucket/BucketReduceUtil
instanceKlass  @bci com/naqqa/elasticsearch/search/aggs/InternalAggregations reduceAll (Ljava/util/List;Lcom/naqqa/elasticsearch/search/aggs/ReduceContext;)Lcom/naqqa/elasticsearch/search/aggs/InternalAggregations; 116 <appendix> argL0 ; # com/naqqa/elasticsearch/search/aggs/InternalAggregations$$Lambda+0x000001bc8116ac00
instanceKlass  @bci com/naqqa/elasticsearch/search/aggs/InternalAggregationStreams <clinit> ()V 600 <appendix> argL0 ; # com/naqqa/elasticsearch/search/aggs/InternalAggregationStreams$$Lambda+0x000001bc8116a9e8
instanceKlass  @bci com/naqqa/elasticsearch/search/aggs/InternalAggregationStreams <clinit> ()V 595 <appendix> argL0 ; # com/naqqa/elasticsearch/search/aggs/InternalAggregationStreams$$Lambda+0x000001bc8116a7d0
instanceKlass  @bci com/naqqa/elasticsearch/search/aggs/InternalAggregationStreams <clinit> ()V 584 <appendix> argL0 ; # com/naqqa/elasticsearch/search/aggs/InternalAggregationStreams$$Lambda+0x000001bc8116a5b8
instanceKlass  @bci com/naqqa/elasticsearch/search/aggs/InternalAggregationStreams <clinit> ()V 579 <appendix> argL0 ; # com/naqqa/elasticsearch/search/aggs/InternalAggregationStreams$$Lambda+0x000001bc8116a3a0
instanceKlass  @bci com/naqqa/elasticsearch/search/aggs/InternalAggregationStreams <clinit> ()V 568 <appendix> argL0 ; # com/naqqa/elasticsearch/search/aggs/InternalAggregationStreams$$Lambda+0x000001bc8116a188
instanceKlass  @bci com/naqqa/elasticsearch/search/aggs/InternalAggregationStreams <clinit> ()V 563 <appendix> argL0 ; # com/naqqa/elasticsearch/search/aggs/InternalAggregationStreams$$Lambda+0x000001bc81169f70
instanceKlass  @bci com/naqqa/elasticsearch/search/aggs/InternalAggregationStreams <clinit> ()V 549 <appendix> member <vmtarget> ; # com/naqqa/elasticsearch/search/aggs/InternalAggregationStreams$$Lambda+0x000001bc81169d50
instanceKlass  @cpi com/naqqa/elasticsearch/search/aggs/InternalAggregationStreams 1348 form vmentry <vmtarget> ; # java/lang/invoke/LambdaForm$DMH+0x000001bc8116c000
instanceKlass  @bci com/naqqa/elasticsearch/search/aggs/InternalAggregationStreams <clinit> ()V 543 <appendix> argL0 ; # com/naqqa/elasticsearch/search/aggs/InternalAggregationStreams$$Lambda+0x000001bc81169b38
instanceKlass  @bci com/naqqa/elasticsearch/search/aggs/InternalAggregationStreams <clinit> ()V 476 <appendix> argL0 ; # com/naqqa/elasticsearch/search/aggs/InternalAggregationStreams$$Lambda+0x000001bc81169920
instanceKlass  @bci com/naqqa/elasticsearch/search/aggs/InternalAggregationStreams <clinit> ()V 471 <appendix> argL0 ; # com/naqqa/elasticsearch/search/aggs/InternalAggregationStreams$$Lambda+0x000001bc81169708
instanceKlass  @bci com/naqqa/elasticsearch/search/aggs/InternalAggregationStreams <clinit> ()V 460 <appendix> argL0 ; # com/naqqa/elasticsearch/search/aggs/InternalAggregationStreams$$Lambda+0x000001bc811694f0
instanceKlass  @bci com/naqqa/elasticsearch/search/aggs/InternalAggregationStreams <clinit> ()V 455 <appendix> argL0 ; # com/naqqa/elasticsearch/search/aggs/InternalAggregationStreams$$Lambda+0x000001bc811692d8
instanceKlass  @bci com/naqqa/elasticsearch/search/aggs/InternalAggregationStreams <clinit> ()V 444 <appendix> argL0 ; # com/naqqa/elasticsearch/search/aggs/InternalAggregationStreams$$Lambda+0x000001bc811690c0
instanceKlass  @bci com/naqqa/elasticsearch/search/aggs/InternalAggregationStreams <clinit> ()V 439 <appendix> argL0 ; # com/naqqa/elasticsearch/search/aggs/InternalAggregationStreams$$Lambda+0x000001bc81168ea8
instanceKlass  @bci com/naqqa/elasticsearch/search/aggs/InternalAggregationStreams <clinit> ()V 428 <appendix> argL0 ; # com/naqqa/elasticsearch/search/aggs/InternalAggregationStreams$$Lambda+0x000001bc81168c90
instanceKlass  @bci com/naqqa/elasticsearch/search/aggs/InternalAggregationStreams <clinit> ()V 423 <appendix> argL0 ; # com/naqqa/elasticsearch/search/aggs/InternalAggregationStreams$$Lambda+0x000001bc81168a78
instanceKlass  @bci com/naqqa/elasticsearch/search/aggs/InternalAggregationStreams <clinit> ()V 412 <appendix> argL0 ; # com/naqqa/elasticsearch/search/aggs/InternalAggregationStreams$$Lambda+0x000001bc81168860
instanceKlass  @bci com/naqqa/elasticsearch/search/aggs/InternalAggregationStreams <clinit> ()V 407 <appendix> argL0 ; # com/naqqa/elasticsearch/search/aggs/InternalAggregationStreams$$Lambda+0x000001bc81168648
instanceKlass  @bci com/naqqa/elasticsearch/search/aggs/InternalAggregationStreams <clinit> ()V 396 <appendix> argL0 ; # com/naqqa/elasticsearch/search/aggs/InternalAggregationStreams$$Lambda+0x000001bc81168430
instanceKlass  @bci com/naqqa/elasticsearch/search/aggs/InternalAggregationStreams <clinit> ()V 391 <appendix> argL0 ; # com/naqqa/elasticsearch/search/aggs/InternalAggregationStreams$$Lambda+0x000001bc81168218
instanceKlass  @bci com/naqqa/elasticsearch/search/aggs/InternalAggregationStreams <clinit> ()V 380 <appendix> argL0 ; # com/naqqa/elasticsearch/search/aggs/InternalAggregationStreams$$Lambda+0x000001bc81168000
instanceKlass  @bci com/naqqa/elasticsearch/search/aggs/InternalAggregationStreams <clinit> ()V 375 <appendix> argL0 ; # com/naqqa/elasticsearch/search/aggs/InternalAggregationStreams$$Lambda+0x000001bc81164c00
instanceKlass  @bci com/naqqa/elasticsearch/search/aggs/InternalAggregationStreams <clinit> ()V 364 <appendix> argL0 ; # com/naqqa/elasticsearch/search/aggs/InternalAggregationStreams$$Lambda+0x000001bc81165c90
instanceKlass  @bci com/naqqa/elasticsearch/search/aggs/InternalAggregationStreams <clinit> ()V 359 <appendix> argL0 ; # com/naqqa/elasticsearch/search/aggs/InternalAggregationStreams$$Lambda+0x000001bc81165a78
instanceKlass  @bci com/naqqa/elasticsearch/search/aggs/InternalAggregationStreams <clinit> ()V 348 <appendix> argL0 ; # com/naqqa/elasticsearch/search/aggs/InternalAggregationStreams$$Lambda+0x000001bc81165860
instanceKlass  @bci com/naqqa/elasticsearch/search/aggs/InternalAggregationStreams <clinit> ()V 343 <appendix> argL0 ; # com/naqqa/elasticsearch/search/aggs/InternalAggregationStreams$$Lambda+0x000001bc81165648
instanceKlass  @bci com/naqqa/elasticsearch/search/aggs/InternalAggregationStreams <clinit> ()V 332 <appendix> argL0 ; # com/naqqa/elasticsearch/search/aggs/InternalAggregationStreams$$Lambda+0x000001bc81165430
instanceKlass  @bci com/naqqa/elasticsearch/search/aggs/InternalAggregationStreams <clinit> ()V 327 <appendix> argL0 ; # com/naqqa/elasticsearch/search/aggs/InternalAggregationStreams$$Lambda+0x000001bc81165218
instanceKlass  @bci com/naqqa/elasticsearch/search/aggs/InternalAggregationStreams <clinit> ()V 316 <appendix> argL0 ; # com/naqqa/elasticsearch/search/aggs/InternalAggregationStreams$$Lambda+0x000001bc81165000
instanceKlass  @bci com/naqqa/elasticsearch/search/aggs/InternalAggregationStreams <clinit> ()V 311 <appendix> argL0 ; # com/naqqa/elasticsearch/search/aggs/InternalAggregationStreams$$Lambda+0x000001bc81167d50
instanceKlass  @bci com/naqqa/elasticsearch/search/aggs/InternalAggregationStreams <clinit> ()V 300 <appendix> argL0 ; # com/naqqa/elasticsearch/search/aggs/InternalAggregationStreams$$Lambda+0x000001bc81167b38
instanceKlass  @bci com/naqqa/elasticsearch/search/aggs/InternalAggregationStreams <clinit> ()V 295 <appendix> argL0 ; # com/naqqa/elasticsearch/search/aggs/InternalAggregationStreams$$Lambda+0x000001bc81167920
instanceKlass  @bci com/naqqa/elasticsearch/search/aggs/InternalAggregationStreams <clinit> ()V 284 <appendix> argL0 ; # com/naqqa/elasticsearch/search/aggs/InternalAggregationStreams$$Lambda+0x000001bc81167708
instanceKlass  @bci com/naqqa/elasticsearch/search/aggs/InternalAggregationStreams <clinit> ()V 279 <appendix> argL0 ; # com/naqqa/elasticsearch/search/aggs/InternalAggregationStreams$$Lambda+0x000001bc811674f0
instanceKlass  @bci com/naqqa/elasticsearch/search/aggs/InternalAggregationStreams <clinit> ()V 268 <appendix> argL0 ; # com/naqqa/elasticsearch/search/aggs/InternalAggregationStreams$$Lambda+0x000001bc811672d8
instanceKlass  @bci com/naqqa/elasticsearch/search/aggs/InternalAggregationStreams <clinit> ()V 263 <appendix> argL0 ; # com/naqqa/elasticsearch/search/aggs/InternalAggregationStreams$$Lambda+0x000001bc811670c0
instanceKlass  @bci com/naqqa/elasticsearch/search/aggs/InternalAggregationStreams <clinit> ()V 252 <appendix> argL0 ; # com/naqqa/elasticsearch/search/aggs/InternalAggregationStreams$$Lambda+0x000001bc81166ea8
instanceKlass  @bci com/naqqa/elasticsearch/search/aggs/InternalAggregationStreams <clinit> ()V 247 <appendix> argL0 ; # com/naqqa/elasticsearch/search/aggs/InternalAggregationStreams$$Lambda+0x000001bc81166c90
instanceKlass  @bci com/naqqa/elasticsearch/search/aggs/InternalAggregationStreams <clinit> ()V 236 <appendix> argL0 ; # com/naqqa/elasticsearch/search/aggs/InternalAggregationStreams$$Lambda+0x000001bc81166a78
instanceKlass  @bci com/naqqa/elasticsearch/search/aggs/InternalAggregationStreams <clinit> ()V 231 <appendix> argL0 ; # com/naqqa/elasticsearch/search/aggs/InternalAggregationStreams$$Lambda+0x000001bc81166860
instanceKlass  @bci com/naqqa/elasticsearch/search/aggs/InternalAggregationStreams <clinit> ()V 220 <appendix> argL0 ; # com/naqqa/elasticsearch/search/aggs/InternalAggregationStreams$$Lambda+0x000001bc81166648
instanceKlass  @bci com/naqqa/elasticsearch/search/aggs/InternalAggregationStreams <clinit> ()V 215 <appendix> argL0 ; # com/naqqa/elasticsearch/search/aggs/InternalAggregationStreams$$Lambda+0x000001bc81166430
instanceKlass  @bci com/naqqa/elasticsearch/search/aggs/InternalAggregationStreams <clinit> ()V 204 <appendix> argL0 ; # com/naqqa/elasticsearch/search/aggs/InternalAggregationStreams$$Lambda+0x000001bc81166218
instanceKlass  @bci com/naqqa/elasticsearch/search/aggs/InternalAggregationStreams <clinit> ()V 199 <appendix> argL0 ; # com/naqqa/elasticsearch/search/aggs/InternalAggregationStreams$$Lambda+0x000001bc81166000
instanceKlass  @bci com/naqqa/elasticsearch/search/aggs/InternalAggregationStreams <clinit> ()V 188 <appendix> argL0 ; # com/naqqa/elasticsearch/search/aggs/InternalAggregationStreams$$Lambda+0x000001bc81163de0
instanceKlass  @bci com/naqqa/elasticsearch/search/aggs/InternalAggregationStreams <clinit> ()V 183 <appendix> argL0 ; # com/naqqa/elasticsearch/search/aggs/InternalAggregationStreams$$Lambda+0x000001bc81163bc8
instanceKlass  @bci com/naqqa/elasticsearch/search/aggs/InternalAggregationStreams <clinit> ()V 172 <appendix> argL0 ; # com/naqqa/elasticsearch/search/aggs/InternalAggregationStreams$$Lambda+0x000001bc811639b0
instanceKlass  @bci com/naqqa/elasticsearch/search/aggs/InternalAggregationStreams <clinit> ()V 167 <appendix> argL0 ; # com/naqqa/elasticsearch/search/aggs/InternalAggregationStreams$$Lambda+0x000001bc81163798
instanceKlass  @bci com/naqqa/elasticsearch/search/aggs/InternalAggregationStreams <clinit> ()V 156 <appendix> argL0 ; # com/naqqa/elasticsearch/search/aggs/InternalAggregationStreams$$Lambda+0x000001bc81163580
instanceKlass  @bci com/naqqa/elasticsearch/search/aggs/InternalAggregationStreams <clinit> ()V 151 <appendix> argL0 ; # com/naqqa/elasticsearch/search/aggs/InternalAggregationStreams$$Lambda+0x000001bc81163368
instanceKlass  @bci com/naqqa/elasticsearch/search/aggs/InternalAggregationStreams <clinit> ()V 140 <appendix> argL0 ; # com/naqqa/elasticsearch/search/aggs/InternalAggregationStreams$$Lambda+0x000001bc81163150
instanceKlass  @bci com/naqqa/elasticsearch/search/aggs/InternalAggregationStreams <clinit> ()V 135 <appendix> argL0 ; # com/naqqa/elasticsearch/search/aggs/InternalAggregationStreams$$Lambda+0x000001bc81162f38
instanceKlass  @bci com/naqqa/elasticsearch/search/aggs/InternalAggregationStreams <clinit> ()V 124 <appendix> argL0 ; # com/naqqa/elasticsearch/search/aggs/InternalAggregationStreams$$Lambda+0x000001bc81162d20
instanceKlass  @bci com/naqqa/elasticsearch/search/aggs/InternalAggregationStreams <clinit> ()V 119 <appendix> argL0 ; # com/naqqa/elasticsearch/search/aggs/InternalAggregationStreams$$Lambda+0x000001bc81162b08
instanceKlass  @bci com/naqqa/elasticsearch/search/aggs/InternalAggregationStreams <clinit> ()V 108 <appendix> argL0 ; # com/naqqa/elasticsearch/search/aggs/InternalAggregationStreams$$Lambda+0x000001bc811628f0
instanceKlass  @bci com/naqqa/elasticsearch/search/aggs/InternalAggregationStreams <clinit> ()V 103 <appendix> argL0 ; # com/naqqa/elasticsearch/search/aggs/InternalAggregationStreams$$Lambda+0x000001bc811626d8
instanceKlass  @bci com/naqqa/elasticsearch/search/aggs/InternalAggregationStreams <clinit> ()V 92 <appendix> argL0 ; # com/naqqa/elasticsearch/search/aggs/InternalAggregationStreams$$Lambda+0x000001bc811624c0
instanceKlass  @bci com/naqqa/elasticsearch/search/aggs/InternalAggregationStreams <clinit> ()V 87 <appendix> argL0 ; # com/naqqa/elasticsearch/search/aggs/InternalAggregationStreams$$Lambda+0x000001bc811622a8
instanceKlass  @bci com/naqqa/elasticsearch/search/aggs/InternalAggregationStreams <clinit> ()V 76 <appendix> argL0 ; # com/naqqa/elasticsearch/search/aggs/InternalAggregationStreams$$Lambda+0x000001bc81162090
instanceKlass  @bci com/naqqa/elasticsearch/search/aggs/InternalAggregationStreams <clinit> ()V 71 <appendix> argL0 ; # com/naqqa/elasticsearch/search/aggs/InternalAggregationStreams$$Lambda+0x000001bc81161e78
instanceKlass  @bci com/naqqa/elasticsearch/search/aggs/InternalAggregationStreams <clinit> ()V 60 <appendix> argL0 ; # com/naqqa/elasticsearch/search/aggs/InternalAggregationStreams$$Lambda+0x000001bc81161c60
instanceKlass  @bci com/naqqa/elasticsearch/search/aggs/InternalAggregationStreams <clinit> ()V 55 <appendix> argL0 ; # com/naqqa/elasticsearch/search/aggs/InternalAggregationStreams$$Lambda+0x000001bc81161a48
instanceKlass  @bci com/naqqa/elasticsearch/search/aggs/InternalAggregationStreams <clinit> ()V 44 <appendix> argL0 ; # com/naqqa/elasticsearch/search/aggs/InternalAggregationStreams$$Lambda+0x000001bc81161830
instanceKlass  @bci com/naqqa/elasticsearch/search/aggs/InternalAggregationStreams <clinit> ()V 39 <appendix> argL0 ; # com/naqqa/elasticsearch/search/aggs/InternalAggregationStreams$$Lambda+0x000001bc81161618
instanceKlass  @bci com/naqqa/elasticsearch/search/aggs/InternalAggregationStreams <clinit> ()V 28 <appendix> argL0 ; # com/naqqa/elasticsearch/search/aggs/InternalAggregationStreams$$Lambda+0x000001bc81161400
instanceKlass  @cpi com/naqqa/elasticsearch/search/aggs/InternalAggregationStreams 1174 form vmentry <vmtarget> ; # java/lang/invoke/LambdaForm$DMH+0x000001bc81164800
instanceKlass com/naqqa/elasticsearch/search/aggs/InternalAggregationStreams$Reader
instanceKlass  @bci com/naqqa/elasticsearch/search/aggs/InternalAggregationStreams <clinit> ()V 23 <appendix> argL0 ; # com/naqqa/elasticsearch/search/aggs/InternalAggregationStreams$$Lambda+0x000001bc81160ff0
instanceKlass  @cpi com/naqqa/elasticsearch/search/aggs/InternalAggregationStreams 1170 form vmentry <vmtarget> ; # java/lang/invoke/LambdaForm$DMH+0x000001bc81164400
instanceKlass  @cpi com/naqqa/elasticsearch/monitor/shutdown/ShutdownCoordinatorTest 199 form vmentry <vmtarget> ; # java/lang/invoke/LambdaForm$DMH+0x000001bc81164000
instanceKlass com/naqqa/elasticsearch/search/aggs/InternalAggregationStreams$Writer
instanceKlass com/naqqa/elasticsearch/search/aggs/InternalAggregationStreams
instanceKlass com/naqqa/elasticsearch/search/aggs/ReduceContext
# instanceKlass com/naqqa/elasticsearch/search/aggs/bucket/histogram/DateHistogramAggregator$$Lambda+0x000001bc811604d0
# instanceKlass com/naqqa/elasticsearch/search/aggs/bucket/histogram/DateHistogramAggregator$$Lambda+0x000001bc81160760
instanceKlass  @bci com/naqqa/elasticsearch/search/aggs/bucket/histogram/DateHistogramAggregator buildAggregation (J)Lcom/naqqa/elasticsearch/search/aggs/InternalAggregation; 90 <appendix> argL0 ; # com/naqqa/elasticsearch/search/aggs/bucket/histogram/DateHistogramAggregator$$Lambda+0x000001bc81160240
instanceKlass com/naqqa/elasticsearch/search/aggs/bucket/histogram/DateHistogramBucket
instanceKlass com/naqqa/elasticsearch/search/aggs/MultiBucketsAggregation$Bucket
instanceKlass com/naqqa/elasticsearch/action/search/AggsPhase$Result
instanceKlass com/naqqa/elasticsearch/search/aggs/support/BucketArrays
instanceKlass com/naqqa/elasticsearch/common/collect/LongLongHashMap
instanceKlass java/time/zone/ZoneOffsetTransition
instanceKlass java/time/ZonedDateTime
instanceKlass java/time/chrono/ChronoZonedDateTime
instanceKlass com/naqqa/elasticsearch/action/search/AggsPhase$AggsCollector$1
instanceKlass com/naqqa/elasticsearch/common/collect/LongObjectHashMap
instanceKlass com/naqqa/elasticsearch/common/collect/LongArrayList
instanceKlass com/naqqa/elasticsearch/search/aggs/support/BucketOrds
instanceKlass com/naqqa/elasticsearch/search/aggs/support/DocValuesAdapters$3
instanceKlass com/naqqa/elasticsearch/search/aggs/support/DocValuesAdapters
instanceKlass com/naqqa/elasticsearch/search/aggs/support/ParamsHelper
instanceKlass  @bci com/naqqa/elasticsearch/search/aggs/AggregatorFactories <clinit> ()V 511 <appendix> argL0 ; # com/naqqa/elasticsearch/search/aggs/AggregatorFactories$$Lambda+0x000001bc8115dc80
instanceKlass  @bci com/naqqa/elasticsearch/search/aggs/AggregatorFactories <clinit> ()V 500 <appendix> argL0 ; # com/naqqa/elasticsearch/search/aggs/AggregatorFactories$$Lambda+0x000001bc8115d5d0
instanceKlass  @bci com/naqqa/elasticsearch/search/aggs/AggregatorFactories <clinit> ()V 489 <appendix> argL0 ; # com/naqqa/elasticsearch/search/aggs/AggregatorFactories$$Lambda+0x000001bc8115d170
instanceKlass  @bci com/naqqa/elasticsearch/search/aggs/AggregatorFactories <clinit> ()V 478 <appendix> argL0 ; # com/naqqa/elasticsearch/search/aggs/AggregatorFactories$$Lambda+0x000001bc8115cd08
instanceKlass  @bci com/naqqa/elasticsearch/search/aggs/AggregatorFactories <clinit> ()V 467 <appendix> argL0 ; # com/naqqa/elasticsearch/search/aggs/AggregatorFactories$$Lambda+0x000001bc8115c8a0
instanceKlass  @bci com/naqqa/elasticsearch/search/aggs/AggregatorFactories <clinit> ()V 456 <appendix> argL0 ; # com/naqqa/elasticsearch/search/aggs/AggregatorFactories$$Lambda+0x000001bc8115c210
instanceKlass com/naqqa/elasticsearch/search/aggs/bucket/nested/ParentAggregator
instanceKlass  @bci com/naqqa/elasticsearch/search/aggs/AggregatorFactories <clinit> ()V 445 <appendix> argL0 ; # com/naqqa/elasticsearch/search/aggs/AggregatorFactories$$Lambda+0x000001bc8115bdf8
instanceKlass com/naqqa/elasticsearch/search/aggs/bucket/nested/ChildrenAggregator
instanceKlass  @bci com/naqqa/elasticsearch/search/aggs/AggregatorFactories <clinit> ()V 434 <appendix> argL0 ; # com/naqqa/elasticsearch/search/aggs/AggregatorFactories$$Lambda+0x000001bc8115b9e0
instanceKlass com/naqqa/elasticsearch/search/aggs/bucket/nested/ReverseNestedAggregator
instanceKlass  @bci com/naqqa/elasticsearch/search/aggs/AggregatorFactories <clinit> ()V 423 <appendix> argL0 ; # com/naqqa/elasticsearch/search/aggs/AggregatorFactories$$Lambda+0x000001bc8115b5c8
instanceKlass com/naqqa/elasticsearch/search/aggs/bucket/nested/NestedAggregator
instanceKlass  @bci com/naqqa/elasticsearch/search/aggs/AggregatorFactories <clinit> ()V 412 <appendix> argL0 ; # com/naqqa/elasticsearch/search/aggs/AggregatorFactories$$Lambda+0x000001bc8115af68
instanceKlass com/naqqa/elasticsearch/search/aggs/bucket/filter/MissingAggregator
instanceKlass  @bci com/naqqa/elasticsearch/search/aggs/AggregatorFactories <clinit> ()V 402 <appendix> argL0 ; # com/naqqa/elasticsearch/search/aggs/AggregatorFactories$$Lambda+0x000001bc8115ab50
instanceKlass com/naqqa/elasticsearch/search/aggs/bucket/filter/GlobalAggregator
instanceKlass  @bci com/naqqa/elasticsearch/search/aggs/AggregatorFactories <clinit> ()V 392 <appendix> argL0 ; # com/naqqa/elasticsearch/search/aggs/AggregatorFactories$$Lambda+0x000001bc8115a738
instanceKlass  @bci com/naqqa/elasticsearch/search/aggs/AggregatorFactories <clinit> ()V 382 <appendix> argL0 ; # com/naqqa/elasticsearch/search/aggs/AggregatorFactories$$Lambda+0x000001bc8115a088
instanceKlass com/naqqa/elasticsearch/search/aggs/bucket/filter/FilterAggregator
instanceKlass  @bci com/naqqa/elasticsearch/search/aggs/AggregatorFactories <clinit> ()V 372 <appendix> argL0 ; # com/naqqa/elasticsearch/search/aggs/AggregatorFactories$$Lambda+0x000001bc81159a28
instanceKlass  @bci com/naqqa/elasticsearch/search/aggs/AggregatorFactories <clinit> ()V 362 <appendix> argL0 ; # com/naqqa/elasticsearch/search/aggs/AggregatorFactories$$Lambda+0x000001bc811595c0
instanceKlass  @bci com/naqqa/elasticsearch/search/aggs/AggregatorFactories <clinit> ()V 352 <appendix> argL0 ; # com/naqqa/elasticsearch/search/aggs/AggregatorFactories$$Lambda+0x000001bc81159158
instanceKlass  @bci com/naqqa/elasticsearch/search/aggs/AggregatorFactories <clinit> ()V 342 <appendix> argL0 ; # com/naqqa/elasticsearch/search/aggs/AggregatorFactories$$Lambda+0x000001bc81158cf8
instanceKlass  @bci com/naqqa/elasticsearch/search/aggs/AggregatorFactories <clinit> ()V 332 <appendix> argL0 ; # com/naqqa/elasticsearch/search/aggs/AggregatorFactories$$Lambda+0x000001bc81158658
instanceKlass com/naqqa/elasticsearch/search/aggs/bucket/range/DateRangeAggregator
instanceKlass  @bci com/naqqa/elasticsearch/search/aggs/AggregatorFactories <clinit> ()V 322 <appendix> argL0 ; # com/naqqa/elasticsearch/search/aggs/AggregatorFactories$$Lambda+0x000001bc81158240
instanceKlass  @bci com/naqqa/elasticsearch/search/aggs/AggregatorFactories <clinit> ()V 312 <appendix> argL0 ; # com/naqqa/elasticsearch/search/aggs/AggregatorFactories$$Lambda+0x000001bc81157b58
instanceKlass  @bci com/naqqa/elasticsearch/search/aggs/AggregatorFactories <clinit> ()V 302 <appendix> argL0 ; # com/naqqa/elasticsearch/search/aggs/AggregatorFactories$$Lambda+0x000001bc811574a8
instanceKlass  @bci com/naqqa/elasticsearch/search/aggs/AggregatorFactories <clinit> ()V 292 <appendix> argL0 ; # com/naqqa/elasticsearch/search/aggs/AggregatorFactories$$Lambda+0x000001bc81157040
instanceKlass  @bci com/naqqa/elasticsearch/search/aggs/AggregatorFactories <clinit> ()V 282 <appendix> argL0 ; # com/naqqa/elasticsearch/search/aggs/AggregatorFactories$$Lambda+0x000001bc81156990
instanceKlass  @bci com/naqqa/elasticsearch/search/aggs/AggregatorFactories <clinit> ()V 272 <appendix> argL0 ; # com/naqqa/elasticsearch/search/aggs/AggregatorFactories$$Lambda+0x000001bc811562e0
instanceKlass com/naqqa/elasticsearch/search/aggs/bucket/terms/SignificantTextAggregator
instanceKlass  @bci com/naqqa/elasticsearch/search/aggs/AggregatorFactories <clinit> ()V 262 <appendix> argL0 ; # com/naqqa/elasticsearch/search/aggs/AggregatorFactories$$Lambda+0x000001bc81155ec8
instanceKlass  @bci com/naqqa/elasticsearch/search/aggs/AggregatorFactories <clinit> ()V 252 <appendix> argL0 ; # com/naqqa/elasticsearch/search/aggs/AggregatorFactories$$Lambda+0x000001bc81155818
instanceKlass  @bci com/naqqa/elasticsearch/search/aggs/AggregatorFactories <clinit> ()V 242 <appendix> argL0 ; # com/naqqa/elasticsearch/search/aggs/AggregatorFactories$$Lambda+0x000001bc811553b0
instanceKlass  @bci com/naqqa/elasticsearch/search/aggs/AggregatorFactories <clinit> ()V 232 <appendix> argL0 ; # com/naqqa/elasticsearch/search/aggs/AggregatorFactories$$Lambda+0x000001bc81154d08
instanceKlass com/naqqa/elasticsearch/search/aggs/MultiBucketsAggregation
instanceKlass  @bci com/naqqa/elasticsearch/search/aggs/AggregatorFactories <clinit> ()V 222 <appendix> argL0 ; # com/naqqa/elasticsearch/search/aggs/AggregatorFactories$$Lambda+0x000001bc81154218
instanceKlass  @bci com/naqqa/elasticsearch/search/aggs/AggregatorFactories <clinit> ()V 212 <appendix> argL0 ; # com/naqqa/elasticsearch/search/aggs/AggregatorFactories$$Lambda+0x000001bc81153bc0
instanceKlass  @bci com/naqqa/elasticsearch/search/aggs/AggregatorFactories <clinit> ()V 202 <appendix> argL0 ; # com/naqqa/elasticsearch/search/aggs/AggregatorFactories$$Lambda+0x000001bc81153548
instanceKlass  @bci com/naqqa/elasticsearch/search/aggs/AggregatorFactories <clinit> ()V 192 <appendix> argL0 ; # com/naqqa/elasticsearch/search/aggs/AggregatorFactories$$Lambda+0x000001bc81152ed0
instanceKlass  @bci com/naqqa/elasticsearch/search/aggs/AggregatorFactories <clinit> ()V 182 <appendix> argL0 ; # com/naqqa/elasticsearch/search/aggs/AggregatorFactories$$Lambda+0x000001bc81152870
instanceKlass  @bci com/naqqa/elasticsearch/search/aggs/AggregatorFactories <clinit> ()V 172 <appendix> argL0 ; # com/naqqa/elasticsearch/search/aggs/AggregatorFactories$$Lambda+0x000001bc81152208
instanceKlass  @bci com/naqqa/elasticsearch/search/aggs/AggregatorFactories <clinit> ()V 162 <appendix> argL0 ; # com/naqqa/elasticsearch/search/aggs/AggregatorFactories$$Lambda+0x000001bc81151bb0
instanceKlass  @bci com/naqqa/elasticsearch/search/aggs/AggregatorFactories <clinit> ()V 152 <appendix> argL0 ; # com/naqqa/elasticsearch/search/aggs/AggregatorFactories$$Lambda+0x000001bc81151558
instanceKlass  @bci com/naqqa/elasticsearch/search/aggs/AggregatorFactories <clinit> ()V 142 <appendix> argL0 ; # com/naqqa/elasticsearch/search/aggs/AggregatorFactories$$Lambda+0x000001bc81150f00
instanceKlass  @bci com/naqqa/elasticsearch/search/aggs/AggregatorFactories <clinit> ()V 132 <appendix> argL0 ; # com/naqqa/elasticsearch/search/aggs/AggregatorFactories$$Lambda+0x000001bc81150898
instanceKlass  @bci com/naqqa/elasticsearch/search/aggs/AggregatorFactories <clinit> ()V 122 <appendix> argL0 ; # com/naqqa/elasticsearch/search/aggs/AggregatorFactories$$Lambda+0x000001bc8114fde8
instanceKlass  @bci com/naqqa/elasticsearch/search/aggs/AggregatorFactories <clinit> ()V 112 <appendix> argL0 ; # com/naqqa/elasticsearch/search/aggs/AggregatorFactories$$Lambda+0x000001bc8114fbd0
instanceKlass  @bci com/naqqa/elasticsearch/search/aggs/AggregatorFactories <clinit> ()V 102 <appendix> argL0 ; # com/naqqa/elasticsearch/search/aggs/AggregatorFactories$$Lambda+0x000001bc8114f570
instanceKlass  @bci com/naqqa/elasticsearch/search/aggs/AggregatorFactories <clinit> ()V 92 <appendix> argL0 ; # com/naqqa/elasticsearch/search/aggs/AggregatorFactories$$Lambda+0x000001bc8114eef8
instanceKlass  @bci com/naqqa/elasticsearch/search/aggs/AggregatorFactories <clinit> ()V 82 <appendix> argL0 ; # com/naqqa/elasticsearch/search/aggs/AggregatorFactories$$Lambda+0x000001bc8114e880
instanceKlass  @bci com/naqqa/elasticsearch/search/aggs/AggregatorFactories <clinit> ()V 72 <appendix> argL0 ; # com/naqqa/elasticsearch/search/aggs/AggregatorFactories$$Lambda+0x000001bc8114e210
instanceKlass  @bci com/naqqa/elasticsearch/search/aggs/AggregatorFactories <clinit> ()V 62 <appendix> argL0 ; # com/naqqa/elasticsearch/search/aggs/AggregatorFactories$$Lambda+0x000001bc8114db80
instanceKlass  @bci com/naqqa/elasticsearch/search/aggs/AggregatorFactories <clinit> ()V 52 <appendix> argL0 ; # com/naqqa/elasticsearch/search/aggs/AggregatorFactories$$Lambda+0x000001bc8114d4f8
instanceKlass  @bci com/naqqa/elasticsearch/search/aggs/AggregatorFactories <clinit> ()V 42 <appendix> argL0 ; # com/naqqa/elasticsearch/search/aggs/AggregatorFactories$$Lambda+0x000001bc8114ce88
instanceKlass  @bci com/naqqa/elasticsearch/search/aggs/AggregatorFactories <clinit> ()V 32 <appendix> argL0 ; # com/naqqa/elasticsearch/search/aggs/AggregatorFactories$$Lambda+0x000001bc8114c818
instanceKlass  @bci com/naqqa/elasticsearch/search/aggs/AggregatorFactories <clinit> ()V 22 <appendix> argL0 ; # com/naqqa/elasticsearch/search/aggs/AggregatorFactories$$Lambda+0x000001bc8114c1a8
instanceKlass  @bci com/naqqa/elasticsearch/search/aggs/AggregatorFactories <clinit> ()V 12 <appendix> argL0 ; # com/naqqa/elasticsearch/search/aggs/AggregatorFactories$$Lambda+0x000001bc8114bb38
instanceKlass com/naqqa/elasticsearch/search/aggs/SingleValueMetric
instanceKlass com/naqqa/elasticsearch/search/aggs/InternalAggregation
instanceKlass com/naqqa/elasticsearch/search/aggs/AggParseContext
instanceKlass com/naqqa/elasticsearch/search/aggs/AggregatorFactories$AggParser
instanceKlass com/naqqa/elasticsearch/search/aggs/Aggregator
instanceKlass com/naqqa/elasticsearch/search/aggs/AggregatorFactories
instanceKlass com/naqqa/elasticsearch/action/search/AggsPhase$LeafValuesLookup
instanceKlass com/naqqa/elasticsearch/search/aggs/support/ValuesLookup
instanceKlass com/naqqa/elasticsearch/action/search/AggsPhase$AggsCollector
instanceKlass com/naqqa/elasticsearch/search/aggs/support/MultiBucketConsumer
instanceKlass java/time/temporal/TemporalQueries$7
instanceKlass java/time/temporal/TemporalQueries$6
instanceKlass java/time/temporal/TemporalQueries$5
instanceKlass java/time/temporal/TemporalQueries$4
instanceKlass java/time/temporal/TemporalQueries$3
instanceKlass java/time/temporal/TemporalQueries$2
instanceKlass java/time/temporal/TemporalQueries$1
instanceKlass java/time/temporal/TemporalQueries
instanceKlass java/time/LocalTime
instanceKlass java/time/LocalDate
instanceKlass java/time/chrono/ChronoLocalDate
instanceKlass  @bci java/util/regex/Pattern CIRange (II)Ljava/util/regex/Pattern$CharPredicate; 2 <appendix> member <vmtarget> ; # java/util/regex/Pattern$$Lambda+0x000001bc810d5940
instanceKlass  @bci java/util/regex/Pattern SingleI (II)Ljava/util/regex/Pattern$BmpCharPredicate; 2 <appendix> member <vmtarget> ; # java/util/regex/Pattern$$Lambda+0x000001bc810d56b8
instanceKlass java/time/format/Parsed
instanceKlass java/time/format/DateTimeParseContext
instanceKlass java/text/ParsePosition
instanceKlass  @bci java/time/Instant parse (Ljava/lang/CharSequence;)Ljava/time/Instant; 4 <appendix> argL0 ; # java/time/Instant$$Lambda+0x000001bc810d4e28
instanceKlass java/time/Instant
instanceKlass com/naqqa/elasticsearch/action/search/AggsWiringTest
instanceKlass  @bci com/naqqa/elasticsearch/action/get/TransportGetAction mget (Lcom/naqqa/elasticsearch/cluster/routing/RoutingTable;Lcom/naqqa/elasticsearch/action/get/MultiGetRequest;)Lcom/naqqa/elasticsearch/action/get/MultiGetResponse; 433 <appendix> argL0 ; # com/naqqa/elasticsearch/action/get/TransportGetAction$$Lambda+0x000001bc81149318
instanceKlass com/naqqa/elasticsearch/action/get/ShardGetService$ShardMultiGetResponse
instanceKlass  @bci com/naqqa/elasticsearch/action/get/TransportGetAction mget (Lcom/naqqa/elasticsearch/cluster/routing/RoutingTable;Lcom/naqqa/elasticsearch/action/get/MultiGetRequest;)Lcom/naqqa/elasticsearch/action/get/MultiGetResponse; 150 <appendix> argL0 ; # com/naqqa/elasticsearch/action/get/TransportGetAction$$Lambda+0x000001bc81148e98
instanceKlass com/naqqa/elasticsearch/action/get/TransportGetAction$1
instanceKlass  @bci com/naqqa/elasticsearch/action/get/TransportGetAction connectionFor (Ljava/lang/String;)Lcom/naqqa/elasticsearch/transport/Connection; 6 <appendix> member <vmtarget> ; # com/naqqa/elasticsearch/action/get/TransportGetAction$$Lambda+0x000001bc81148000
instanceKlass  @bci com/naqqa/elasticsearch/action/get/TransportGetAction get (Lcom/naqqa/elasticsearch/cluster/routing/RoutingTable;Lcom/naqqa/elasticsearch/action/get/GetRequest;)Lcom/naqqa/elasticsearch/action/get/GetResponse; 134 <appendix> argL0 ; # com/naqqa/elasticsearch/action/get/TransportGetAction$$Lambda+0x000001bc81142c50
instanceKlass com/naqqa/elasticsearch/action/get/ShardGetService$ShardGetResponse
instanceKlass com/naqqa/elasticsearch/action/get/TransportGetAction
instanceKlass com/naqqa/elasticsearch/action/search/ClusterSearchTestSupport$Cluster
instanceKlass  @bci com/naqqa/elasticsearch/index/engine/InternalEngine startBackgroundRefresh ()V 35 <appendix> member <vmtarget> ; # com/naqqa/elasticsearch/index/engine/InternalEngine$$Lambda+0x000001bc81143898
instanceKlass  @bci com/naqqa/elasticsearch/index/engine/InternalEngine startBackgroundRefresh ()V 19 <appendix> argL0 ; # com/naqqa/elasticsearch/index/engine/InternalEngine$$Lambda+0x000001bc81143680
instanceKlass  @bci com/naqqa/elasticsearch/action/get/ShardGetService <init> (Lcom/naqqa/elasticsearch/transport/TransportService;Ljava/util/function/Function;)V 35 <appendix> member <vmtarget> ; # com/naqqa/elasticsearch/action/get/ShardGetService$$Lambda+0x000001bc81143460
instanceKlass  @bci com/naqqa/elasticsearch/action/get/ShardGetService <init> (Lcom/naqqa/elasticsearch/transport/TransportService;Ljava/util/function/Function;)V 29 <appendix> argL0 ; # com/naqqa/elasticsearch/action/get/ShardGetService$$Lambda+0x000001bc81143248
instanceKlass com/naqqa/elasticsearch/action/get/ShardGetService$ShardMultiGetRequest
instanceKlass  @bci com/naqqa/elasticsearch/action/get/ShardGetService <init> (Lcom/naqqa/elasticsearch/transport/TransportService;Ljava/util/function/Function;)V 18 <appendix> member <vmtarget> ; # com/naqqa/elasticsearch/action/get/ShardGetService$$Lambda+0x000001bc81147d28
instanceKlass  @bci com/naqqa/elasticsearch/action/get/ShardGetService <init> (Lcom/naqqa/elasticsearch/transport/TransportService;Ljava/util/function/Function;)V 12 <appendix> argL0 ; # com/naqqa/elasticsearch/action/get/ShardGetService$$Lambda+0x000001bc81147b10
instanceKlass com/naqqa/elasticsearch/action/get/ShardGetService$ShardGetRequest
instanceKlass  @bci com/naqqa/elasticsearch/action/search/ClusterSearchTestSupport$Node <init> (Ljava/lang/String;)V 107 <appendix> member <vmtarget> ; # com/naqqa/elasticsearch/action/search/ClusterSearchTestSupport$Node$$Lambda+0x000001bc81147688
instanceKlass com/naqqa/elasticsearch/action/get/ShardGetService
instanceKlass  @bci com/naqqa/elasticsearch/action/search/ClusterSearchTestSupport$Node <init> (Ljava/lang/String;)V 81 <appendix> member <vmtarget> ; # com/naqqa/elasticsearch/action/search/ClusterSearchTestSupport$Node$$Lambda+0x000001bc81147240
instanceKlass com/naqqa/elasticsearch/action/search/ClusterSearchTestSupport$Node
instanceKlass com/naqqa/elasticsearch/action/search/ClusterSearchTestSupport
instanceKlass com/naqqa/elasticsearch/action/get/TransportGetActionTest
instanceKlass  @bci com/naqqa/elasticsearch/action/write/TransportUpdateAction attempt (Lcom/naqqa/elasticsearch/rest/document/DocumentActionService$UpdateRequest;Lcom/naqqa/elasticsearch/action/write/RefreshPolicy;)Lcom/naqqa/elasticsearch/rest/document/DocumentActionService$UpdateResult; 37 <appendix> member <vmtarget> ; # com/naqqa/elasticsearch/action/write/TransportUpdateAction$$Lambda+0x000001bc811465e8
instanceKlass  @bci com/naqqa/elasticsearch/cluster/support/FakeNetwork send (Lcom/naqqa/elasticsearch/cluster/node/DiscoveryNode;Lcom/naqqa/elasticsearch/cluster/node/DiscoveryNode;Ljava/lang/String;[BLcom/naqqa/elasticsearch/cluster/discovery/ClusterTransport$TransportResponseHandler;)V 107 <appendix> form vmentry <vmtarget> ; # java/lang/invoke/LambdaForm$DMH+0x000001bc81142400
instanceKlass  @bci com/naqqa/elasticsearch/action/byquery/UpdateByQueryAction execute (Ljava/lang/String;Ljava/util/Map;Ljava/util/function/UnaryOperator;Lcom/naqqa/elasticsearch/action/byquery/ByQueryOptions;)Lcom/naqqa/elasticsearch/action/byquery/BulkByScrollResponse; 161 <appendix> member <vmtarget> ; # com/naqqa/elasticsearch/action/byquery/UpdateByQueryAction$$Lambda+0x000001bc81145fb8
instanceKlass com/naqqa/elasticsearch/action/write/TransportUpdateAction
instanceKlass  @bci com/naqqa/elasticsearch/action/byquery/UpdateByQueryAction execute (Ljava/lang/String;Ljava/util/Map;Ljava/util/function/UnaryOperator;Lcom/naqqa/elasticsearch/action/byquery/ByQueryOptions;)Lcom/naqqa/elasticsearch/action/byquery/BulkByScrollResponse; 62 <appendix> member <vmtarget> ; # com/naqqa/elasticsearch/action/byquery/UpdateByQueryAction$$Lambda+0x000001bc81145b90
instanceKlass com/naqqa/elasticsearch/action/write/UpdateScriptExecutor
instanceKlass  @bci com/naqqa/elasticsearch/action/byquery/ByQueryActionsTest updateByQueryAppliesTransformToMatchedDocs ()V 111 <appendix> argL0 ; # com/naqqa/elasticsearch/action/byquery/ByQueryActionsTest$$Lambda+0x000001bc81145940
instanceKlass  @bci com/naqqa/elasticsearch/action/byquery/UpdateByQueryAction <init> (Lcom/naqqa/elasticsearch/action/write/RelocationAwareRouter;Lcom/naqqa/elasticsearch/action/byquery/ByQuerySearchHooks;Lcom/naqqa/elasticsearch/monitor/tasks/TaskManager;Lcom/naqqa/elasticsearch/action/byquery/ThrottleRegistry;)V 27 <appendix> member <vmtarget> ; # com/naqqa/elasticsearch/action/byquery/UpdateByQueryAction$$Lambda+0x000001bc81145720
instanceKlass com/naqqa/elasticsearch/action/byquery/UpdateByQueryAction
instanceKlass com/naqqa/elasticsearch/codec/docvalues/NumericDocValuesReader
instanceKlass com/naqqa/elasticsearch/codec/points/BKDReader
instanceKlass com/naqqa/elasticsearch/codec/NumericUtils
instanceKlass com/naqqa/elasticsearch/codec/docvalues/NumericDocValuesWriter
instanceKlass com/naqqa/elasticsearch/codec/points/BKDWriter$Point
instanceKlass com/naqqa/elasticsearch/codec/points/BKDWriter
instanceKlass  @bci com/naqqa/elasticsearch/node/MultiNodeTest startCluster (Ljava/lang/String;Ljava/nio/file/Path;ILcom/naqqa/elasticsearch/common/settings/Settings;)Ljava/util/List; 330 <appendix> form vmentry <vmtarget> ; # java/lang/invoke/LambdaForm$DMH+0x000001bc81142000
instanceKlass  @bci com/naqqa/elasticsearch/index/engine/segment/SegmentWriter addPoint (Ljava/util/Map;Lcom/naqqa/elasticsearch/index/mapper/IndexableField;I)V 82 <appendix> member <vmtarget> ; # com/naqqa/elasticsearch/index/engine/segment/SegmentWriter$$Lambda+0x000001bc81144440
instanceKlass  @cpi com/naqqa/elasticsearch/index/engine/segment/SegmentWriter 886 form vmentry <vmtarget> ; # java/lang/invoke/LambdaForm$DMH+0x000001bc81141c00
instanceKlass com/naqqa/elasticsearch/index/engine/segment/SegmentWriter$PointBuild
instanceKlass  @bci com/naqqa/elasticsearch/index/engine/segment/SegmentWriter write (Lcom/naqqa/elasticsearch/store/Directory;Ljava/lang/String;Ljava/util/List;)Lcom/naqqa/elasticsearch/codec/segment/SegmentInfo; 547 <appendix> member <vmtarget> ; # com/naqqa/elasticsearch/index/engine/segment/SegmentWriter$$Lambda+0x000001bc81144000
instanceKlass  @bci com/naqqa/elasticsearch/index/engine/segment/SegmentWriter write (Lcom/naqqa/elasticsearch/store/Directory;Ljava/lang/String;Ljava/util/List;)Lcom/naqqa/elasticsearch/codec/segment/SegmentInfo; 523 <appendix> member <vmtarget> ; # com/naqqa/elasticsearch/index/engine/segment/SegmentWriter$$Lambda+0x000001bc8113fbd0
instanceKlass com/naqqa/elasticsearch/index/mapper/NumericUtils
instanceKlass  @bci com/naqqa/elasticsearch/snapshots/blobstore/FsBlobContainer writeBlobAtomic (Ljava/lang/String;[B)V 27 <appendix> form vmentry <vmtarget> ; # java/lang/invoke/LambdaForm$MH+0x000001bc81141800
# instanceKlass java/lang/invoke/LambdaForm$MH+0x000001bc81141400
instanceKlass  @bci com/naqqa/elasticsearch/node/AggregationWireAndGeoTest multiShardPercentilesCardinalityAndNestedTermsAvgOverHttp ()V 356 <appendix> form names 6 function resolvedHandle form vmentry <vmtarget> ; # java/lang/invoke/LambdaForm$DMH+0x000001bc81141000
instanceKlass  @bci com/naqqa/elasticsearch/node/AggregationWireAndGeoTest multiShardPercentilesCardinalityAndNestedTermsAvgOverHttp ()V 356 <appendix> argL3 form vmentry <vmtarget> ; # java/lang/invoke/LambdaForm$MH+0x000001bc81140c00
instanceKlass  @bci com/naqqa/elasticsearch/monitor/slowlog/SlowLogService formatLine (Lcom/naqqa/elasticsearch/monitor/slowlog/SlowLogLevel;Ljava/lang/String;Ljava/lang/String;IJLjava/lang/String;)Ljava/lang/String; 35 <appendix> argL4 argL2 form vmentry <vmtarget> ; # java/lang/invoke/LambdaForm$MH+0x000001bc81140800
# instanceKlass java/lang/invoke/LambdaForm$MH+0x000001bc81140400
# instanceKlass java/lang/invoke/LambdaForm$MH+0x000001bc81140000
# instanceKlass java/lang/invoke/LambdaForm$MH+0x000001bc8113bc00
instanceKlass  @bci com/naqqa/elasticsearch/node/AggregationWireAndGeoTest multiShardPercentilesCardinalityAndNestedTermsAvgOverHttp ()V 356 <appendix> form names 10 function resolvedHandle form vmentry <vmtarget> ; # java/lang/invoke/LambdaForm$DMH+0x000001bc8113b800
instanceKlass  @bci com/naqqa/elasticsearch/node/AggregationWireAndGeoTest multiShardPercentilesCardinalityAndNestedTermsAvgOverHttp ()V 356 <appendix> argL1 form vmentry <vmtarget> ; # java/lang/invoke/LambdaForm$MH+0x000001bc8113b400
# instanceKlass java/lang/invoke/LambdaForm$MH+0x000001bc8113b000
# instanceKlass java/lang/invoke/LambdaForm$MH+0x000001bc8113ac00
# instanceKlass java/lang/invoke/LambdaForm$MH+0x000001bc8113a800
instanceKlass  @bci com/naqqa/elasticsearch/action/byquery/ByQueryActionsTest rethrottleReducesTotalRunTimeOfASlowBatchAction ()V 163 <appendix> member <vmtarget> ; # com/naqqa/elasticsearch/action/byquery/ByQueryActionsTest$$Lambda+0x000001bc8113f7b0
instanceKlass com/naqqa/elasticsearch/action/byquery/RethrottleAction
instanceKlass  @bci com/naqqa/elasticsearch/action/write/TransportIndexAction execute (Lcom/naqqa/elasticsearch/rest/document/DocumentActionService$IndexRequest;Lcom/naqqa/elasticsearch/index/replication/WaitForActiveShards;Z)Lcom/naqqa/elasticsearch/rest/document/DocumentActionService$IndexResult; 101 <adapter> ; # java/lang/invoke/LambdaForm$MH+0x000001bc8113a400
# instanceKlass java/lang/invoke/LambdaForm$DMH+0x000001bc8113a000
instanceKlass  @bci com/naqqa/elasticsearch/action/write/TransportIndexAction execute (Lcom/naqqa/elasticsearch/rest/document/DocumentActionService$IndexRequest;Lcom/naqqa/elasticsearch/index/replication/WaitForActiveShards;Z)Lcom/naqqa/elasticsearch/rest/document/DocumentActionService$IndexResult; 101 <appendix> form vmentry <vmtarget> ; # java/lang/invoke/LambdaForm$DMH+0x000001bc81139c00
instanceKlass  @bci com/naqqa/elasticsearch/action/write/TransportIndexAction execute (Lcom/naqqa/elasticsearch/rest/document/DocumentActionService$IndexRequest;Lcom/naqqa/elasticsearch/index/replication/WaitForActiveShards;Z)Lcom/naqqa/elasticsearch/rest/document/DocumentActionService$IndexResult; 101 <appendix> member <vmtarget> ; # com/naqqa/elasticsearch/action/write/TransportIndexAction$$Lambda+0x000001bc8113f180
instanceKlass  @cpi com/naqqa/elasticsearch/action/write/TransportIndexAction 253 form vmentry <vmtarget> ; # java/lang/invoke/LambdaForm$DMH+0x000001bc81139800
instanceKlass  @bci com/naqqa/elasticsearch/http/nio/NioHttpServerTransport dispatch (Lcom/naqqa/elasticsearch/http/nio/Connection;Lcom/naqqa/elasticsearch/http/nio/ParsedRequest;)V 27 <appendix> form vmentry <vmtarget> ; # java/lang/invoke/LambdaForm$DMH+0x000001bc81139400
instanceKlass  @bci com/naqqa/elasticsearch/action/byquery/ReindexAction execute (Ljava/lang/String;Ljava/util/Map;Ljava/lang/String;Ljava/util/function/UnaryOperator;Lcom/naqqa/elasticsearch/action/byquery/ByQueryOptions;)Lcom/naqqa/elasticsearch/action/byquery/BulkByScrollResponse; 138 <appendix> member <vmtarget> ; # com/naqqa/elasticsearch/action/byquery/ReindexAction$$Lambda+0x000001bc8113ed58
instanceKlass  @bci java/util/function/UnaryOperator identity ()Ljava/util/function/UnaryOperator; 0 <appendix> argL0 ; # java/util/function/UnaryOperator$$Lambda+0x000001bc810d4bd8
instanceKlass java/util/function/UnaryOperator
instanceKlass  @bci com/naqqa/elasticsearch/action/byquery/ReindexAction <init> (Lcom/naqqa/elasticsearch/action/write/RelocationAwareRouter;Lcom/naqqa/elasticsearch/action/byquery/ByQuerySearchHooks;Lcom/naqqa/elasticsearch/monitor/tasks/TaskManager;Lcom/naqqa/elasticsearch/action/byquery/ThrottleRegistry;)V 39 <appendix> member <vmtarget> ; # com/naqqa/elasticsearch/action/byquery/ReindexAction$$Lambda+0x000001bc8113eb38
instanceKlass com/naqqa/elasticsearch/action/write/TransportIndexAction
instanceKlass com/naqqa/elasticsearch/action/byquery/ReindexAction
instanceKlass  @bci com/naqqa/elasticsearch/action/byquery/ByQueryActionsTest reindexCopiesMatchingDocsFromSourceToFreshDestination ()V 198 <appendix> member <vmtarget> ; # com/naqqa/elasticsearch/action/byquery/ByQueryActionsTest$$Lambda+0x000001bc8113e290
instanceKlass  @bci com/naqqa/elasticsearch/action/byquery/TermVectorsAction analyzeField (Lcom/naqqa/elasticsearch/analysis/Analyzer;Ljava/lang/String;Ljava/lang/String;)Ljava/util/Map; 115 <appendix> argL0 ; # com/naqqa/elasticsearch/action/byquery/TermVectorsAction$$Lambda+0x000001bc8113e058
instanceKlass com/naqqa/elasticsearch/common/json/JsonParser$1
instanceKlass com/naqqa/elasticsearch/common/xcontent/AbstractXContentParser$1
instanceKlass java/io/Reader
instanceKlass com/naqqa/elasticsearch/common/xcontent/AbstractXContentParser
instanceKlass com/naqqa/elasticsearch/common/xcontent/XContentParser
instanceKlass com/naqqa/elasticsearch/action/write/SourceUtils
instanceKlass com/naqqa/elasticsearch/action/byquery/TermVectorsAction
instanceKlass com/naqqa/elasticsearch/action/byquery/MultiTermVectorsAction
instanceKlass com/naqqa/elasticsearch/codec/norms/NormsReader
instanceKlass com/naqqa/elasticsearch/codec/norms/NormsWriter
instanceKlass com/naqqa/elasticsearch/analysis/tokenizer/WordBreak$1
instanceKlass com/naqqa/elasticsearch/analysis/tokenizer/WordBreak
instanceKlass com/naqqa/elasticsearch/analysis/FilteredText
instanceKlass com/naqqa/elasticsearch/analysis/TokenStreamComponents
instanceKlass  @bci com/naqqa/elasticsearch/analysis/OffsetCorrector <clinit> ()V 0 <appendix> argL0 ; # com/naqqa/elasticsearch/analysis/OffsetCorrector$$Lambda+0x000001bc811364b0
instanceKlass  @cpi com/naqqa/elasticsearch/analysis/OffsetCorrector 25 form vmentry <vmtarget> ; # java/lang/invoke/LambdaForm$DMH+0x000001bc81139000
instanceKlass com/naqqa/elasticsearch/analysis/OffsetCorrector
instanceKlass com/naqqa/elasticsearch/analysis/Token
instanceKlass java/util/IdentityHashMap$IdentityHashMapIterator
instanceKlass com/naqqa/elasticsearch/index/engine/GetResult
instanceKlass java/lang/invoke/MethodHandleImpl$CountingWrapper$1
instanceKlass jdk/internal/foreign/MemorySessionImpl
instanceKlass java/lang/foreign/MemorySegment$Scope
instanceKlass com/naqqa/elasticsearch/action/byquery/ShardRefresher
instanceKlass com/naqqa/elasticsearch/action/write/RefreshCoordinator$1
instanceKlass com/naqqa/elasticsearch/action/write/RefreshCoordinator
instanceKlass com/naqqa/elasticsearch/index/replication/ReplicationRequest
instanceKlass com/naqqa/elasticsearch/index/replication/ReplicationOperation
instanceKlass  @bci com/naqqa/elasticsearch/action/write/TransportDeleteAction execute (Lcom/naqqa/elasticsearch/rest/document/DocumentActionService$DeleteRequest;Lcom/naqqa/elasticsearch/index/replication/WaitForActiveShards;Z)Lcom/naqqa/elasticsearch/rest/document/DocumentActionService$DeleteResult; 67 <adapter> ; # java/lang/invoke/LambdaForm$MH+0x000001bc81138c00
# instanceKlass java/lang/invoke/LambdaForm$DMH+0x000001bc81138800
instanceKlass  @bci com/naqqa/elasticsearch/action/write/TransportDeleteAction execute (Lcom/naqqa/elasticsearch/rest/document/DocumentActionService$DeleteRequest;Lcom/naqqa/elasticsearch/index/replication/WaitForActiveShards;Z)Lcom/naqqa/elasticsearch/rest/document/DocumentActionService$DeleteResult; 67 <appendix> form vmentry <vmtarget> ; # java/lang/invoke/LambdaForm$DMH+0x000001bc81138400
instanceKlass  @bci com/naqqa/elasticsearch/action/write/TransportDeleteAction execute (Lcom/naqqa/elasticsearch/rest/document/DocumentActionService$DeleteRequest;Lcom/naqqa/elasticsearch/index/replication/WaitForActiveShards;Z)Lcom/naqqa/elasticsearch/rest/document/DocumentActionService$DeleteResult; 67 <appendix> member <vmtarget> ; # com/naqqa/elasticsearch/action/write/TransportDeleteAction$$Lambda+0x000001bc811340d8
instanceKlass  @cpi com/naqqa/elasticsearch/action/write/TransportDeleteAction 184 form vmentry <vmtarget> ; # java/lang/invoke/LambdaForm$DMH+0x000001bc81138000
instanceKlass com/naqqa/elasticsearch/index/engine/DeleteResult
instanceKlass com/naqqa/elasticsearch/action/write/ShardWriteOperation
instanceKlass com/naqqa/elasticsearch/index/replication/WaitForActiveShards
instanceKlass com/naqqa/elasticsearch/action/search/ShardSearchService$ShardFetchResponse
instanceKlass  @bci com/naqqa/elasticsearch/action/search/SearchCoordinator search (Lcom/naqqa/elasticsearch/cluster/routing/RoutingTable;Lcom/naqqa/elasticsearch/action/search/SearchRequest;)Lcom/naqqa/elasticsearch/action/search/SearchResponse; 1845 <appendix> argL0 ; # com/naqqa/elasticsearch/action/search/SearchCoordinator$$Lambda+0x000001bc81132800
instanceKlass com/naqqa/elasticsearch/action/search/SearchCoordinator$MergedHits
instanceKlass com/naqqa/elasticsearch/action/search/SearchCoordinator$MergedHit
# instanceKlass com/naqqa/elasticsearch/action/search/SearchCoordinator$2$$Lambda+0x000001bc81131fe0
instanceKlass  @bci com/naqqa/elasticsearch/action/search/SearchCoordinator$2 reader ()Lcom/naqqa/elasticsearch/common/io/stream/Writeable$Reader; 5 <appendix> member <vmtarget> ; # com/naqqa/elasticsearch/action/search/SearchCoordinator$2$$Lambda+0x000001bc81131dc0
instanceKlass com/naqqa/elasticsearch/action/search/ShardSearchService$ShardQueryResponse
instanceKlass com/naqqa/elasticsearch/search/execution/ScoreDoc
instanceKlass com/naqqa/elasticsearch/search/execution/TopScoreDocCollector$2
instanceKlass com/naqqa/elasticsearch/search/similarity/BM25Similarity$BM25Scorer
instanceKlass jdk/internal/math/MathUtils
instanceKlass jdk/internal/math/DoubleToDecimal
instanceKlass com/naqqa/elasticsearch/codec/postings/PostingsReader$SkipEntry
instanceKlass com/naqqa/elasticsearch/codec/DocIdSetIterator
instanceKlass com/naqqa/elasticsearch/codec/postings/PostingsReader
instanceKlass com/naqqa/elasticsearch/codec/terms/BlockTermDictReader$Enum
instanceKlass com/naqqa/elasticsearch/search/execution/LeafCollector
instanceKlass com/naqqa/elasticsearch/search/execution/TopScoreDocCollector
instanceKlass com/naqqa/elasticsearch/search/execution/LeafReaderContext
instanceKlass com/naqqa/elasticsearch/search/similarity/SimScorer
instanceKlass com/naqqa/elasticsearch/search/similarity/SimWeight
instanceKlass com/naqqa/elasticsearch/search/similarity/BM25Similarity
instanceKlass java/util/concurrent/CountDownLatch
instanceKlass java/lang/ThreadBuilders$BaseThreadFactory
instanceKlass java/lang/ThreadBuilders
instanceKlass java/lang/ThreadBuilders$BaseThreadBuilder
instanceKlass java/lang/Thread$Builder$OfVirtual
instanceKlass java/lang/Thread$Builder
instanceKlass com/naqqa/elasticsearch/search/execution/SearchExecutors
instanceKlass com/naqqa/elasticsearch/search/execution/CollectorManager
instanceKlass com/naqqa/elasticsearch/search/similarity/Similarity
instanceKlass com/naqqa/elasticsearch/search/execution/IndexSearcher
instanceKlass com/naqqa/elasticsearch/action/search/EngineLeafReader
instanceKlass com/naqqa/elasticsearch/index/engine/segment/SegmentReaderSource
instanceKlass com/naqqa/elasticsearch/search/execution/LeafReader
instanceKlass com/naqqa/elasticsearch/action/search/EngineSearchContext
instanceKlass  @bci com/naqqa/elasticsearch/index/engine/InternalEngine acquireSearcher ()Lcom/naqqa/elasticsearch/index/engine/EngineSearcher; 69 <appendix> member <vmtarget> ; # com/naqqa/elasticsearch/index/engine/InternalEngine$$Lambda+0x000001bc8112f2e8
# instanceKlass com/naqqa/elasticsearch/index/engine/InternalEngine$$Lambda+0x000001bc8112f0c8
instanceKlass com/naqqa/elasticsearch/index/engine/EngineSearcher
instanceKlass  @bci com/naqqa/elasticsearch/action/search/AggsPhase fieldTypesFrom (Lcom/naqqa/elasticsearch/index/mapper/MapperService;)Ljava/util/function/Function; 20 <appendix> member <vmtarget> ; # com/naqqa/elasticsearch/action/search/AggsPhase$$Lambda+0x000001bc8112ec50
instanceKlass com/naqqa/elasticsearch/action/search/AggsPhase$3
instanceKlass com/naqqa/elasticsearch/action/search/AggsPhase$2
instanceKlass com/naqqa/elasticsearch/action/search/AggsPhase$1
instanceKlass com/naqqa/elasticsearch/search/aggs/support/GeoPointValuesSource
instanceKlass com/naqqa/elasticsearch/search/aggs/support/SortedSetValues
instanceKlass com/naqqa/elasticsearch/search/aggs/support/LongValuesSource
instanceKlass com/naqqa/elasticsearch/action/search/AggsPhase
instanceKlass com/naqqa/elasticsearch/action/search/QueryCodec
instanceKlass  @bci com/naqqa/elasticsearch/transport/TransportService sendRequest (Lcom/naqqa/elasticsearch/transport/Connection;Ljava/lang/String;Lcom/naqqa/elasticsearch/transport/TransportRequest;Lcom/naqqa/elasticsearch/transport/TransportRequestOptions;Lcom/naqqa/elasticsearch/transport/TransportResponseHandler;)V 57 <appendix> member <vmtarget> ; # com/naqqa/elasticsearch/transport/TransportService$$Lambda+0x000001bc8112d758
instanceKlass com/naqqa/elasticsearch/action/search/SearchCoordinator$2
instanceKlass com/naqqa/elasticsearch/transport/TransportRequestOptions
instanceKlass  @bci com/naqqa/elasticsearch/transport/TransportService connectToNode (Lcom/naqqa/elasticsearch/transport/DiscoveryNode;Lcom/naqqa/elasticsearch/transport/ConnectionProfile;)Lcom/naqqa/elasticsearch/transport/Connection; 336 <appendix> member <vmtarget> ; # com/naqqa/elasticsearch/transport/TransportService$$Lambda+0x000001bc8112d0d8
instanceKlass  @bci com/naqqa/elasticsearch/transport/TransportService$1 reader ()Lcom/naqqa/elasticsearch/common/io/stream/Writeable$Reader; 0 <appendix> argL0 ; # com/naqqa/elasticsearch/transport/TransportService$1$$Lambda+0x000001bc8112cec0
instanceKlass jdk/internal/util/random/RandomSupport
instanceKlass com/naqqa/elasticsearch/transport/HandshakeResponse
instanceKlass com/naqqa/elasticsearch/transport/TransportService$TransportChannelImpl
instanceKlass com/naqqa/elasticsearch/transport/TransportVersion
instanceKlass  @bci com/naqqa/elasticsearch/common/util/concurrent/ThreadContext preserveContext (Ljava/lang/Runnable;)Ljava/lang/Runnable; 14 <appendix> member <vmtarget> ; # com/naqqa/elasticsearch/common/util/concurrent/ThreadContext$$Lambda+0x000001bc8112c420
instanceKlass  @bci com/naqqa/elasticsearch/transport/TcpTransport dispatch (Lcom/naqqa/elasticsearch/transport/TcpChannel;[B)V 3 <appendix> member <vmtarget> ; # com/naqqa/elasticsearch/transport/TcpTransport$$Lambda+0x000001bc8112c200
instanceKlass com/naqqa/elasticsearch/transport/TransportStatus
instanceKlass com/naqqa/elasticsearch/transport/MessageCodec
instanceKlass  @bci com/naqqa/elasticsearch/transport/NodeChannels channel (Lcom/naqqa/elasticsearch/transport/ConnectionProfile$ChannelType;)Lcom/naqqa/elasticsearch/transport/TcpChannel; 95 <appendix> argL0 ; # com/naqqa/elasticsearch/transport/NodeChannels$$Lambda+0x000001bc81123af0
instanceKlass  @bci com/naqqa/elasticsearch/index/translog/IndexingPressure markPrimaryOperationStarted (JZ)Lcom/naqqa/elasticsearch/index/translog/Releasable; 76 <adapter> ; # java/lang/invoke/LambdaForm$MH+0x000001bc81128400
instanceKlass  @bci com/naqqa/elasticsearch/index/translog/IndexingPressure markPrimaryOperationStarted (JZ)Lcom/naqqa/elasticsearch/index/translog/Releasable; 76 <appendix> form vmentry <vmtarget> ; # java/lang/invoke/LambdaForm$DMH+0x000001bc81128000
instanceKlass  @bci com/naqqa/elasticsearch/transport/TransportService handshakeSync (Lcom/naqqa/elasticsearch/transport/NodeChannels;J)Lcom/naqqa/elasticsearch/transport/HandshakeResponse; 72 <appendix> member <vmtarget> ; # com/naqqa/elasticsearch/transport/TransportService$$Lambda+0x000001bc811238d0
instanceKlass  @cpi com/naqqa/elasticsearch/index/translog/IndexingPressure 82 form vmentry <vmtarget> ; # java/lang/invoke/LambdaForm$DMH+0x000001bc81122c00
instanceKlass com/naqqa/elasticsearch/transport/TransportService$ResponseContext
instanceKlass com/naqqa/elasticsearch/transport/TransportService$1
instanceKlass  @bci com/naqqa/elasticsearch/transport/NodeChannels <init> (Lcom/naqqa/elasticsearch/transport/DiscoveryNode;Ljava/util/Map;Lcom/naqqa/elasticsearch/transport/TcpTransport;)V 176 <appendix> member <vmtarget> ; # com/naqqa/elasticsearch/transport/NodeChannels$$Lambda+0x000001bc81123240
instanceKlass com/naqqa/elasticsearch/transport/NodeChannels
instanceKlass java/util/concurrent/ForkJoinTask$Aux
instanceKlass  @bci com/naqqa/elasticsearch/transport/TcpTransport doAccept ()V 90 <appendix> member <vmtarget> ; # com/naqqa/elasticsearch/transport/TcpTransport$$Lambda+0x000001bc81127af8
instanceKlass  @bci com/naqqa/elasticsearch/transport/TcpTransport openChannel (Ljava/net/InetSocketAddress;)Ljava/util/concurrent/CompletableFuture; 88 <appendix> member <vmtarget> ; # com/naqqa/elasticsearch/transport/TcpTransport$$Lambda+0x000001bc81127d28
instanceKlass java/util/concurrent/ConcurrentLinkedDeque$Node
instanceKlass com/naqqa/elasticsearch/transport/FrameDecoder
instanceKlass sun/nio/ch/OptionKey
instanceKlass sun/nio/ch/SocketOptionRegistry$LazyInitialization
instanceKlass sun/nio/ch/SocketOptionRegistry$RegistryKey
instanceKlass sun/nio/ch/SocketOptionRegistry
instanceKlass sun/nio/ch/ExtendedSocketOption$1
instanceKlass sun/nio/ch/ExtendedSocketOption
instanceKlass sun/nio/ch/SocketChannelImpl$DefaultOptionsHolder
instanceKlass java/util/EnumMap$EntryIterator$Entry
instanceKlass java/util/EnumMap$EnumMapIterator
instanceKlass com/naqqa/elasticsearch/transport/ConnectionProfile$Builder
instanceKlass com/naqqa/elasticsearch/transport/ConnectionProfile
instanceKlass  @bci com/naqqa/elasticsearch/action/search/SearchCoordinator connectionFor (Ljava/lang/String;)Lcom/naqqa/elasticsearch/transport/Connection; 88 <appendix> member <vmtarget> ; # com/naqqa/elasticsearch/action/search/SearchCoordinator$$Lambda+0x000001bc81126c80
instanceKlass  @bci com/naqqa/elasticsearch/action/search/ShardCopySelector$RoundRobin select (Lcom/naqqa/elasticsearch/cluster/routing/ShardId;Ljava/util/List;)Lcom/naqqa/elasticsearch/cluster/routing/ShardRouting; 16 <appendix> argL0 ; # com/naqqa/elasticsearch/action/search/ShardCopySelector$RoundRobin$$Lambda+0x000001bc81126a48
instanceKlass com/naqqa/elasticsearch/action/search/PreferenceResolver
instanceKlass com/naqqa/elasticsearch/common/hash/Murmur3HashFunction
instanceKlass com/naqqa/elasticsearch/action/write/ShardRouter
instanceKlass  @bci com/naqqa/elasticsearch/indices/resize/ShrinkIndexServiceTest buildSourceShards (Ljava/nio/file/Path;Lcom/naqqa/elasticsearch/index/mapper/MapperService;II)Ljava/util/List; 50 <appendix> form vmentry <vmtarget> ; # java/lang/invoke/LambdaForm$MH+0x000001bc81122800
instanceKlass  @bci com/naqqa/elasticsearch/indices/resize/ShrinkIndexServiceTest buildSourceShards (Ljava/nio/file/Path;Lcom/naqqa/elasticsearch/index/mapper/MapperService;II)Ljava/util/List; 50 <appendix> argL3 form vmentry <vmtarget> ; # java/lang/invoke/LambdaForm$MH+0x000001bc81122400
instanceKlass  @bci com/naqqa/elasticsearch/common/automaton/AutomatonTest levenshteinAutomatonMatchesBruteForce ()V 179 <appendix> argL4 argL2 form vmentry <vmtarget> ; # java/lang/invoke/LambdaForm$MH+0x000001bc81122000
# instanceKlass java/lang/invoke/LambdaForm$MH+0x000001bc81121c00
# instanceKlass java/lang/invoke/LambdaForm$MH+0x000001bc81121800
# instanceKlass java/lang/invoke/LambdaForm$MH+0x000001bc81121400
instanceKlass  @bci com/naqqa/elasticsearch/indices/resize/ShrinkIndexServiceTest buildSourceShards (Ljava/nio/file/Path;Lcom/naqqa/elasticsearch/index/mapper/MapperService;II)Ljava/util/List; 50 <appendix> argL1 form vmentry <vmtarget> ; # java/lang/invoke/LambdaForm$MH+0x000001bc81121000
# instanceKlass java/lang/invoke/LambdaForm$MH+0x000001bc81120c00
# instanceKlass java/lang/invoke/LambdaForm$MH+0x000001bc81120800
# instanceKlass java/lang/invoke/LambdaForm$MH+0x000001bc81120400
instanceKlass com/naqqa/elasticsearch/search/execution/QueryCache
instanceKlass com/naqqa/elasticsearch/search/execution/QueryCaches
instanceKlass  @bci com/naqqa/elasticsearch/action/byquery/DeleteByQueryAction execute (Ljava/lang/String;Ljava/util/Map;Lcom/naqqa/elasticsearch/action/byquery/ByQueryOptions;)Lcom/naqqa/elasticsearch/action/byquery/BulkByScrollResponse; 106 <appendix> member <vmtarget> ; # com/naqqa/elasticsearch/action/byquery/DeleteByQueryAction$$Lambda+0x000001bc81125288
instanceKlass com/naqqa/elasticsearch/action/byquery/BulkByScrollExecutor$DocHandler
instanceKlass com/naqqa/elasticsearch/test/Assert
instanceKlass  @bci com/naqqa/elasticsearch/action/byquery/DeleteByQueryAction execute (Ljava/lang/String;Ljava/util/Map;Lcom/naqqa/elasticsearch/action/byquery/ByQueryOptions;)Lcom/naqqa/elasticsearch/action/byquery/BulkByScrollResponse; 97 <appendix> member <vmtarget> ; # com/naqqa/elasticsearch/action/byquery/DeleteByQueryAction$$Lambda+0x000001bc81124860
instanceKlass com/naqqa/elasticsearch/action/byquery/BulkByScrollExecutor$AfterBatch
instanceKlass com/naqqa/elasticsearch/action/byquery/ThrottleController
instanceKlass com/naqqa/elasticsearch/monitor/tasks/TaskCancellationSignal
instanceKlass java/util/concurrent/ForkJoinTask
instanceKlass java/util/concurrent/CompletableFuture$AsynchronousCompletionTask
instanceKlass java/util/concurrent/CompletableFuture$AltResult
instanceKlass java/util/concurrent/CompletableFuture
instanceKlass com/naqqa/elasticsearch/monitor/tasks/Task
instanceKlass com/naqqa/elasticsearch/search/query/Term
instanceKlass com/naqqa/elasticsearch/search/query/Weight
instanceKlass com/naqqa/elasticsearch/search/advanced/common/QueryBuilderToQuery$ConversionContext
instanceKlass com/naqqa/elasticsearch/script/mustache/MustacheScriptEngine
instanceKlass com/naqqa/elasticsearch/script/expression/ExpressionScriptEngine
instanceKlass com/naqqa/elasticsearch/script/CompiledScript
instanceKlass com/naqqa/elasticsearch/script/painless/PainlessScriptEngine
instanceKlass  @bci com/naqqa/elasticsearch/script/ScriptSettings <init> ()V 55 <appendix> argL0 ; # com/naqqa/elasticsearch/script/ScriptSettings$$Lambda+0x000001bc8111de18
instanceKlass  @cpi com/naqqa/elasticsearch/script/ScriptSettings 317 form vmentry <vmtarget> ; # java/lang/invoke/LambdaForm$DMH+0x000001bc81120000
instanceKlass java/util/function/LongSupplier
instanceKlass com/naqqa/elasticsearch/script/ScriptSettings
instanceKlass com/naqqa/elasticsearch/script/ScriptEngine
instanceKlass com/naqqa/elasticsearch/script/ScriptService
instanceKlass com/naqqa/elasticsearch/cluster/service/ClusterStateListener
instanceKlass com/naqqa/elasticsearch/search/bridge/join/ParentChildDocMapping
instanceKlass com/naqqa/elasticsearch/search/bridge/function/FunctionSpec
instanceKlass com/naqqa/elasticsearch/search/advanced/common/QueryBuilderToQuery
instanceKlass com/naqqa/elasticsearch/index/query/QueryParseUtils
instanceKlass  @bci com/naqqa/elasticsearch/index/query/QueryParser <clinit> ()V 555 <appendix> argL0 ; # com/naqqa/elasticsearch/index/query/QueryParser$$Lambda+0x000001bc81117110
instanceKlass  @bci com/naqqa/elasticsearch/index/query/QueryParser <clinit> ()V 544 <appendix> argL0 ; # com/naqqa/elasticsearch/index/query/QueryParser$$Lambda+0x000001bc81116c28
instanceKlass  @bci com/naqqa/elasticsearch/index/query/QueryParser <clinit> ()V 533 <appendix> argL0 ; # com/naqqa/elasticsearch/index/query/QueryParser$$Lambda+0x000001bc81116740
instanceKlass  @bci com/naqqa/elasticsearch/index/query/QueryParser <clinit> ()V 522 <appendix> argL0 ; # com/naqqa/elasticsearch/index/query/QueryParser$$Lambda+0x000001bc81116258
instanceKlass  @bci com/naqqa/elasticsearch/index/query/QueryParser <clinit> ()V 511 <appendix> argL0 ; # com/naqqa/elasticsearch/index/query/QueryParser$$Lambda+0x000001bc81115d70
instanceKlass  @bci com/naqqa/elasticsearch/index/query/QueryParser <clinit> ()V 500 <appendix> argL0 ; # com/naqqa/elasticsearch/index/query/QueryParser$$Lambda+0x000001bc81115880
instanceKlass  @bci com/naqqa/elasticsearch/index/query/QueryParser <clinit> ()V 489 <appendix> argL0 ; # com/naqqa/elasticsearch/index/query/QueryParser$$Lambda+0x000001bc81115398
instanceKlass  @bci com/naqqa/elasticsearch/index/query/QueryParser <clinit> ()V 478 <appendix> argL0 ; # com/naqqa/elasticsearch/index/query/QueryParser$$Lambda+0x000001bc81114eb0
instanceKlass  @bci com/naqqa/elasticsearch/index/query/QueryParser <clinit> ()V 467 <appendix> argL0 ; # com/naqqa/elasticsearch/index/query/QueryParser$$Lambda+0x000001bc811149c0
instanceKlass com/naqqa/elasticsearch/index/query/span/SpanQueryBuilder
instanceKlass  @bci com/naqqa/elasticsearch/index/query/QueryParser <clinit> ()V 456 <appendix> argL0 ; # com/naqqa/elasticsearch/index/query/QueryParser$$Lambda+0x000001bc811142e0
instanceKlass  @bci com/naqqa/elasticsearch/index/query/QueryParser <clinit> ()V 445 <appendix> argL0 ; # com/naqqa/elasticsearch/index/query/QueryParser$$Lambda+0x000001bc81113e10
instanceKlass  @bci com/naqqa/elasticsearch/index/query/QueryParser <clinit> ()V 434 <appendix> argL0 ; # com/naqqa/elasticsearch/index/query/QueryParser$$Lambda+0x000001bc81113948
instanceKlass  @bci com/naqqa/elasticsearch/index/query/QueryParser <clinit> ()V 423 <appendix> argL0 ; # com/naqqa/elasticsearch/index/query/QueryParser$$Lambda+0x000001bc81113480
instanceKlass  @bci com/naqqa/elasticsearch/index/query/QueryParser <clinit> ()V 412 <appendix> argL0 ; # com/naqqa/elasticsearch/index/query/QueryParser$$Lambda+0x000001bc81112fb8
instanceKlass com/naqqa/elasticsearch/index/query/RankFeatureQueryBuilder$ScoreFunction
instanceKlass  @bci com/naqqa/elasticsearch/index/query/QueryParser <clinit> ()V 401 <appendix> argL0 ; # com/naqqa/elasticsearch/index/query/QueryParser$$Lambda+0x000001bc811128f8
instanceKlass  @bci com/naqqa/elasticsearch/index/query/QueryParser <clinit> ()V 390 <appendix> argL0 ; # com/naqqa/elasticsearch/index/query/QueryParser$$Lambda+0x000001bc81112430
instanceKlass  @bci com/naqqa/elasticsearch/index/query/QueryParser <clinit> ()V 379 <appendix> argL0 ; # com/naqqa/elasticsearch/index/query/QueryParser$$Lambda+0x000001bc81111f60
instanceKlass  @bci com/naqqa/elasticsearch/index/query/QueryParser <clinit> ()V 368 <appendix> argL0 ; # com/naqqa/elasticsearch/index/query/QueryParser$$Lambda+0x000001bc81111a90
instanceKlass  @bci com/naqqa/elasticsearch/index/query/QueryParser <clinit> ()V 357 <appendix> argL0 ; # com/naqqa/elasticsearch/index/query/QueryParser$$Lambda+0x000001bc811115c0
instanceKlass  @bci com/naqqa/elasticsearch/index/query/QueryParser <clinit> ()V 346 <appendix> argL0 ; # com/naqqa/elasticsearch/index/query/QueryParser$$Lambda+0x000001bc811110f8
instanceKlass  @bci com/naqqa/elasticsearch/index/query/QueryParser <clinit> ()V 335 <appendix> argL0 ; # com/naqqa/elasticsearch/index/query/QueryParser$$Lambda+0x000001bc81110c30
instanceKlass  @bci com/naqqa/elasticsearch/index/query/QueryParser <clinit> ()V 324 <appendix> argL0 ; # com/naqqa/elasticsearch/index/query/QueryParser$$Lambda+0x000001bc81110768
instanceKlass  @bci com/naqqa/elasticsearch/index/query/QueryParser <clinit> ()V 313 <appendix> argL0 ; # com/naqqa/elasticsearch/index/query/QueryParser$$Lambda+0x000001bc81110298
instanceKlass  @bci com/naqqa/elasticsearch/index/query/QueryParser <clinit> ()V 302 <appendix> argL0 ; # com/naqqa/elasticsearch/index/query/QueryParser$$Lambda+0x000001bc81108cd0
instanceKlass  @bci com/naqqa/elasticsearch/index/query/QueryParser <clinit> ()V 292 <appendix> argL0 ; # com/naqqa/elasticsearch/index/query/QueryParser$$Lambda+0x000001bc81108800
instanceKlass  @bci com/naqqa/elasticsearch/index/query/QueryParser <clinit> ()V 282 <appendix> argL0 ; # com/naqqa/elasticsearch/index/query/QueryParser$$Lambda+0x000001bc81109990
instanceKlass  @bci com/naqqa/elasticsearch/index/query/QueryParser <clinit> ()V 272 <appendix> argL0 ; # com/naqqa/elasticsearch/index/query/QueryParser$$Lambda+0x000001bc811094c8
instanceKlass  @bci com/naqqa/elasticsearch/index/query/QueryParser <clinit> ()V 262 <appendix> argL0 ; # com/naqqa/elasticsearch/index/query/QueryParser$$Lambda+0x000001bc81109000
instanceKlass  @bci com/naqqa/elasticsearch/index/query/QueryParser <clinit> ()V 252 <appendix> argL0 ; # com/naqqa/elasticsearch/index/query/QueryParser$$Lambda+0x000001bc8110ba40
instanceKlass  @bci com/naqqa/elasticsearch/index/query/QueryParser <clinit> ()V 242 <appendix> argL0 ; # com/naqqa/elasticsearch/index/query/QueryParser$$Lambda+0x000001bc8110b578
instanceKlass com/naqqa/elasticsearch/index/query/ScoreFunctionBuilder
instanceKlass  @bci com/naqqa/elasticsearch/index/query/QueryParser <clinit> ()V 232 <appendix> argL0 ; # com/naqqa/elasticsearch/index/query/QueryParser$$Lambda+0x000001bc8110aeb8
instanceKlass  @bci com/naqqa/elasticsearch/index/query/QueryParser <clinit> ()V 222 <appendix> argL0 ; # com/naqqa/elasticsearch/index/query/QueryParser$$Lambda+0x000001bc8110a9f0
instanceKlass  @bci com/naqqa/elasticsearch/index/query/QueryParser <clinit> ()V 212 <appendix> argL0 ; # com/naqqa/elasticsearch/index/query/QueryParser$$Lambda+0x000001bc8110a528
instanceKlass  @bci com/naqqa/elasticsearch/index/query/QueryParser <clinit> ()V 202 <appendix> argL0 ; # com/naqqa/elasticsearch/index/query/QueryParser$$Lambda+0x000001bc8110fdc8
instanceKlass  @bci com/naqqa/elasticsearch/index/query/QueryParser <clinit> ()V 192 <appendix> argL0 ; # com/naqqa/elasticsearch/index/query/QueryParser$$Lambda+0x000001bc8110fb90
instanceKlass  @bci com/naqqa/elasticsearch/index/query/QueryParser <clinit> ()V 182 <appendix> argL0 ; # com/naqqa/elasticsearch/index/query/QueryParser$$Lambda+0x000001bc8110f6c8
instanceKlass  @bci com/naqqa/elasticsearch/index/query/QueryParser <clinit> ()V 172 <appendix> argL0 ; # com/naqqa/elasticsearch/index/query/QueryParser$$Lambda+0x000001bc8110f1f8
instanceKlass  @bci com/naqqa/elasticsearch/index/query/QueryParser <clinit> ()V 162 <appendix> argL0 ; # com/naqqa/elasticsearch/index/query/QueryParser$$Lambda+0x000001bc8110ed28
instanceKlass  @bci com/naqqa/elasticsearch/index/query/QueryParser <clinit> ()V 152 <appendix> argL0 ; # com/naqqa/elasticsearch/index/query/QueryParser$$Lambda+0x000001bc8110e858
instanceKlass  @bci com/naqqa/elasticsearch/index/query/QueryParser <clinit> ()V 142 <appendix> argL0 ; # com/naqqa/elasticsearch/index/query/QueryParser$$Lambda+0x000001bc8110e388
instanceKlass  @bci com/naqqa/elasticsearch/index/query/QueryParser <clinit> ()V 132 <appendix> argL0 ; # com/naqqa/elasticsearch/index/query/QueryParser$$Lambda+0x000001bc8110dec0
instanceKlass  @bci com/naqqa/elasticsearch/index/query/QueryParser <clinit> ()V 122 <appendix> argL0 ; # com/naqqa/elasticsearch/index/query/QueryParser$$Lambda+0x000001bc8110d9f0
instanceKlass  @bci com/naqqa/elasticsearch/index/query/QueryParser <clinit> ()V 112 <appendix> argL0 ; # com/naqqa/elasticsearch/index/query/QueryParser$$Lambda+0x000001bc8110d528
instanceKlass  @bci com/naqqa/elasticsearch/index/query/QueryParser <clinit> ()V 102 <appendix> argL0 ; # com/naqqa/elasticsearch/index/query/QueryParser$$Lambda+0x000001bc8110d060
instanceKlass  @bci com/naqqa/elasticsearch/index/query/QueryParser <clinit> ()V 92 <appendix> argL0 ; # com/naqqa/elasticsearch/index/query/QueryParser$$Lambda+0x000001bc8110cb90
instanceKlass com/naqqa/elasticsearch/index/query/IntervalsQueryBuilder$IntervalsSource
instanceKlass  @bci com/naqqa/elasticsearch/index/query/QueryParser <clinit> ()V 82 <appendix> argL0 ; # com/naqqa/elasticsearch/index/query/QueryParser$$Lambda+0x000001bc8110c4d0
instanceKlass  @bci com/naqqa/elasticsearch/index/query/QueryParser <clinit> ()V 72 <appendix> argL0 ; # com/naqqa/elasticsearch/index/query/QueryParser$$Lambda+0x000001bc8110c000
instanceKlass  @bci com/naqqa/elasticsearch/index/query/QueryParser <clinit> ()V 62 <appendix> argL0 ; # com/naqqa/elasticsearch/index/query/QueryParser$$Lambda+0x000001bc81107a58
instanceKlass  @bci com/naqqa/elasticsearch/index/query/QueryParser <clinit> ()V 52 <appendix> argL0 ; # com/naqqa/elasticsearch/index/query/QueryParser$$Lambda+0x000001bc81107588
instanceKlass  @bci com/naqqa/elasticsearch/index/query/QueryParser <clinit> ()V 42 <appendix> argL0 ; # com/naqqa/elasticsearch/index/query/QueryParser$$Lambda+0x000001bc811070b8
instanceKlass  @bci com/naqqa/elasticsearch/index/query/QueryParser <clinit> ()V 32 <appendix> argL0 ; # com/naqqa/elasticsearch/index/query/QueryParser$$Lambda+0x000001bc81106be8
instanceKlass  @bci com/naqqa/elasticsearch/index/query/QueryParser <clinit> ()V 22 <appendix> argL0 ; # com/naqqa/elasticsearch/index/query/QueryParser$$Lambda+0x000001bc81106718
instanceKlass  @bci com/naqqa/elasticsearch/index/query/QueryParser <clinit> ()V 12 <appendix> argL0 ; # com/naqqa/elasticsearch/index/query/QueryParser$$Lambda+0x000001bc81106248
instanceKlass com/naqqa/elasticsearch/index/query/AbstractQueryBuilder
instanceKlass com/naqqa/elasticsearch/index/query/QueryBuilder
instanceKlass com/naqqa/elasticsearch/index/query/QueryParser
instanceKlass com/naqqa/elasticsearch/action/byquery/QueryClauseConverter
instanceKlass com/naqqa/elasticsearch/action/write/IndexNameResolver
instanceKlass java/lang/Thread$ThreadNumbering
instanceKlass  @bci com/naqqa/elasticsearch/node/cluster/TransportClusterTransport sendRequest (Lcom/naqqa/elasticsearch/cluster/node/DiscoveryNode;Lcom/naqqa/elasticsearch/cluster/node/DiscoveryNode;Ljava/lang/String;Lcom/naqqa/elasticsearch/cluster/io/Writeable;Lcom/naqqa/elasticsearch/cluster/discovery/ClusterTransport$TransportResponseHandler;)V 95 <appendix> form vmentry <vmtarget> ; # java/lang/invoke/LambdaForm$DMH+0x000001bc81108400
instanceKlass  @bci com/naqqa/elasticsearch/action/byquery/ByQueryActionsTest cancellationStopsBatchActionBeforeCompletingAllBatches ()V 149 <appendix> member <vmtarget> ; # com/naqqa/elasticsearch/action/byquery/ByQueryActionsTest$$Lambda+0x000001bc81104c30
instanceKlass  @cpi com/naqqa/elasticsearch/action/write/DistributedWriteTest 609 form vmentry <vmtarget> ; # java/lang/invoke/LambdaForm$DMH+0x000001bc81108000
instanceKlass  @bci com/naqqa/elasticsearch/action/byquery/DeleteByQueryAction <init> (Lcom/naqqa/elasticsearch/action/write/RelocationAwareRouter;Lcom/naqqa/elasticsearch/action/byquery/ByQuerySearchHooks;Lcom/naqqa/elasticsearch/monitor/tasks/TaskManager;Lcom/naqqa/elasticsearch/action/byquery/ThrottleRegistry;)V 39 <appendix> member <vmtarget> ; # com/naqqa/elasticsearch/action/byquery/DeleteByQueryAction$$Lambda+0x000001bc81104a10
instanceKlass com/naqqa/elasticsearch/action/byquery/BulkByScrollExecutor
instanceKlass com/naqqa/elasticsearch/action/write/TransportDeleteAction
instanceKlass  @bci com/naqqa/elasticsearch/action/byquery/ByQuerySearchHooks defaults (Lcom/naqqa/elasticsearch/action/search/SearchCoordinator;)Lcom/naqqa/elasticsearch/action/byquery/ByQuerySearchHooks; 15 <appendix> member <vmtarget> ; # com/naqqa/elasticsearch/action/byquery/ByQuerySearchHooks$$Lambda+0x000001bc811043e0
instanceKlass com/naqqa/elasticsearch/action/search/SearchRequest
instanceKlass com/naqqa/elasticsearch/action/byquery/ByQuerySearchHooks$Searcher
instanceKlass  @bci com/naqqa/elasticsearch/action/byquery/ByQuerySearchHooks defaults (Lcom/naqqa/elasticsearch/action/search/SearchCoordinator;)Lcom/naqqa/elasticsearch/action/byquery/ByQuerySearchHooks; 4 <appendix> argL0 ; # com/naqqa/elasticsearch/action/byquery/ByQuerySearchHooks$$Lambda+0x000001bc81103bc0
instanceKlass com/naqqa/elasticsearch/search/query/Query
instanceKlass com/naqqa/elasticsearch/action/byquery/ByQuerySearchHooks$QueryConverter
instanceKlass com/naqqa/elasticsearch/action/byquery/ThrottleRegistry
instanceKlass com/naqqa/elasticsearch/action/search/ShardCopySelector$AdaptiveReplica
instanceKlass com/naqqa/elasticsearch/action/search/ShardCopySelector$RoundRobin
instanceKlass com/naqqa/elasticsearch/common/util/PriorityQueue
instanceKlass com/naqqa/elasticsearch/action/search/ShardCopySelector
instanceKlass com/naqqa/elasticsearch/action/search/SearchCoordinator
instanceKlass java/util/concurrent/CompletionStage
instanceKlass com/naqqa/elasticsearch/monitor/tasks/TaskManager
instanceKlass  @bci com/naqqa/elasticsearch/action/byquery/ByQueryTestCluster router ()Lcom/naqqa/elasticsearch/action/write/RelocationAwareRouter; 5 <appendix> member <vmtarget> ; # com/naqqa/elasticsearch/action/byquery/ByQueryTestCluster$$Lambda+0x000001bc81101e08
instanceKlass com/naqqa/elasticsearch/action/write/ClusterStateSupplier
instanceKlass com/naqqa/elasticsearch/http/RestStatusProvider
instanceKlass java/util/concurrent/ForkJoinPool$2
instanceKlass jdk/internal/access/JavaUtilConcurrentFJPAccess
instanceKlass java/util/concurrent/ForkJoinPool$DefaultForkJoinWorkerThreadFactory
instanceKlass java/util/concurrent/ForkJoinPool$WorkQueue
instanceKlass com/naqqa/elasticsearch/action/write/RelocationAwareRouter
instanceKlass java/util/concurrent/ForkJoinPool$ForkJoinWorkerThreadFactory
instanceKlass  @bci com/naqqa/elasticsearch/index/engine/InternalEngine scheduleMaybeMerge ()V 25 <appendix> member <vmtarget> ; # com/naqqa/elasticsearch/index/engine/InternalEngine$$Lambda+0x000001bc81100ea8
instanceKlass com/naqqa/elasticsearch/codec/fst/FSTEnum$Frame
instanceKlass com/naqqa/elasticsearch/codec/fst/FST$State
instanceKlass com/naqqa/elasticsearch/codec/fst/FST$Arc
instanceKlass com/naqqa/elasticsearch/codec/fst/FSTEnum$ByteList
instanceKlass com/naqqa/elasticsearch/codec/fst/FSTEnum
instanceKlass com/naqqa/elasticsearch/codec/terms/TermsEnum
instanceKlass com/naqqa/elasticsearch/codec/terms/BlockTermDictReader
instanceKlass com/naqqa/elasticsearch/codec/docvalues/NumericBlockCodec$SequentialBitReader
instanceKlass com/naqqa/elasticsearch/codec/docvalues/SortedSetDocValuesReader
instanceKlass com/naqqa/elasticsearch/index/engine/segment/SegmentReader$1
instanceKlass com/naqqa/elasticsearch/codec/storedfields/StoredFieldsReader
instanceKlass com/naqqa/elasticsearch/index/engine/segment/SegmentReader
instanceKlass com/naqqa/elasticsearch/codec/segment/SegmentInfoFormat
instanceKlass com/naqqa/elasticsearch/codec/segment/SegmentInfo
instanceKlass com/naqqa/elasticsearch/codec/livedocs/LiveDocsFormat
instanceKlass com/naqqa/elasticsearch/codec/livedocs/FixedBitSet
instanceKlass com/naqqa/elasticsearch/codec/DirectWriter
instanceKlass java/util/DualPivotQuicksort
instanceKlass com/naqqa/elasticsearch/codec/docvalues/NumericBlockCodec
instanceKlass  @bci com/naqqa/elasticsearch/codec/docvalues/SimpleTermDictionary lookupOrd ([[B[B)I 2 <appendix> argL0 ; # com/naqqa/elasticsearch/codec/docvalues/SimpleTermDictionary$$Lambda+0x000001bc810bec18
instanceKlass  @bci com/naqqa/elasticsearch/codec/docvalues/SortedSetDocValuesWriter dedupSorted ([[B)[[B 9 <appendix> argL0 ; # com/naqqa/elasticsearch/codec/docvalues/SortedSetDocValuesWriter$$Lambda+0x000001bc810be988
instanceKlass com/naqqa/elasticsearch/codec/docvalues/SimpleTermDictionary
instanceKlass com/naqqa/elasticsearch/codec/docvalues/SortedSetDocValuesWriter
instanceKlass com/naqqa/elasticsearch/codec/fst/FST
instanceKlass com/naqqa/elasticsearch/codec/fst/FSTBuilder$MutableState
instanceKlass com/naqqa/elasticsearch/codec/fst/FSTBuilder
instanceKlass com/naqqa/elasticsearch/codec/postings/PostingsFlags
instanceKlass com/naqqa/elasticsearch/codec/SmallFloat
instanceKlass  @bci com/naqqa/elasticsearch/index/engine/segment/SegmentWriter sortTerms (Ljava/util/Map;)Ljava/util/List; 87 <appendix> argL0 ; # com/naqqa/elasticsearch/index/engine/segment/SegmentWriter$$Lambda+0x000001bc810bd4f0
instanceKlass com/naqqa/elasticsearch/codec/postings/PostingsWriter
instanceKlass com/naqqa/elasticsearch/codec/terms/BlockTermDictWriter
instanceKlass  @bci com/naqqa/elasticsearch/monitor/deprecation/DeprecationLogService formatWarningHeader (Ljava/lang/String;Ljava/lang/String;Ljava/time/Instant;)Ljava/lang/String; 35 <appendix> form vmentry <vmtarget> ; # java/lang/invoke/LambdaForm$MH+0x000001bc810bac00
# instanceKlass java/lang/invoke/LambdaForm$MH+0x000001bc810ba800
instanceKlass  @bci com/naqqa/elasticsearch/monitor/deprecation/DeprecationLogService formatWarningHeader (Ljava/lang/String;Ljava/lang/String;Ljava/time/Instant;)Ljava/lang/String; 35 <appendix> argL3 form vmentry <vmtarget> ; # java/lang/invoke/LambdaForm$MH+0x000001bc810ba400
# instanceKlass java/lang/invoke/LambdaForm$MH+0x000001bc810ba000
# instanceKlass java/lang/invoke/LambdaForm$MH+0x000001bc810b9c00
# instanceKlass java/lang/invoke/LambdaForm$MH+0x000001bc810b9800
# instanceKlass java/lang/invoke/LambdaForm$MH+0x000001bc810b9400
instanceKlass  @bci com/naqqa/elasticsearch/monitor/deprecation/DeprecationLogService formatWarningHeader (Ljava/lang/String;Ljava/lang/String;Ljava/time/Instant;)Ljava/lang/String; 35 <appendix> argL1 form vmentry <vmtarget> ; # java/lang/invoke/LambdaForm$MH+0x000001bc810b9000
# instanceKlass java/lang/invoke/LambdaForm$MH+0x000001bc810b8c00
# instanceKlass java/lang/invoke/LambdaForm$MH+0x000001bc810b8800
# instanceKlass java/lang/invoke/LambdaForm$MH+0x000001bc810b8400
instanceKlass com/naqqa/elasticsearch/codec/fieldinfos/FieldInfosFormat
instanceKlass com/naqqa/elasticsearch/codec/fieldinfos/FieldInfo
instanceKlass com/naqqa/elasticsearch/codec/LZ4
instanceKlass com/naqqa/elasticsearch/index/engine/segment/StoredDocCodec
instanceKlass  @bci com/naqqa/elasticsearch/index/engine/segment/SegmentWriter write (Lcom/naqqa/elasticsearch/store/Directory;Ljava/lang/String;Ljava/util/List;)Lcom/naqqa/elasticsearch/codec/segment/SegmentInfo; 627 <appendix> member <vmtarget> ; # com/naqqa/elasticsearch/index/engine/segment/SegmentWriter$$Lambda+0x000001bc810b3a90
instanceKlass  @bci com/naqqa/elasticsearch/index/engine/segment/SegmentWriter write (Lcom/naqqa/elasticsearch/store/Directory;Ljava/lang/String;Ljava/util/List;)Lcom/naqqa/elasticsearch/codec/segment/SegmentInfo; 404 <appendix> member <vmtarget> ; # com/naqqa/elasticsearch/index/engine/segment/SegmentWriter$$Lambda+0x000001bc810b3858
instanceKlass com/naqqa/elasticsearch/index/engine/segment/SegmentWriter$1
instanceKlass  @bci com/naqqa/elasticsearch/index/engine/segment/SegmentWriter addTerm (Ljava/util/Map;Ljava/lang/String;ILcom/naqqa/elasticsearch/index/mapper/IndexedTerm;Z)V 58 <appendix> argL0 ; # com/naqqa/elasticsearch/index/engine/segment/SegmentWriter$$Lambda+0x000001bc810b3420
instanceKlass  @bci com/naqqa/elasticsearch/index/engine/segment/SegmentWriter addTerm (Ljava/util/Map;Ljava/lang/String;ILcom/naqqa/elasticsearch/index/mapper/IndexedTerm;Z)V 37 <appendix> argL0 ; # com/naqqa/elasticsearch/index/engine/segment/SegmentWriter$$Lambda+0x000001bc810b31e8
instanceKlass  @bci com/naqqa/elasticsearch/index/engine/segment/SegmentWriter addTerm (Ljava/util/Map;Ljava/lang/String;ILcom/naqqa/elasticsearch/index/mapper/IndexedTerm;Z)V 2 <appendix> argL0 ; # com/naqqa/elasticsearch/index/engine/segment/SegmentWriter$$Lambda+0x000001bc810b2fb0
instanceKlass com/naqqa/elasticsearch/index/engine/segment/SegmentWriter$FieldBuild
instanceKlass com/naqqa/elasticsearch/store/BitIO
instanceKlass com/naqqa/elasticsearch/store/CodecUtil
instanceKlass sun/nio/ch/Streams
instanceKlass java/nio/channels/Channels
instanceKlass java/util/zip/CRC32C
instanceKlass  @bci com/naqqa/elasticsearch/monitor/health/DiskHealthIndicator calculate ()Lcom/naqqa/elasticsearch/monitor/health/HealthIndicatorResult; 183 <appendix> form vmentry <vmtarget> ; # java/lang/invoke/LambdaForm$MH+0x000001bc810b8000
# instanceKlass java/lang/invoke/LambdaForm$MH+0x000001bc810b1c00
instanceKlass  @bci com/naqqa/elasticsearch/node/AggregationWireAndGeoTest multiShardPercentilesCardinalityAndNestedTermsAvgOverHttp ()V 265 <appendix> argL3 form vmentry <vmtarget> ; # java/lang/invoke/LambdaForm$MH+0x000001bc810b1800
# instanceKlass java/lang/invoke/LambdaForm$MH+0x000001bc810b1400
# instanceKlass java/lang/invoke/LambdaForm$MH+0x000001bc810b1000
# instanceKlass java/lang/invoke/LambdaForm$MH+0x000001bc810b0c00
instanceKlass com/naqqa/elasticsearch/codec/Codec
instanceKlass com/naqqa/elasticsearch/codec/storedfields/StoredFieldsWriter
instanceKlass com/naqqa/elasticsearch/index/engine/segment/SegmentWriter
instanceKlass com/naqqa/elasticsearch/index/engine/IndexResult
instanceKlass com/naqqa/elasticsearch/index/translog/VersionValue
instanceKlass  @bci com/naqqa/elasticsearch/index/translog/TranslogWriter add (Lcom/naqqa/elasticsearch/index/translog/Operation;)Lcom/naqqa/elasticsearch/index/translog/Translog$Location; 140 <appendix> argL0 ; # com/naqqa/elasticsearch/index/translog/TranslogWriter$$Lambda+0x000001bc810b6948
instanceKlass  @bci com/naqqa/elasticsearch/index/translog/TranslogWriter add (Lcom/naqqa/elasticsearch/index/translog/Operation;)Lcom/naqqa/elasticsearch/index/translog/Translog$Location; 121 <appendix> argL0 ; # com/naqqa/elasticsearch/index/translog/TranslogWriter$$Lambda+0x000001bc810b6730
instanceKlass java/util/function/LongBinaryOperator
instanceKlass java/util/zip/ZipUtils
instanceKlass java/util/zip/Checksum$1
instanceKlass java/util/zip/CRC32
instanceKlass java/util/zip/Checksum
instanceKlass com/naqqa/elasticsearch/index/translog/OperationCodec$1
instanceKlass com/naqqa/elasticsearch/index/translog/OperationCodec
instanceKlass com/naqqa/elasticsearch/common/bytes/BytesArray
instanceKlass com/naqqa/elasticsearch/common/json/JsonGenerator
instanceKlass com/naqqa/elasticsearch/common/xcontent/XContentGenerator
instanceKlass com/naqqa/elasticsearch/common/json/JsonWriter
instanceKlass com/naqqa/elasticsearch/index/mapper/IndexableField
instanceKlass com/naqqa/elasticsearch/common/json/JsonArray
instanceKlass com/naqqa/elasticsearch/index/mapper/ContentPath
instanceKlass com/naqqa/elasticsearch/index/mapper/ParseContext
instanceKlass com/naqqa/elasticsearch/index/mapper/DocumentParser
instanceKlass  @bci com/naqqa/elasticsearch/snapshots/model/ShardId equals (Ljava/lang/Object;)Z 2 <adapter> ; # java/lang/invoke/LambdaForm$MH+0x000001bc810b0800
# instanceKlass java/lang/invoke/LambdaForm$MH+0x000001bc810b0400
# instanceKlass java/lang/invoke/LambdaForm$MH+0x000001bc810b0000
instanceKlass  @bci com/naqqa/elasticsearch/snapshots/model/ShardId equals (Ljava/lang/Object;)Z 2 <appendix> form vmentry <vmtarget> ; # java/lang/invoke/LambdaForm$MH+0x000001bc810afc00
instanceKlass  @bci com/naqqa/elasticsearch/snapshots/model/ShardId equals (Ljava/lang/Object;)Z 2 <appendix> argL1 form vmentry <vmtarget> ; # java/lang/invoke/LambdaForm$MH+0x000001bc810af800
instanceKlass  @bci com/naqqa/elasticsearch/common/geo/geometry/GeometryUtils$BoundsAccumulator add (Lcom/naqqa/elasticsearch/common/geo/geometry/Geometry;)V 25 <appendix> form names 11 function resolvedHandle form vmentry <vmtarget> ; # java/lang/invoke/LambdaForm$MH+0x000001bc810af400
instanceKlass  @bci com/naqqa/elasticsearch/common/geo/geometry/GeometryUtils$BoundsAccumulator add (Lcom/naqqa/elasticsearch/common/geo/geometry/Geometry;)V 25 <appendix> form names 11 function resolvedHandle form names 5 function resolvedHandle form vmentry <vmtarget> ; # java/lang/invoke/LambdaForm$DMH+0x000001bc810af000
# instanceKlass java/lang/invoke/LambdaForm$DMH+0x000001bc810aec00
instanceKlass java/lang/invoke/MethodHandleImpl$LoopClauses
instanceKlass java/lang/invoke/MethodHandleImpl$CasesHolder
# instanceKlass java/lang/invoke/LambdaForm$MH+0x000001bc810ae800
# instanceKlass java/lang/invoke/LambdaForm$MH+0x000001bc810ae400
# instanceKlass java/lang/invoke/LambdaForm$MH+0x000001bc810ae000
instanceKlass  @bci com/naqqa/elasticsearch/snapshots/model/ShardId equals (Ljava/lang/Object;)Z 2 <appendix> form names 7 function resolvedHandle form vmentry <vmtarget> ; # java/lang/invoke/LambdaForm$DMH+0x000001bc810adc00
# instanceKlass java/lang/invoke/LambdaForm$MH+0x000001bc810ad800
# instanceKlass java/lang/invoke/LambdaForm$MH+0x000001bc810ad400
instanceKlass  @bci com/naqqa/elasticsearch/node/MultiNodeTest$ClusterMember url ()Ljava/lang/String; 10 <appendix> form vmentry <vmtarget> ; # java/lang/invoke/LambdaForm$MH+0x000001bc810ad000
instanceKlass  @bci com/naqqa/elasticsearch/node/MultiNodeTest$ClusterMember url ()Ljava/lang/String; 10 <appendix> argL3 form vmentry <vmtarget> ; # java/lang/invoke/LambdaForm$MH+0x000001bc810acc00
# instanceKlass java/lang/invoke/LambdaForm$MH+0x000001bc810ac800
# instanceKlass java/lang/invoke/LambdaForm$MH+0x000001bc810ac400
# instanceKlass java/lang/invoke/LambdaForm$MH+0x000001bc810ac000
instanceKlass com/naqqa/elasticsearch/cluster/state/Metadata$Builder
instanceKlass com/naqqa/elasticsearch/cluster/state/ClusterState$Builder
instanceKlass com/naqqa/elasticsearch/cluster/state/ClusterBlocks
instanceKlass com/naqqa/elasticsearch/cluster/coordination/VotingConfiguration
instanceKlass com/naqqa/elasticsearch/cluster/state/CoordinationMetadata
instanceKlass com/naqqa/elasticsearch/cluster/state/Metadata
instanceKlass com/naqqa/elasticsearch/cluster/node/DiscoveryNodes
instanceKlass com/naqqa/elasticsearch/cluster/state/Settings$Builder
instanceKlass com/naqqa/elasticsearch/cluster/state/Settings
instanceKlass com/naqqa/elasticsearch/cluster/state/IndexMetadata$Builder
instanceKlass com/naqqa/elasticsearch/cluster/state/IndexMetadata
instanceKlass com/naqqa/elasticsearch/cluster/routing/RoutingTable$Builder
instanceKlass com/naqqa/elasticsearch/cluster/routing/RoutingTable
instanceKlass com/naqqa/elasticsearch/cluster/routing/IndexShardRoutingTable
instanceKlass com/naqqa/elasticsearch/cluster/node/NodeIdentity
instanceKlass com/naqqa/elasticsearch/cluster/routing/AllocationId
instanceKlass com/naqqa/elasticsearch/cluster/routing/ShardRouting
instanceKlass com/naqqa/elasticsearch/index/seqno/GlobalCheckpointTracker
instanceKlass com/naqqa/elasticsearch/index/replication/ReplicationGroup
instanceKlass  @bci com/naqqa/elasticsearch/action/byquery/ByQueryTestCluster <init> (Ljava/lang/String;I)V 289 <appendix> argL0 ; # com/naqqa/elasticsearch/action/byquery/ByQueryTestCluster$$Lambda+0x000001bc8109bbc0
instanceKlass com/naqqa/elasticsearch/index/replication/ReplicaFailureListener
instanceKlass com/naqqa/elasticsearch/index/replication/PrimaryContext
instanceKlass com/naqqa/elasticsearch/index/replication/ShardCopy
instanceKlass  @bci com/naqqa/elasticsearch/cluster/coordination/VotingConfigExclusion hashCode ()I 1 <adapter> ; # java/lang/invoke/LambdaForm$MH+0x000001bc810a7800
instanceKlass  @bci com/naqqa/elasticsearch/action/get/TransportGetAction$ShardKey hashCode ()I 1 <appendix> argL1 form vmentry <vmtarget> ; # java/lang/invoke/LambdaForm$MH+0x000001bc810a7400
instanceKlass  @bci com/naqqa/elasticsearch/common/geo/geometry/GeometryUtils$BoundsAccumulator add (Lcom/naqqa/elasticsearch/common/geo/geometry/Geometry;)V 25 <appendix> form names 4 function resolvedHandle form vmentry <vmtarget> ; # java/lang/invoke/LambdaForm$DMH+0x000001bc810a7000
instanceKlass  @bci com/naqqa/elasticsearch/cluster/coordination/VotingConfigExclusion hashCode ()I 1 <appendix> form vmentry <vmtarget> ; # java/lang/invoke/LambdaForm$MH+0x000001bc810a6c00
# instanceKlass java/lang/invoke/LambdaForm$MH+0x000001bc810a6800
# instanceKlass java/lang/invoke/LambdaForm$MH+0x000001bc810a6400
instanceKlass  @bci com/naqqa/elasticsearch/common/geo/geometry/GeometryUtils$BoundsAccumulator add (Lcom/naqqa/elasticsearch/common/geo/geometry/Geometry;)V 25 <appendix> argL4 form names 4 function resolvedHandle form vmentry <vmtarget> ; # java/lang/invoke/LambdaForm$DMH+0x000001bc810a6000
instanceKlass  @bci com/naqqa/elasticsearch/cluster/coordination/VotingConfigExclusion hashCode ()I 1 <appendix> argL1 form vmentry <vmtarget> ; # java/lang/invoke/LambdaForm$MH+0x000001bc810a5c00
instanceKlass  @bci com/naqqa/elasticsearch/cluster/coordination/VotingConfigExclusion hashCode ()I 1 <appendix> argL2 argL2 form vmentry <vmtarget> ; # java/lang/invoke/LambdaForm$MH+0x000001bc810a5800
instanceKlass  @bci java/lang/runtime/ObjectMethods bootstrap (Ljava/lang/invoke/MethodHandles$Lookup;Ljava/lang/String;Ljava/lang/invoke/TypeDescriptor;Ljava/lang/Class;Ljava/lang/String;[Ljava/lang/invoke/MethodHandle;)Ljava/lang/Object; 37 <appendix> argL0 ; # java/lang/runtime/ObjectMethods$$Lambda+0x000001bc810ca100
instanceKlass java/lang/invoke/DirectMethodHandle$1
# instanceKlass java/lang/invoke/LambdaForm$DMH+0x000001bc810a5400
# instanceKlass java/lang/invoke/LambdaForm$DMH+0x000001bc810a5000
# instanceKlass java/lang/invoke/LambdaForm$DMH+0x000001bc810a4c00
# instanceKlass java/lang/invoke/LambdaForm$DMH+0x000001bc810a4800
# instanceKlass java/lang/invoke/LambdaForm$DMH+0x000001bc810a4400
# instanceKlass java/lang/invoke/LambdaForm$DMH+0x000001bc810a4000
# instanceKlass java/lang/invoke/LambdaForm$DMH+0x000001bc810a3c00
# instanceKlass java/lang/invoke/LambdaForm$DMH+0x000001bc810a3800
# instanceKlass java/lang/invoke/LambdaForm$DMH+0x000001bc810a3400
# instanceKlass java/lang/invoke/LambdaForm$DMH+0x000001bc810a3000
instanceKlass  @cpi com/naqqa/elasticsearch/codec/docvalues/SortedDocValuesWriter 135 form vmentry <vmtarget> ; # java/lang/invoke/LambdaForm$DMH+0x000001bc810a2c00
# instanceKlass java/lang/invoke/LambdaForm$DMH+0x000001bc810a2800
# instanceKlass java/lang/invoke/LambdaForm$DMH+0x000001bc810a2400
instanceKlass java/lang/runtime/ObjectMethods$1
# instanceKlass java/lang/invoke/LambdaForm$MH+0x000001bc810a2000
instanceKlass sun/invoke/util/ValueConversions$WrapperCache
# instanceKlass java/lang/invoke/LambdaForm$MH+0x000001bc810a1c00
# instanceKlass java/lang/invoke/LambdaForm$MH+0x000001bc810a1800
# instanceKlass java/lang/invoke/LambdaForm$MH+0x000001bc810a1400
# instanceKlass java/lang/invoke/LambdaForm$MH+0x000001bc810a1000
# instanceKlass java/lang/invoke/LambdaForm$MH+0x000001bc810a0c00
instanceKlass  @bci com/naqqa/elasticsearch/common/geo/geometry/GeometryUtils$BoundsAccumulator add (Lcom/naqqa/elasticsearch/common/geo/geometry/Geometry;)V 25 <appendix> argL0 form names 4 function resolvedHandle form vmentry <vmtarget> ; # java/lang/invoke/LambdaForm$DMH+0x000001bc810a0800
# instanceKlass java/lang/invoke/LambdaForm$MH+0x000001bc810a0400
# instanceKlass java/lang/invoke/LambdaForm$DMH+0x000001bc810a0000
# instanceKlass java/lang/invoke/LambdaForm$DMH+0x000001bc8109fc00
instanceKlass java/lang/invoke/MethodHandleImpl$ArrayAccessor
# instanceKlass java/lang/invoke/LambdaForm$MH+0x000001bc8109f800
# instanceKlass java/lang/invoke/LambdaForm$MH+0x000001bc8109f400
instanceKlass  @cpi jdk/internal/net/http/common/Utils 1290 form vmentry <vmtarget> ; # java/lang/invoke/LambdaForm$DMH+0x000001bc8109f000
instanceKlass java/lang/invoke/MethodHandleImpl$Makers$2
instanceKlass java/lang/invoke/MethodHandleImpl$Makers$1
instanceKlass java/lang/invoke/MethodHandleImpl$Makers
instanceKlass  @bci java/lang/invoke/BootstrapMethodInvoker invoke (Ljava/lang/Class;Ljava/lang/invoke/MethodHandle;Ljava/lang/String;Ljava/lang/Object;Ljava/lang/Object;Ljava/lang/Class;)Ljava/lang/Object; 862 <adapter> ; # java/lang/invoke/LambdaForm$MH+0x000001bc8109ec00
instanceKlass  @cpi com/naqqa/elasticsearch/snapshots/model/ShardId 86 form vmentry <vmtarget> ; # java/lang/invoke/LambdaForm$MH+0x000001bc8109e800
# instanceKlass java/lang/invoke/LambdaForm$DMH+0x000001bc8109e400
instanceKlass java/lang/runtime/ObjectMethods
instanceKlass com/naqqa/elasticsearch/index/translog/Translog$Snapshot
instanceKlass  @bci java/util/Comparator comparingLong (Ljava/util/function/ToLongFunction;)Ljava/util/Comparator; 6 <appendix> member <vmtarget> ; # java/util/Comparator$$Lambda+0x000001bc810c8d20
instanceKlass  @bci com/naqqa/elasticsearch/index/translog/Translog newSnapshot (J)Lcom/naqqa/elasticsearch/index/translog/Translog$Snapshot; 156 <appendix> argL0 ; # com/naqqa/elasticsearch/index/translog/Translog$$Lambda+0x000001bc8109aad8
instanceKlass  @cpi com/naqqa/elasticsearch/index/translog/Translog 502 form vmentry <vmtarget> ; # java/lang/invoke/LambdaForm$DMH+0x000001bc8109e000
instanceKlass java/util/function/ToLongFunction
instanceKlass com/naqqa/elasticsearch/index/translog/TranslogScanner
instanceKlass  @bci java/util/concurrent/Executors$AutoShutdownDelegatedExecutorService <init> (Ljava/util/concurrent/ExecutorService;)V 6 <appendix> member <vmtarget> ; # java/util/concurrent/Executors$AutoShutdownDelegatedExecutorService$$Lambda+0x000001bc810c88a8
instanceKlass  @cpi com/naqqa/elasticsearch/node/NodeTestSupport 341 form vmentry <vmtarget> ; # java/lang/invoke/LambdaForm$DMH+0x000001bc8109dc00
instanceKlass java/util/concurrent/LinkedBlockingQueue$Node
instanceKlass  @bci com/naqqa/elasticsearch/index/engine/InternalEngine <init> (Lcom/naqqa/elasticsearch/index/engine/EngineConfig;Lcom/naqqa/elasticsearch/store/Directory;Lcom/naqqa/elasticsearch/store/Lock;Lcom/naqqa/elasticsearch/codec/segment/SegmentInfos;Ljava/util/List;Lcom/naqqa/elasticsearch/index/seqno/LocalCheckpointTracker;Lcom/naqqa/elasticsearch/index/translog/Translog;)V 204 <appendix> argL0 ; # com/naqqa/elasticsearch/index/engine/InternalEngine$$Lambda+0x000001bc8109a4b8
instanceKlass com/naqqa/elasticsearch/index/engine/segment/TieredMergePolicy
instanceKlass java/util/concurrent/atomic/AtomicBoolean
instanceKlass com/naqqa/elasticsearch/index/engine/DocBuffer
instanceKlass java/util/concurrent/locks/ReentrantReadWriteLock$WriteLock
instanceKlass java/util/concurrent/locks/ReentrantReadWriteLock$ReadLock
instanceKlass java/util/concurrent/locks/ReentrantReadWriteLock
instanceKlass java/util/concurrent/locks/ReadWriteLock
instanceKlass com/naqqa/elasticsearch/index/translog/LiveVersionMap
instanceKlass com/naqqa/elasticsearch/common/bytes/BytesReference
instanceKlass com/naqqa/elasticsearch/index/translog/TranslogHeader
instanceKlass com/naqqa/elasticsearch/index/translog/BaseTranslogReader
instanceKlass  @bci com/naqqa/elasticsearch/index/translog/TranslogTest appendAndReadBackOrdering ()V 87 <appendix> form vmentry <vmtarget> ; # java/lang/invoke/LambdaForm$MH+0x000001bc8109d800
instanceKlass  @bci com/naqqa/elasticsearch/index/translog/TranslogTest appendAndReadBackOrdering ()V 87 <appendix> argL3 form vmentry <vmtarget> ; # java/lang/invoke/LambdaForm$MH+0x000001bc8109d400
# instanceKlass java/lang/invoke/LambdaForm$MH+0x000001bc8109d000
instanceKlass  @bci com/naqqa/elasticsearch/node/MultiNodeTest testClusterHealthYellowDuringReplicaRecoveryThenGreen ()V 119 <appendix> argL2 form vmentry <vmtarget> ; # java/lang/invoke/LambdaForm$MH+0x000001bc8109cc00
# instanceKlass java/lang/invoke/LambdaForm$MH+0x000001bc8109c800
instanceKlass  @bci com/naqqa/elasticsearch/node/AggregationWireAndGeoTest multiShardPercentilesCardinalityAndNestedTermsAvgOverHttp ()V 356 <appendix> argL1 argL1 form vmentry <vmtarget> ; # java/lang/invoke/LambdaForm$MH+0x000001bc8109c400
# instanceKlass java/lang/invoke/LambdaForm$MH+0x000001bc8109c000
instanceKlass java/util/Base64$Encoder
instanceKlass java/util/Base64
instanceKlass com/naqqa/elasticsearch/common/UUIDs$MacAddressProvider
instanceKlass com/naqqa/elasticsearch/common/UUIDs
instanceKlass java/nio/file/Files$1
instanceKlass sun/nio/fs/WindowsFileSystem$2
instanceKlass java/nio/file/PathMatcher
instanceKlass  @bci java/util/regex/Pattern negate (Ljava/util/regex/Pattern$CharPredicate;)Ljava/util/regex/Pattern$CharPredicate; 1 <appendix> member <vmtarget> ; # java/util/regex/Pattern$$Lambda+0x800000032
instanceKlass sun/nio/fs/Globs
instanceKlass  @bci java/util/regex/CharPredicates ASCII_DIGIT ()Ljava/util/regex/Pattern$BmpCharPredicate; 0 <appendix> argL0 ; # java/util/regex/CharPredicates$$Lambda+0x800000026
instanceKlass java/util/regex/CharPredicates
instanceKlass com/naqqa/elasticsearch/index/translog/Translog
instanceKlass com/naqqa/elasticsearch/index/seqno/LocalCheckpointTracker
instanceKlass java/util/ComparableTimSort
instanceKlass com/naqqa/elasticsearch/codec/segment/SegmentInfos
instanceKlass sun/nio/ch/FileKey
instanceKlass sun/nio/ch/FileLockTable
instanceKlass java/nio/channels/FileLock
instanceKlass java/nio/file/attribute/FileTime
instanceKlass sun/nio/ch/FileChannelImpl$Closer
instanceKlass sun/nio/ch/NativeThreadSet
instanceKlass java/nio/channels/SeekableByteChannel
instanceKlass sun/nio/fs/WindowsChannelFactory$2
instanceKlass sun/nio/fs/WindowsChannelFactory$Flags
instanceKlass sun/nio/fs/WindowsChannelFactory$1
instanceKlass sun/nio/fs/WindowsChannelFactory
instanceKlass com/naqqa/elasticsearch/index/translog/Operation
instanceKlass com/naqqa/elasticsearch/index/engine/IndexingMemoryController$Accountable
instanceKlass com/naqqa/elasticsearch/index/engine/Engine
instanceKlass com/naqqa/elasticsearch/index/engine/IndexingMemoryController
instanceKlass com/naqqa/elasticsearch/index/engine/EngineConfig
instanceKlass com/naqqa/elasticsearch/common/unit/TimeValue
instanceKlass com/naqqa/elasticsearch/common/unit/ByteSizeValue
instanceKlass com/naqqa/elasticsearch/index/translog/TranslogConfig
instanceKlass sun/nio/fs/WindowsLinkSupport
instanceKlass com/naqqa/elasticsearch/store/Lock
instanceKlass com/naqqa/elasticsearch/store/DataOutput
instanceKlass com/naqqa/elasticsearch/store/RandomAccessInput
instanceKlass com/naqqa/elasticsearch/store/LockFactory
instanceKlass com/naqqa/elasticsearch/store/DataInput
instanceKlass sun/nio/fs/WindowsSecurityDescriptor
instanceKlass sun/nio/fs/WindowsPath$1
instanceKlass java/nio/file/TempFileHelper
instanceKlass java/nio/file/attribute/FileAttribute
instanceKlass com/naqqa/elasticsearch/index/mapper/DocumentMapper
instanceKlass com/naqqa/elasticsearch/index/mapper/Mapping
instanceKlass com/naqqa/elasticsearch/index/mapper/MetadataFieldMapper
instanceKlass java/util/Collections$UnmodifiableMap$UnmodifiableEntrySet$UnmodifiableEntry
instanceKlass java/util/Collections$UnmodifiableMap$UnmodifiableEntrySet$1
instanceKlass java/time/LocalDateTime
instanceKlass java/time/chrono/ChronoLocalDateTime
instanceKlass java/time/temporal/Temporal
instanceKlass java/time/zone/ZoneOffsetTransitionRule
instanceKlass java/time/zone/ZoneRules
instanceKlass java/time/format/DateTimeFormatterBuilder$DefaultValueParser
instanceKlass  @bci java/time/format/DateTimeFormatter <clinit> ()V 1075 <appendix> argL0 ; # java/time/format/DateTimeFormatter$$Lambda+0x800000010
instanceKlass  @bci java/time/format/DateTimeFormatter <clinit> ()V 1067 <appendix> argL0 ; # java/time/format/DateTimeFormatter$$Lambda+0x80000000f
instanceKlass java/time/Period
instanceKlass java/time/chrono/ChronoPeriod
instanceKlass java/time/format/DateTimeFormatterBuilder$TextPrinterParser
instanceKlass java/time/format/DateTimeTextProvider$1
instanceKlass java/time/format/DateTimeTextProvider
instanceKlass java/util/AbstractMap$SimpleImmutableEntry
instanceKlass java/time/format/DateTimeTextProvider$LocaleStore
instanceKlass java/time/format/DateTimeFormatterBuilder$InstantPrinterParser
instanceKlass java/time/format/DateTimeFormatterBuilder$StringLiteralPrinterParser
instanceKlass java/time/format/DateTimeFormatterBuilder$ZoneIdPrinterParser
instanceKlass java/time/format/DateTimeFormatterBuilder$OffsetIdPrinterParser
instanceKlass java/time/format/DecimalStyle
instanceKlass java/time/format/DateTimeFormatterBuilder$CompositePrinterParser
instanceKlass java/time/chrono/AbstractChronology
instanceKlass java/time/chrono/Chronology
instanceKlass java/time/format/DateTimeFormatterBuilder$CharLiteralPrinterParser
instanceKlass java/time/format/DateTimeFormatterBuilder$NumberPrinterParser
instanceKlass java/time/format/DateTimeFormatterBuilder$DateTimePrinterParser
instanceKlass java/time/format/DateTimeFormatter
instanceKlass java/time/temporal/JulianFields
instanceKlass java/time/temporal/IsoFields
instanceKlass java/time/temporal/ValueRange
instanceKlass java/time/Duration
instanceKlass java/time/temporal/TemporalAmount
instanceKlass java/time/temporal/TemporalUnit
instanceKlass java/util/regex/Pattern$TreeInfo
instanceKlass java/util/regex/Pattern$BitClass
instanceKlass java/util/regex/ASCII
instanceKlass  @bci java/util/regex/Pattern Single (I)Ljava/util/regex/Pattern$BmpCharPredicate; 1 <appendix> member <vmtarget> ; # java/util/regex/Pattern$$Lambda+0x80000002a
instanceKlass java/util/regex/Pattern$BmpCharPredicate
instanceKlass java/util/regex/Pattern$CharPredicate
instanceKlass java/util/regex/Pattern$Node
instanceKlass java/util/regex/Pattern
instanceKlass  @bci java/time/format/DateTimeFormatterBuilder <clinit> ()V 0 <appendix> argL0 ; # java/time/format/DateTimeFormatterBuilder$$Lambda+0x800000011
instanceKlass java/time/temporal/TemporalQuery
instanceKlass java/time/format/DateTimeFormatterBuilder
instanceKlass com/naqqa/elasticsearch/common/time/JavaDateFormatter
instanceKlass com/naqqa/elasticsearch/common/time/EpochSecondDateFormatter
instanceKlass com/naqqa/elasticsearch/common/time/EpochMillisDateFormatter
instanceKlass  @bci java/time/ZoneOffset ofTotalSeconds (I)Ljava/time/ZoneOffset; 37 <appendix> argL0 ; # java/time/ZoneOffset$$Lambda+0x80000000e
instanceKlass java/time/temporal/TemporalField
instanceKlass java/time/temporal/TemporalAdjuster
instanceKlass java/time/temporal/TemporalAccessor
instanceKlass java/time/ZoneId
instanceKlass com/naqqa/elasticsearch/common/time/DateFormatters
instanceKlass com/naqqa/elasticsearch/common/time/DateFormatter
instanceKlass com/naqqa/elasticsearch/common/json/JsonScalar
instanceKlass  @bci com/naqqa/elasticsearch/index/mapper/TypeParsers builtin ()Ljava/util/Map; 612 <appendix> argL0 ; # com/naqqa/elasticsearch/index/mapper/TypeParsers$$Lambda+0x000001bc81089298
instanceKlass  @bci com/naqqa/elasticsearch/index/mapper/TypeParsers builtin ()Ljava/util/Map; 598 <appendix> argL0 ; # com/naqqa/elasticsearch/index/mapper/TypeParsers$$Lambda+0x000001bc8108bc28
instanceKlass  @bci com/naqqa/elasticsearch/index/mapper/TypeParsers builtin ()Ljava/util/Map; 584 <appendix> argL0 ; # com/naqqa/elasticsearch/index/mapper/TypeParsers$$Lambda+0x000001bc8108b770
instanceKlass  @bci com/naqqa/elasticsearch/index/mapper/TypeParsers builtin ()Ljava/util/Map; 570 <appendix> argL0 ; # com/naqqa/elasticsearch/index/mapper/TypeParsers$$Lambda+0x000001bc8108b2c0
instanceKlass  @bci com/naqqa/elasticsearch/index/mapper/TypeParsers builtin ()Ljava/util/Map; 556 <appendix> argL0 ; # com/naqqa/elasticsearch/index/mapper/TypeParsers$$Lambda+0x000001bc8108ae10
instanceKlass  @bci com/naqqa/elasticsearch/index/mapper/TypeParsers builtin ()Ljava/util/Map; 542 <appendix> argL0 ; # com/naqqa/elasticsearch/index/mapper/TypeParsers$$Lambda+0x000001bc8108a960
instanceKlass  @bci com/naqqa/elasticsearch/index/mapper/TypeParsers builtin ()Ljava/util/Map; 528 <appendix> argL0 ; # com/naqqa/elasticsearch/index/mapper/TypeParsers$$Lambda+0x000001bc8108a4b0
instanceKlass  @bci com/naqqa/elasticsearch/index/mapper/TypeParsers builtin ()Ljava/util/Map; 514 <appendix> argL0 ; # com/naqqa/elasticsearch/index/mapper/TypeParsers$$Lambda+0x000001bc8108a000
instanceKlass  @bci com/naqqa/elasticsearch/index/mapper/TypeParsers builtin ()Ljava/util/Map; 500 <appendix> argL0 ; # com/naqqa/elasticsearch/index/mapper/TypeParsers$$Lambda+0x000001bc8108fa90
instanceKlass  @bci com/naqqa/elasticsearch/index/mapper/TypeParsers builtin ()Ljava/util/Map; 486 <appendix> argL0 ; # com/naqqa/elasticsearch/index/mapper/TypeParsers$$Lambda+0x000001bc8108f5d8
instanceKlass  @bci com/naqqa/elasticsearch/index/mapper/TypeParsers builtin ()Ljava/util/Map; 472 <appendix> argL0 ; # com/naqqa/elasticsearch/index/mapper/TypeParsers$$Lambda+0x000001bc8108f128
instanceKlass  @bci com/naqqa/elasticsearch/index/mapper/TypeParsers builtin ()Ljava/util/Map; 458 <appendix> argL0 ; # com/naqqa/elasticsearch/index/mapper/TypeParsers$$Lambda+0x000001bc8108ec70
instanceKlass  @bci com/naqqa/elasticsearch/index/mapper/TypeParsers builtin ()Ljava/util/Map; 444 <appendix> argL0 ; # com/naqqa/elasticsearch/index/mapper/TypeParsers$$Lambda+0x000001bc8108e7b8
instanceKlass  @bci com/naqqa/elasticsearch/index/mapper/TypeParsers builtin ()Ljava/util/Map; 430 <appendix> argL0 ; # com/naqqa/elasticsearch/index/mapper/TypeParsers$$Lambda+0x000001bc8108e308
instanceKlass  @bci com/naqqa/elasticsearch/index/mapper/TypeParsers builtin ()Ljava/util/Map; 416 <appendix> argL0 ; # com/naqqa/elasticsearch/index/mapper/TypeParsers$$Lambda+0x000001bc8108de58
instanceKlass  @bci com/naqqa/elasticsearch/index/mapper/TypeParsers builtin ()Ljava/util/Map; 402 <appendix> argL0 ; # com/naqqa/elasticsearch/index/mapper/TypeParsers$$Lambda+0x000001bc8108d9a8
instanceKlass  @bci com/naqqa/elasticsearch/index/mapper/TypeParsers builtin ()Ljava/util/Map; 388 <appendix> argL0 ; # com/naqqa/elasticsearch/index/mapper/TypeParsers$$Lambda+0x000001bc8108d4f8
instanceKlass  @bci com/naqqa/elasticsearch/index/mapper/TypeParsers builtin ()Ljava/util/Map; 374 <appendix> argL0 ; # com/naqqa/elasticsearch/index/mapper/TypeParsers$$Lambda+0x000001bc8108d040
instanceKlass  @bci com/naqqa/elasticsearch/index/mapper/RangeFieldMapper typeParser (Lcom/naqqa/elasticsearch/index/mapper/RangeFieldMapper$RangeType;)Lcom/naqqa/elasticsearch/index/mapper/TypeParser; 1 <appendix> member <vmtarget> ; # com/naqqa/elasticsearch/index/mapper/RangeFieldMapper$$Lambda+0x000001bc8108cb80
instanceKlass  @bci com/naqqa/elasticsearch/index/mapper/TypeParsers builtin ()Ljava/util/Map; 270 <appendix> argL0 ; # com/naqqa/elasticsearch/index/mapper/TypeParsers$$Lambda+0x000001bc8108c298
instanceKlass  @bci com/naqqa/elasticsearch/index/mapper/TypeParsers builtin ()Ljava/util/Map; 256 <appendix> argL0 ; # com/naqqa/elasticsearch/index/mapper/TypeParsers$$Lambda+0x000001bc81087c18
instanceKlass  @bci com/naqqa/elasticsearch/index/mapper/TypeParsers builtin ()Ljava/util/Map; 242 <appendix> argL0 ; # com/naqqa/elasticsearch/index/mapper/TypeParsers$$Lambda+0x000001bc81087768
instanceKlass  @bci com/naqqa/elasticsearch/index/mapper/DateFieldMapper typeParser (Z)Lcom/naqqa/elasticsearch/index/mapper/TypeParser; 1 <appendix> member <vmtarget> ; # com/naqqa/elasticsearch/index/mapper/DateFieldMapper$$Lambda+0x000001bc810872b8
instanceKlass  @cpi com/naqqa/elasticsearch/index/mapper/DateFieldMapper 202 form vmentry <vmtarget> ; # java/lang/invoke/LambdaForm$DMH+0x000001bc81088c00
instanceKlass  @bci com/naqqa/elasticsearch/index/mapper/TypeParsers builtin ()Ljava/util/Map; 202 <appendix> argL0 ; # com/naqqa/elasticsearch/index/mapper/TypeParsers$$Lambda+0x000001bc81086e00
instanceKlass  @bci com/naqqa/elasticsearch/index/mapper/NumberFieldMapper typeParser (Lcom/naqqa/elasticsearch/index/mapper/NumberFieldMapper$NumberType;)Lcom/naqqa/elasticsearch/index/mapper/TypeParser; 1 <appendix> member <vmtarget> ; # com/naqqa/elasticsearch/index/mapper/NumberFieldMapper$$Lambda+0x000001bc81086940
instanceKlass  @cpi com/naqqa/elasticsearch/index/mapper/RangeFieldMapper 258 form vmentry <vmtarget> ; # java/lang/invoke/LambdaForm$DMH+0x000001bc81088800
instanceKlass  @bci com/naqqa/elasticsearch/index/mapper/TypeParsers builtin ()Ljava/util/Map; 53 <appendix> argL0 ; # com/naqqa/elasticsearch/index/mapper/TypeParsers$$Lambda+0x000001bc81086248
instanceKlass  @bci com/naqqa/elasticsearch/index/mapper/TypeParsers builtin ()Ljava/util/Map; 39 <appendix> argL0 ; # com/naqqa/elasticsearch/index/mapper/TypeParsers$$Lambda+0x000001bc81085d90
instanceKlass com/naqqa/elasticsearch/index/mapper/FieldMapper
instanceKlass  @bci com/naqqa/elasticsearch/index/mapper/TypeParsers builtin ()Ljava/util/Map; 25 <appendix> argL0 ; # com/naqqa/elasticsearch/index/mapper/TypeParsers$$Lambda+0x000001bc81085640
instanceKlass  @bci com/naqqa/elasticsearch/index/mapper/TypeParsers builtin ()Ljava/util/Map; 11 <appendix> argL0 ; # com/naqqa/elasticsearch/index/mapper/TypeParsers$$Lambda+0x000001bc81085428
instanceKlass  @cpi com/naqqa/elasticsearch/index/mapper/TypeParsers 206 form vmentry <vmtarget> ; # java/lang/invoke/LambdaForm$DMH+0x000001bc81088400
# instanceKlass java/lang/invoke/LambdaForm$DMH+0x000001bc81088000
instanceKlass com/naqqa/elasticsearch/index/mapper/ObjectMapper
instanceKlass com/naqqa/elasticsearch/index/mapper/Mapper
instanceKlass com/naqqa/elasticsearch/common/json/JsonObject
instanceKlass com/naqqa/elasticsearch/common/json/JsonValue
instanceKlass com/naqqa/elasticsearch/index/mapper/TypeParser
instanceKlass com/naqqa/elasticsearch/index/mapper/TypeParsers
instanceKlass com/naqqa/elasticsearch/index/mapper/MappingParserContext
instanceKlass com/naqqa/elasticsearch/common/settings/Settings
instanceKlass com/naqqa/elasticsearch/index/mapper/MapperService
instanceKlass com/naqqa/elasticsearch/analysis/registry/IndexAnalyzers
instanceKlass com/naqqa/elasticsearch/analysis/registry/AnalysisRegistry$Builder$1
instanceKlass  @bci com/naqqa/elasticsearch/analysis/registry/AnalysisRegistry$Builder keywordTokenizerFactory ()Lcom/naqqa/elasticsearch/analysis/TokenizerFactory; 1 <appendix> argL0 ; # com/naqqa/elasticsearch/analysis/registry/AnalysisRegistry$Builder$$Lambda+0x000001bc81083498
instanceKlass  @bci com/naqqa/elasticsearch/analysis/registry/AnalysisRegistry$Builder lowercaseNormalizer ()Lcom/naqqa/elasticsearch/analysis/Analyzer; 3 <appendix> argL0 ; # com/naqqa/elasticsearch/analysis/registry/AnalysisRegistry$Builder$$Lambda+0x000001bc81083260
instanceKlass com/naqqa/elasticsearch/analysis/lang/c/ThaiAnalyzerFactory$1
instanceKlass  @bci com/naqqa/elasticsearch/analysis/lang/c/ThaiAnalyzerFactory tokenizer ()Ljava/util/function/Supplier; 0 <appendix> argL0 ; # com/naqqa/elasticsearch/analysis/lang/c/ThaiAnalyzerFactory$$Lambda+0x000001bc81082e10
instanceKlass  @bci com/naqqa/elasticsearch/analysis/lang/c/ThaiAnalyzerFactory create (Ljava/util/Map;)Lcom/naqqa/elasticsearch/analysis/Analyzer; 29 <appendix> member <vmtarget> ; # com/naqqa/elasticsearch/analysis/lang/c/ThaiAnalyzerFactory$$Lambda+0x000001bc81082990
instanceKlass  @bci com/naqqa/elasticsearch/analysis/lang/c/ThaiAnalyzerFactory create (Ljava/util/Map;)Lcom/naqqa/elasticsearch/analysis/Analyzer; 18 <appendix> argL0 ; # com/naqqa/elasticsearch/analysis/lang/c/ThaiAnalyzerFactory$$Lambda+0x000001bc81082758
instanceKlass  @bci com/naqqa/elasticsearch/analysis/lang/c/ThaiAnalyzerFactory create (Ljava/util/Map;)Lcom/naqqa/elasticsearch/analysis/Analyzer; 7 <appendix> argL0 ; # com/naqqa/elasticsearch/analysis/lang/c/ThaiAnalyzerFactory$$Lambda+0x000001bc81082520
instanceKlass com/naqqa/elasticsearch/analysis/lang/c/ThaiAnalyzerFactory
instanceKlass com/naqqa/elasticsearch/analysis/lang/c/SoraniAnalyzerFactory$1
instanceKlass  @bci com/naqqa/elasticsearch/analysis/lang/c/SoraniAnalyzerFactory tokenizer ()Ljava/util/function/Supplier; 0 <appendix> argL0 ; # com/naqqa/elasticsearch/analysis/lang/c/SoraniAnalyzerFactory$$Lambda+0x000001bc81081ed0
instanceKlass  @bci com/naqqa/elasticsearch/analysis/lang/c/SoraniAnalyzerFactory create (Ljava/util/Map;)Lcom/naqqa/elasticsearch/analysis/Analyzer; 50 <appendix> argL0 ; # com/naqqa/elasticsearch/analysis/lang/c/SoraniAnalyzerFactory$$Lambda+0x000001bc81081c98
instanceKlass  @bci com/naqqa/elasticsearch/analysis/lang/c/SoraniAnalyzerFactory create (Ljava/util/Map;)Lcom/naqqa/elasticsearch/analysis/Analyzer; 40 <appendix> member <vmtarget> ; # com/naqqa/elasticsearch/analysis/lang/c/SoraniAnalyzerFactory$$Lambda+0x000001bc81081a58
instanceKlass  @bci com/naqqa/elasticsearch/analysis/lang/c/SoraniAnalyzerFactory create (Ljava/util/Map;)Lcom/naqqa/elasticsearch/analysis/Analyzer; 29 <appendix> argL0 ; # com/naqqa/elasticsearch/analysis/lang/c/SoraniAnalyzerFactory$$Lambda+0x000001bc81081820
instanceKlass  @bci com/naqqa/elasticsearch/analysis/lang/c/SoraniAnalyzerFactory create (Ljava/util/Map;)Lcom/naqqa/elasticsearch/analysis/Analyzer; 18 <appendix> argL0 ; # com/naqqa/elasticsearch/analysis/lang/c/SoraniAnalyzerFactory$$Lambda+0x000001bc810815e8
instanceKlass  @bci com/naqqa/elasticsearch/analysis/lang/c/SoraniAnalyzerFactory create (Ljava/util/Map;)Lcom/naqqa/elasticsearch/analysis/Analyzer; 7 <appendix> argL0 ; # com/naqqa/elasticsearch/analysis/lang/c/SoraniAnalyzerFactory$$Lambda+0x000001bc810813b0
instanceKlass com/naqqa/elasticsearch/analysis/lang/c/SoraniAnalyzerFactory
instanceKlass com/naqqa/elasticsearch/analysis/lang/c/PersianAnalyzerFactory$2
instanceKlass  @bci com/naqqa/elasticsearch/analysis/lang/c/PersianAnalyzerFactory tokenizer ()Ljava/util/function/Supplier; 0 <appendix> argL0 ; # com/naqqa/elasticsearch/analysis/lang/c/PersianAnalyzerFactory$$Lambda+0x000001bc81080b20
instanceKlass  @bci com/naqqa/elasticsearch/analysis/lang/c/PersianAnalyzerFactory create (Ljava/util/Map;)Lcom/naqqa/elasticsearch/analysis/Analyzer; 58 <appendix> member <vmtarget> ; # com/naqqa/elasticsearch/analysis/lang/c/PersianAnalyzerFactory$$Lambda+0x000001bc810808e0
instanceKlass  @bci com/naqqa/elasticsearch/analysis/lang/c/PersianAnalyzerFactory create (Ljava/util/Map;)Lcom/naqqa/elasticsearch/analysis/Analyzer; 47 <appendix> argL0 ; # com/naqqa/elasticsearch/analysis/lang/c/PersianAnalyzerFactory$$Lambda+0x000001bc810806a8
instanceKlass  @bci com/naqqa/elasticsearch/analysis/lang/c/PersianAnalyzerFactory create (Ljava/util/Map;)Lcom/naqqa/elasticsearch/analysis/Analyzer; 36 <appendix> argL0 ; # com/naqqa/elasticsearch/analysis/lang/c/PersianAnalyzerFactory$$Lambda+0x000001bc81080470
instanceKlass  @bci com/naqqa/elasticsearch/analysis/lang/c/PersianAnalyzerFactory create (Ljava/util/Map;)Lcom/naqqa/elasticsearch/analysis/Analyzer; 25 <appendix> argL0 ; # com/naqqa/elasticsearch/analysis/lang/c/PersianAnalyzerFactory$$Lambda+0x000001bc81080238
instanceKlass  @bci com/naqqa/elasticsearch/analysis/lang/c/PersianAnalyzerFactory create (Ljava/util/Map;)Lcom/naqqa/elasticsearch/analysis/Analyzer; 14 <appendix> argL0 ; # com/naqqa/elasticsearch/analysis/lang/c/PersianAnalyzerFactory$$Lambda+0x000001bc81080000
instanceKlass com/naqqa/elasticsearch/analysis/CharFilter
instanceKlass com/naqqa/elasticsearch/analysis/lang/c/PersianAnalyzerFactory$1
instanceKlass com/naqqa/elasticsearch/analysis/CharFilterFactory
instanceKlass com/naqqa/elasticsearch/analysis/lang/c/PersianAnalyzerFactory
instanceKlass com/naqqa/elasticsearch/analysis/lang/c/BengaliAnalyzerFactory$1
instanceKlass  @bci com/naqqa/elasticsearch/analysis/lang/c/BengaliAnalyzerFactory tokenizer ()Ljava/util/function/Supplier; 0 <appendix> argL0 ; # com/naqqa/elasticsearch/analysis/lang/c/BengaliAnalyzerFactory$$Lambda+0x000001bc8103d478
instanceKlass  @bci com/naqqa/elasticsearch/analysis/lang/c/BengaliAnalyzerFactory create (Ljava/util/Map;)Lcom/naqqa/elasticsearch/analysis/Analyzer; 61 <appendix> argL0 ; # com/naqqa/elasticsearch/analysis/lang/c/BengaliAnalyzerFactory$$Lambda+0x000001bc8103d240
instanceKlass  @bci com/naqqa/elasticsearch/analysis/lang/c/BengaliAnalyzerFactory create (Ljava/util/Map;)Lcom/naqqa/elasticsearch/analysis/Analyzer; 51 <appendix> member <vmtarget> ; # com/naqqa/elasticsearch/analysis/lang/c/BengaliAnalyzerFactory$$Lambda+0x000001bc8103d000
instanceKlass  @bci com/naqqa/elasticsearch/analysis/lang/c/BengaliAnalyzerFactory create (Ljava/util/Map;)Lcom/naqqa/elasticsearch/analysis/Analyzer; 40 <appendix> argL0 ; # com/naqqa/elasticsearch/analysis/lang/c/BengaliAnalyzerFactory$$Lambda+0x000001bc8103fc90
instanceKlass  @bci com/naqqa/elasticsearch/analysis/lang/c/BengaliAnalyzerFactory create (Ljava/util/Map;)Lcom/naqqa/elasticsearch/analysis/Analyzer; 29 <appendix> argL0 ; # com/naqqa/elasticsearch/analysis/lang/c/BengaliAnalyzerFactory$$Lambda+0x000001bc8103fa58
instanceKlass  @bci com/naqqa/elasticsearch/analysis/lang/c/BengaliAnalyzerFactory create (Ljava/util/Map;)Lcom/naqqa/elasticsearch/analysis/Analyzer; 18 <appendix> argL0 ; # com/naqqa/elasticsearch/analysis/lang/c/BengaliAnalyzerFactory$$Lambda+0x000001bc8103f820
instanceKlass  @bci com/naqqa/elasticsearch/analysis/lang/c/BengaliAnalyzerFactory create (Ljava/util/Map;)Lcom/naqqa/elasticsearch/analysis/Analyzer; 7 <appendix> argL0 ; # com/naqqa/elasticsearch/analysis/lang/c/BengaliAnalyzerFactory$$Lambda+0x000001bc8103f5e8
instanceKlass com/naqqa/elasticsearch/analysis/lang/c/BengaliAnalyzerFactory
instanceKlass com/naqqa/elasticsearch/analysis/lang/c/HindiAnalyzerFactory$1
instanceKlass  @bci com/naqqa/elasticsearch/analysis/lang/c/HindiAnalyzerFactory tokenizer ()Ljava/util/function/Supplier; 0 <appendix> argL0 ; # com/naqqa/elasticsearch/analysis/lang/c/HindiAnalyzerFactory$$Lambda+0x000001bc8103ed58
instanceKlass  @bci com/naqqa/elasticsearch/analysis/lang/c/HindiAnalyzerFactory create (Ljava/util/Map;)Lcom/naqqa/elasticsearch/analysis/Analyzer; 61 <appendix> argL0 ; # com/naqqa/elasticsearch/analysis/lang/c/HindiAnalyzerFactory$$Lambda+0x000001bc8103eb20
instanceKlass  @bci com/naqqa/elasticsearch/analysis/lang/c/HindiAnalyzerFactory create (Ljava/util/Map;)Lcom/naqqa/elasticsearch/analysis/Analyzer; 51 <appendix> member <vmtarget> ; # com/naqqa/elasticsearch/analysis/lang/c/HindiAnalyzerFactory$$Lambda+0x000001bc8103e8e0
instanceKlass  @bci com/naqqa/elasticsearch/analysis/lang/c/HindiAnalyzerFactory create (Ljava/util/Map;)Lcom/naqqa/elasticsearch/analysis/Analyzer; 40 <appendix> argL0 ; # com/naqqa/elasticsearch/analysis/lang/c/HindiAnalyzerFactory$$Lambda+0x000001bc8103e6a8
instanceKlass  @bci com/naqqa/elasticsearch/analysis/lang/c/HindiAnalyzerFactory create (Ljava/util/Map;)Lcom/naqqa/elasticsearch/analysis/Analyzer; 29 <appendix> argL0 ; # com/naqqa/elasticsearch/analysis/lang/c/HindiAnalyzerFactory$$Lambda+0x000001bc8103e470
instanceKlass  @bci com/naqqa/elasticsearch/analysis/lang/c/HindiAnalyzerFactory create (Ljava/util/Map;)Lcom/naqqa/elasticsearch/analysis/Analyzer; 18 <appendix> argL0 ; # com/naqqa/elasticsearch/analysis/lang/c/HindiAnalyzerFactory$$Lambda+0x000001bc8103e238
instanceKlass  @bci com/naqqa/elasticsearch/analysis/lang/c/HindiAnalyzerFactory create (Ljava/util/Map;)Lcom/naqqa/elasticsearch/analysis/Analyzer; 7 <appendix> argL0 ; # com/naqqa/elasticsearch/analysis/lang/c/HindiAnalyzerFactory$$Lambda+0x000001bc8103e000
instanceKlass com/naqqa/elasticsearch/analysis/lang/c/HindiAnalyzerFactory
instanceKlass  @bci com/naqqa/elasticsearch/analysis/lang/a/TurkishAnalyzerFactory create (Ljava/util/Map;)Lcom/naqqa/elasticsearch/analysis/Analyzer; 116 <appendix> argL0 ; # com/naqqa/elasticsearch/analysis/lang/a/TurkishAnalyzerFactory$$Lambda+0x000001bc8103b650
instanceKlass  @bci com/naqqa/elasticsearch/analysis/lang/a/TurkishAnalyzerFactory create (Ljava/util/Map;)Lcom/naqqa/elasticsearch/analysis/Analyzer; 102 <appendix> argL0 ; # com/naqqa/elasticsearch/analysis/lang/a/TurkishAnalyzerFactory$$Lambda+0x000001bc8103b418
instanceKlass  @bci com/naqqa/elasticsearch/analysis/lang/a/TurkishAnalyzerFactory create (Ljava/util/Map;)Lcom/naqqa/elasticsearch/analysis/Analyzer; 58 <appendix> member <vmtarget> ; # com/naqqa/elasticsearch/analysis/lang/a/TurkishAnalyzerFactory$$Lambda+0x000001bc8103b1d8
instanceKlass  @bci com/naqqa/elasticsearch/analysis/lang/a/TurkishAnalyzerFactory create (Ljava/util/Map;)Lcom/naqqa/elasticsearch/analysis/Analyzer; 40 <appendix> argL0 ; # com/naqqa/elasticsearch/analysis/lang/a/TurkishAnalyzerFactory$$Lambda+0x000001bc8103afa0
instanceKlass  @bci com/naqqa/elasticsearch/analysis/lang/a/TurkishAnalyzerFactory create (Ljava/util/Map;)Lcom/naqqa/elasticsearch/analysis/Analyzer; 22 <appendix> argL0 ; # com/naqqa/elasticsearch/analysis/lang/a/TurkishAnalyzerFactory$$Lambda+0x000001bc8103ad68
instanceKlass com/naqqa/elasticsearch/analysis/lang/a/TurkishAnalyzerFactory
instanceKlass  @bci com/naqqa/elasticsearch/analysis/lang/a/IrishAnalyzerFactory create (Ljava/util/Map;)Lcom/naqqa/elasticsearch/analysis/Analyzer; 152 <appendix> argL0 ; # com/naqqa/elasticsearch/analysis/lang/a/IrishAnalyzerFactory$$Lambda+0x000001bc8103a710
instanceKlass  @bci com/naqqa/elasticsearch/analysis/lang/a/IrishAnalyzerFactory create (Ljava/util/Map;)Lcom/naqqa/elasticsearch/analysis/Analyzer; 138 <appendix> argL0 ; # com/naqqa/elasticsearch/analysis/lang/a/IrishAnalyzerFactory$$Lambda+0x000001bc8103a4d8
instanceKlass  @bci com/naqqa/elasticsearch/analysis/lang/a/IrishAnalyzerFactory create (Ljava/util/Map;)Lcom/naqqa/elasticsearch/analysis/Analyzer; 92 <appendix> member <vmtarget> ; # com/naqqa/elasticsearch/analysis/lang/a/IrishAnalyzerFactory$$Lambda+0x000001bc8103a298
instanceKlass  @bci com/naqqa/elasticsearch/analysis/lang/a/IrishAnalyzerFactory create (Ljava/util/Map;)Lcom/naqqa/elasticsearch/analysis/Analyzer; 73 <appendix> argL0 ; # com/naqqa/elasticsearch/analysis/lang/a/IrishAnalyzerFactory$$Lambda+0x000001bc8103a060
instanceKlass  @bci com/naqqa/elasticsearch/analysis/lang/a/IrishAnalyzerFactory create (Ljava/util/Map;)Lcom/naqqa/elasticsearch/analysis/Analyzer; 54 <appendix> member <vmtarget> ; # com/naqqa/elasticsearch/analysis/lang/a/IrishAnalyzerFactory$$Lambda+0x000001bc81039be0
instanceKlass  @bci com/naqqa/elasticsearch/analysis/lang/a/IrishAnalyzerFactory create (Ljava/util/Map;)Lcom/naqqa/elasticsearch/analysis/Analyzer; 34 <appendix> argL0 ; # com/naqqa/elasticsearch/analysis/lang/a/IrishAnalyzerFactory$$Lambda+0x000001bc810399a8
instanceKlass com/naqqa/elasticsearch/analysis/lang/a/IrishAnalyzerFactory
instanceKlass  @bci com/naqqa/elasticsearch/analysis/lang/a/IndonesianAnalyzerFactory create (Ljava/util/Map;)Lcom/naqqa/elasticsearch/analysis/Analyzer; 115 <appendix> argL0 ; # com/naqqa/elasticsearch/analysis/lang/a/IndonesianAnalyzerFactory$$Lambda+0x000001bc81039590
instanceKlass  @bci com/naqqa/elasticsearch/analysis/lang/a/IndonesianAnalyzerFactory create (Ljava/util/Map;)Lcom/naqqa/elasticsearch/analysis/Analyzer; 101 <appendix> member <vmtarget> ; # com/naqqa/elasticsearch/analysis/lang/a/IndonesianAnalyzerFactory$$Lambda+0x000001bc81039358
instanceKlass  @cpi java/time/temporal/TemporalAdjusters 209 form vmentry <vmtarget> ; # java/lang/invoke/LambdaForm$DMH+0x000001bc8103c000
instanceKlass  @bci com/naqqa/elasticsearch/analysis/lang/a/IndonesianAnalyzerFactory create (Ljava/util/Map;)Lcom/naqqa/elasticsearch/analysis/Analyzer; 54 <appendix> member <vmtarget> ; # com/naqqa/elasticsearch/analysis/lang/a/IndonesianAnalyzerFactory$$Lambda+0x000001bc81039118
instanceKlass  @bci com/naqqa/elasticsearch/analysis/lang/a/IndonesianAnalyzerFactory create (Ljava/util/Map;)Lcom/naqqa/elasticsearch/analysis/Analyzer; 35 <appendix> argL0 ; # com/naqqa/elasticsearch/analysis/lang/a/IndonesianAnalyzerFactory$$Lambda+0x000001bc81038ee0
instanceKlass com/naqqa/elasticsearch/analysis/lang/a/IndonesianAnalyzerFactory
instanceKlass  @bci com/naqqa/elasticsearch/analysis/lang/a/HungarianAnalyzerFactory create (Ljava/util/Map;)Lcom/naqqa/elasticsearch/analysis/Analyzer; 98 <appendix> argL0 ; # com/naqqa/elasticsearch/analysis/lang/a/HungarianAnalyzerFactory$$Lambda+0x000001bc81038ac8
instanceKlass  @bci com/naqqa/elasticsearch/analysis/lang/a/HungarianAnalyzerFactory create (Ljava/util/Map;)Lcom/naqqa/elasticsearch/analysis/Analyzer; 84 <appendix> argL0 ; # com/naqqa/elasticsearch/analysis/lang/a/HungarianAnalyzerFactory$$Lambda+0x000001bc81038890
instanceKlass  @bci com/naqqa/elasticsearch/analysis/lang/a/HungarianAnalyzerFactory create (Ljava/util/Map;)Lcom/naqqa/elasticsearch/analysis/Analyzer; 40 <appendix> member <vmtarget> ; # com/naqqa/elasticsearch/analysis/lang/a/HungarianAnalyzerFactory$$Lambda+0x000001bc81038650
instanceKlass  @bci com/naqqa/elasticsearch/analysis/lang/a/HungarianAnalyzerFactory create (Ljava/util/Map;)Lcom/naqqa/elasticsearch/analysis/Analyzer; 22 <appendix> argL0 ; # com/naqqa/elasticsearch/analysis/lang/a/HungarianAnalyzerFactory$$Lambda+0x000001bc81038418
instanceKlass com/naqqa/elasticsearch/analysis/lang/a/HungarianAnalyzerFactory
instanceKlass  @bci com/naqqa/elasticsearch/analysis/lang/a/CatalanAnalyzerFactory create (Ljava/util/Map;)Lcom/naqqa/elasticsearch/analysis/Analyzer; 134 <appendix> argL0 ; # com/naqqa/elasticsearch/analysis/lang/a/CatalanAnalyzerFactory$$Lambda+0x000001bc81038000
instanceKlass  @bci com/naqqa/elasticsearch/analysis/lang/a/CatalanAnalyzerFactory create (Ljava/util/Map;)Lcom/naqqa/elasticsearch/analysis/Analyzer; 120 <appendix> argL0 ; # com/naqqa/elasticsearch/analysis/lang/a/CatalanAnalyzerFactory$$Lambda+0x000001bc81030400
instanceKlass  @bci com/naqqa/elasticsearch/analysis/lang/a/CatalanAnalyzerFactory create (Ljava/util/Map;)Lcom/naqqa/elasticsearch/analysis/Analyzer; 74 <appendix> member <vmtarget> ; # com/naqqa/elasticsearch/analysis/lang/a/CatalanAnalyzerFactory$$Lambda+0x000001bc81030c78
instanceKlass  @bci com/naqqa/elasticsearch/analysis/lang/a/CatalanAnalyzerFactory create (Ljava/util/Map;)Lcom/naqqa/elasticsearch/analysis/Analyzer; 55 <appendix> argL0 ; # com/naqqa/elasticsearch/analysis/lang/a/CatalanAnalyzerFactory$$Lambda+0x000001bc81030a40
instanceKlass  @bci com/naqqa/elasticsearch/analysis/lang/a/CatalanAnalyzerFactory create (Ljava/util/Map;)Lcom/naqqa/elasticsearch/analysis/Analyzer; 36 <appendix> member <vmtarget> ; # com/naqqa/elasticsearch/analysis/lang/a/CatalanAnalyzerFactory$$Lambda+0x000001bc81030800
instanceKlass com/naqqa/elasticsearch/analysis/lang/a/CatalanAnalyzerFactory
instanceKlass  @bci com/naqqa/elasticsearch/analysis/lang/a/BasqueAnalyzerFactory create (Ljava/util/Map;)Lcom/naqqa/elasticsearch/analysis/Analyzer; 98 <appendix> argL0 ; # com/naqqa/elasticsearch/analysis/lang/a/BasqueAnalyzerFactory$$Lambda+0x000001bc81031ac8
instanceKlass  @bci com/naqqa/elasticsearch/analysis/lang/a/BasqueAnalyzerFactory create (Ljava/util/Map;)Lcom/naqqa/elasticsearch/analysis/Analyzer; 84 <appendix> argL0 ; # com/naqqa/elasticsearch/analysis/lang/a/BasqueAnalyzerFactory$$Lambda+0x000001bc81031890
instanceKlass  @bci com/naqqa/elasticsearch/analysis/lang/a/BasqueAnalyzerFactory create (Ljava/util/Map;)Lcom/naqqa/elasticsearch/analysis/Analyzer; 40 <appendix> member <vmtarget> ; # com/naqqa/elasticsearch/analysis/lang/a/BasqueAnalyzerFactory$$Lambda+0x000001bc81031650
instanceKlass  @bci com/naqqa/elasticsearch/analysis/lang/a/BasqueAnalyzerFactory create (Ljava/util/Map;)Lcom/naqqa/elasticsearch/analysis/Analyzer; 22 <appendix> argL0 ; # com/naqqa/elasticsearch/analysis/lang/a/BasqueAnalyzerFactory$$Lambda+0x000001bc81031418
instanceKlass com/naqqa/elasticsearch/analysis/lang/a/BasqueAnalyzerFactory
instanceKlass  @bci com/naqqa/elasticsearch/analysis/lang/a/ArmenianAnalyzerFactory create (Ljava/util/Map;)Lcom/naqqa/elasticsearch/analysis/Analyzer; 98 <appendix> argL0 ; # com/naqqa/elasticsearch/analysis/lang/a/ArmenianAnalyzerFactory$$Lambda+0x000001bc81031000
instanceKlass  @bci com/naqqa/elasticsearch/analysis/lang/a/ArmenianAnalyzerFactory create (Ljava/util/Map;)Lcom/naqqa/elasticsearch/analysis/Analyzer; 84 <appendix> argL0 ; # com/naqqa/elasticsearch/analysis/lang/a/ArmenianAnalyzerFactory$$Lambda+0x000001bc81033c28
instanceKlass  @bci com/naqqa/elasticsearch/analysis/lang/a/ArmenianAnalyzerFactory create (Ljava/util/Map;)Lcom/naqqa/elasticsearch/analysis/Analyzer; 40 <appendix> member <vmtarget> ; # com/naqqa/elasticsearch/analysis/lang/a/ArmenianAnalyzerFactory$$Lambda+0x000001bc810339e8
instanceKlass  @bci com/naqqa/elasticsearch/analysis/lang/a/ArmenianAnalyzerFactory create (Ljava/util/Map;)Lcom/naqqa/elasticsearch/analysis/Analyzer; 22 <appendix> argL0 ; # com/naqqa/elasticsearch/analysis/lang/a/ArmenianAnalyzerFactory$$Lambda+0x000001bc810337b0
instanceKlass com/naqqa/elasticsearch/analysis/lang/a/ArmenianAnalyzerFactory
instanceKlass com/naqqa/elasticsearch/analysis/lang/a/LangAnalyzerSupport$1
instanceKlass  @bci com/naqqa/elasticsearch/analysis/lang/a/ArabicAnalyzerFactory create (Ljava/util/Map;)Lcom/naqqa/elasticsearch/analysis/Analyzer; 134 <appendix> argL0 ; # com/naqqa/elasticsearch/analysis/lang/a/ArabicAnalyzerFactory$$Lambda+0x000001bc81033160
instanceKlass  @bci com/naqqa/elasticsearch/analysis/lang/a/ArabicAnalyzerFactory create (Ljava/util/Map;)Lcom/naqqa/elasticsearch/analysis/Analyzer; 120 <appendix> argL0 ; # com/naqqa/elasticsearch/analysis/lang/a/ArabicAnalyzerFactory$$Lambda+0x000001bc81032f28
instanceKlass  @bci com/naqqa/elasticsearch/analysis/lang/a/ArabicAnalyzerFactory create (Ljava/util/Map;)Lcom/naqqa/elasticsearch/analysis/Analyzer; 76 <appendix> argL0 ; # com/naqqa/elasticsearch/analysis/lang/a/ArabicAnalyzerFactory$$Lambda+0x000001bc81032cf0
instanceKlass  @bci com/naqqa/elasticsearch/analysis/lang/a/ArabicAnalyzerFactory create (Ljava/util/Map;)Lcom/naqqa/elasticsearch/analysis/Analyzer; 58 <appendix> member <vmtarget> ; # com/naqqa/elasticsearch/analysis/lang/a/ArabicAnalyzerFactory$$Lambda+0x000001bc81032ab0
instanceKlass  @bci com/naqqa/elasticsearch/analysis/lang/a/ArabicAnalyzerFactory create (Ljava/util/Map;)Lcom/naqqa/elasticsearch/analysis/Analyzer; 40 <appendix> argL0 ; # com/naqqa/elasticsearch/analysis/lang/a/ArabicAnalyzerFactory$$Lambda+0x000001bc81032878
instanceKlass  @bci com/naqqa/elasticsearch/analysis/lang/a/ArabicAnalyzerFactory create (Ljava/util/Map;)Lcom/naqqa/elasticsearch/analysis/Analyzer; 22 <appendix> argL0 ; # com/naqqa/elasticsearch/analysis/lang/a/ArabicAnalyzerFactory$$Lambda+0x000001bc81032400
instanceKlass com/naqqa/elasticsearch/analysis/lang/a/LangAnalyzerSupport
instanceKlass com/naqqa/elasticsearch/analysis/lang/a/ArabicAnalyzerFactory
instanceKlass  @bci com/naqqa/elasticsearch/analysis/lang/b/SerbianAnalyzerFactory create (Ljava/util/Map;)Lcom/naqqa/elasticsearch/analysis/Analyzer; 44 <appendix> argL0 ; # com/naqqa/elasticsearch/analysis/lang/b/SerbianAnalyzerFactory$$Lambda+0x000001bc81037c68
instanceKlass  @bci com/naqqa/elasticsearch/analysis/lang/b/SerbianAnalyzerFactory create (Ljava/util/Map;)Lcom/naqqa/elasticsearch/analysis/Analyzer; 27 <appendix> argL0 ; # com/naqqa/elasticsearch/analysis/lang/b/SerbianAnalyzerFactory$$Lambda+0x000001bc81037a30
instanceKlass  @bci com/naqqa/elasticsearch/analysis/lang/b/SerbianAnalyzerFactory create (Ljava/util/Map;)Lcom/naqqa/elasticsearch/analysis/Analyzer; 8 <appendix> argL0 ; # com/naqqa/elasticsearch/analysis/lang/b/SerbianAnalyzerFactory$$Lambda+0x000001bc810377f8
instanceKlass com/naqqa/elasticsearch/analysis/lang/b/SerbianAnalyzerFactory
instanceKlass  @bci com/naqqa/elasticsearch/analysis/lang/b/LithuanianAnalyzerFactory create (Ljava/util/Map;)Lcom/naqqa/elasticsearch/analysis/Analyzer; 27 <appendix> argL0 ; # com/naqqa/elasticsearch/analysis/lang/b/LithuanianAnalyzerFactory$$Lambda+0x000001bc81037180
instanceKlass  @bci com/naqqa/elasticsearch/analysis/lang/b/LithuanianAnalyzerFactory create (Ljava/util/Map;)Lcom/naqqa/elasticsearch/analysis/Analyzer; 8 <appendix> argL0 ; # com/naqqa/elasticsearch/analysis/lang/b/LithuanianAnalyzerFactory$$Lambda+0x000001bc81036f48
instanceKlass com/naqqa/elasticsearch/analysis/lang/b/LithuanianAnalyzerFactory
instanceKlass  @bci com/naqqa/elasticsearch/analysis/lang/b/LatvianAnalyzerFactory create (Ljava/util/Map;)Lcom/naqqa/elasticsearch/analysis/Analyzer; 27 <appendix> argL0 ; # com/naqqa/elasticsearch/analysis/lang/b/LatvianAnalyzerFactory$$Lambda+0x000001bc81036b10
instanceKlass  @bci com/naqqa/elasticsearch/analysis/lang/b/LatvianAnalyzerFactory create (Ljava/util/Map;)Lcom/naqqa/elasticsearch/analysis/Analyzer; 8 <appendix> argL0 ; # com/naqqa/elasticsearch/analysis/lang/b/LatvianAnalyzerFactory$$Lambda+0x000001bc810368d8
instanceKlass com/naqqa/elasticsearch/analysis/lang/b/LatvianAnalyzerFactory
instanceKlass  @bci com/naqqa/elasticsearch/analysis/lang/b/GreekAnalyzerFactory create (Ljava/util/Map;)Lcom/naqqa/elasticsearch/analysis/Analyzer; 27 <appendix> argL0 ; # com/naqqa/elasticsearch/analysis/lang/b/GreekAnalyzerFactory$$Lambda+0x000001bc810364a0
instanceKlass  @bci com/naqqa/elasticsearch/analysis/lang/b/GreekAnalyzerFactory create (Ljava/util/Map;)Lcom/naqqa/elasticsearch/analysis/Analyzer; 8 <appendix> argL0 ; # com/naqqa/elasticsearch/analysis/lang/b/GreekAnalyzerFactory$$Lambda+0x000001bc81036268
instanceKlass com/naqqa/elasticsearch/analysis/lang/b/GreekAnalyzerFactory
instanceKlass  @bci com/naqqa/elasticsearch/analysis/lang/b/GalicianAnalyzerFactory create (Ljava/util/Map;)Lcom/naqqa/elasticsearch/analysis/Analyzer; 27 <appendix> argL0 ; # com/naqqa/elasticsearch/analysis/lang/b/GalicianAnalyzerFactory$$Lambda+0x000001bc81035bf0
instanceKlass  @bci com/naqqa/elasticsearch/analysis/lang/b/GalicianAnalyzerFactory create (Ljava/util/Map;)Lcom/naqqa/elasticsearch/analysis/Analyzer; 8 <appendix> argL0 ; # com/naqqa/elasticsearch/analysis/lang/b/GalicianAnalyzerFactory$$Lambda+0x000001bc810359b8
instanceKlass com/naqqa/elasticsearch/analysis/lang/b/GalicianAnalyzerFactory
instanceKlass  @bci com/naqqa/elasticsearch/analysis/lang/b/EstonianAnalyzerFactory create (Ljava/util/Map;)Lcom/naqqa/elasticsearch/analysis/Analyzer; 27 <appendix> argL0 ; # com/naqqa/elasticsearch/analysis/lang/b/EstonianAnalyzerFactory$$Lambda+0x000001bc81035580
instanceKlass  @bci com/naqqa/elasticsearch/analysis/lang/b/EstonianAnalyzerFactory create (Ljava/util/Map;)Lcom/naqqa/elasticsearch/analysis/Analyzer; 8 <appendix> argL0 ; # com/naqqa/elasticsearch/analysis/lang/b/EstonianAnalyzerFactory$$Lambda+0x000001bc81035348
instanceKlass com/naqqa/elasticsearch/analysis/lang/b/EstonianAnalyzerFactory
instanceKlass  @bci com/naqqa/elasticsearch/analysis/lang/b/CzechAnalyzerFactory create (Ljava/util/Map;)Lcom/naqqa/elasticsearch/analysis/Analyzer; 27 <appendix> argL0 ; # com/naqqa/elasticsearch/analysis/lang/b/CzechAnalyzerFactory$$Lambda+0x000001bc81034f10
instanceKlass  @bci com/naqqa/elasticsearch/analysis/lang/b/CzechAnalyzerFactory create (Ljava/util/Map;)Lcom/naqqa/elasticsearch/analysis/Analyzer; 8 <appendix> argL0 ; # com/naqqa/elasticsearch/analysis/lang/b/CzechAnalyzerFactory$$Lambda+0x000001bc81034cd8
instanceKlass com/naqqa/elasticsearch/analysis/lang/b/CzechAnalyzerFactory
instanceKlass  @bci com/naqqa/elasticsearch/analysis/lang/b/BulgarianAnalyzerFactory create (Ljava/util/Map;)Lcom/naqqa/elasticsearch/analysis/Analyzer; 27 <appendix> argL0 ; # com/naqqa/elasticsearch/analysis/lang/b/BulgarianAnalyzerFactory$$Lambda+0x000001bc810348a0
instanceKlass  @bci com/naqqa/elasticsearch/analysis/lang/b/BulgarianAnalyzerFactory create (Ljava/util/Map;)Lcom/naqqa/elasticsearch/analysis/Analyzer; 8 <appendix> argL0 ; # com/naqqa/elasticsearch/analysis/lang/b/BulgarianAnalyzerFactory$$Lambda+0x000001bc81034668
instanceKlass com/naqqa/elasticsearch/analysis/lang/b/BulgarianAnalyzerFactory
instanceKlass com/naqqa/elasticsearch/analysis/lang/b/LangAnalyzerSupport$1
instanceKlass  @bci com/naqqa/elasticsearch/analysis/lang/b/BrazilianAnalyzerFactory create (Ljava/util/Map;)Lcom/naqqa/elasticsearch/analysis/Analyzer; 27 <appendix> argL0 ; # com/naqqa/elasticsearch/analysis/lang/b/BrazilianAnalyzerFactory$$Lambda+0x000001bc81034000
instanceKlass  @bci com/naqqa/elasticsearch/analysis/lang/b/LangAnalyzerSupport baseChain (Lcom/naqqa/elasticsearch/analysis/TokenFilterFactory;Ljava/util/List;Ljava/util/List;)Ljava/util/List; 20 <appendix> member <vmtarget> ; # com/naqqa/elasticsearch/analysis/lang/b/LangAnalyzerSupport$$Lambda+0x000001bc8102fd40
instanceKlass com/naqqa/elasticsearch/analysis/stop/StopwordLists
instanceKlass  @bci com/naqqa/elasticsearch/analysis/lang/b/BrazilianAnalyzerFactory create (Ljava/util/Map;)Lcom/naqqa/elasticsearch/analysis/Analyzer; 8 <appendix> argL0 ; # com/naqqa/elasticsearch/analysis/lang/b/BrazilianAnalyzerFactory$$Lambda+0x000001bc8102f908
instanceKlass com/naqqa/elasticsearch/analysis/lang/b/LangAnalyzerSupport
instanceKlass com/naqqa/elasticsearch/analysis/lang/b/BrazilianAnalyzerFactory
instanceKlass  @bci com/naqqa/elasticsearch/analysis/registry/BuiltinAnalyzers cjk ()Lcom/naqqa/elasticsearch/analysis/Analyzer; 53 <appendix> argL0 ; # com/naqqa/elasticsearch/analysis/registry/BuiltinAnalyzers$$Lambda+0x000001bc8102f0b0
instanceKlass  @bci com/naqqa/elasticsearch/analysis/registry/BuiltinAnalyzers cjk ()Lcom/naqqa/elasticsearch/analysis/Analyzer; 34 <appendix> argL0 ; # com/naqqa/elasticsearch/analysis/registry/BuiltinAnalyzers$$Lambda+0x000001bc8102ee78
instanceKlass  @bci com/naqqa/elasticsearch/analysis/registry/BuiltinAnalyzers cjk ()Lcom/naqqa/elasticsearch/analysis/Analyzer; 24 <appendix> argL0 ; # com/naqqa/elasticsearch/analysis/registry/BuiltinAnalyzers$$Lambda+0x000001bc8102ec40
instanceKlass  @bci com/naqqa/elasticsearch/analysis/registry/BuiltinAnalyzers cjk ()Lcom/naqqa/elasticsearch/analysis/Analyzer; 14 <appendix> argL0 ; # com/naqqa/elasticsearch/analysis/registry/BuiltinAnalyzers$$Lambda+0x000001bc8102ea08
instanceKlass  @bci java/util/logging/LogRecord$CallerFinder <clinit> ()V 0 <bsm> form vmentry <vmtarget> ; # java/lang/invoke/LambdaForm$DMH+0x000001bc81030000
instanceKlass java/lang/invoke/MethodHandle$1
instanceKlass  @bci com/naqqa/elasticsearch/analysis/registry/BuiltinAnalyzers cjk ()Lcom/naqqa/elasticsearch/analysis/Analyzer; 3 <appendix> argL0 ; # com/naqqa/elasticsearch/analysis/registry/BuiltinAnalyzers$$Lambda+0x000001bc8102e7d0
instanceKlass com/naqqa/elasticsearch/analysis/stem/snowball/FinnishSnowballStemmer
instanceKlass  @bci com/naqqa/elasticsearch/analysis/registry/BuiltinAnalyzers lambda$build$38 ()Lcom/naqqa/elasticsearch/analysis/Analyzer; 3 <appendix> argL0 ; # com/naqqa/elasticsearch/analysis/registry/BuiltinAnalyzers$$Lambda+0x000001bc8102e390
instanceKlass com/naqqa/elasticsearch/analysis/stem/snowball/NorwegianSnowballStemmer
instanceKlass  @bci com/naqqa/elasticsearch/analysis/registry/BuiltinAnalyzers lambda$build$36 ()Lcom/naqqa/elasticsearch/analysis/Analyzer; 3 <appendix> argL0 ; # com/naqqa/elasticsearch/analysis/registry/BuiltinAnalyzers$$Lambda+0x000001bc8102df50
instanceKlass com/naqqa/elasticsearch/analysis/stem/snowball/DanishSnowballStemmer
instanceKlass  @bci com/naqqa/elasticsearch/analysis/registry/BuiltinAnalyzers lambda$build$34 ()Lcom/naqqa/elasticsearch/analysis/Analyzer; 3 <appendix> argL0 ; # com/naqqa/elasticsearch/analysis/registry/BuiltinAnalyzers$$Lambda+0x000001bc8102db10
instanceKlass com/naqqa/elasticsearch/analysis/stem/snowball/SwedishSnowballStemmer
instanceKlass  @bci com/naqqa/elasticsearch/analysis/registry/BuiltinAnalyzers lambda$build$32 ()Lcom/naqqa/elasticsearch/analysis/Analyzer; 3 <appendix> argL0 ; # com/naqqa/elasticsearch/analysis/registry/BuiltinAnalyzers$$Lambda+0x000001bc8102d6d0
instanceKlass com/naqqa/elasticsearch/analysis/stem/snowball/RussianSnowballStemmer
instanceKlass  @bci com/naqqa/elasticsearch/analysis/registry/BuiltinAnalyzers lambda$build$30 ()Lcom/naqqa/elasticsearch/analysis/Analyzer; 3 <appendix> argL0 ; # com/naqqa/elasticsearch/analysis/registry/BuiltinAnalyzers$$Lambda+0x000001bc8102d290
instanceKlass com/naqqa/elasticsearch/analysis/stem/snowball/SnowballSupport$Among
instanceKlass com/naqqa/elasticsearch/analysis/stem/snowball/SnowballSupport
instanceKlass  @bci com/naqqa/elasticsearch/analysis/registry/BuiltinAnalyzers lambda$build$28 ()Lcom/naqqa/elasticsearch/analysis/Analyzer; 3 <appendix> argL0 ; # com/naqqa/elasticsearch/analysis/registry/BuiltinAnalyzers$$Lambda+0x000001bc8102ca00
instanceKlass  @bci com/naqqa/elasticsearch/analysis/registry/BuiltinAnalyzers lambda$build$26 ()Lcom/naqqa/elasticsearch/analysis/Analyzer; 3 <appendix> argL0 ; # com/naqqa/elasticsearch/analysis/registry/BuiltinAnalyzers$$Lambda+0x000001bc8102c7e8
instanceKlass  @bci com/naqqa/elasticsearch/analysis/registry/BuiltinAnalyzers lambda$build$24 ()Lcom/naqqa/elasticsearch/analysis/Analyzer; 3 <appendix> argL0 ; # com/naqqa/elasticsearch/analysis/registry/BuiltinAnalyzers$$Lambda+0x000001bc8102c5d0
instanceKlass  @bci com/naqqa/elasticsearch/analysis/registry/BuiltinAnalyzers lambda$build$22 ()Lcom/naqqa/elasticsearch/analysis/Analyzer; 3 <appendix> argL0 ; # com/naqqa/elasticsearch/analysis/registry/BuiltinAnalyzers$$Lambda+0x000001bc8102c3b8
instanceKlass  @bci com/naqqa/elasticsearch/analysis/registry/BuiltinAnalyzers lambda$build$20 ()Lcom/naqqa/elasticsearch/analysis/Analyzer; 3 <appendix> argL0 ; # com/naqqa/elasticsearch/analysis/registry/BuiltinAnalyzers$$Lambda+0x000001bc8102c1a0
instanceKlass  @bci com/naqqa/elasticsearch/analysis/registry/BuiltinAnalyzers lambda$build$18 ()Lcom/naqqa/elasticsearch/analysis/Analyzer; 3 <appendix> argL0 ; # com/naqqa/elasticsearch/analysis/registry/BuiltinAnalyzers$$Lambda+0x000001bc8102bf88
instanceKlass  @bci com/naqqa/elasticsearch/analysis/registry/BuiltinAnalyzers language (Ljava/lang/String;Ljava/util/function/Supplier;Ljava/util/function/Supplier;Ljava/util/List;)Lcom/naqqa/elasticsearch/analysis/Analyzer; 36 <appendix> member <vmtarget> ; # com/naqqa/elasticsearch/analysis/registry/BuiltinAnalyzers$$Lambda+0x000001bc8102bd48
instanceKlass  @bci com/naqqa/elasticsearch/analysis/stem/light/CharArrayStemmer <clinit> ()V 0 <appendix> argL0 ; # com/naqqa/elasticsearch/analysis/stem/light/CharArrayStemmer$$Lambda+0x000001bc8102bb30
instanceKlass  @bci com/naqqa/elasticsearch/analysis/registry/BuiltinAnalyzers lambda$build$16 ()Lcom/naqqa/elasticsearch/analysis/Analyzer; 3 <appendix> argL0 ; # com/naqqa/elasticsearch/analysis/registry/BuiltinAnalyzers$$Lambda+0x000001bc8102b918
instanceKlass  @bci com/naqqa/elasticsearch/analysis/registry/BuiltinAnalyzers language (Ljava/lang/String;Ljava/util/function/Supplier;Ljava/util/function/Supplier;Ljava/util/List;)Lcom/naqqa/elasticsearch/analysis/Analyzer; 137 <appendix> argL0 ; # com/naqqa/elasticsearch/analysis/registry/BuiltinAnalyzers$$Lambda+0x000001bc8102b700
instanceKlass  @bci com/naqqa/elasticsearch/analysis/registry/BuiltinAnalyzers language (Ljava/lang/String;Ljava/util/function/Supplier;Ljava/util/function/Supplier;Ljava/util/List;)Lcom/naqqa/elasticsearch/analysis/Analyzer; 116 <appendix> member <vmtarget> ; # com/naqqa/elasticsearch/analysis/registry/BuiltinAnalyzers$$Lambda+0x000001bc8102b4c0
instanceKlass  @bci com/naqqa/elasticsearch/analysis/registry/BuiltinAnalyzers language (Ljava/lang/String;Ljava/util/function/Supplier;Ljava/util/function/Supplier;Ljava/util/List;)Lcom/naqqa/elasticsearch/analysis/Analyzer; 97 <appendix> member <vmtarget> ; # com/naqqa/elasticsearch/analysis/registry/BuiltinAnalyzers$$Lambda+0x000001bc8102b280
instanceKlass  @bci com/naqqa/elasticsearch/analysis/registry/BuiltinAnalyzers language (Ljava/lang/String;Ljava/util/function/Supplier;Ljava/util/function/Supplier;Ljava/util/List;)Lcom/naqqa/elasticsearch/analysis/Analyzer; 78 <appendix> argL0 ; # com/naqqa/elasticsearch/analysis/registry/BuiltinAnalyzers$$Lambda+0x000001bc8102b048
instanceKlass  @bci com/naqqa/elasticsearch/analysis/registry/BuiltinAnalyzers language (Ljava/lang/String;Ljava/util/function/Supplier;Ljava/util/function/Supplier;Ljava/util/List;)Lcom/naqqa/elasticsearch/analysis/Analyzer; 59 <appendix> member <vmtarget> ; # com/naqqa/elasticsearch/analysis/registry/BuiltinAnalyzers$$Lambda+0x000001bc8102ae08
instanceKlass com/naqqa/elasticsearch/analysis/stem/english/EnglishStemmer
instanceKlass com/naqqa/elasticsearch/analysis/stem/light/CharArrayStemmer
instanceKlass com/naqqa/elasticsearch/analysis/stem/Stemmers
instanceKlass  @bci com/naqqa/elasticsearch/analysis/registry/BuiltinAnalyzers lambda$build$14 ()Lcom/naqqa/elasticsearch/analysis/Analyzer; 8 <appendix> argL0 ; # com/naqqa/elasticsearch/analysis/registry/BuiltinAnalyzers$$Lambda+0x000001bc81028440
instanceKlass com/naqqa/elasticsearch/analysis/stem/english/EnglishPossessiveStemmer
instanceKlass  @bci com/naqqa/elasticsearch/analysis/registry/BuiltinAnalyzers lambda$build$14 ()Lcom/naqqa/elasticsearch/analysis/Analyzer; 3 <appendix> argL0 ; # com/naqqa/elasticsearch/analysis/registry/BuiltinAnalyzers$$Lambda+0x000001bc81028000
instanceKlass com/naqqa/elasticsearch/analysis/stem/Stemmer
instanceKlass  @bci com/naqqa/elasticsearch/analysis/registry/BuiltinAnalyzers lambda$build$12 ()Lcom/naqqa/elasticsearch/analysis/Analyzer; 18 <appendix> argL0 ; # com/naqqa/elasticsearch/analysis/registry/BuiltinAnalyzers$$Lambda+0x000001bc81027b80
instanceKlass  @bci com/naqqa/elasticsearch/analysis/registry/BuiltinAnalyzers lambda$build$12 ()Lcom/naqqa/elasticsearch/analysis/Analyzer; 8 <appendix> argL0 ; # com/naqqa/elasticsearch/analysis/registry/BuiltinAnalyzers$$Lambda+0x000001bc81027948
instanceKlass  @bci com/naqqa/elasticsearch/analysis/registry/BuiltinAnalyzers lambda$build$12 ()Lcom/naqqa/elasticsearch/analysis/Analyzer; 0 <appendix> argL0 ; # com/naqqa/elasticsearch/analysis/registry/BuiltinAnalyzers$$Lambda+0x000001bc81027730
instanceKlass  @bci com/naqqa/elasticsearch/analysis/registry/BuiltinAnalyzers lambda$build$9 ()Lcom/naqqa/elasticsearch/analysis/Analyzer; 8 <appendix> argL0 ; # com/naqqa/elasticsearch/analysis/registry/BuiltinAnalyzers$$Lambda+0x000001bc810274f8
instanceKlass  @bci com/naqqa/elasticsearch/analysis/registry/BuiltinAnalyzers lambda$build$9 ()Lcom/naqqa/elasticsearch/analysis/Analyzer; 0 <appendix> argL0 ; # com/naqqa/elasticsearch/analysis/registry/BuiltinAnalyzers$$Lambda+0x000001bc810272e0
instanceKlass  @bci com/naqqa/elasticsearch/analysis/registry/BuiltinAnalyzers lambda$build$6 ()Lcom/naqqa/elasticsearch/analysis/Analyzer; 0 <appendix> argL0 ; # com/naqqa/elasticsearch/analysis/registry/BuiltinAnalyzers$$Lambda+0x000001bc810270c8
instanceKlass  @bci com/naqqa/elasticsearch/analysis/registry/BuiltinAnalyzers lambda$build$5 ()Lcom/naqqa/elasticsearch/analysis/Analyzer; 7 <appendix> argL0 ; # com/naqqa/elasticsearch/analysis/registry/BuiltinAnalyzers$$Lambda+0x000001bc81026c50
instanceKlass  @bci com/naqqa/elasticsearch/analysis/registry/BuiltinAnalyzers lambda$build$5 ()Lcom/naqqa/elasticsearch/analysis/Analyzer; 0 <appendix> argL0 ; # com/naqqa/elasticsearch/analysis/registry/BuiltinAnalyzers$$Lambda+0x000001bc81026a38
instanceKlass  @bci com/naqqa/elasticsearch/analysis/registry/BuiltinAnalyzers lambda$build$3 ()Lcom/naqqa/elasticsearch/analysis/Analyzer; 0 <appendix> argL0 ; # com/naqqa/elasticsearch/analysis/registry/BuiltinAnalyzers$$Lambda+0x000001bc81026820
instanceKlass  @bci com/naqqa/elasticsearch/analysis/registry/BuiltinAnalyzers lambda$build$2 ()Lcom/naqqa/elasticsearch/analysis/Analyzer; 0 <appendix> argL0 ; # com/naqqa/elasticsearch/analysis/registry/BuiltinAnalyzers$$Lambda+0x000001bc81026608
instanceKlass com/naqqa/elasticsearch/analysis/registry/BuiltinAnalyzers$1
instanceKlass com/naqqa/elasticsearch/analysis/TokenFilterFactory$2
instanceKlass com/naqqa/elasticsearch/analysis/TokenFilterFactory$1
instanceKlass com/naqqa/elasticsearch/analysis/TokenFilterFactory
instanceKlass  @bci com/naqqa/elasticsearch/analysis/registry/BuiltinAnalyzers lambda$build$1 ()Lcom/naqqa/elasticsearch/analysis/Analyzer; 8 <appendix> argL0 ; # com/naqqa/elasticsearch/analysis/registry/BuiltinAnalyzers$$Lambda+0x000001bc81024f90
instanceKlass  @bci com/naqqa/elasticsearch/analysis/registry/BuiltinAnalyzers lambda$build$1 ()Lcom/naqqa/elasticsearch/analysis/Analyzer; 0 <appendix> argL0 ; # com/naqqa/elasticsearch/analysis/registry/BuiltinAnalyzers$$Lambda+0x000001bc81024d78
instanceKlass  @bci com/naqqa/elasticsearch/analysis/registry/BuiltinAnalyzers build ()Ljava/util/Map; 599 <appendix> argL0 ; # com/naqqa/elasticsearch/analysis/registry/BuiltinAnalyzers$$Lambda+0x000001bc81024b60
instanceKlass  @bci com/naqqa/elasticsearch/analysis/registry/BuiltinAnalyzers build ()Ljava/util/Map; 585 <appendix> argL0 ; # com/naqqa/elasticsearch/analysis/registry/BuiltinAnalyzers$$Lambda+0x000001bc81024948
instanceKlass  @bci com/naqqa/elasticsearch/analysis/registry/BuiltinAnalyzers build ()Ljava/util/Map; 571 <appendix> argL0 ; # com/naqqa/elasticsearch/analysis/registry/BuiltinAnalyzers$$Lambda+0x000001bc81024730
instanceKlass  @bci com/naqqa/elasticsearch/analysis/registry/BuiltinAnalyzers build ()Ljava/util/Map; 557 <appendix> argL0 ; # com/naqqa/elasticsearch/analysis/registry/BuiltinAnalyzers$$Lambda+0x000001bc81024518
instanceKlass  @bci com/naqqa/elasticsearch/analysis/registry/BuiltinAnalyzers build ()Ljava/util/Map; 543 <appendix> argL0 ; # com/naqqa/elasticsearch/analysis/registry/BuiltinAnalyzers$$Lambda+0x000001bc81024300
instanceKlass  @bci com/naqqa/elasticsearch/analysis/registry/BuiltinAnalyzers build ()Ljava/util/Map; 529 <appendix> argL0 ; # com/naqqa/elasticsearch/analysis/registry/BuiltinAnalyzers$$Lambda+0x000001bc810240e8
instanceKlass  @bci com/naqqa/elasticsearch/analysis/registry/BuiltinAnalyzers build ()Ljava/util/Map; 515 <appendix> argL0 ; # com/naqqa/elasticsearch/analysis/registry/BuiltinAnalyzers$$Lambda+0x000001bc81023ed0
instanceKlass  @bci com/naqqa/elasticsearch/analysis/registry/BuiltinAnalyzers build ()Ljava/util/Map; 501 <appendix> argL0 ; # com/naqqa/elasticsearch/analysis/registry/BuiltinAnalyzers$$Lambda+0x000001bc81023cb8
instanceKlass  @bci com/naqqa/elasticsearch/analysis/registry/BuiltinAnalyzers build ()Ljava/util/Map; 487 <appendix> argL0 ; # com/naqqa/elasticsearch/analysis/registry/BuiltinAnalyzers$$Lambda+0x000001bc81023aa0
instanceKlass  @bci com/naqqa/elasticsearch/analysis/registry/BuiltinAnalyzers build ()Ljava/util/Map; 473 <appendix> argL0 ; # com/naqqa/elasticsearch/analysis/registry/BuiltinAnalyzers$$Lambda+0x000001bc81023888
instanceKlass  @bci com/naqqa/elasticsearch/analysis/registry/BuiltinAnalyzers build ()Ljava/util/Map; 459 <appendix> argL0 ; # com/naqqa/elasticsearch/analysis/registry/BuiltinAnalyzers$$Lambda+0x000001bc81023670
instanceKlass  @bci com/naqqa/elasticsearch/analysis/registry/BuiltinAnalyzers build ()Ljava/util/Map; 445 <appendix> argL0 ; # com/naqqa/elasticsearch/analysis/registry/BuiltinAnalyzers$$Lambda+0x000001bc81023458
instanceKlass  @bci com/naqqa/elasticsearch/analysis/registry/BuiltinAnalyzers build ()Ljava/util/Map; 431 <appendix> argL0 ; # com/naqqa/elasticsearch/analysis/registry/BuiltinAnalyzers$$Lambda+0x000001bc81023240
instanceKlass  @bci com/naqqa/elasticsearch/analysis/registry/BuiltinAnalyzers build ()Ljava/util/Map; 417 <appendix> argL0 ; # com/naqqa/elasticsearch/analysis/registry/BuiltinAnalyzers$$Lambda+0x000001bc81023028
instanceKlass  @bci com/naqqa/elasticsearch/analysis/registry/BuiltinAnalyzers build ()Ljava/util/Map; 403 <appendix> argL0 ; # com/naqqa/elasticsearch/analysis/registry/BuiltinAnalyzers$$Lambda+0x000001bc81022e10
instanceKlass  @bci com/naqqa/elasticsearch/analysis/registry/BuiltinAnalyzers build ()Ljava/util/Map; 389 <appendix> argL0 ; # com/naqqa/elasticsearch/analysis/registry/BuiltinAnalyzers$$Lambda+0x000001bc81022bf8
instanceKlass  @bci com/naqqa/elasticsearch/analysis/registry/BuiltinAnalyzers build ()Ljava/util/Map; 375 <appendix> argL0 ; # com/naqqa/elasticsearch/analysis/registry/BuiltinAnalyzers$$Lambda+0x000001bc810229e0
instanceKlass  @bci com/naqqa/elasticsearch/analysis/registry/BuiltinAnalyzers build ()Ljava/util/Map; 361 <appendix> argL0 ; # com/naqqa/elasticsearch/analysis/registry/BuiltinAnalyzers$$Lambda+0x000001bc810227c8
instanceKlass  @bci com/naqqa/elasticsearch/analysis/registry/BuiltinAnalyzers build ()Ljava/util/Map; 347 <appendix> argL0 ; # com/naqqa/elasticsearch/analysis/registry/BuiltinAnalyzers$$Lambda+0x000001bc810225b0
instanceKlass  @bci com/naqqa/elasticsearch/analysis/registry/BuiltinAnalyzers build ()Ljava/util/Map; 333 <appendix> argL0 ; # com/naqqa/elasticsearch/analysis/registry/BuiltinAnalyzers$$Lambda+0x000001bc81022398
instanceKlass  @bci com/naqqa/elasticsearch/analysis/registry/BuiltinAnalyzers build ()Ljava/util/Map; 319 <appendix> argL0 ; # com/naqqa/elasticsearch/analysis/registry/BuiltinAnalyzers$$Lambda+0x000001bc81022180
instanceKlass  @bci com/naqqa/elasticsearch/analysis/registry/BuiltinAnalyzers build ()Ljava/util/Map; 305 <appendix> argL0 ; # com/naqqa/elasticsearch/analysis/registry/BuiltinAnalyzers$$Lambda+0x000001bc81021f68
instanceKlass  @bci com/naqqa/elasticsearch/analysis/registry/BuiltinAnalyzers build ()Ljava/util/Map; 291 <appendix> argL0 ; # com/naqqa/elasticsearch/analysis/registry/BuiltinAnalyzers$$Lambda+0x000001bc81021d50
instanceKlass  @bci com/naqqa/elasticsearch/analysis/registry/BuiltinAnalyzers build ()Ljava/util/Map; 277 <appendix> argL0 ; # com/naqqa/elasticsearch/analysis/registry/BuiltinAnalyzers$$Lambda+0x000001bc81021b38
instanceKlass  @bci com/naqqa/elasticsearch/analysis/registry/BuiltinAnalyzers build ()Ljava/util/Map; 263 <appendix> argL0 ; # com/naqqa/elasticsearch/analysis/registry/BuiltinAnalyzers$$Lambda+0x000001bc81021920
instanceKlass  @bci com/naqqa/elasticsearch/analysis/registry/BuiltinAnalyzers build ()Ljava/util/Map; 249 <appendix> argL0 ; # com/naqqa/elasticsearch/analysis/registry/BuiltinAnalyzers$$Lambda+0x000001bc81021708
instanceKlass  @bci com/naqqa/elasticsearch/analysis/registry/BuiltinAnalyzers build ()Ljava/util/Map; 235 <appendix> argL0 ; # com/naqqa/elasticsearch/analysis/registry/BuiltinAnalyzers$$Lambda+0x000001bc810214f0
instanceKlass  @bci com/naqqa/elasticsearch/analysis/registry/BuiltinAnalyzers build ()Ljava/util/Map; 221 <appendix> argL0 ; # com/naqqa/elasticsearch/analysis/registry/BuiltinAnalyzers$$Lambda+0x000001bc810212d8
instanceKlass  @bci com/naqqa/elasticsearch/analysis/registry/BuiltinAnalyzers build ()Ljava/util/Map; 207 <appendix> argL0 ; # com/naqqa/elasticsearch/analysis/registry/BuiltinAnalyzers$$Lambda+0x000001bc810210c0
instanceKlass  @bci com/naqqa/elasticsearch/analysis/registry/BuiltinAnalyzers build ()Ljava/util/Map; 193 <appendix> argL0 ; # com/naqqa/elasticsearch/analysis/registry/BuiltinAnalyzers$$Lambda+0x000001bc81020ea8
instanceKlass  @bci com/naqqa/elasticsearch/analysis/registry/BuiltinAnalyzers build ()Ljava/util/Map; 179 <appendix> argL0 ; # com/naqqa/elasticsearch/analysis/registry/BuiltinAnalyzers$$Lambda+0x000001bc81020c90
instanceKlass  @bci com/naqqa/elasticsearch/analysis/registry/BuiltinAnalyzers build ()Ljava/util/Map; 165 <appendix> argL0 ; # com/naqqa/elasticsearch/analysis/registry/BuiltinAnalyzers$$Lambda+0x000001bc81020a78
instanceKlass  @bci com/naqqa/elasticsearch/analysis/registry/BuiltinAnalyzers build ()Ljava/util/Map; 151 <appendix> argL0 ; # com/naqqa/elasticsearch/analysis/registry/BuiltinAnalyzers$$Lambda+0x000001bc81020860
instanceKlass  @bci com/naqqa/elasticsearch/analysis/registry/BuiltinAnalyzers build ()Ljava/util/Map; 137 <appendix> argL0 ; # com/naqqa/elasticsearch/analysis/registry/BuiltinAnalyzers$$Lambda+0x000001bc81020648
instanceKlass  @bci com/naqqa/elasticsearch/analysis/registry/BuiltinAnalyzers build ()Ljava/util/Map; 123 <appendix> argL0 ; # com/naqqa/elasticsearch/analysis/registry/BuiltinAnalyzers$$Lambda+0x000001bc81020430
instanceKlass  @bci com/naqqa/elasticsearch/analysis/registry/BuiltinAnalyzers build ()Ljava/util/Map; 109 <appendix> argL0 ; # com/naqqa/elasticsearch/analysis/registry/BuiltinAnalyzers$$Lambda+0x000001bc81020218
instanceKlass  @bci com/naqqa/elasticsearch/analysis/registry/BuiltinAnalyzers build ()Ljava/util/Map; 95 <appendix> argL0 ; # com/naqqa/elasticsearch/analysis/registry/BuiltinAnalyzers$$Lambda+0x000001bc81020000
instanceKlass  @bci com/naqqa/elasticsearch/analysis/registry/BuiltinAnalyzers build ()Ljava/util/Map; 81 <appendix> argL0 ; # com/naqqa/elasticsearch/analysis/registry/BuiltinAnalyzers$$Lambda+0x000001bc8101ac00
instanceKlass  @bci com/naqqa/elasticsearch/analysis/registry/BuiltinAnalyzers build ()Ljava/util/Map; 67 <appendix> argL0 ; # com/naqqa/elasticsearch/analysis/registry/BuiltinAnalyzers$$Lambda+0x000001bc8101bce0
instanceKlass  @bci com/naqqa/elasticsearch/analysis/registry/BuiltinAnalyzers build ()Ljava/util/Map; 53 <appendix> argL0 ; # com/naqqa/elasticsearch/analysis/registry/BuiltinAnalyzers$$Lambda+0x000001bc8101bac8
instanceKlass  @bci com/naqqa/elasticsearch/analysis/registry/BuiltinAnalyzers build ()Ljava/util/Map; 39 <appendix> argL0 ; # com/naqqa/elasticsearch/analysis/registry/BuiltinAnalyzers$$Lambda+0x000001bc8101b8b0
instanceKlass  @bci com/naqqa/elasticsearch/analysis/registry/BuiltinAnalyzers build ()Ljava/util/Map; 25 <appendix> argL0 ; # com/naqqa/elasticsearch/analysis/registry/BuiltinAnalyzers$$Lambda+0x000001bc8101b698
instanceKlass  @bci com/naqqa/elasticsearch/analysis/registry/BuiltinAnalyzers build ()Ljava/util/Map; 11 <appendix> argL0 ; # com/naqqa/elasticsearch/analysis/registry/BuiltinAnalyzers$$Lambda+0x000001bc8101b480
instanceKlass com/naqqa/elasticsearch/analysis/registry/BuiltinAnalyzers
instanceKlass com/naqqa/elasticsearch/analysis/AnalysisSettings
instanceKlass com/naqqa/elasticsearch/analysis/TokenStream
instanceKlass com/naqqa/elasticsearch/analysis/TokenizerFactory
instanceKlass com/naqqa/elasticsearch/analysis/Analyzer
instanceKlass com/naqqa/elasticsearch/analysis/registry/AnalysisRegistry$Builder
instanceKlass com/naqqa/elasticsearch/analysis/AnalysisContext
instanceKlass com/naqqa/elasticsearch/analysis/registry/AnalysisRegistry
instanceKlass  @bci com/naqqa/elasticsearch/action/search/ShardSearchService <init> (Lcom/naqqa/elasticsearch/transport/TransportService;Ljava/util/function/Function;)V 91 <appendix> member <vmtarget> ; # com/naqqa/elasticsearch/action/search/ShardSearchService$$Lambda+0x000001bc8101d390
instanceKlass  @bci com/naqqa/elasticsearch/action/search/ShardSearchService <init> (Lcom/naqqa/elasticsearch/transport/TransportService;Ljava/util/function/Function;)V 85 <appendix> argL0 ; # com/naqqa/elasticsearch/action/search/ShardSearchService$$Lambda+0x000001bc8101d178
instanceKlass com/naqqa/elasticsearch/action/search/ShardSearchService$ShardFetchRequest
instanceKlass  @bci com/naqqa/elasticsearch/action/search/ShardSearchService <init> (Lcom/naqqa/elasticsearch/transport/TransportService;Ljava/util/function/Function;)V 74 <appendix> member <vmtarget> ; # com/naqqa/elasticsearch/action/search/ShardSearchService$$Lambda+0x000001bc8101cd08
instanceKlass  @bci com/naqqa/elasticsearch/action/search/ShardSearchService <init> (Lcom/naqqa/elasticsearch/transport/TransportService;Ljava/util/function/Function;)V 68 <appendix> argL0 ; # com/naqqa/elasticsearch/action/search/ShardSearchService$$Lambda+0x000001bc8101caf0
instanceKlass com/naqqa/elasticsearch/action/search/ShardSearchService$ShardQueryRequest
instanceKlass  @bci com/naqqa/elasticsearch/action/search/ShardSearchService <init> (Lcom/naqqa/elasticsearch/transport/TransportService;Ljava/util/function/Function;)V 57 <appendix> member <vmtarget> ; # com/naqqa/elasticsearch/action/search/ShardSearchService$$Lambda+0x000001bc8101c688
instanceKlass  @bci com/naqqa/elasticsearch/action/search/ShardSearchService <init> (Lcom/naqqa/elasticsearch/transport/TransportService;Ljava/util/function/Function;)V 51 <appendix> argL0 ; # com/naqqa/elasticsearch/action/search/ShardSearchService$$Lambda+0x000001bc8101c470
instanceKlass com/naqqa/elasticsearch/action/search/ShardSearchService$CanMatchRequest
instanceKlass  @bci com/naqqa/elasticsearch/action/search/ShardSearchService <init> (Lcom/naqqa/elasticsearch/transport/TransportService;Ljava/util/function/Function;)V 40 <appendix> member <vmtarget> ; # com/naqqa/elasticsearch/action/search/ShardSearchService$$Lambda+0x000001bc8101c000
instanceKlass  @bci com/naqqa/elasticsearch/action/search/ShardSearchService <init> (Lcom/naqqa/elasticsearch/transport/TransportService;Ljava/util/function/Function;)V 34 <appendix> argL0 ; # com/naqqa/elasticsearch/action/search/ShardSearchService$$Lambda+0x000001bc81013d60
instanceKlass com/naqqa/elasticsearch/action/search/ShardSearchService$DfsRequest
instanceKlass  @bci com/naqqa/elasticsearch/action/byquery/ByQueryTestCluster$Node <init> (Ljava/lang/String;)V 81 <appendix> member <vmtarget> ; # com/naqqa/elasticsearch/action/byquery/ByQueryTestCluster$Node$$Lambda+0x000001bc810138d8
instanceKlass com/naqqa/elasticsearch/index/shard/IndexShard
instanceKlass  @cpi com/naqqa/elasticsearch/rest/RestModule 989 form vmentry <vmtarget> ; # java/lang/invoke/LambdaForm$DMH+0x000001bc8101a800
instanceKlass com/naqqa/elasticsearch/search/execution/Collector
instanceKlass com/naqqa/elasticsearch/action/search/ShardSearchService
instanceKlass java/util/concurrent/Executors$RunnableAdapter
instanceKlass java/util/concurrent/Callable
instanceKlass java/util/concurrent/FutureTask$WaitNode
instanceKlass java/util/concurrent/FutureTask
instanceKlass  @bci com/naqqa/elasticsearch/transport/TransportService doStart ()V 95 <appendix> member <vmtarget> ; # com/naqqa/elasticsearch/transport/TransportService$$Lambda+0x000001bc81012e78
instanceKlass  @bci com/naqqa/elasticsearch/transport/TransportService registerBuiltinHandlers ()V 28 <appendix> member <vmtarget> ; # com/naqqa/elasticsearch/transport/TransportService$$Lambda+0x000001bc81012c58
instanceKlass  @bci com/naqqa/elasticsearch/transport/TransportService registerBuiltinHandlers ()V 22 <appendix> argL0 ; # com/naqqa/elasticsearch/transport/TransportService$$Lambda+0x000001bc81012a40
instanceKlass com/naqqa/elasticsearch/transport/EmptyRequest
instanceKlass com/naqqa/elasticsearch/transport/TransportService$RequestHandlerRegistry
instanceKlass  @bci com/naqqa/elasticsearch/transport/TransportService registerBuiltinHandlers ()V 10 <appendix> member <vmtarget> ; # com/naqqa/elasticsearch/transport/TransportService$$Lambda+0x000001bc810123d8
instanceKlass com/naqqa/elasticsearch/transport/TransportRequestHandler
instanceKlass  @bci com/naqqa/elasticsearch/transport/TransportService registerBuiltinHandlers ()V 4 <appendix> argL0 ; # com/naqqa/elasticsearch/transport/TransportService$$Lambda+0x000001bc81011fc8
instanceKlass com/naqqa/elasticsearch/transport/HandshakeRequest
instanceKlass com/naqqa/elasticsearch/common/io/stream/Writeable$Reader
instanceKlass java/nio/channels/spi/AbstractSelector$1
instanceKlass  @bci com/naqqa/elasticsearch/transport/TcpTransport start ()V 19 <appendix> member <vmtarget> ; # com/naqqa/elasticsearch/transport/TcpTransport$$Lambda+0x000001bc81011768
instanceKlass java/lang/invoke/ConstantBootstraps
instanceKlass java/nio/channels/SelectionKey
instanceKlass sun/net/NetHooks
instanceKlass sun/nio/ch/ServerSocketChannelImpl$DefaultOptionsHolder
instanceKlass java/net/StandardSocketOptions$StdSocketOption
instanceKlass java/net/StandardSocketOptions
instanceKlass java/net/SocketImpl
instanceKlass java/net/SocketOptions
instanceKlass  @bci sun/nio/ch/ServerSocketAdaptor create (Lsun/nio/ch/ServerSocketChannelImpl;)Ljava/net/ServerSocket; 1 <appendix> member <vmtarget> ; # sun/nio/ch/ServerSocketAdaptor$$Lambda+0x000001bc810796f8
instanceKlass java/net/ServerSocket
instanceKlass java/nio/BufferMismatch
instanceKlass sun/nio/ch/IOStatus
instanceKlass sun/nio/ch/Util$BufferCache
instanceKlass sun/nio/ch/NativeThread
instanceKlass java/nio/channels/spi/AbstractInterruptibleChannel$1
instanceKlass sun/nio/ch/Interruptible
instanceKlass java/nio/channels/GatheringByteChannel
instanceKlass java/nio/channels/ScatteringByteChannel
instanceKlass java/nio/channels/ByteChannel
instanceKlass java/nio/channels/WritableByteChannel
instanceKlass java/nio/channels/ReadableByteChannel
instanceKlass jdk/net/ExtendedSocketOptions$2
instanceKlass jdk/net/ExtendedSocketOptions$PlatformSocketOptions
instanceKlass jdk/net/ExtendedSocketOptions$ExtSocketOption
instanceKlass java/net/SocketOption
instanceKlass jdk/net/ExtendedSocketOptions
instanceKlass sun/net/ext/ExtendedSocketOptions
instanceKlass sun/nio/ch/Net$1
instanceKlass sun/nio/ch/Net
instanceKlass sun/security/provider/AbstractDrbg$NonceProvider
instanceKlass  @bci sun/security/provider/AbstractDrbg$SeederHolder <clinit> ()V 42 <appendix> member <vmtarget> ; # sun/security/provider/AbstractDrbg$SeederHolder$$Lambda+0x000001bc810732a8
instanceKlass  @cpi sun/security/provider/AbstractDrbg$SeederHolder 91 form vmentry <vmtarget> ; # java/lang/invoke/LambdaForm$DMH+0x000001bc8101a400
# instanceKlass java/lang/invoke/LambdaForm$DMH+0x000001bc8101a000
instanceKlass java/net/NetworkInterface$1
instanceKlass java/net/DefaultInterface
instanceKlass java/net/Inet6Address$Inet6AddressHolder
instanceKlass java/net/InterfaceAddress
instanceKlass java/net/NetworkInterface
instanceKlass java/lang/invoke/VarHandle$AccessDescriptor
instanceKlass sun/security/provider/ByteArrayAccess$BE
instanceKlass sun/security/provider/ByteArrayAccess
instanceKlass sun/security/provider/SeedGenerator$1
instanceKlass sun/security/util/MessageDigestSpi2
instanceKlass sun/security/jca/GetInstance$Instance
instanceKlass java/security/MessageDigestSpi
instanceKlass sun/security/provider/SeedGenerator
instanceKlass sun/security/provider/AbstractDrbg$SeederHolder
instanceKlass java/security/DrbgParameters$NextBytes
instanceKlass sun/nio/ch/NativeDispatcher
instanceKlass sun/nio/ch/SelChImpl
instanceKlass java/nio/channels/spi/AbstractInterruptibleChannel
instanceKlass java/nio/channels/InterruptibleChannel
instanceKlass java/nio/channels/NetworkChannel
instanceKlass java/nio/channels/Channel
instanceKlass java/net/ProtocolFamily
instanceKlass com/sun/security/sasl/Provider$1
instanceKlass  @bci sun/security/provider/certpath/ldap/JdkLDAP <init> ()V 15 <appendix> member <vmtarget> ; # sun/security/provider/certpath/ldap/JdkLDAP$$Lambda+0x000001bc8106d9b0
instanceKlass com/sun/security/sasl/gsskerb/JdkSASL$1
instanceKlass  @bci sun/security/pkcs11/SunPKCS11 register (Lsun/security/pkcs11/SunPKCS11$Descriptor;)V 27 <appendix> argL0 ; # sun/security/pkcs11/SunPKCS11$$Lambda+0x000001bc81019028
instanceKlass sun/security/pkcs11/SunPKCS11$Descriptor
instanceKlass javax/security/auth/Subject
instanceKlass javax/security/auth/callback/CallbackHandler
instanceKlass sun/security/smartcardio/SunPCSC$1
instanceKlass  @bci sun/security/ssl/SunJSSE registerAlgorithms ()V 1 <appendix> member <vmtarget> ; # sun/security/ssl/SunJSSE$$Lambda+0x000001bc8106b738
instanceKlass java/security/spec/ECFieldF2m
instanceKlass sun/security/util/ObjectIdentifier
instanceKlass sun/security/util/ByteArrayTagOrder
instanceKlass sun/security/util/ByteArrayLexOrder
instanceKlass sun/security/util/DerEncoder
instanceKlass java/security/spec/ECParameterSpec
instanceKlass java/security/spec/AlgorithmParameterSpec
instanceKlass java/security/spec/ECPoint
instanceKlass java/security/spec/EllipticCurve
instanceKlass java/security/spec/ECFieldFp
instanceKlass java/security/spec/ECField
instanceKlass sun/security/util/CurveDB
instanceKlass sun/security/ec/SunEC$1
instanceKlass org/jcp/xml/dsig/internal/dom/XMLDSigRI$2
instanceKlass org/jcp/xml/dsig/internal/dom/XMLDSigRI$1
instanceKlass  @bci sun/security/jgss/SunProvider <init> ()V 15 <appendix> member <vmtarget> ; # sun/security/jgss/SunProvider$$Lambda+0x000001bc810164b8
instanceKlass sun/security/mscapi/SunMSCAPI$2
instanceKlass sun/security/mscapi/SunMSCAPI$1
instanceKlass jdk/internal/module/ModulePatcher$PatchedModuleReader
instanceKlass sun/security/jca/ProviderConfig$ProviderLoader
instanceKlass sun/security/jca/ProviderConfig$3
instanceKlass sun/security/rsa/SunRsaSignEntries
instanceKlass sun/security/jca/GetInstance
instanceKlass java/lang/ProcessEnvironment$CheckedEntry
instanceKlass java/lang/ProcessEnvironment$CheckedEntrySet$1
instanceKlass java/lang/ProcessEnvironment$EntryComparator
instanceKlass java/lang/ProcessEnvironment$NameComparator
instanceKlass sun/net/NetProperties$1
instanceKlass sun/net/NetProperties
instanceKlass  @bci sun/nio/ch/UnixDomainSocketsUtil getTempDir ()Ljava/lang/String; 0 <appendix> argL0 ; # sun/nio/ch/UnixDomainSocketsUtil$$Lambda+0x000001bc81065648
instanceKlass sun/nio/ch/UnixDomainSocketsUtil
instanceKlass sun/nio/ch/UnixDomainSockets
instanceKlass sun/nio/ch/PipeImpl$Initializer$LoopbackConnector
instanceKlass sun/nio/ch/PipeImpl$Initializer
instanceKlass  @bci sun/security/provider/AbstractDrbg <clinit> ()V 12 <appendix> argL0 ; # sun/security/provider/AbstractDrbg$$Lambda+0x000001bc81064bd8
instanceKlass  @cpi sun/security/provider/AbstractDrbg 383 form vmentry <vmtarget> ; # java/lang/invoke/LambdaForm$DMH+0x000001bc81014c00
# instanceKlass java/lang/invoke/LambdaForm$DMH+0x000001bc81014800
instanceKlass sun/security/provider/EntropySource
instanceKlass sun/security/provider/AbstractDrbg
instanceKlass java/security/DrbgParameters$Instantiation
instanceKlass java/security/DrbgParameters
instanceKlass sun/security/provider/MoreDrbgParameters
instanceKlass  @bci sun/security/provider/DRBG <init> (Ljava/security/SecureRandomParameters;)V 26 <appendix> argL0 ; # sun/security/provider/DRBG$$Lambda+0x000001bc810636c8
instanceKlass java/security/SecureRandomSpi
instanceKlass java/security/SecureRandomParameters
instanceKlass jdk/internal/event/Event
instanceKlass sun/security/util/SecurityProviderConstants
instanceKlass java/security/Provider$UString
instanceKlass java/security/Provider$Service
instanceKlass sun/security/provider/NativePRNG$NonBlocking
instanceKlass sun/security/provider/NativePRNG$Blocking
instanceKlass sun/security/provider/NativePRNG
instanceKlass sun/security/provider/SunEntries$1
instanceKlass sun/security/provider/SunEntries
instanceKlass sun/security/util/SecurityConstants
instanceKlass java/util/AbstractList$Itr
instanceKlass sun/security/jca/ProviderList$2
instanceKlass jdk/internal/math/FloatingDecimal$ASCIIToBinaryBuffer
instanceKlass jdk/internal/math/FloatingDecimal$PreparedASCIIToBinaryBuffer
instanceKlass jdk/internal/math/FloatingDecimal$ASCIIToBinaryConverter
instanceKlass jdk/internal/math/FloatingDecimal$BinaryToASCIIBuffer
instanceKlass jdk/internal/math/FloatingDecimal$ExceptionalBinaryToASCIIBuffer
instanceKlass jdk/internal/math/FloatingDecimal$BinaryToASCIIConverter
instanceKlass jdk/internal/math/FloatingDecimal
instanceKlass java/security/Provider$EngineDescription
instanceKlass sun/util/locale/LocaleUtils
instanceKlass sun/util/locale/BaseLocale
instanceKlass java/util/Locale
instanceKlass java/security/Provider$ServiceKey
instanceKlass sun/security/jca/ProviderConfig
instanceKlass sun/security/jca/ProviderList
instanceKlass sun/security/jca/Providers
instanceKlass java/util/Random
instanceKlass java/util/random/RandomGenerator
instanceKlass java/nio/channels/Pipe
instanceKlass sun/nio/ch/WEPoll
instanceKlass sun/nio/ch/Util$2
instanceKlass sun/nio/ch/IOUtil
instanceKlass sun/nio/ch/Util
instanceKlass  @bci sun/nio/ch/DefaultSelectorProvider <clinit> ()V 0 <appendix> argL0 ; # sun/nio/ch/DefaultSelectorProvider$$Lambda+0x000001bc81058968
instanceKlass sun/nio/ch/DefaultSelectorProvider
instanceKlass  @bci java/nio/channels/spi/SelectorProvider$Holder provider ()Ljava/nio/channels/spi/SelectorProvider; 0 <appendix> argL0 ; # java/nio/channels/spi/SelectorProvider$Holder$$Lambda+0x000001bc810580b0
instanceKlass java/nio/channels/spi/SelectorProvider$Holder
instanceKlass java/nio/channels/spi/SelectorProvider
instanceKlass java/nio/channels/Selector
instanceKlass java/util/concurrent/atomic/Striped64$1
instanceKlass com/naqqa/elasticsearch/common/util/concurrent/ContextPreservingExecutorService
instanceKlass  @bci com/naqqa/elasticsearch/transport/TransportService doStart ()V 18 <appendix> member <vmtarget> ; # com/naqqa/elasticsearch/transport/TransportService$$Lambda+0x000001bc81011288
instanceKlass  @cpi com/naqqa/elasticsearch/transport/TransportService 751 form vmentry <vmtarget> ; # java/lang/invoke/LambdaForm$DMH+0x000001bc81014400
instanceKlass com/naqqa/elasticsearch/transport/TcpChannel
instanceKlass com/naqqa/elasticsearch/transport/TransportMessageListener
instanceKlass jdk/internal/logger/DefaultLoggerFinder$1
instanceKlass java/util/logging/Logger$SystemLoggerHelper$1
instanceKlass java/util/logging/Logger$SystemLoggerHelper
instanceKlass java/util/logging/LogManager$4
instanceKlass jdk/internal/logger/BootstrapLogger$BootstrapExecutors
instanceKlass jdk/internal/logger/BootstrapLogger$RedirectedLoggers
instanceKlass java/util/ServiceLoader$ProviderImpl
instanceKlass java/util/ServiceLoader$Provider
instanceKlass java/util/ServiceLoader$1
instanceKlass jdk/internal/loader/URLClassPath$1
instanceKlass java/lang/CompoundEnumeration
instanceKlass jdk/internal/loader/BuiltinClassLoader$1
instanceKlass java/util/Collections$EmptyEnumeration
instanceKlass java/util/Collections$EmptyIterator
instanceKlass jdk/internal/jimage/ImageLocation
instanceKlass jdk/internal/jimage/decompressor/Decompressor
instanceKlass jdk/internal/jimage/ImageStringsReader
instanceKlass jdk/internal/jimage/ImageStrings
instanceKlass jdk/internal/jimage/ImageHeader
instanceKlass java/nio/Bits$1
instanceKlass jdk/internal/misc/VM$BufferPool
instanceKlass java/nio/Bits
instanceKlass sun/nio/ch/DirectBuffer
instanceKlass jdk/internal/jimage/NativeImageBuffer$1
instanceKlass jdk/internal/jimage/NativeImageBuffer
instanceKlass jdk/internal/jimage/BasicImageReader$1
instanceKlass jdk/internal/jimage/BasicImageReader
instanceKlass jdk/internal/jimage/ImageReader
instanceKlass jdk/internal/jimage/ImageReaderFactory$1
instanceKlass jdk/internal/jimage/ImageReaderFactory
instanceKlass jdk/internal/module/SystemModuleFinders$SystemImage
instanceKlass jdk/internal/module/SystemModuleFinders$SystemModuleReader
instanceKlass java/lang/module/ModuleReader
instanceKlass jdk/internal/loader/BuiltinClassLoader$5
instanceKlass jdk/internal/loader/BuiltinClassLoader$2
instanceKlass jdk/internal/module/Resources
instanceKlass java/util/ServiceLoader$3
instanceKlass java/util/ServiceLoader$2
instanceKlass java/util/ServiceLoader$LazyClassPathLookupIterator
instanceKlass java/util/Spliterators$1Adapter
instanceKlass java/util/Spliterators$ArraySpliterator
instanceKlass java/util/ServiceLoader$ModuleServicesLookupIterator
instanceKlass java/util/ServiceLoader
instanceKlass jdk/internal/logger/BootstrapLogger$DetectBackend$1
instanceKlass jdk/internal/logger/BootstrapLogger$DetectBackend
instanceKlass jdk/internal/logger/BootstrapLogger
instanceKlass sun/util/logging/PlatformLogger$ConfigurableBridge
instanceKlass sun/util/logging/PlatformLogger$Bridge
instanceKlass java/lang/System$Logger
instanceKlass java/util/stream/Streams
instanceKlass java/util/stream/Stream$Builder
instanceKlass java/util/stream/Streams$AbstractStreamBuilderImpl
instanceKlass  @bci java/util/logging/Level$KnownLevel findByName (Ljava/lang/String;Ljava/util/function/Function;)Ljava/util/Optional; 29 <appendix> argL0 ; # java/util/logging/Level$KnownLevel$$Lambda+0x800000025
instanceKlass java/util/ArrayList$ArrayListSpliterator
instanceKlass  @bci java/util/logging/Level findLevel (Ljava/lang/String;)Ljava/util/logging/Level; 13 <appendix> argL0 ; # java/util/logging/Level$$Lambda+0x800000013
instanceKlass java/util/Hashtable$Enumerator
instanceKlass java/util/Collections$SynchronizedCollection
instanceKlass java/util/Properties$EntrySet
instanceKlass java/util/Collections$3
instanceKlass java/util/logging/LogManager$LoggerContext$1
instanceKlass java/util/logging/LogManager$VisitedLoggers
instanceKlass  @bci com/naqqa/elasticsearch/node/MultiNodeTest startCluster (Ljava/lang/String;Ljava/nio/file/Path;ILcom/naqqa/elasticsearch/common/settings/Settings;)Ljava/util/List; 141 <appendix> form vmentry <vmtarget> ; # java/lang/invoke/LambdaForm$MH+0x000001bc81014000
instanceKlass java/util/logging/LogManager$2
instanceKlass java/lang/System$LoggerFinder
instanceKlass java/security/Security$1
instanceKlass jdk/internal/access/JavaSecurityPropertiesAccess
instanceKlass java/util/concurrent/ConcurrentHashMap$MapEntry
instanceKlass java/util/Properties$LineReader
instanceKlass  @bci java/security/Security <clinit> ()V 9 <appendix> argL0 ; # java/security/Security$$Lambda+0x80000000b
instanceKlass java/security/Security
instanceKlass sun/security/util/SecurityProperties
instanceKlass sun/security/util/FilePermCompat
instanceKlass java/util/logging/LogManager$LoggingProviderAccess
instanceKlass sun/util/logging/internal/LoggingProviderImpl$LogManagerAccess
instanceKlass java/lang/Shutdown$Lock
instanceKlass java/lang/Shutdown
instanceKlass java/lang/ApplicationShutdownHooks$1
instanceKlass java/lang/ApplicationShutdownHooks
instanceKlass java/util/Collections$SynchronizedMap
instanceKlass java/util/logging/LogManager$LogNode
instanceKlass java/util/logging/LogManager$LoggerContext
instanceKlass java/util/logging/LogManager$1
instanceKlass java/util/logging/LogManager
instanceKlass java/util/logging/Logger$ConfigurationData
instanceKlass java/util/logging/Logger$LoggerBundle
instanceKlass  @bci java/util/logging/Level$KnownLevel add (Ljava/util/logging/Level;)V 49 <appendix> argL0 ; # java/util/logging/Level$KnownLevel$$Lambda+0x800000024
instanceKlass  @bci java/util/logging/Level$KnownLevel add (Ljava/util/logging/Level;)V 19 <appendix> argL0 ; # java/util/logging/Level$KnownLevel$$Lambda+0x800000023
instanceKlass java/util/logging/Level
instanceKlass java/util/logging/Handler
instanceKlass java/util/logging/Logger
instanceKlass com/naqqa/elasticsearch/common/logging/ESLogger
instanceKlass com/naqqa/elasticsearch/transport/TcpTransport
instanceKlass java/util/concurrent/RunnableScheduledFuture
instanceKlass java/util/concurrent/ScheduledFuture
instanceKlass java/util/concurrent/Delayed
instanceKlass java/util/concurrent/RunnableFuture
instanceKlass java/util/concurrent/Future
instanceKlass java/util/concurrent/Executors$DelegatedExecutorService
instanceKlass java/util/concurrent/ScheduledExecutorService
instanceKlass java/util/concurrent/Executors
instanceKlass  @bci com/naqqa/elasticsearch/transport/TransportService doStart ()V 1 <appendix> argL0 ; # com/naqqa/elasticsearch/transport/TransportService$$Lambda+0x000001bc81010860
instanceKlass java/util/concurrent/CopyOnWriteArrayList$COWIterator
instanceKlass com/naqqa/elasticsearch/transport/TransportSettings
instanceKlass java/net/InetSocketAddress$InetSocketAddressHolder
instanceKlass java/net/InetAddress$PlatformResolver
instanceKlass java/net/spi/InetAddressResolver
instanceKlass java/net/spi/InetAddressResolver$LookupPolicy
instanceKlass java/net/Inet4AddressImpl
instanceKlass java/net/Inet6AddressImpl
instanceKlass java/net/InetAddressImpl
instanceKlass java/util/concurrent/ConcurrentSkipListMap$Node
instanceKlass java/util/concurrent/ConcurrentSkipListMap$Index
instanceKlass java/util/concurrent/ConcurrentNavigableMap
instanceKlass java/util/NavigableSet
instanceKlass java/util/SortedSet
instanceKlass java/net/InetAddress$InetAddressHolder
instanceKlass java/net/InetAddress$1
instanceKlass jdk/internal/access/JavaNetInetAddressAccess
instanceKlass java/net/InetAddress
instanceKlass java/net/SocketAddress
instanceKlass com/naqqa/elasticsearch/transport/TransportResponse
instanceKlass com/naqqa/elasticsearch/transport/TransportChannel
instanceKlass com/naqqa/elasticsearch/transport/TransportRequest
instanceKlass com/naqqa/elasticsearch/common/io/stream/Writeable
instanceKlass com/naqqa/elasticsearch/transport/TransportResponseHandler
instanceKlass com/naqqa/elasticsearch/transport/Connection
instanceKlass java/util/concurrent/LinkedTransferQueue$DualNode
instanceKlass java/util/concurrent/TransferQueue
instanceKlass com/naqqa/elasticsearch/common/threadpool/ThreadPool$ExecutorHolder
instanceKlass jdk/internal/vm/ThreadContainers
instanceKlass jdk/internal/vm/StackableScope
instanceKlass java/util/concurrent/ThreadPoolExecutor$AbortPolicy
instanceKlass java/util/concurrent/AbstractExecutorService
instanceKlass com/naqqa/elasticsearch/common/threadpool/ThreadPool$RejectingHandler
instanceKlass  @bci com/naqqa/elasticsearch/common/threadpool/ThreadPool register (Ljava/lang/String;II)V 1 <appendix> member <vmtarget> ; # com/naqqa/elasticsearch/common/threadpool/ThreadPool$$Lambda+0x000001bc8100e420
instanceKlass  @bci com/naqqa/elasticsearch/common/util/concurrent/ThreadContext <init> ()V 5 <appendix> argL0 ; # com/naqqa/elasticsearch/common/util/concurrent/ThreadContext$$Lambda+0x000001bc8100e208
instanceKlass com/naqqa/elasticsearch/common/util/concurrent/ThreadContext$ThreadContextStruct
instanceKlass com/naqqa/elasticsearch/common/util/concurrent/ThreadContext
instanceKlass java/lang/invoke/VarForm
instanceKlass java/lang/invoke/VarHandleGuards
instanceKlass java/lang/invoke/VarHandles
instanceKlass com/naqqa/elasticsearch/common/lifecycle/Lifecycle
instanceKlass java/util/concurrent/ExecutorService
instanceKlass java/util/concurrent/Executor
instanceKlass java/util/concurrent/RejectedExecutionHandler
instanceKlass java/util/concurrent/BlockingQueue
instanceKlass com/naqqa/elasticsearch/common/lifecycle/AbstractLifecycleComponent
instanceKlass com/naqqa/elasticsearch/common/lifecycle/LifecycleComponent
instanceKlass  @bci com/naqqa/elasticsearch/node/MultiNodeTest startCluster (Ljava/lang/String;Ljava/nio/file/Path;ILcom/naqqa/elasticsearch/common/settings/Settings;)Ljava/util/List; 99 <appendix> form vmentry <vmtarget> ; # java/lang/invoke/LambdaForm$MH+0x000001bc8100d000
# instanceKlass java/lang/invoke/LambdaForm$MH+0x000001bc8100cc00
instanceKlass  @bci com/naqqa/elasticsearch/node/MultiNodeTest startCluster (Ljava/lang/String;Ljava/nio/file/Path;ILcom/naqqa/elasticsearch/common/settings/Settings;)Ljava/util/List; 99 <appendix> argL3 form vmentry <vmtarget> ; # java/lang/invoke/LambdaForm$MH+0x000001bc8100c800
# instanceKlass java/lang/invoke/LambdaForm$MH+0x000001bc8100c400
# instanceKlass java/lang/invoke/LambdaForm$MH+0x000001bc8100c000
# instanceKlass java/lang/invoke/LambdaForm$MH+0x000001bc81009c00
# instanceKlass java/lang/invoke/LambdaForm$MH+0x000001bc81009800
instanceKlass  @bci com/naqqa/elasticsearch/node/MultiNodeTest startCluster (Ljava/lang/String;Ljava/nio/file/Path;ILcom/naqqa/elasticsearch/common/settings/Settings;)Ljava/util/List; 99 <appendix> argL1 form vmentry <vmtarget> ; # java/lang/invoke/LambdaForm$MH+0x000001bc81009400
instanceKlass  @bci com/naqqa/elasticsearch/node/MultiNodeTest$ClusterMember url ()Ljava/lang/String; 10 <appendix> argL1 form vmentry <vmtarget> ; # java/lang/invoke/LambdaForm$MH+0x000001bc81009000
# instanceKlass java/lang/invoke/LambdaForm$MH+0x000001bc81008c00
# instanceKlass java/lang/invoke/LambdaForm$MH+0x000001bc81008800
# instanceKlass java/lang/invoke/LambdaForm$MH+0x000001bc81008400
instanceKlass com/naqqa/elasticsearch/action/byquery/ByQueryTestCluster$Node
instanceKlass com/naqqa/elasticsearch/cluster/routing/IndexRoutingTable$Builder
instanceKlass com/naqqa/elasticsearch/cluster/routing/IndexRoutingTable
instanceKlass com/naqqa/elasticsearch/store/Directory
instanceKlass com/naqqa/elasticsearch/action/byquery/ByQueryTestCluster
# instanceKlass java/lang/invoke/LambdaForm$MH+0x000001bc81008000
# instanceKlass java/lang/invoke/LambdaForm$MH+0x000001bc81007c00
instanceKlass  @cpi java/util/logging/LogRecord 420 form vmentry <vmtarget> ; # java/lang/invoke/LambdaForm$DMH+0x000001bc81007800
instanceKlass  @bci java/util/logging/SimpleFormatter format (Ljava/util/logging/LogRecord;)Ljava/lang/String; 35 <appendix> form vmentry <vmtarget> ; # java/lang/invoke/LambdaForm$MH+0x000001bc81007400
instanceKlass java/util/TreeMap$PrivateEntryIterator
instanceKlass java/util/TreeMap$Entry
instanceKlass java/lang/invoke/LambdaFormEditor$1
instanceKlass java/util/NavigableMap
instanceKlass java/util/SortedMap
# instanceKlass java/lang/invoke/LambdaForm$MH+0x000001bc81007000
instanceKlass  @bci java/util/logging/SimpleFormatter format (Ljava/util/logging/LogRecord;)Ljava/lang/String; 35 <appendix> argL3 form vmentry <vmtarget> ; # java/lang/invoke/LambdaForm$MH+0x000001bc81006c00
instanceKlass java/lang/invoke/MethodHandles$1
instanceKlass  @bci com/naqqa/elasticsearch/cluster/routing/ShardRouting toString ()Ljava/lang/String; 33 <appendix> argL4 argL2 form vmentry <vmtarget> ; # java/lang/invoke/LambdaForm$MH+0x000001bc81006800
# instanceKlass java/lang/invoke/LambdaForm$MH+0x000001bc81006400
# instanceKlass java/lang/invoke/LambdaForm$MH+0x000001bc81006000
# instanceKlass java/lang/invoke/LambdaForm$MH+0x000001bc81005c00
instanceKlass  @bci java/util/logging/SimpleFormatter format (Ljava/util/logging/LogRecord;)Ljava/lang/String; 35 <appendix> argL1 form vmentry <vmtarget> ; # java/lang/invoke/LambdaForm$MH+0x000001bc81005800
# instanceKlass java/lang/invoke/LambdaForm$MH+0x000001bc81005400
instanceKlass  @bci java/util/logging/SimpleFormatter format (Ljava/util/logging/LogRecord;)Ljava/lang/String; 35 <appendix> argL1 argL0 form vmentry <vmtarget> ; # java/lang/invoke/LambdaForm$MH+0x000001bc81005000
# instanceKlass java/lang/invoke/LambdaForm$MH+0x000001bc81004c00
# instanceKlass java/lang/invoke/LambdaForm$MH+0x000001bc81004800
instanceKlass java/lang/Long$LongCache
# instanceKlass java/lang/invoke/LambdaForm$MH+0x000001bc81004400
instanceKlass java/lang/annotation/Target
# instanceKlass java/lang/invoke/LambdaForm$MH+0x000001bc81004000
instanceKlass  @bci com/naqqa/elasticsearch/node/MultiNodeTest startCluster (Ljava/lang/String;Ljava/nio/file/Path;ILcom/naqqa/elasticsearch/common/settings/Settings;)Ljava/util/List; 79 <appendix> form vmentry <vmtarget> ; # java/lang/invoke/LambdaForm$MH+0x000001bc81002c00
instanceKlass java/lang/reflect/Proxy$ProxyBuilder$1
instanceKlass jdk/internal/org/objectweb/asm/Edge
instanceKlass  @bci java/lang/reflect/ProxyGenerator addProxyMethod (Ljava/lang/reflect/Method;Ljava/lang/Class;)V 23 <appendix> argL0 ; # java/lang/reflect/ProxyGenerator$$Lambda+0x000001bc8104e600
instanceKlass  @bci java/lang/reflect/ProxyGenerator addProxyMethod (Ljava/lang/reflect/ProxyGenerator$ProxyMethod;)V 10 <appendix> argL0 ; # java/lang/reflect/ProxyGenerator$$Lambda+0x000001bc8104e3c8
instanceKlass java/lang/reflect/ProxyGenerator$ProxyMethod
instanceKlass  @bci java/lang/reflect/Proxy getLoader (Ljava/lang/Module;)Ljava/lang/ClassLoader; 6 <appendix> member <vmtarget> ; # java/lang/reflect/Proxy$$Lambda+0x000001bc8104da30
instanceKlass  @bci java/lang/WeakPairMap computeIfAbsent (Ljava/lang/Object;Ljava/lang/Object;Ljava/util/function/BiFunction;)Ljava/lang/Object; 18 <appendix> member <vmtarget> ; # java/lang/WeakPairMap$$Lambda+0x000001bc8104d5e8
instanceKlass  @bci java/lang/Module implAddExportsOrOpens (Ljava/lang/String;Ljava/lang/Module;ZZ)V 145 <appendix> argL0 ; # java/lang/Module$$Lambda+0x000001bc8104d3c0
instanceKlass  @bci java/lang/module/ModuleDescriptor$Builder packages (Ljava/util/Set;)Ljava/lang/module/ModuleDescriptor$Builder; 17 <appendix> argL0 ; # java/lang/module/ModuleDescriptor$Builder$$Lambda+0x800000002
instanceKlass jdk/internal/module/Checks
instanceKlass java/lang/module/ModuleDescriptor$Builder
instanceKlass  @bci java/lang/reflect/Proxy$ProxyBuilder getDynamicModule (Ljava/lang/ClassLoader;)Ljava/lang/Module; 4 <appendix> argL0 ; # java/lang/reflect/Proxy$ProxyBuilder$$Lambda+0x000001bc8104ca88
instanceKlass java/util/LinkedHashMap$LinkedHashIterator
instanceKlass java/lang/PublicMethods
instanceKlass java/util/Collections$1
instanceKlass java/lang/reflect/Proxy$ProxyBuilder
instanceKlass  @bci java/lang/reflect/Proxy getProxyConstructor (Ljava/lang/Class;Ljava/lang/ClassLoader;[Ljava/lang/Class;)Ljava/lang/reflect/Constructor; 35 <appendix> argL0 ; # java/lang/reflect/Proxy$$Lambda+0x000001bc8104b7e8
instanceKlass java/lang/ClassValue$Version
instanceKlass java/lang/ClassValue$Identity
instanceKlass java/lang/ClassValue
instanceKlass java/lang/reflect/Proxy
instanceKlass sun/reflect/annotation/AnnotationInvocationHandler
instanceKlass java/lang/reflect/InvocationHandler
instanceKlass sun/reflect/annotation/AnnotationParser$1
instanceKlass sun/reflect/annotation/ExceptionProxy
instanceKlass java/lang/annotation/Inherited
instanceKlass java/lang/annotation/Retention
instanceKlass sun/reflect/annotation/AnnotationType$1
instanceKlass sun/reflect/annotation/AnnotationType
instanceKlass java/lang/reflect/GenericArrayType
instanceKlass sun/reflect/generics/visitor/Reifier
instanceKlass sun/reflect/generics/visitor/TypeTreeVisitor
instanceKlass sun/reflect/generics/factory/CoreReflectionFactory
instanceKlass sun/reflect/generics/factory/GenericsFactory
instanceKlass sun/reflect/generics/scope/AbstractScope
instanceKlass sun/reflect/generics/scope/Scope
instanceKlass sun/reflect/generics/tree/ClassTypeSignature
instanceKlass sun/reflect/generics/tree/SimpleClassTypeSignature
instanceKlass sun/reflect/generics/tree/FieldTypeSignature
instanceKlass sun/reflect/generics/tree/BaseType
instanceKlass sun/reflect/generics/tree/TypeSignature
instanceKlass sun/reflect/generics/tree/ReturnType
instanceKlass sun/reflect/generics/tree/TypeArgument
instanceKlass sun/reflect/generics/tree/TypeTree
instanceKlass sun/reflect/generics/tree/Tree
instanceKlass sun/reflect/generics/parser/SignatureParser
instanceKlass com/naqqa/elasticsearch/test/Test
instanceKlass  @bci com/naqqa/elasticsearch/test/TestRunner main ([Ljava/lang/String;)V 250 <appendix> argL0 ; # com/naqqa/elasticsearch/test/TestRunner$$Lambda+0x000001bc81003830
instanceKlass com/naqqa/elasticsearch/cluster/state/ClusterState
instanceKlass com/naqqa/elasticsearch/cluster/io/Writeable
instanceKlass com/naqqa/elasticsearch/action/byquery/DeleteByQueryAction
instanceKlass java/util/concurrent/atomic/AtomicReference
instanceKlass com/naqqa/elasticsearch/action/byquery/ByQueryActionsTest
instanceKlass java/util/StringJoiner
instanceKlass  @bci java/util/stream/SortedOps$RefSortingSink end ()V 48 <appendix> member <vmtarget> ; # java/util/stream/SortedOps$RefSortingSink$$Lambda+0x000001bc810468b8
instanceKlass  @cpi java/util/stream/SortedOps$RefSortingSink 128 form vmentry <vmtarget> ; # java/lang/invoke/LambdaForm$DMH+0x000001bc81002800
instanceKlass java/util/TimSort
instanceKlass java/util/Arrays$LegacyMergeSort
instanceKlass sun/nio/fs/BasicFileAttributesHolder
instanceKlass java/util/stream/ForEachOps$ForEachOp
instanceKlass java/util/stream/ForEachOps
instanceKlass  @bci com/naqqa/elasticsearch/test/TestRunner main ([Ljava/lang/String;)V 81 <appendix> member <vmtarget> ; # com/naqqa/elasticsearch/test/TestRunner$$Lambda+0x000001bc81001c80
instanceKlass  @cpi com/naqqa/elasticsearch/indices/resize/SplitIndexServiceTest 262 form vmentry <vmtarget> ; # java/lang/invoke/LambdaForm$DMH+0x000001bc81002400
instanceKlass java/util/stream/SortedOps
instanceKlass  @bci java/util/Comparator comparing (Ljava/util/function/Function;)Ljava/util/Comparator; 6 <appendix> member <vmtarget> ; # java/util/Comparator$$Lambda+0x000001bc81044db0
instanceKlass  @bci java/lang/invoke/BootstrapMethodInvoker invoke (Ljava/lang/Class;Ljava/lang/invoke/MethodHandle;Ljava/lang/String;Ljava/lang/Object;Ljava/lang/Object;Ljava/lang/Class;)Ljava/lang/Object; 462 <adapter> ; # java/lang/invoke/LambdaForm$MH+0x000001bc81002000
instanceKlass  @cpi com/naqqa/elasticsearch/ingest/StubScriptService 100 form vmentry <vmtarget> ; # java/lang/invoke/LambdaForm$DMH+0x000001bc81001400
instanceKlass  @bci com/naqqa/elasticsearch/test/TestRunner main ([Ljava/lang/String;)V 66 <appendix> argL0 ; # com/naqqa/elasticsearch/test/TestRunner$$Lambda+0x000001bc81001a48
instanceKlass  @bci com/naqqa/elasticsearch/test/TestRunner main ([Ljava/lang/String;)V 56 <appendix> argL0 ; # com/naqqa/elasticsearch/test/TestRunner$$Lambda+0x000001bc81001800
instanceKlass  @bci java/nio/file/Files walk (Ljava/nio/file/Path;I[Ljava/nio/file/FileVisitOption;)Ljava/util/stream/Stream; 43 <appendix> argL0 ; # java/nio/file/Files$$Lambda+0x000001bc81044b78
instanceKlass  @bci java/nio/file/Files walk (Ljava/nio/file/Path;I[Ljava/nio/file/FileVisitOption;)Ljava/util/stream/Stream; 30 <appendix> member <vmtarget> ; # java/nio/file/Files$$Lambda+0x000001bc81044958
instanceKlass  @cpi javax/crypto/spec/SecretKeySpec 161 form vmentry <vmtarget> ; # java/lang/invoke/LambdaForm$DMH+0x000001bc81001000
instanceKlass java/nio/file/FileTreeWalker$Event
instanceKlass sun/nio/fs/WindowsDirectoryStream$WindowsDirectoryIterator
instanceKlass java/nio/file/FileTreeWalker$DirectoryNode
instanceKlass sun/nio/fs/WindowsDirectoryStream
instanceKlass java/nio/file/DirectoryStream
instanceKlass java/nio/file/Files$AcceptAllFilter
instanceKlass java/nio/file/DirectoryStream$Filter
instanceKlass sun/nio/fs/WindowsNativeDispatcher$CompletionStatus
instanceKlass sun/nio/fs/WindowsNativeDispatcher$AclInformation
instanceKlass sun/nio/fs/WindowsNativeDispatcher$Account
instanceKlass sun/nio/fs/WindowsNativeDispatcher$DiskFreeSpace
instanceKlass sun/nio/fs/WindowsNativeDispatcher$VolumeInformation
instanceKlass sun/nio/fs/WindowsNativeDispatcher$FirstStream
instanceKlass sun/nio/fs/WindowsNativeDispatcher$FirstFile
instanceKlass java/util/Enumeration
instanceKlass java/util/concurrent/ConcurrentHashMap$Traverser
instanceKlass jdk/internal/loader/NativeLibraries$3
instanceKlass jdk/internal/loader/NativeLibrary
instanceKlass java/util/ArrayDeque$DeqIterator
instanceKlass jdk/internal/loader/NativeLibraries$NativeLibraryContext$1
instanceKlass jdk/internal/loader/NativeLibraries$NativeLibraryContext
instanceKlass jdk/internal/loader/NativeLibraries$2
instanceKlass jdk/internal/loader/NativeLibraries$1
instanceKlass jdk/internal/loader/NativeLibraries$LibraryPaths
instanceKlass sun/nio/fs/WindowsNativeDispatcher
instanceKlass sun/nio/fs/NativeBuffer$Deallocator
instanceKlass sun/nio/fs/NativeBuffer
instanceKlass java/lang/ThreadLocal$ThreadLocalMap
instanceKlass java/lang/ThreadLocal
instanceKlass sun/nio/fs/NativeBuffers
instanceKlass sun/nio/fs/WindowsFileAttributes
instanceKlass java/nio/file/attribute/DosFileAttributes
instanceKlass sun/nio/fs/AbstractBasicFileAttributeView
instanceKlass sun/nio/fs/DynamicFileAttributeView
instanceKlass sun/nio/fs/WindowsFileAttributeViews
instanceKlass sun/nio/fs/Util
instanceKlass java/nio/file/attribute/BasicFileAttributeView
instanceKlass java/nio/file/attribute/FileAttributeView
instanceKlass java/nio/file/attribute/AttributeView
instanceKlass java/nio/file/attribute/BasicFileAttributes
instanceKlass java/nio/file/CopyOption
instanceKlass java/nio/file/FileTreeWalker
instanceKlass java/nio/file/FileTreeIterator
instanceKlass java/nio/file/Files
instanceKlass sun/nio/fs/WindowsPath
instanceKlass java/net/URI$Parser
instanceKlass sun/nio/fs/WindowsPathParser$Result
instanceKlass sun/nio/fs/WindowsPathParser
instanceKlass java/nio/file/FileSystem
instanceKlass java/nio/file/OpenOption
instanceKlass java/nio/file/spi/FileSystemProvider
instanceKlass sun/nio/fs/DefaultFileSystemProvider
instanceKlass java/nio/file/FileSystems$DefaultFileSystemHolder$1
instanceKlass java/nio/file/FileSystems$DefaultFileSystemHolder
instanceKlass java/nio/file/FileSystems
instanceKlass java/nio/file/Paths
instanceKlass jdk/internal/misc/PreviewFeatures
instanceKlass jdk/internal/misc/MainMethodFinder
instanceKlass com/naqqa/elasticsearch/test/TestRunner
instanceKlass sun/security/util/Debug
instanceKlass java/security/SecureClassLoader$DebugHolder
instanceKlass java/security/Permission
instanceKlass java/security/Guard
instanceKlass java/security/PermissionCollection
instanceKlass java/security/SecureClassLoader$1
instanceKlass java/io/FileInputStream$1
instanceKlass sun/nio/ByteBuffered
instanceKlass java/lang/Package$VersionInfo
instanceKlass java/lang/NamedPackage
instanceKlass jdk/internal/loader/Resource
instanceKlass jdk/internal/loader/URLClassPath$Loader
instanceKlass jdk/internal/loader/URLClassPath$3
instanceKlass java/security/PrivilegedExceptionAction
instanceKlass sun/net/util/URLUtil
instanceKlass sun/nio/cs/ArrayDecoder
instanceKlass java/nio/charset/CharsetDecoder
instanceKlass sun/launcher/LauncherHelper
instanceKlass jdk/internal/vm/PostVMInitHook$1
instanceKlass jdk/internal/util/EnvUtils
instanceKlass jdk/internal/vm/PostVMInitHook$2
instanceKlass jdk/internal/vm/PostVMInitHook
instanceKlass java/lang/invoke/StringConcatFactory
instanceKlass jdk/internal/module/ModuleBootstrap$SafeModuleFinder
instanceKlass java/nio/charset/CoderResult
instanceKlass java/lang/StringCoding
instanceKlass java/lang/Readable
instanceKlass java/lang/ModuleLayer$Controller
instanceKlass java/util/concurrent/CopyOnWriteArrayList
instanceKlass jdk/internal/module/ServicesCatalog$ServiceProvider
instanceKlass jdk/internal/loader/AbstractClassLoaderValue$Memoizer
instanceKlass jdk/internal/module/ModuleLoaderMap$Modules
instanceKlass jdk/internal/module/ModuleLoaderMap$Mapper
instanceKlass jdk/internal/module/ModuleLoaderMap
instanceKlass java/lang/module/ResolvedModule
instanceKlass java/util/Collections$UnmodifiableCollection$1
instanceKlass java/util/SequencedMap
instanceKlass java/util/SequencedSet
instanceKlass java/lang/ModuleLayer
instanceKlass java/util/ImmutableCollections$ListItr
instanceKlass java/util/ListIterator
instanceKlass java/lang/module/ModuleFinder$1
instanceKlass java/nio/file/Path
instanceKlass java/nio/file/Watchable
instanceKlass java/lang/module/Resolver
instanceKlass java/lang/module/Configuration
instanceKlass  @bci java/util/stream/FindOps$FindSink$OfRef <clinit> ()V 43 <appendix> argL0 ; # java/util/stream/FindOps$FindSink$OfRef$$Lambda+0x80000004d
instanceKlass  @bci java/util/stream/FindOps$FindSink$OfRef <clinit> ()V 38 <appendix> argL0 ; # java/util/stream/FindOps$FindSink$OfRef$$Lambda+0x80000004f
instanceKlass  @bci java/util/stream/FindOps$FindSink$OfRef <clinit> ()V 16 <appendix> argL0 ; # java/util/stream/FindOps$FindSink$OfRef$$Lambda+0x80000004e
instanceKlass  @bci java/util/stream/FindOps$FindSink$OfRef <clinit> ()V 11 <appendix> argL0 ; # java/util/stream/FindOps$FindSink$OfRef$$Lambda+0x800000050
instanceKlass java/util/stream/FindOps$FindOp
instanceKlass java/util/stream/FindOps$FindSink
instanceKlass java/util/stream/FindOps
instanceKlass  @bci jdk/internal/module/DefaultRoots exportsAPI (Ljava/lang/module/ModuleDescriptor;)Z 9 <appendix> argL0 ; # jdk/internal/module/DefaultRoots$$Lambda+0x800000056
instanceKlass java/util/stream/Sink$ChainedReference
instanceKlass java/util/stream/ReduceOps$AccumulatingSink
instanceKlass java/util/stream/TerminalSink
instanceKlass java/util/stream/Sink
instanceKlass java/util/function/Consumer
instanceKlass java/util/stream/ReduceOps$Box
instanceKlass java/util/stream/ReduceOps$ReduceOp
instanceKlass java/util/stream/TerminalOp
instanceKlass java/util/stream/ReduceOps
instanceKlass  @bci java/util/stream/Collectors castingIdentity ()Ljava/util/function/Function; 0 <appendix> argL0 ; # java/util/stream/Collectors$$Lambda+0x800000043
instanceKlass  @bci java/util/stream/Collectors toSet ()Ljava/util/stream/Collector; 14 <appendix> argL0 ; # java/util/stream/Collectors$$Lambda+0x800000041
instanceKlass java/util/function/BinaryOperator
instanceKlass  @bci java/util/stream/Collectors toSet ()Ljava/util/stream/Collector; 9 <appendix> argL0 ; # java/util/stream/Collectors$$Lambda+0x80000003a
instanceKlass java/util/function/BiConsumer
instanceKlass  @bci java/util/stream/Collectors toSet ()Ljava/util/stream/Collector; 4 <appendix> argL0 ; # java/util/stream/Collectors$$Lambda+0x800000046
instanceKlass java/util/stream/Collector
instanceKlass java/util/Collections$UnmodifiableCollection
instanceKlass java/util/stream/Collectors
instanceKlass  @bci jdk/internal/module/DefaultRoots compute (Ljava/lang/module/ModuleFinder;Ljava/lang/module/ModuleFinder;)Ljava/util/Set; 42 <appendix> argL0 ; # jdk/internal/module/DefaultRoots$$Lambda+0x800000053
instanceKlass  @bci jdk/internal/module/DefaultRoots compute (Ljava/lang/module/ModuleFinder;Ljava/lang/module/ModuleFinder;)Ljava/util/Set; 32 <appendix> member <vmtarget> ; # jdk/internal/module/DefaultRoots$$Lambda+0x800000057
instanceKlass  @bci jdk/internal/module/DefaultRoots compute (Ljava/lang/module/ModuleFinder;Ljava/lang/module/ModuleFinder;)Ljava/util/Set; 21 <appendix> argL0 ; # jdk/internal/module/DefaultRoots$$Lambda+0x800000054
instanceKlass java/util/concurrent/ForkJoinPool$ManagedBlocker
instanceKlass java/util/concurrent/locks/AbstractQueuedSynchronizer$Node
instanceKlass java/lang/ref/Cleaner$Cleanable
instanceKlass jdk/internal/ref/CleanerImpl
instanceKlass java/lang/ref/Cleaner$1
instanceKlass java/lang/ref/Cleaner
instanceKlass jdk/internal/ref/CleanerFactory$1
instanceKlass java/util/concurrent/ThreadFactory
instanceKlass jdk/internal/ref/CleanerFactory
instanceKlass  @bci java/util/logging/LogRecord$CallerFinder <clinit> ()V 0 <appendix> form vmentry <vmtarget> ; # java/lang/invoke/LambdaForm$MH+0x000001bc81000800
instanceKlass  @bci jdk/internal/module/DefaultRoots compute (Ljava/lang/module/ModuleFinder;Ljava/lang/module/ModuleFinder;)Ljava/util/Set; 11 <appendix> argL0 ; # jdk/internal/module/DefaultRoots$$Lambda+0x800000055
instanceKlass java/lang/invoke/LambdaProxyClassArchive
instanceKlass java/lang/invoke/InfoFromMemberName
instanceKlass java/lang/invoke/MethodHandleInfo
instanceKlass jdk/internal/org/objectweb/asm/ConstantDynamic
instanceKlass jdk/internal/org/objectweb/asm/Handle
instanceKlass sun/security/action/GetBooleanAction
instanceKlass java/lang/invoke/AbstractValidatingLambdaMetafactory
instanceKlass java/lang/invoke/BootstrapMethodInvoker
instanceKlass java/util/function/Predicate
instanceKlass java/lang/WeakPairMap$Pair$Lookup
instanceKlass java/lang/WeakPairMap$Pair
instanceKlass java/lang/WeakPairMap
instanceKlass java/lang/Module$ReflectionData
instanceKlass java/lang/invoke/LambdaMetafactory
# instanceKlass java/lang/invoke/LambdaForm$MH+0x000001bc81000400
instanceKlass java/lang/invoke/MethodHandles$Lookup$ClassDefiner
instanceKlass java/lang/invoke/MethodHandles$Lookup$ClassFile
instanceKlass jdk/internal/org/objectweb/asm/Handler
instanceKlass jdk/internal/org/objectweb/asm/Attribute
instanceKlass jdk/internal/org/objectweb/asm/FieldVisitor
instanceKlass java/util/ArrayList$Itr
instanceKlass sun/invoke/empty/Empty
instanceKlass sun/invoke/util/VerifyType
instanceKlass java/lang/invoke/InvokerBytecodeGenerator$ClassData
instanceKlass jdk/internal/org/objectweb/asm/AnnotationVisitor
instanceKlass jdk/internal/org/objectweb/asm/Frame
instanceKlass jdk/internal/org/objectweb/asm/Label
instanceKlass jdk/internal/org/objectweb/asm/Type
instanceKlass jdk/internal/org/objectweb/asm/MethodVisitor
instanceKlass sun/invoke/util/BytecodeDescriptor
instanceKlass jdk/internal/org/objectweb/asm/ByteVector
instanceKlass jdk/internal/org/objectweb/asm/Symbol
instanceKlass jdk/internal/org/objectweb/asm/SymbolTable
instanceKlass jdk/internal/org/objectweb/asm/ClassVisitor
instanceKlass java/lang/invoke/LambdaFormBuffer
instanceKlass java/lang/invoke/LambdaFormEditor$TransformKey
instanceKlass java/lang/invoke/LambdaFormEditor
instanceKlass java/lang/invoke/Invokers$Holder
instanceKlass java/lang/invoke/DelegatingMethodHandle$Holder
instanceKlass java/lang/invoke/DirectMethodHandle$2
instanceKlass java/lang/invoke/ClassSpecializer$Factory
instanceKlass java/lang/invoke/ClassSpecializer$SpeciesData
instanceKlass java/lang/invoke/ClassSpecializer$1
instanceKlass java/lang/invoke/ClassSpecializer
instanceKlass java/lang/invoke/InvokerBytecodeGenerator$1
instanceKlass java/lang/invoke/InvokerBytecodeGenerator
instanceKlass java/lang/invoke/LambdaForm$Holder
instanceKlass java/lang/invoke/LambdaForm$Name
instanceKlass java/lang/reflect/Array
instanceKlass java/lang/invoke/Invokers
instanceKlass sun/invoke/util/ValueConversions
instanceKlass java/lang/invoke/DirectMethodHandle$Holder
instanceKlass java/lang/Void
instanceKlass sun/invoke/util/Wrapper$Format
instanceKlass java/lang/invoke/MethodHandleImpl$1
instanceKlass jdk/internal/access/JavaLangInvokeAccess
instanceKlass java/lang/invoke/LambdaForm$NamedFunction
instanceKlass java/lang/invoke/MethodHandleImpl
instanceKlass jdk/internal/reflect/MethodHandleAccessorFactory$LazyStaticHolder
instanceKlass java/lang/invoke/MethodTypeForm
instanceKlass java/lang/invoke/MethodType$ConcurrentWeakInternSet
instanceKlass sun/reflect/annotation/AnnotationParser
instanceKlass java/lang/Class$3
instanceKlass java/lang/PublicMethods$Key
instanceKlass java/lang/PublicMethods$MethodList
instanceKlass java/util/EnumMap$1
instanceKlass java/util/stream/StreamOpFlag$MaskBuilder
instanceKlass java/util/stream/Stream
instanceKlass java/util/stream/BaseStream
instanceKlass java/util/stream/PipelineHelper
instanceKlass java/util/stream/StreamSupport
instanceKlass java/util/Spliterators$IteratorSpliterator
instanceKlass java/util/Spliterator$OfDouble
instanceKlass java/util/Spliterator$OfLong
instanceKlass java/util/Spliterator$OfInt
instanceKlass java/util/Spliterator$OfPrimitive
instanceKlass java/util/Spliterator
instanceKlass java/util/Spliterators$EmptySpliterator
instanceKlass java/util/Spliterators
instanceKlass jdk/internal/module/DefaultRoots
instanceKlass jdk/internal/loader/BuiltinClassLoader$LoadedModule
instanceKlass jdk/internal/loader/AbstractClassLoaderValue
instanceKlass jdk/internal/module/ServicesCatalog
instanceKlass java/util/Deque
instanceKlass java/util/Queue
instanceKlass sun/net/util/IPAddressUtil$MASKS
instanceKlass sun/net/util/IPAddressUtil
instanceKlass java/net/URLStreamHandler
instanceKlass sun/net/www/ParseUtil
instanceKlass java/net/URL$3
instanceKlass jdk/internal/access/JavaNetURLAccess
instanceKlass java/net/URL$DefaultFactory
instanceKlass java/net/URLStreamHandlerFactory
instanceKlass jdk/internal/loader/URLClassPath
instanceKlass java/security/Principal
instanceKlass java/security/ProtectionDomain$Key
instanceKlass java/security/ProtectionDomain$JavaSecurityAccessImpl
instanceKlass jdk/internal/access/JavaSecurityAccess
instanceKlass java/lang/ClassLoader$ParallelLoaders
instanceKlass java/security/cert/Certificate
instanceKlass jdk/internal/loader/ArchivedClassLoaders
instanceKlass java/util/concurrent/ConcurrentHashMap$CollectionView
instanceKlass jdk/internal/loader/ClassLoaderHelper
instanceKlass jdk/internal/loader/NativeLibraries
instanceKlass java/lang/Module$EnableNativeAccess
instanceKlass jdk/internal/loader/BootLoader
instanceKlass java/util/Optional
instanceKlass jdk/internal/module/SystemModuleFinders$SystemModuleFinder
instanceKlass java/lang/module/ModuleFinder
instanceKlass jdk/internal/module/SystemModuleFinders$3
instanceKlass jdk/internal/module/ModuleHashes$HashSupplier
instanceKlass jdk/internal/module/SystemModuleFinders$2
instanceKlass java/util/function/Supplier
instanceKlass java/lang/module/ModuleReference
instanceKlass jdk/internal/module/ModuleResolution
instanceKlass java/util/Collections$UnmodifiableMap
instanceKlass jdk/internal/module/ModuleHashes$Builder
instanceKlass jdk/internal/module/ModuleHashes
instanceKlass jdk/internal/module/ModuleTarget
instanceKlass java/util/ImmutableCollections$Set12$1
instanceKlass java/lang/reflect/AccessFlag$18
instanceKlass java/lang/reflect/AccessFlag$17
instanceKlass java/lang/reflect/AccessFlag$16
instanceKlass java/lang/reflect/AccessFlag$15
instanceKlass java/lang/reflect/AccessFlag$14
instanceKlass java/lang/reflect/AccessFlag$13
instanceKlass java/lang/reflect/AccessFlag$12
instanceKlass java/lang/reflect/AccessFlag$11
instanceKlass java/lang/reflect/AccessFlag$10
instanceKlass java/lang/reflect/AccessFlag$9
instanceKlass java/lang/reflect/AccessFlag$8
instanceKlass java/lang/reflect/AccessFlag$7
instanceKlass java/lang/reflect/AccessFlag$6
instanceKlass java/lang/reflect/AccessFlag$5
instanceKlass java/lang/reflect/AccessFlag$4
instanceKlass java/lang/reflect/AccessFlag$3
instanceKlass java/lang/reflect/AccessFlag$2
instanceKlass java/lang/reflect/AccessFlag$1
instanceKlass java/lang/module/ModuleDescriptor$Version
instanceKlass java/lang/module/ModuleDescriptor$Provides
instanceKlass java/lang/module/ModuleDescriptor$Opens
instanceKlass java/util/ImmutableCollections$SetN$SetNIterator
instanceKlass java/lang/module/ModuleDescriptor$Exports
instanceKlass java/lang/module/ModuleDescriptor$Requires
instanceKlass jdk/internal/module/Builder
instanceKlass jdk/internal/module/SystemModules$all
instanceKlass jdk/internal/module/SystemModules
instanceKlass jdk/internal/module/SystemModulesMap
instanceKlass java/net/URI$1
instanceKlass jdk/internal/access/JavaNetUriAccess
instanceKlass java/net/URI
instanceKlass jdk/internal/module/SystemModuleFinders
instanceKlass jdk/internal/module/ArchivedModuleGraph
instanceKlass jdk/internal/module/ArchivedBootLayer
instanceKlass jdk/internal/module/ModuleBootstrap$Counters
instanceKlass jdk/internal/module/ModulePatcher
instanceKlass java/io/FileSystem
instanceKlass java/io/DefaultFileSystem
instanceKlass java/io/File
instanceKlass java/lang/module/ModuleDescriptor$1
instanceKlass jdk/internal/access/JavaLangModuleAccess
instanceKlass sun/invoke/util/VerifyAccess
instanceKlass java/util/KeyValueHolder
instanceKlass java/util/ImmutableCollections$MapN$MapNIterator
instanceKlass java/lang/StrictMath
instanceKlass java/lang/invoke/MethodHandles$Lookup
instanceKlass java/lang/invoke/MemberName$Factory
instanceKlass java/lang/invoke/MethodHandles
instanceKlass java/lang/module/ModuleDescriptor
instanceKlass jdk/internal/module/ModuleBootstrap
instanceKlass java/lang/Character$CharacterCache
instanceKlass java/util/HexFormat
instanceKlass jdk/internal/util/ClassFileDumper
instanceKlass sun/security/action/GetPropertyAction
instanceKlass java/lang/invoke/MethodHandleStatics
instanceKlass java/util/concurrent/locks/AbstractQueuedSynchronizer$ConditionObject
instanceKlass java/util/concurrent/locks/Condition
instanceKlass jdk/internal/misc/Blocker
instanceKlass java/util/Collections
instanceKlass java/lang/Thread$ThreadIdentifiers
instanceKlass sun/io/Win32ErrorMode
instanceKlass jdk/internal/misc/OSEnvironment
instanceKlass java/lang/Integer$IntegerCache
instanceKlass jdk/internal/misc/Signal$NativeHandler
instanceKlass java/util/Hashtable$Entry
instanceKlass jdk/internal/misc/Signal
instanceKlass java/lang/Terminator$1
instanceKlass jdk/internal/misc/Signal$Handler
instanceKlass java/lang/Terminator
instanceKlass java/nio/ByteOrder
instanceKlass java/nio/Buffer$2
instanceKlass jdk/internal/access/JavaNioAccess
instanceKlass java/nio/Buffer$1
instanceKlass jdk/internal/misc/ScopedMemoryAccess
instanceKlass java/nio/charset/CodingErrorAction
instanceKlass sun/nio/cs/SingleByte
instanceKlass java/lang/StringUTF16
instanceKlass sun/nio/cs/MS1252$Holder
instanceKlass sun/nio/cs/ArrayEncoder
instanceKlass java/nio/charset/CharsetEncoder
instanceKlass java/io/Writer
instanceKlass java/io/PrintStream$1
instanceKlass jdk/internal/access/JavaIOPrintStreamAccess
instanceKlass jdk/internal/misc/InternalLock
instanceKlass java/io/OutputStream
instanceKlass java/io/Flushable
instanceKlass java/io/FileDescriptor$1
instanceKlass jdk/internal/access/JavaIOFileDescriptorAccess
instanceKlass java/io/FileDescriptor
instanceKlass jdk/internal/util/StaticProperty
instanceKlass jdk/internal/reflect/MethodHandleAccessorFactory
instanceKlass java/lang/reflect/Modifier
instanceKlass java/lang/Class$1
instanceKlass java/lang/Class$Atomic
instanceKlass java/lang/Class$ReflectionData
instanceKlass java/nio/charset/StandardCharsets
instanceKlass sun/nio/cs/HistoricallyNamedCharset
instanceKlass java/nio/charset/spi/CharsetProvider
instanceKlass java/nio/charset/Charset
instanceKlass java/util/HashMap$HashIterator
instanceKlass java/util/concurrent/locks/LockSupport
instanceKlass java/util/concurrent/ConcurrentHashMap$Node
instanceKlass java/util/concurrent/ConcurrentHashMap$CounterCell
instanceKlass java/util/concurrent/locks/ReentrantLock
instanceKlass java/util/concurrent/locks/Lock
instanceKlass java/lang/CharacterData
instanceKlass java/util/Arrays
instanceKlass jdk/internal/util/Preconditions$3
instanceKlass jdk/internal/util/Preconditions$2
instanceKlass jdk/internal/util/Preconditions$4
instanceKlass java/util/function/BiFunction
instanceKlass jdk/internal/util/Preconditions$1
instanceKlass java/util/function/Function
instanceKlass jdk/internal/util/Preconditions
instanceKlass java/lang/Runtime
instanceKlass java/lang/VersionProps
instanceKlass java/lang/StringConcatHelper
instanceKlass java/util/HashMap$Node
instanceKlass java/util/Map$Entry
instanceKlass jdk/internal/util/ArraysSupport
instanceKlass jdk/internal/util/SystemProps$Raw
instanceKlass jdk/internal/util/SystemProps
instanceKlass java/lang/System$2
instanceKlass jdk/internal/access/JavaLangAccess
instanceKlass java/lang/ref/NativeReferenceQueue$Lock
instanceKlass java/lang/ref/ReferenceQueue
instanceKlass java/lang/ref/Reference$1
instanceKlass jdk/internal/access/JavaLangRefAccess
instanceKlass jdk/internal/reflect/ReflectionFactory
instanceKlass java/lang/Math
instanceKlass java/lang/StringLatin1
instanceKlass jdk/internal/reflect/Reflection
instanceKlass jdk/internal/reflect/ReflectionFactory$GetReflectionFactoryAction
instanceKlass java/security/PrivilegedAction
instanceKlass jdk/internal/access/SharedSecrets
instanceKlass java/lang/reflect/ReflectAccess
instanceKlass jdk/internal/access/JavaLangReflectAccess
instanceKlass java/util/ImmutableCollections
instanceKlass java/util/Objects
instanceKlass java/util/Set
instanceKlass jdk/internal/misc/CDS
instanceKlass java/lang/Module$ArchivedData
instanceKlass jdk/internal/misc/VM
instanceKlass java/lang/String$CaseInsensitiveComparator
instanceKlass java/util/Comparator
instanceKlass java/io/ObjectStreamField
instanceKlass jdk/internal/vm/FillerObject
instanceKlass jdk/internal/vm/vector/VectorSupport$VectorPayload
instanceKlass jdk/internal/vm/vector/VectorSupport
instanceKlass java/lang/reflect/RecordComponent
instanceKlass java/util/Iterator
instanceKlass java/lang/Number
instanceKlass java/lang/Character
instanceKlass java/lang/Boolean
instanceKlass java/util/concurrent/locks/AbstractOwnableSynchronizer
instanceKlass java/lang/LiveStackFrame
instanceKlass java/lang/StackFrameInfo
instanceKlass java/lang/StackWalker$StackFrame
instanceKlass java/lang/StackStreamFactory$AbstractStackWalker
instanceKlass java/lang/StackWalker
instanceKlass java/nio/Buffer
instanceKlass java/lang/StackTraceElement
instanceKlass java/util/RandomAccess
instanceKlass java/util/List
instanceKlass java/util/SequencedCollection
instanceKlass java/util/AbstractCollection
instanceKlass java/util/Collection
instanceKlass java/lang/Iterable
instanceKlass java/util/concurrent/ConcurrentMap
instanceKlass java/util/AbstractMap
instanceKlass java/security/CodeSource
instanceKlass jdk/internal/loader/ClassLoaders
instanceKlass java/util/jar/Manifest
instanceKlass java/lang/Enum
instanceKlass java/net/URL
instanceKlass java/io/InputStream
instanceKlass java/io/Closeable
instanceKlass java/lang/AutoCloseable
instanceKlass jdk/internal/module/Modules
instanceKlass jdk/internal/misc/Unsafe
instanceKlass jdk/internal/misc/UnsafeConstants
instanceKlass java/lang/AbstractStringBuilder
instanceKlass java/lang/Appendable
instanceKlass java/lang/AssertionStatusDirectives
instanceKlass java/lang/invoke/MethodHandleNatives$CallSiteContext
instanceKlass jdk/internal/foreign/abi/ABIDescriptor
instanceKlass jdk/internal/foreign/abi/NativeEntryPoint
instanceKlass java/lang/invoke/CallSite
instanceKlass java/lang/invoke/MethodType
instanceKlass java/lang/invoke/TypeDescriptor$OfMethod
instanceKlass java/lang/invoke/LambdaForm
instanceKlass java/lang/invoke/MethodHandleNatives
instanceKlass java/lang/invoke/ResolvedMethodName
instanceKlass java/lang/invoke/MemberName
instanceKlass java/lang/invoke/VarHandle
instanceKlass java/lang/invoke/MethodHandle
instanceKlass jdk/internal/reflect/CallerSensitive
instanceKlass java/lang/annotation/Annotation
instanceKlass jdk/internal/reflect/FieldAccessor
instanceKlass jdk/internal/reflect/ConstantPool
instanceKlass jdk/internal/reflect/ConstructorAccessor
instanceKlass jdk/internal/reflect/MethodAccessor
instanceKlass jdk/internal/reflect/MagicAccessorImpl
instanceKlass jdk/internal/vm/StackChunk
instanceKlass jdk/internal/vm/Continuation
instanceKlass jdk/internal/vm/ContinuationScope
instanceKlass java/lang/reflect/Parameter
instanceKlass java/lang/reflect/Member
instanceKlass java/lang/reflect/AccessibleObject
instanceKlass java/lang/Module
instanceKlass java/util/Map
instanceKlass java/util/Dictionary
instanceKlass java/lang/ThreadGroup
instanceKlass java/lang/Thread$UncaughtExceptionHandler
instanceKlass java/lang/Thread$Constants
instanceKlass java/lang/Thread$FieldHolder
instanceKlass java/lang/Thread
instanceKlass java/lang/Runnable
instanceKlass java/lang/ref/Reference
instanceKlass java/lang/Record
instanceKlass java/security/AccessController
instanceKlass java/security/AccessControlContext
instanceKlass java/security/ProtectionDomain
instanceKlass java/lang/SecurityManager
instanceKlass java/lang/Throwable
instanceKlass java/lang/System
instanceKlass java/lang/ClassLoader
instanceKlass java/lang/Cloneable
instanceKlass java/lang/Class
instanceKlass java/lang/invoke/TypeDescriptor$OfField
instanceKlass java/lang/invoke/TypeDescriptor
instanceKlass java/lang/reflect/Type
instanceKlass java/lang/reflect/GenericDeclaration
instanceKlass java/lang/reflect/AnnotatedElement
instanceKlass java/lang/String
instanceKlass java/lang/constant/ConstantDesc
instanceKlass java/lang/constant/Constable
instanceKlass java/lang/CharSequence
instanceKlass java/lang/Comparable
instanceKlass java/io/Serializable
ciInstanceKlass java/lang/Object 1 1 124 7 1 10 12 1 1 10 7 12 1 1 1 10 7 12 1 1 1 10 12 1 1 8 1 10 12 1 1 10 7 12 1 1 1 10 12 1 10 12 1 1 10 7 12 1 1 1 10 12 1 10 12 1 7 1 10 7 12 1 1 1 10 12 1 1 10 12 1 100 1 8 1 10 12 1 3 8 1 7 1 5 0 1 1 1 1 1 1 1 1 1 1 1 1 1 1 1 1 100 1 1 1 1 1 1 1 1 1 1 7 1 1 1 1 1 1 1 1 1 1 3 1 1
ciMethod java/lang/Object clone ()Ljava/lang/Object; 512 0 256 0 -1
ciInstanceKlass java/io/Serializable 1 0 7 100 1 100 1 1 1
ciInstanceKlass java/lang/System 1 1 834 10 7 12 1 1 1 9 7 12 1 1 1 10 12 1 10 12 1 1 10 12 1 1 10 12 1 9 12 1 1 10 7 12 1 1 1 11 100 12 1 1 1 10 100 12 1 1 1 10 12 1 1 10 12 1 1 100 1 8 1 10 12 1 10 7 12 1 1 1 10 7 12 1 1 1 18 12 1 1 10 7 12 1 1 1 7 1 10 12 1 1 10 7 12 1 1 1 10 12 1 10 7 12 1 1 1 9 100 12 1 1 1 10 7 12 1 1 1 11 7 12 1 1 1 10 12 1 1 10 7 12 1 1 1 7 1 10 10 12 1 1 8 1 10 12 1 8 1 10 12 1 9 12 1 1 8 1 10 7 12 1 1 1 10 12 1 1 100 1 8 1 10 9 12 1 1 8 1 10 12 1 1 10 100 12 1 1 1 8 1 10 12 1 7 1 10 12 1 8 1 10 12 1 10 12 1 1 100 1 10 12 10 12 1 9 12 1 1 9 12 1 1 10 7 12 1 1 1 10 7 12 1 1 1 10 12 1 1 10 12 1 10 12 1 10 7 12 1 1 1 10 12 1 100 1 100 1 8 1 10 12 1 10 12 1 1 7 1 10 12 1 100 1 8 1 10 10 12 1 100 1 8 1 10 8 1 10 7 12 1 1 8 1 10 12 100 1 8 1 10 10 12 1 1 10 7 12 1 1 1 100 1 18 12 1 100 1 9 100 12 1 1 1 10 12 1 100 1 10 12 1 1 10 12 1 1 10 7 12 1 1 1 10 12 1 1 10 12 1 10 12 1 10 12 1 1 10 12 1 7 1 10 12 1 9 7 12 1 1 1 10 7 12 1 1 1 10 12 1 10 12 1 10 7 12 1 1 1 7 1 8 1 10 9 12 1 9 12 1 10 12 1 10 7 12 1 1 10 12 1 10 12 1 1 8 1 10 12 1 1 8 1 11 12 1 10 12 11 12 1 1 11 7 12 1 1 1 11 7 12 1 1 11 12 1 1 7 1 11 12 1 10 12 1 8 1 10 12 1 1 8 1 8 1 8 1 8 1 11 12 1 10 12 1 10 12 1 10 12 1 8 1 10 12 1 1 8 1 9 12 1 8 1 10 7 12 1 1 8 1 7 1 9 7 12 1 1 1 10 12 1 7 1 9 12 10 9 12 7 1 10 12 9 12 1 1 8 1 10 12 1 1 8 1 10 7 12 1 1 10 12 1 10 12 1 1 11 7 12 1 1 10 12 10 7 12 1 1 1 9 12 1 1 7 1 8 1 10 12 1 1 10 7 12 1 1 1 7 1 10 12 1 1 10 12 1 8 1 8 1 10 8 1 8 1 8 1 8 1 10 10 7 12 1 1 10 12 1 10 12 1 1 10 12 1 1 10 12 1 10 100 12 1 1 1 10 7 1 8 1 10 10 10 12 1 1 10 12 1 1 8 1 10 12 1 8 1 8 1 10 12 1 10 7 12 1 1 1 10 12 1 1 7 1 10 10 12 1 10 12 1 9 12 1 1 3 1 3 1 1 1 1 1 1 1 1 1 1 1 1 100 1 1 100 1 1 1 1 1 1 1 1 1 1 1 100 1 7 1 1 1 1 1 1 1 1 1 1 1 1 1 1 1 1 1 1 1 1 1 1 1 1 1 1 1 1 1 1 1 1 1 1 1 1 1 1 1 1 1 1 1 1 1 1 1 1 1 1 1 1 1 1 1 1 1 1 100 1 1 1 1 1 1 1 1 1 1 1 1 1 1 1 1 1 1 1 1 1 1 1 1 1 1 1 1 1 1 1 1 1 100 1 1 16 15 10 12 1 1 16 15 10 12 16 1 15 10 100 12 1 1 1 1 1 1 1 1 1 100 1 100 1 1
staticfield java/lang/System in Ljava/io/InputStream; java/io/BufferedInputStream
staticfield java/lang/System out Ljava/io/PrintStream; java/io/PrintStream
staticfield java/lang/System err Ljava/io/PrintStream; java/io/PrintStream
ciInstanceKlass java/lang/SecurityManager 0 0 576 10 7 12 1 1 1 9 7 12 1 1 1 10 7 12 1 1 1 100 1 8 1 10 12 1 10 12 1 1 10 7 12 1 1 1 10 7 1 10 100 1 10 9 100 12 1 1 1 10 7 12 1 1 1 10 12 1 1 10 7 12 1 1 100 1 8 1 10 9 12 1 1 9 12 1 8 1 9 12 1 7 1 10 8 1 10 12 1 1 10 12 1 10 12 1 1 100 1 10 10 12 1 1 100 1 8 1 10 12 1 8 1 8 1 8 1 8 1 8 1 8 1 10 12 1 8 1 8 1 8 1 8 1 8 1 10 7 12 1 1 1 10 12 1 1 8 1 100 1 8 1 10 8 1 8 1 8 1 8 1 8 1 10 100 12 1 1 8 1 100 1 8 1 8 1 10 8 1 10 12 1 100 1 8 1 10 10 12 1 1 10 12 1 10 12 1 10 12 1 10 100 12 1 1 1 10 12 1 10 100 12 1 1 11 100 12 1 1 1 18 12 1 1 11 100 12 1 1 1 18 12 1 1 11 12 1 1 18 18 11 12 1 18 12 1 11 12 1 1 9 12 1 1 9 12 1 9 12 1 9 12 1 100 1 10 100 12 1 1 10 12 1 10 12 1 18 12 1 18 10 100 12 1 1 1 18 12 1 10 12 1 18 18 8 1 10 12 1 9 12 1 1 11 7 12 1 1 1 8 1 100 1 10 12 1 10 12 1 1 10 12 1 1 9 12 1 1 10 12 1 10 12 1 1 8 1 100 1 10 9 12 1 8 1 10 12 1 8 1 100 1 10 10 100 12 1 1 10 100 1 9 7 12 1 1 1 11 12 1 1 10 12 1 11 12 1 10 12 1 7 1 10 10 12 1 1 10 12 1 1 1 1 1 1 1 1 1 1 1 7 1 1 1 1 1 1 1 1 1 1 1 1 1 1 1 1 1 1 1 1 1 1 1 1 1 1 1 1 1 1 1 1 1 1 1 1 1 1 1 1 1 1 1 1 1 1 1 1 1 1 1 1 1 1 1 1 3 1 1 1 1 1 1 1 1 1 1 100 1 1 1 1 1 1 1 1 1 1 1 1 1 1 1 1 1 1 1 1 1 1 1 1 1 1 1 1 1 1 1 1 1 1 1 1 1 1 16 15 10 7 12 1 1 1 16 1 16 15 10 12 16 1 15 10 12 16 15 11 7 1 16 1 16 1 15 10 12 16 15 10 12 16 15 10 12 1 16 1 15 11 12 1 15 10 12 16 15 10 16 1 15 10 100 12 1 1 1 1 1 1 100 1 100 1 1
ciInstanceKlass java/security/AccessController 1 1 295 10 7 12 1 1 1 10 7 12 1 1 1 10 7 12 1 1 1 10 12 1 1 10 12 1 1 10 7 12 1 1 1 10 12 1 1 10 12 1 10 12 1 1 10 12 1 100 1 8 1 10 12 1 10 12 1 10 12 1 1 10 12 1 7 1 7 1 10 12 1 1 10 12 1 10 12 1 10 12 1 1 10 7 12 1 1 1 10 12 1 1 9 100 12 1 1 1 10 7 12 1 1 1 10 12 1 10 12 1 9 100 12 1 1 1 10 12 1 10 12 1 1 9 12 1 1 10 100 1 10 11 7 12 1 1 1 10 7 12 1 1 11 7 1 100 1 10 12 1 10 12 1 10 12 1 8 1 10 12 1 1 8 1 10 100 12 1 1 1 8 1 7 1 10 10 12 1 1 10 12 1 10 7 12 1 1 1 10 12 1 8 1 10 7 12 1 1 8 1 8 1 10 12 1 8 1 10 12 1 10 12 1 1 10 12 1 1 1 1 1 1 1 1 1 1 1 1 1 1 1 1 1 1 1 1 1 1 1 1 1 1 1 1 100 1 1 1 1 1 1 1 1 1 1 1 1 1 1 1 1 1 1 1 1 1 1 1 1 1 1 1 1 1 1 1 1 1 1 100 1 100 1 1 1 1 1 1 1 1 1 3 1 1 1
staticfield java/security/AccessController $assertionsDisabled Z 1
ciInstanceKlass java/security/ProtectionDomain 1 1 348 10 7 12 1 1 1 9 7 12 1 1 1 7 1 10 9 12 1 1 9 12 1 1 9 12 1 1 10 7 12 1 1 7 1 9 12 1 9 12 1 1 7 1 9 12 1 1 9 12 1 10 100 12 1 1 10 100 12 1 1 1 10 12 1 1 10 12 1 9 12 1 9 100 12 1 1 10 12 1 1 10 100 1 10 12 1 1 8 1 7 1 8 1 10 12 1 10 11 10 7 12 1 1 1 10 12 1 1 8 1 11 8 1 10 12 1 8 1 8 1 10 12 1 1 10 12 1 10 12 1 1 10 12 1 8 1 10 12 1 8 1 8 1 10 7 12 1 1 1 9 100 12 1 1 1 10 12 1 1 9 100 12 1 1 1 10 7 12 1 1 1 100 1 18 12 1 1 10 7 12 1 1 1 10 7 1 10 12 1 10 12 1 1 11 100 12 1 1 11 12 1 100 1 11 7 12 1 1 1 10 12 1 10 11 12 1 1 11 12 1 1 10 12 1 10 7 12 1 1 10 100 12 1 1 11 12 1 10 12 10 12 1 8 1 8 1 10 7 12 1 1 1 7 1 10 10 7 12 1 1 1 1 1 1 1 1 1 1 7 1 1 7 1 1 1 1 1 1 1 1 1 1 1 1 1 1 1 1 1 1 1 1 1 1 1 1 1 1 1 1 1 1 1 1 1 1 1 1 1 1 1 1 1 1 1 1 7 1 1 1 1 1 1 100 1 1 16 15 10 12 16 15 10 100 12 1 1 1 1 1 1 1 100 1 100 1 1
staticfield java/security/ProtectionDomain filePermCompatInPD Z 0
ciInstanceKlass java/security/CodeSource 1 1 398 10 7 12 1 1 1 9 7 12 1 1 1 9 12 1 1 9 12 1 1 9 12 1 1 10 7 12 1 1 1 9 12 1 1 10 100 12 1 1 10 100 10 7 12 1 1 1 10 100 12 1 1 1 10 12 1 1 7 1 10 10 100 12 1 1 1 10 100 12 1 1 1 10 12 1 1 100 1 10 12 1 1 10 12 1 1 10 12 1 1 10 12 1 10 10 10 12 1 1 10 7 12 1 1 1 10 12 1 10 12 1 10 12 1 8 1 10 12 1 10 12 1 10 12 1 1 10 12 1 8 1 10 12 1 1 10 7 1 10 10 12 1 1 8 1 10 12 1 10 12 1 10 12 1 8 1 8 1 9 12 1 1 100 1 8 1 10 12 1 10 12 1 1 8 1 10 12 1 8 1 8 1 8 1 10 100 12 1 1 10 12 1 1 10 12 1 10 12 1 1 10 12 1 1 10 12 1 1 100 1 100 1 10 12 1 10 12 10 12 1 1 10 100 12 1 1 10 12 1 7 1 10 12 10 100 12 1 1 1 10 8 1 10 12 1 10 12 1 10 12 1 1 100 1 10 12 1 1 100 1 7 1 8 1 8 1 10 10 12 1 1 10 100 12 1 1 1 7 1 10 12 10 12 1 1 11 7 12 1 1 10 10 12 1 11 10 12 1 8 1 100 1 10 12 1 10 12 1 1 10 12 1 11 12 1 1 7 1 1 1 1 5 0 1 1 1 1 1 1 1 1 1 1 1 1 1 1 1 1 1 1 1 1 1 1 1 1 1 1 1 1 1 1 1 1 1 1 1 1 1 1 1 1 1 1 1 1 1 1 1 1 1 1 1 1 1 1 1 1 1 1 1 1 1 1 1 1 1 1 100 1 1 1 1 1 1 1
ciInstanceKlass java/lang/Boolean 1 1 152 10 7 12 1 1 1 9 7 12 1 1 1 10 12 1 1 10 12 1 8 1 10 7 12 1 1 9 12 1 1 9 12 1 10 12 1 1 10 12 1 1 10 12 1 1 10 7 12 1 1 1 100 1 100 1 10 12 1 1 9 100 12 1 1 9 12 10 100 12 1 1 1 10 12 1 1 8 1 10 7 12 1 1 1 9 12 1 1 7 1 7 1 7 1 1 1 1 1 1 5 0 1 1 1 1 1 1 1 1 1 1 3 1 1 1 1 1 1 1 1 1 1 1 1 1 1 1 1 1 1 7 1 1 1 1 1 1 1 1 1 1 100 1 1 1 1 1 1 1 1 1
staticfield java/lang/Boolean TRUE Ljava/lang/Boolean; java/lang/Boolean
staticfield java/lang/Boolean FALSE Ljava/lang/Boolean; java/lang/Boolean
staticfield java/lang/Boolean TYPE Ljava/lang/Class; java/lang/Class
ciInstanceKlass java/lang/Comparable 1 0 12 100 1 100 1 1 1 1 1 1 1 1
ciInstanceKlass java/lang/constant/Constable 1 0 11 100 1 100 1 1 1 1 1 1 1
ciInstanceKlass java/util/Map 1 1 263 11 7 12 1 1 1 11 12 1 1 10 7 12 1 1 11 12 1 1 11 7 12 1 1 1 11 7 12 1 1 1 11 12 1 1 7 1 11 12 1 11 12 1 100 1 100 1 10 12 1 1 11 7 12 1 1 1 11 100 12 1 1 1 11 12 1 11 12 1 10 12 1 1 11 12 1 11 7 12 1 9 7 12 1 1 1 7 1 10 12 7 1 7 1 10 12 1 7 1 10 7 1 11 12 1 11 12 1 1 11 12 1 1 7 1 11 12 1 1 1 1 1 1 1 1 1 1 1 1 1 1 1 1 1 1 1 1 1 1 1 1 1 1 1 1 1 1 1 1 1 1 1 1 1 1 1 1 1 1 1 1 1 1 1 1 1 1 1 1 1 1 1 1 1 1 1 1 1 1 1 1 1 1 1 1 1 1 1 1 1 1 1 1 1 1 1 1 1 1 1 1 1 1 1 1 1 1 1 1 1 1 1 1 1 1 1 1 1 1 1 1 1 1 1 1 1 1 1 1 1 1 1 1 1 1 1 1 1 1 1 1 1 1 100 1 1 1 1 1 1 1 1 1 1 1 1 1 1 1 1 1 1
ciInstanceKlass java/lang/Class 1 1 1698 10 7 12 1 1 1 9 7 12 1 1 1 9 12 1 1 10 12 1 1 8 1 10 12 1 8 1 8 1 10 12 1 1 10 7 12 1 1 1 10 12 1 7 1 10 10 12 1 10 12 1 1 10 12 1 1 10 12 1 1 10 7 12 1 1 10 12 1 10 12 1 10 12 1 8 1 10 12 1 8 1 10 12 1 8 1 8 1 10 12 1 1 10 100 12 1 1 1 18 12 1 1 11 100 12 1 1 1 8 1 8 1 8 1 10 100 12 1 1 1 11 12 1 1 8 1 10 12 1 10 11 100 12 1 1 1 11 7 12 1 1 1 11 8 1 18 8 1 10 12 1 10 7 12 1 1 10 12 1 1 10 7 12 1 1 1 10 12 1 1 10 12 1 1 10 7 12 1 1 1 10 12 9 100 12 1 1 1 10 7 12 1 1 1 10 12 1 10 7 12 1 1 1 10 12 1 1 18 12 1 1 10 7 12 1 1 1 10 7 12 1 10 12 1 1 10 7 1 7 1 10 12 1 1 9 12 1 1 100 1 8 1 10 12 1 10 12 1 1 10 12 1 1 10 7 12 1 1 1 7 1 10 12 1 100 1 100 1 10 10 12 1 1 10 12 1 1 100 1 10 7 12 1 1 1 10 12 1 1 10 12 1 1 9 12 1 1 10 12 1 10 12 1 1 9 12 1 1 9 12 1 1 10 12 1 1 10 7 1 10 12 1 10 12 1 10 12 1 1 10 9 12 1 10 12 1 8 1 10 12 1 1 10 12 1 1 10 12 1 10 12 1 1 10 12 1 1 10 12 1 1 9 7 12 1 1 1 10 7 12 1 1 10 12 10 12 1 10 12 1 10 12 1 10 12 1 9 100 12 1 1 1 9 12 1 10 12 1 10 100 12 1 1 1 10 12 1 1 10 100 12 1 1 10 12 1 10 12 1 1 10 100 12 1 1 1 10 12 1 10 12 1 1 10 12 1 10 12 1 10 12 1 1 10 7 1 10 10 10 12 1 1 10 12 1 1 10 12 10 10 12 1 1 7 1 8 1 10 10 12 1 1 10 12 1 100 1 11 12 1 10 100 12 1 1 10 12 1 10 12 1 10 100 12 1 1 10 10 12 1 1 8 1 10 12 1 10 12 1 1 8 1 10 12 1 9 12 1 10 12 1 10 12 1 10 12 1 10 12 7 1 9 12 1 10 12 1 9 12 1 10 12 1 10 12 1 10 12 1 10 10 12 1 10 12 1 10 7 12 1 1 10 12 1 10 12 1 10 12 1 1 10 12 1 10 12 1 10 12 1 100 1 10 12 1 10 12 1 1 10 12 1 1 10 12 1 1 10 12 1 1 10 12 1 1 10 12 1 1 100 1 10 10 12 1 1 10 12 1 1 10 12 1 1 10 10 12 1 10 12 1 1 10 12 1 1 10 12 1 1 10 12 1 1 7 1 10 10 12 11 7 12 1 1 10 12 1 10 12 1 10 7 12 1 1 1 10 12 1 1 10 10 12 1 1 7 1 10 10 12 1 1 10 7 12 1 1 1 100 1 100 1 10 12 1 1 10 12 1 10 10 12 1 1 10 12 1 10 12 1 10 12 1 10 100 12 1 1 1 11 100 12 1 1 10 12 1 10 12 1 9 12 1 10 12 1 1 10 12 1 9 12 1 1 7 1 10 9 12 1 1 10 12 7 1 10 12 1 9 12 1 10 100 12 1 1 1 10 12 1 10 12 1 10 100 12 1 1 1 10 12 1 10 12 10 12 1 1 100 1 10 8 1 10 12 1 11 11 12 1 1 11 7 12 1 1 11 12 1 8 1 10 12 1 10 12 1 1 9 12 1 9 12 1 1 10 7 12 1 1 9 12 1 10 12 1 1 10 10 12 1 10 7 12 1 1 1 10 7 12 1 1 10 7 12 1 1 9 12 1 1 10 12 1 9 12 1 10 12 1 10 12 1 1 9 12 1 1 9 12 1 10 12 1 10 12 1 1 9 12 1 7 1 10 10 12 1 1 7 1 10 12 1 1 7 11 7 1 9 12 1 1 9 12 1 7 1 10 12 1 9 12 1 1 9 12 1 10 12 1 10 12 1 1 9 12 1 7 1 10 10 12 1 1 10 10 12 1 10 12 10 10 12 1 9 12 1 10 12 1 1 10 7 12 1 1 1 10 12 1 1 10 12 1 8 10 7 8 1 18 8 1 8 1 10 12 1 9 12 1 9 12 1 1 10 12 1 7 1 7 1 10 12 1 9 12 1 1 7 1 10 10 12 1 10 7 1 9 12 1 8 1 10 12 1 7 1 10 12 1 10 12 1 1 100 1 7 1 9 12 1 100 1 8 1 10 10 7 12 1 1 1 10 12 11 7 12 1 1 1 10 12 1 10 12 1 1 10 8 1 8 1 10 12 1 1 9 100 12 1 1 11 12 7 1 11 7 12 1 1 9 12 1 10 100 12 1 1 1 10 100 12 1 1 10 12 1 1 9 12 1 9 10 12 1 1 10 12 1 1 10 12 1 1 10 12 1 1 10 12 1 1 11 12 1 100 1 11 12 1 10 100 12 1 1 1 10 12 1 11 12 1 10 100 12 1 1 1 10 12 1 10 100 12 1 1 1 11 12 1 11 12 1 1 10 12 1 10 12 1 1 9 12 1 1 9 100 12 1 1 10 12 1 10 100 12 1 1 1 10 12 1 1 10 12 1 10 12 1 10 12 1 10 7 12 1 1 1 10 12 1 8 1 10 12 1 10 12 1 10 12 1 100 1 10 12 10 100 12 1 1 1 11 100 12 1 1 1 10 12 1 1 10 12 1 18 12 1 1 11 12 1 1 18 11 12 1 18 12 1 11 12 1 10 12 1 1 10 12 1 10 12 1 10 12 1 10 12 1 10 12 10 12 1 8 1 10 12 1 7 1 9 12 1 1 7 1 7 1 7 1 7 1 1 1 3 1 3 1 3 1 1 1 1 1 1 1 5 0 1 1 1 1 1 1 1 1 1 1 1 1 1 1 1 1 1 1 1 1 1 1 1 1 100 1 1 1 1 1 1 1 100 1 1 1 1 1 7 1 1 1 1 1 1 1 1 1 1 1 1 1 1 1 1 1 1 1 1 1 1 1 1 1 1 1 1 1 1 1 1 1 1 1 1 1 1 1 1 1 1 100 1 1 1 1 1 1 1 1 1 1 1 1 1 1 1 1 1 1 1 1 1 1 1 1 1 1 1 1 1 1 1 100 1 1 1 1 1 1 1 1 1 1 1 1 1 1 1 1 1 1 1 1 3 1 1 1 1 1 1 1 1 1 1 1 1 1 1 1 1 1 1 1 1 1 1 1 1 1 1 1 1 1 1 1 1 1 1 1 7 1 7 1 1 1 1 1 1 1 1 1 1 1 1 1 1 1 1 1 1 1 1 1 1 1 1 1 1 1 1 1 1 1 1 1 1 1 1 1 1 1 1 1 1 1 1 1 1 1 1 1 1 1 1 1 1 1 1 1 1 1 1 1 1 1 1 1 1 1 1 1 1 1 1 1 1 1 1 1 1 1 1 1 1 1 1 1 1 1 1 1 1 1 1 1 1 1 1 1 1 1 1 1 1 1 1 1 1 1 1 1 1 1 1 1 1 1 1 1 1 1 1 1 1 1 1 1 1 1 1 1 1 1 1 16 15 10 12 16 15 11 12 16 1 16 15 16 15 10 12 16 16 15 10 12 16 15 16 1 15 10 12 16 15 10 100 12 1 1 1 1 1 1 1 1 1 1 1 1 7 1 1 100 1 100 1 1 100 1 100 1 1 100 1 100 1 1
staticfield java/lang/Class EMPTY_CLASS_ARRAY [Ljava/lang/Class; 0 [Ljava/lang/Class;
staticfield java/lang/Class serialPersistentFields [Ljava/io/ObjectStreamField; 0 [Ljava/io/ObjectStreamField;
ciInstanceKlass java/lang/reflect/AnnotatedElement 1 1 164 11 7 12 1 1 1 11 12 1 1 7 1 10 100 12 1 1 1 10 12 1 1 10 12 1 1 10 12 1 10 100 12 1 1 1 11 12 1 1 11 7 12 1 1 10 7 12 1 1 1 10 12 1 10 100 12 1 1 1 18 12 1 1 11 100 12 1 1 18 12 1 18 12 1 1 10 100 12 1 1 1 11 100 12 1 1 1 7 1 10 100 12 1 1 1 1 1 1 1 1 1 1 1 1 1 1 1 1 1 1 1 1 1 1 1 1 1 100 1 1 1 1 1 1 1 1 1 1 1 16 15 16 1 16 1 15 11 12 16 16 1 15 10 100 12 1 1 1 16 1 15 10 100 12 1 1 1 1 100 1 100 1 1
ciInstanceKlass java/lang/invoke/TypeDescriptor 1 0 17 100 1 100 1 1 1 1 1 1 100 1 100 1 1 1 1
ciInstanceKlass java/lang/reflect/GenericDeclaration 1 0 30 7 1 7 1 7 1 1 1 1 1 1 1 1 100 1 8 1 1 12 10 1 1 1 8 1 1 1 8 1
ciInstanceKlass java/lang/reflect/Type 1 1 17 11 100 12 1 1 1 100 1 1 1 1 1 1 1 1 1
ciInstanceKlass java/lang/invoke/TypeDescriptor$OfField 1 0 21 100 1 100 1 100 1 1 1 1 1 1 1 1 1 1 1 1 1 1 1
ciInstanceKlass java/lang/StringBuilder 1 1 422 10 7 12 1 1 1 10 12 1 10 12 1 10 12 1 1 10 7 12 1 1 1 10 7 12 1 1 1 10 12 1 10 12 1 10 12 1 10 12 1 10 12 1 10 12 1 10 12 1 10 12 1 10 12 1 10 12 1 10 12 1 10 12 1 10 12 1 10 12 1 1 10 12 1 10 12 1 1 10 12 1 1 10 12 1 10 12 1 10 12 1 10 12 1 10 12 1 10 12 1 10 12 1 10 12 10 12 1 10 12 1 10 12 1 10 12 1 1 10 12 1 10 12 1 10 12 10 12 1 1 10 12 1 10 12 1 10 12 1 10 100 12 1 1 1 9 12 1 1 10 12 1 10 12 1 1 10 12 1 1 9 12 1 1 10 100 12 1 1 1 10 100 1 10 12 1 1 10 100 12 1 1 10 12 1 10 12 1 1 100 1 100 1 8 1 10 10 12 1 1 10 12 1 10 12 1 10 12 1 1 10 12 1 10 12 1 10 12 1 10 12 1 10 12 1 10 12 10 12 1 10 12 1 10 12 1 10 12 1 10 12 1 10 12 1 10 12 1 10 12 1 10 12 1 1 10 12 1 1 10 12 1 10 12 1 10 12 1 10 12 10 12 10 12 1 10 12 1 10 12 1 10 12 10 12 1 10 12 1 10 12 1 10 12 1 10 12 1 10 12 1 10 12 1 10 12 1 10 12 1 1 10 12 1 10 12 1 1 10 12 1 10 12 1 1 10 12 1 10 12 1 1 10 12 1 10 12 1 10 12 1 10 10 12 1 10 12 1 7 1 7 1 7 1 7 1 1 1 1 5 0 1 1 1 1 1 1 1 1 1 1 1 1 1 1 1 1 1 1 1 1 1 1 1 1 1 1 1 1 1 1 1 1 1 1 1 1 1 1 1 1 1 1 1 1 100 1 1 1 7 1 1 1 1 1 1 1 1 1 1 1
instanceKlass java/lang/StringBuilder
instanceKlass java/lang/StringBuffer
ciInstanceKlass java/lang/AbstractStringBuilder 1 1 605 7 1 10 7 12 1 1 1 9 7 12 1 1 1 9 12 1 9 12 1 1 9 12 1 1 10 7 12 1 1 1 10 12 1 1 7 1 3 3 10 12 1 10 12 1 1 11 7 1 100 1 7 1 10 8 1 10 12 1 10 12 1 10 12 1 1 10 12 1 10 12 1 9 12 1 10 12 1 9 12 1 1 10 12 1 1 10 7 12 1 1 1 10 10 12 1 10 12 1 10 12 1 1 10 12 1 1 10 7 12 1 1 1 10 7 12 1 1 1 7 1 8 1 10 10 12 1 1 100 1 10 12 10 12 1 1 10 10 12 1 1 10 12 1 1 10 12 1 1 10 12 1 1 10 10 7 12 1 1 1 10 12 1 100 1 10 10 7 12 1 1 1 9 12 1 1 9 12 1 10 12 1 1 10 10 12 1 1 10 12 10 12 1 10 12 1 1 10 12 1 1 10 12 1 1 10 12 1 10 12 1 1 10 12 1 1 10 12 1 10 12 1 1 8 1 10 12 1 1 10 12 1 10 12 1 10 12 1 10 12 1 10 12 1 10 12 1 10 7 12 1 1 10 12 1 10 12 1 10 100 12 1 1 1 100 1 100 1 10 12 1 10 7 12 1 1 10 12 1 10 12 1 10 12 1 10 12 1 1 10 12 1 10 12 1 1 10 12 1 1 10 10 7 12 1 1 1 10 12 1 10 12 1 10 12 1 1 10 12 1 10 12 1 10 12 1 10 12 1 10 12 1 10 12 1 10 12 1 10 12 1 10 12 1 1 10 12 1 10 12 1 10 12 10 12 1 1 18 12 1 1 100 1 10 100 12 1 1 1 18 10 12 1 1 10 12 1 10 12 1 1 11 12 1 1 10 12 1 10 12 10 12 1 10 10 10 12 1 10 5 0 10 10 12 1 1 100 1 8 1 10 10 12 1 1 10 100 12 1 1 1 10 12 1 10 12 1 1 100 1 10 12 100 1 10 100 1 10 7 1 1 1 1 1 1 1 1 1 1 1 100 1 1 1 1 1 1 1 1 1 1 1 1 1 1 1 1 1 1 1 1 1 1 1 1 1 1 1 1 1 1 1 1 1 1 1 1 1 1 1 1 1 1 1 1 1 1 1 1 1 1 1 1 1 1 1 1 1 1 1 1 1 1 1 1 1 1 1 1 1 1 1 1 1 1 1 1 1 1 1 1 1 1 1 1 1 1 1 1 1 1 1 1 1 1 1 1 1 1 1 1 100 1 1 1 1 1 1 1 1 1 1 1 1 1 1 1 1 1 100 1 1 1 1 1 1 7 1 1 16 1 15 10 12 16 15 10 12 15 10 100 12 1 1 1 1 1 1 1 100 1 100 1 1
staticfield java/lang/AbstractStringBuilder EMPTYVALUE [B 0
ciMethod java/lang/StringBuilder toString ()Ljava/lang/String; 12 0 270405 0 -1
ciInstanceKlass java/lang/Appendable 1 0 14 100 1 100 1 1 1 1 100 1 1 1 1 1
ciInstanceKlass java/lang/CharSequence 1 1 131 11 7 12 1 1 1 18 12 1 1 100 1 10 100 12 1 1 1 18 10 100 12 1 1 1 11 12 1 1 11 7 1 11 12 1 1 10 100 12 1 1 1 11 12 1 1 100 1 10 12 1 1 10 100 12 1 1 1 100 1 10 10 12 1 1 7 1 1 1 1 1 1 1 1 1 1 1 1 1 1 1 1 1 1 1 1 1 1 1 1 1 1 1 1 1 1 1 1 1 16 1 15 11 12 16 15 11 12 15 10 100 12 1 1 1 1 1 100 1 100 1 1 100 1 1 100 1 100 1 1
ciInstanceKlass java/lang/AutoCloseable 1 0 12 100 1 100 1 1 1 1 100 1 1 1
ciInstanceKlass java/io/Closeable 1 0 14 100 1 100 1 100 1 1 1 1 100 1 1 1
instanceKlass java/net/URISyntaxException
instanceKlass sun/security/ec/ECOperations$IntermediateValueException
instanceKlass org/xml/sax/SAXException
instanceKlass javax/xml/parsers/ParserConfigurationException
instanceKlass java/util/zip/DataFormatException
instanceKlass java/lang/CloneNotSupportedException
instanceKlass sun/nio/fs/WindowsException
instanceKlass java/security/PrivilegedActionException
instanceKlass sun/security/pkcs11/wrapper/PKCS11Exception
instanceKlass java/security/GeneralSecurityException
instanceKlass java/util/concurrent/ExecutionException
instanceKlass java/util/concurrent/TimeoutException
instanceKlass java/lang/InterruptedException
instanceKlass java/io/IOException
instanceKlass java/lang/ReflectiveOperationException
instanceKlass java/lang/RuntimeException
ciInstanceKlass java/lang/Exception 1 1 40 10 7 12 1 1 1 10 12 1 10 12 1 10 12 1 10 12 1 100 1 1 1 1 5 0 1 1 1 1 1 1 1 1 1 1 1 1 1 1
instanceKlass java/lang/Exception
instanceKlass java/lang/Error
ciInstanceKlass java/lang/Throwable 1 1 404 10 7 12 1 1 1 9 7 12 1 1 1 9 12 1 1 9 12 1 9 12 1 1 9 12 1 10 12 1 1 9 12 1 1 10 12 1 1 10 12 1 100 1 7 1 10 8 1 10 12 1 1 8 1 10 100 12 1 1 10 10 12 1 100 1 8 1 10 10 12 1 1 10 7 12 1 1 10 12 1 8 1 9 7 12 1 1 1 10 12 1 1 100 1 10 12 10 12 1 10 7 12 1 1 1 7 1 10 12 10 12 1 10 12 1 7 1 10 10 7 12 1 1 1 11 7 12 1 1 1 10 12 1 1 10 12 1 1 8 1 10 12 1 10 12 1 1 8 1 8 1 10 12 1 1 10 12 1 8 1 8 1 9 12 1 1 10 12 1 1 100 1 10 11 12 1 8 1 8 1 10 7 12 1 1 8 1 10 12 1 8 1 7 1 10 12 1 9 12 1 1 10 12 1 10 7 12 1 9 12 1 1 10 12 1 1 100 1 8 1 10 12 1 10 100 12 1 1 10 12 1 1 7 1 10 100 12 1 1 1 10 12 1 11 7 12 1 1 1 11 7 12 1 1 11 12 1 8 1 10 12 1 1 8 1 10 10 9 100 12 1 1 1 8 1 10 12 1 1 11 10 100 1 8 1 10 11 12 1 1 8 1 9 12 1 10 100 12 1 1 11 9 12 1 1 11 12 1 1 100 10 12 1 10 12 1 1 7 1 1 1 1 5 0 1 1 1 1 1 1 1 1 1 1 1 1 1 7 1 1 1 1 1 1 1 1 1 1 1 1 1 1 1 1 1 1 1 1 1 1 1 1 1 1 1 1 1 1 1 1 1 1 1 1 1 1 1 1 1 1 1 1 100 1 7 1 1 1 1 1 1 1 1 1 1 1 1 1 1 1 1 1 1
staticfield java/lang/Throwable UNASSIGNED_STACK [Ljava/lang/StackTraceElement; 0 [Ljava/lang/StackTraceElement;
staticfield java/lang/Throwable SUPPRESSED_SENTINEL Ljava/util/List; java/util/Collections$EmptyList
staticfield java/lang/Throwable EMPTY_THROWABLE_ARRAY [Ljava/lang/Throwable; 0 [Ljava/lang/Throwable;
staticfield java/lang/Throwable $assertionsDisabled Z 1
instanceKlass java/security/Provider
ciInstanceKlass java/util/Properties 1 1 690 10 7 12 1 1 1 100 1 10 7 12 1 1 7 1 10 12 1 9 12 1 1 9 12 1 1 9 12 1 1 10 7 12 1 1 1 10 12 1 1 8 1 10 7 12 1 1 1 7 1 10 12 1 10 12 1 1 8 1 10 12 1 7 1 10 12 10 12 1 1 9 12 1 1 10 12 1 1 7 1 10 12 1 10 12 1 10 12 1 1 100 1 8 1 10 12 1 10 12 1 10 12 1 1 10 12 1 7 1 3 10 10 100 12 1 1 1 10 12 1 10 12 1 1 8 1 10 12 1 10 12 1 1 8 1 10 100 12 1 1 10 12 1 1 10 12 1 10 12 1 1 100 1 10 12 1 10 12 1 1 100 1 9 100 12 1 1 1 10 12 1 10 12 1 1 10 12 1 1 10 12 1 1 100 1 9 12 1 1 7 1 7 1 10 12 1 7 1 11 7 12 1 1 1 11 12 1 1 11 7 12 1 1 1 11 7 12 1 1 1 11 12 1 1 11 12 1 11 12 1 10 12 1 1 8 1 10 12 1 10 100 12 1 1 10 12 1 100 1 10 10 12 1 10 12 1 100 1 10 10 12 1 1 10 7 12 1 1 9 100 12 1 1 10 12 1 1 10 100 12 1 1 1 100 1 100 1 100 1 10 8 1 8 1 10 12 1 10 12 1 10 12 1 1 10 10 12 1 1 10 12 1 1 7 1 10 10 12 1 11 7 12 1 1 10 7 12 1 1 1 8 1 10 100 12 1 1 11 11 7 1 8 1 10 100 1 11 10 12 1 10 10 12 1 10 12 1 1 10 12 1 1 10 12 1 1 10 12 1 10 12 1 10 10 12 1 10 12 1 10 12 1 10 10 12 1 1 10 12 1 1 10 10 12 1 10 12 1 10 12 1 10 12 1 10 12 1 1 10 12 1 1 10 12 1 10 12 1 10 12 1 1 10 12 10 12 1 1 10 12 1 1 10 12 1 10 12 1 1 10 12 1 1 10 12 10 11 12 1 4 11 10 12 1 1 10 100 12 1 1 11 12 1 10 12 1 1 10 100 12 1 1 10 12 1 100 1 8 1 10 12 1 10 10 100 12 1 1 1 100 1 6 0 10 12 1 1 11 100 12 1 1 1 10 12 1 10 12 1 1 1 1 1 5 0 1 1 1 1 1 1 1 1 1 1 1 1 1 1 1 1 1 1 1 1 1 1 1 1 1 1 1 1 1 1 1 1 1 1 1 1 1 1 1 100 1 1 1 1 1 1 1 1 1 1 1 1 1 1 1 1 1 1 1 1 100 1 1 1 1 1 1 1 1 1 1 1 1 7 1 7 1 1 1 1 1 100 1 1 1 1 1 1 1 1 1 1 1 1 1 1 1 1 1 1 1 1 1 1 1 1 1 1 1 1 1 1 1 1 1 1 1 1 1 1 1 1 1 1 1 1 1 1 1 1 1 1 1 1 1 1 1 1 1 1 1 1 1 1 1 1 1 1 1 1 1 1 1 1 1 1 1 1 1 7 1 1 1 1 1 1 1 1 1 1 1 100 1 1
staticfield java/util/Properties UNSAFE Ljdk/internal/misc/Unsafe; jdk/internal/misc/Unsafe
instanceKlass java/util/Hashtable
ciInstanceKlass java/util/Dictionary 1 1 36 10 7 12 1 1 1 100 1 1 1 1 1 1 1 1 1 1 1 1 1 1 1 1 1 1 1 1 1 1 1 1 1 1 1 1
instanceKlass java/util/Properties
ciInstanceKlass java/util/Hashtable 1 1 516 7 1 10 7 12 1 1 1 9 7 12 1 1 1 100 1 7 1 10 8 1 10 12 1 1 10 12 1 10 12 1 1 10 12 1 10 7 12 1 1 1 8 1 10 12 1 9 12 1 1 7 1 9 12 1 1 4 10 7 12 1 1 1 9 12 1 4 10 12 1 11 7 12 1 1 1 10 12 1 1 10 12 1 1 9 12 1 10 12 1 1 100 1 10 9 12 1 1 10 7 12 1 1 1 9 12 1 1 10 12 1 10 12 1 3 9 12 1 9 12 1 3 10 12 1 10 12 1 10 12 1 1 11 12 1 1 11 100 12 1 1 1 11 7 12 1 1 1 11 12 1 100 1 11 12 1 11 12 1 10 12 1 1 10 12 1 1 10 12 1 9 12 1 1 9 12 9 12 1 1 10 100 1 7 1 10 12 1 10 8 1 10 10 12 1 8 1 10 8 1 10 100 12 1 1 1 7 1 10 12 1 10 12 1 100 1 10 12 1 10 12 1 1 100 1 10 100 1 10 10 12 1 1 11 12 1 1 11 12 1 7 1 10 10 10 100 12 1 1 11 100 12 1 1 1 100 1 10 11 100 12 1 1 11 100 12 1 10 12 1 10 12 1 1 10 100 12 1 1 10 12 1 1 10 12 1 1 10 12 1 1 10 100 12 1 1 1 8 10 100 12 1 1 100 1 8 1 10 4 4 10 12 1 1 10 12 1 8 1 4 10 12 10 100 12 1 1 1 100 1 11 100 12 1 1 1 10 100 12 1 1 1 10 12 1 10 12 1 1 10 7 1 7 1 1 1 1 1 1 5 0 1 1 1 1 1 3 1 3 1 3 1 1 1 1 1 1 1 1 1 1 1 1 1 1 1 1 1 1 1 1 1 1 1 1 1 100 1 1 1 1 1 1 1 1 1 1 1 1 1 1 1 1 1 1 1 1 1 1 1 1 1 1 1 1 1 7 1 1 1 1 1 1 1 1 1 1 1 1 1 1 7 1 1 1 1 1 1 1 1 1 1 1 1 1 1 1 1 1 1 1 1 1 1 1 1 1 1 1 1 1 1 1 1 1 1 1 1 1 1 1 1 1 1 1 1 100 1 1 1 7 1 1 1 1 1 7 1 1 1 1 1 1 1 1 1 1 1 1 1 1 1 1 1 1
ciInstanceKlass java/lang/String 1 1 1443 10 7 12 1 1 1 8 1 9 7 12 1 1 1 9 12 1 1 9 12 1 1 9 12 1 1 10 12 1 10 12 1 1 10 12 1 1 9 12 1 10 7 12 1 1 1 10 7 1 10 7 12 1 1 1 10 12 1 1 10 12 1 1 10 12 1 10 12 1 1 10 12 1 10 7 12 1 1 1 7 1 9 7 12 1 1 1 10 7 12 1 1 1 10 7 12 1 1 1 10 12 1 1 10 12 1 1 10 12 1 1 10 12 1 1 9 7 12 1 1 10 12 9 7 12 1 1 10 12 1 1 3 10 12 1 1 7 1 11 12 1 1 11 12 1 11 12 1 1 10 7 12 1 1 1 10 12 1 1 9 100 12 1 1 1 10 12 1 1 10 12 1 11 12 1 1 10 12 1 1 10 12 10 12 1 1 10 7 12 1 1 1 10 12 1 1 10 12 1 1 100 1 7 1 10 12 1 10 12 1 10 12 1 1 100 1 10 12 1 1 100 1 10 12 1 1 10 12 1 1 10 12 1 10 10 12 1 100 1 100 1 100 1 10 12 1 10 12 1 1 10 12 1 1 10 12 1 10 12 1 1 10 12 1 1 10 100 12 1 1 100 1 11 10 7 12 1 1 11 12 1 11 12 1 10 12 1 1 10 12 1 10 12 10 12 1 1 10 10 7 12 1 1 1 10 7 12 1 1 10 12 1 1 10 7 12 1 1 10 12 1 10 12 1 1 10 12 1 1 10 12 1 10 12 1 10 12 1 1 100 1 10 12 1 1 10 12 10 12 1 10 12 1 1 10 12 1 1 10 7 12 1 1 1 10 12 1 10 12 1 1 10 12 1 10 12 1 3 3 10 12 1 1 10 12 1 10 12 1 1 10 12 1 1 10 12 1 1 10 12 1 10 12 1 1 10 12 1 1 10 12 1 10 12 1 10 12 1 10 12 1 1 10 12 1 10 12 1 10 12 1 10 12 1 10 12 1 10 12 1 10 7 1 10 8 1 10 12 1 1 10 12 1 8 1 10 12 1 1 10 12 10 12 1 8 1 10 10 12 1 1 10 12 1 1 10 12 1 1 10 7 1 10 10 12 1 10 12 1 10 12 1 10 10 12 1 10 12 1 10 12 1 10 12 1 10 12 1 10 12 1 10 12 1 1 10 12 1 1 10 12 1 1 10 10 12 1 1 10 10 12 1 100 1 10 10 12 1 1 10 12 1 1 10 7 1 10 12 1 10 12 1 10 7 12 1 1 1 10 12 1 10 12 1 1 10 12 1 11 7 1 11 12 10 12 1 10 12 1 1 10 12 1 1 10 10 12 1 10 12 1 9 12 1 1 11 7 12 1 1 1 10 12 10 10 12 1 10 12 1 1 10 10 12 1 10 12 1 10 12 1 1 10 12 1 1 10 10 12 1 1 10 12 1 10 10 12 1 10 12 10 10 12 10 10 12 1 10 12 1 10 10 12 10 7 12 1 1 1 10 12 10 10 12 10 12 1 10 12 10 12 10 10 12 1 10 12 1 1 10 12 1 1 10 10 12 1 10 7 12 1 1 1 10 12 1 1 10 10 7 12 1 1 1 11 10 12 1 10 12 1 1 10 12 1 1 10 7 12 1 1 1 10 12 1 10 12 1 10 12 1 10 12 1 10 12 1 10 12 1 100 1 7 1 8 1 10 10 10 12 1 10 12 1 1 8 1 10 12 1 3 3 10 12 1 10 12 1 1 10 12 7 1 10 10 12 1 1 10 12 1 10 12 1 10 12 1 1 10 12 1 1 11 7 12 1 1 1 7 1 10 12 1 10 12 1 1 8 1 10 12 1 1 10 12 1 11 7 12 1 1 1 11 7 12 1 1 11 12 1 10 12 1 10 12 1 1 10 10 7 12 1 1 1 10 12 1 10 12 1 10 10 12 10 12 1 1 10 10 12 1 10 10 12 1 10 10 12 1 10 10 12 1 10 12 1 1 10 10 12 1 8 1 10 12 1 1 18 12 1 1 11 100 12 1 1 1 7 1 3 18 12 1 18 12 1 8 1 10 100 12 1 1 1 11 12 1 1 10 12 10 10 12 1 10 11 12 1 1 10 12 1 1 11 12 1 18 3 11 10 12 1 11 11 10 12 1 10 12 1 1 8 1 10 12 1 10 12 1 10 12 1 1 10 10 12 1 11 100 12 1 7 1 100 1 10 12 7 1 10 10 7 12 1 1 1 100 1 10 7 1 10 10 12 1 10 10 12 1 8 1 10 10 12 1 8 1 8 1 10 12 1 10 12 1 10 10 12 10 7 12 1 1 10 7 12 1 1 10 7 12 1 1 8 1 10 12 1 10 12 1 10 9 12 1 10 12 9 7 12 1 1 1 10 12 1 10 12 1 10 12 1 10 12 1 10 12 1 8 1 10 100 12 1 1 1 10 12 10 12 1 1 10 12 10 10 12 10 12 7 1 9 12 1 1 7 1 10 7 1 7 1 7 1 7 1 1 1 1 1 1 5 0 1 1 1 1 1 3 1 3 1 1 1 1 1 1 1 1 1 1 1 1 1 1 1 100 1 1 1 1 1 1 1 1 1 1 1 1 1 1 1 1 1 1 1 1 1 1 1 1 1 1 1 1 1 1 1 100 1 1 1 1 1 1 1 1 1 1 7 1 1 1 1 1 1 1 1 1 1 1 1 1 1 1 1 1 1 1 1 1 1 1 1 1 1 1 1 1 1 1 1 1 1 1 1 1 1 1 1 1 1 1 1 1 1 1 1 1 1 1 1 1 1 1 1 1 1 1 1 1 1 1 1 1 1 1 1 1 1 1 1 1 1 1 1 1 1 1 1 1 1 1 1 1 1 1 1 1 1 1 1 1 1 1 1 1 1 1 1 1 1 1 1 1 1 1 1 1 1 1 1 1 1 1 1 1 1 1 1 1 1 1 1 1 1 1 1 1 1 1 1 1 1 1 1 1 1 1 1 1 1 1 1 1 1 1 1 1 1 1 1 1 1 1 1 1 1 1 1 1 1 1 1 1 1 1 1 1 1 1 1 1 1 1 100 1 1 1 1 1 1 1 1 1 1 1 1 1 1 1 1 1 1 1 1 1 1 1 100 1 1 1 1 1 1 1 1 1 1 1 1 1 1 1 7 1 1 1 1 1 1 1 1 1 1 1 1 1 1 1 16 15 10 12 16 15 10 12 15 10 12 15 10 12 15 10 100 12 1 1 1 1 1 1 1 100 1 100 1 1 1
staticfield java/lang/String COMPACT_STRINGS Z 1
staticfield java/lang/String serialPersistentFields [Ljava/io/ObjectStreamField; 0 [Ljava/io/ObjectStreamField;
staticfield java/lang/String CASE_INSENSITIVE_ORDER Ljava/util/Comparator; java/lang/String$CaseInsensitiveComparator
ciMethod java/lang/String length ()I 1024 0 3308438 0 112
ciMethod java/lang/String charAt (I)C 546 0 3198306 0 200
ciInstanceKlass java/lang/constant/ConstantDesc 1 0 37 100 1 100 1 1 1 1 100 1 1 1 1 100 1 100 1 100 1 100 1 100 1 100 1 100 1 100 1 100 1 1 100 1 100 1 1
ciInstanceKlass java/lang/InternalError 0 0 34 10 100 12 1 1 1 10 12 1 10 12 1 10 12 1 100 1 1 1 1 5 0 1 1 1 1 1 1 1 1 1 1 1
instanceKlass java/util/ServiceConfigurationError
instanceKlass java/lang/AssertionError
instanceKlass java/lang/VirtualMachineError
instanceKlass java/lang/LinkageError
ciInstanceKlass java/lang/Error 1 1 40 10 7 12 1 1 1 10 12 1 10 12 1 10 12 1 10 12 1 100 1 1 1 1 5 0 1 1 1 1 1 1 1 1 1 1 1 1 1 1
instanceKlass java/lang/StackOverflowError
instanceKlass java/lang/OutOfMemoryError
instanceKlass java/lang/InternalError
ciInstanceKlass java/lang/VirtualMachineError 1 1 34 10 100 12 1 1 1 10 12 1 10 12 1 10 12 1 100 1 1 1 1 5 0 1 1 1 1 1 1 1 1 1 1 1
ciInstanceKlass java/util/Iterator 1 1 53 100 1 8 1 10 12 1 1 10 7 12 1 1 1 11 7 12 1 1 1 11 12 1 1 11 7 12 1 1 1 7 1 1 1 1 1 1 1 1 1 1 1 1 1 1 1 1 1 1 1 1 1
instanceKlass com/naqqa/elasticsearch/index/recovery/SnapshotRecoveryTest$DirectoryShardSnapshotSource$1
instanceKlass java/lang/ProcessBuilder$NullInputStream
instanceKlass sun/nio/ch/NioSocketImpl$1
instanceKlass java/net/Socket$SocketInputStream
instanceKlass java/io/SequenceInputStream
instanceKlass sun/net/httpserver/Request$ReadStream
instanceKlass sun/net/httpserver/SSLStreams$InputStream
instanceKlass sun/security/ssl/SSLSocketImpl$AppInputStream
instanceKlass sun/nio/ch/ChannelInputStream
instanceKlass com/sun/org/apache/xerces/internal/impl/XMLEntityManager$RewindableInputStream
instanceKlass com/naqqa/elasticsearch/common/io/stream/StreamInput
instanceKlass java/io/FilterInputStream
instanceKlass java/io/FileInputStream
instanceKlass java/io/ByteArrayInputStream
ciInstanceKlass java/io/InputStream 1 1 195 7 1 10 7 12 1 1 1 100 1 10 10 7 12 1 1 1 10 7 12 1 1 1 10 12 1 100 1 3 10 12 1 1 100 1 8 1 10 12 1 10 7 12 1 1 1 3 7 1 8 1 10 10 7 12 1 1 1 7 1 10 11 7 12 1 1 1 10 12 1 1 11 12 1 1 11 7 12 1 1 1 11 12 1 1 7 1 10 7 12 1 1 1 5 0 10 12 1 10 12 1 1 100 1 10 8 1 10 8 1 8 1 10 12 1 1 10 7 12 1 1 1 7 1 5 0 10 12 1 100 1 7 1 1 1 1 3 1 3 1 1 1 1 1 1 1 1 1 1 1 1 1 1 1 1 1 1 1 1 1 1 1 1 1 1 1 1 1 1 1 1 1 1 1 1 1 1 1 1 1 1 1 1 1 1 1 1 1 1 1 1 1 1 1
ciInstanceKlass jdk/internal/misc/Unsafe 1 1 1287 10 7 12 1 1 1 9 7 12 1 1 1 9 12 1 1 10 12 1 1 10 7 12 1 1 1 10 12 1 1 10 12 1 1 10 12 1 1 10 12 1 1 10 12 1 1 10 12 1 1 10 12 1 1 10 12 1 1 10 12 1 1 10 12 1 1 10 12 1 1 10 12 1 1 10 12 1 1 10 12 1 10 12 1 100 1 10 10 12 1 1 10 12 1 1 5 0 10 12 1 1 10 12 1 1 10 7 12 1 1 1 10 12 1 1 10 12 1 10 12 1 10 12 1 1 10 12 1 1 10 12 1 10 12 1 7 1 7 1 10 8 1 10 12 1 1 10 12 1 8 1 10 12 1 1 10 12 1 10 12 1 10 12 1 1 10 12 1 10 12 1 1 10 12 1 1 10 12 1 10 12 1 10 12 1 10 12 1 1 10 12 1 10 12 1 10 12 1 1 10 12 1 5 0 5 0 5 0 10 12 1 10 12 1 10 12 1 10 12 1 10 12 1 10 12 1 10 12 1 10 12 1 10 12 1 1 10 12 1 10 12 1 7 1 8 1 10 100 1 10 10 12 1 1 10 12 1 1 10 12 1 10 12 1 1 10 12 1 1 10 12 1 10 12 1 1 10 12 1 9 7 12 1 1 9 12 1 100 1 10 10 12 1 1 8 1 10 8 1 8 1 10 12 1 1 9 7 12 1 1 1 9 7 1 9 7 1 9 7 1 9 9 7 1 9 7 1 9 7 1 10 12 1 1 10 12 1 1 10 12 1 1 10 12 1 1 5 0 5 0 9 12 1 1 10 12 1 10 12 1 10 12 1 1 10 12 1 1 10 12 1 8 1 3 10 12 1 1 10 12 1 1 10 12 1 10 12 1 1 10 12 1 1 10 12 1 10 12 1 10 12 1 10 12 1 10 12 1 10 12 1 1 10 12 1 1 10 12 1 10 12 1 10 12 1 10 12 1 10 12 1 10 12 1 1 10 12 1 1 10 12 1 10 12 1 10 12 1 10 12 1 10 12 1 10 12 1 1 10 12 1 1 10 12 1 1 10 12 1 1 10 12 1 10 12 1 10 12 1 10 12 1 10 12 1 10 12 1 10 12 1 1 10 12 1 1 10 12 1 10 12 1 10 12 1 10 12 1 10 12 1 10 12 1 10 12 1 1 10 12 1 1 10 12 1 10 12 1 10 12 1 10 12 1 10 12 1 10 12 1 10 12 1 10 12 1 1 10 12 1 10 12 1 10 12 1 10 12 1 10 12 1 1 10 12 1 10 12 1 10 12 1 10 12 1 10 12 1 10 12 1 10 12 1 10 12 1 1 10 12 1 10 12 1 10 12 1 10 12 1 10 12 1 10 12 1 1 10 12 1 10 12 1 10 12 1 1 10 12 1 10 12 1 10 12 1 10 12 1 10 12 1 10 12 1 10 12 1 10 12 1 10 12 1 10 12 1 10 12 1 10 12 1 10 12 1 10 12 1 10 12 1 10 12 1 10 12 1 10 12 1 10 12 1 10 12 1 10 12 1 10 12 1 10 12 1 100 1 10 100 1 10 9 12 1 5 0 10 12 1 1 5 0 10 12 1 5 0 10 12 1 10 12 1 10 12 1 1 10 12 1 1 10 12 1 10 12 1 10 12 1 10 12 1 1 10 12 1 10 12 1 10 12 1 10 12 1 10 12 1 1 10 12 1 10 12 1 10 12 1 10 12 1 1 10 12 1 10 12 1 10 12 1 1 10 12 1 10 12 1 10 12 1 10 12 1 1 10 12 1 10 10 12 1 1 10 12 1 10 12 1 1 10 12 1 10 12 5 0 5 0 5 0 10 12 1 1 10 12 1 10 12 1 10 12 10 7 12 1 1 8 1 7 1 11 12 1 1 8 1 11 12 1 1 10 7 12 1 1 10 12 1 10 12 1 10 12 1 10 12 1 10 12 1 1 10 12 1 10 12 1 10 12 1 10 12 1 10 12 1 10 12 1 10 7 1 10 12 1 9 12 1 7 1 9 12 1 7 1 9 12 1 7 1 9 12 1 7 1 9 12 1 7 1 9 12 1 7 1 9 12 1 7 1 9 12 1 7 1 9 12 1 10 12 1 9 12 1 9 12 1 9 12 1 9 12 1 9 12 1 9 12 1 9 12 1 9 12 1 9 12 1 9 12 1 1 1 3 1 1 1 1 1 1 1 1 1 1 1 1 1 1 1 1 1 1 1 1 1 1 1 1 1 1 1 1 1 1 1 1 1 1 1 1 1 1 1 1 1 1 1 1 1 1 1 1 1 1 1 1 1 1 1 1 1 1 1 1 1 1 1 1 1 1 1 1 1 1 1 1 1 1 1 1 1 1 1 1 1 1 1 1 1 1 1 1 1 100 1 1 1 1 1 1 1 1 1 1 1 1 1 1 1 1 1 1 1 1 1 1 1 1 1 1 1 1 1 1 1 1 1 1 1 1 1 1 1 1 1 1 1 1 1 1 1 1 1 1 1 1 1 1 1 1 1 1 1 1 1 1 1 1 1 1 1 1 1 1 1 1 1 1 1 1 1 1 1 1 1 1 1 1 1 1 1 1 1 1 1 1 1 1 1 1 1 1 1 1 1 1 1 1 1 1 1 1 1 1 1 1 1 1 1 1 1 1 1 1 1 1 1 1 1 1 1 1 1 1 1 1 1 1 1 1 1 1 1 1 1 1 1 1 1 1 1 1 1 1 1 1 1 1 1 1 1 1 1 1 1 1 1 1 1 1 1 1 1 1 1 1 1 1 1 1 1 1 1 1 1 1 1 1 1 1 1 1 1 1 1 1 1 1 1 1 1 1 1 1 1 1 1 1 1 1 3 1 1 1 1 1 1 1 1 1 1 1 1 1 1 1 1 1 1 1 1 1
staticfield jdk/internal/misc/Unsafe theUnsafe Ljdk/internal/misc/Unsafe; jdk/internal/misc/Unsafe
staticfield jdk/internal/misc/Unsafe ARRAY_BOOLEAN_BASE_OFFSET I 16
staticfield jdk/internal/misc/Unsafe ARRAY_BYTE_BASE_OFFSET I 16
staticfield jdk/internal/misc/Unsafe ARRAY_SHORT_BASE_OFFSET I 16
staticfield jdk/internal/misc/Unsafe ARRAY_CHAR_BASE_OFFSET I 16
staticfield jdk/internal/misc/Unsafe ARRAY_INT_BASE_OFFSET I 16
staticfield jdk/internal/misc/Unsafe ARRAY_LONG_BASE_OFFSET I 16
staticfield jdk/internal/misc/Unsafe ARRAY_FLOAT_BASE_OFFSET I 16
staticfield jdk/internal/misc/Unsafe ARRAY_DOUBLE_BASE_OFFSET I 16
staticfield jdk/internal/misc/Unsafe ARRAY_OBJECT_BASE_OFFSET I 16
staticfield jdk/internal/misc/Unsafe ARRAY_BOOLEAN_INDEX_SCALE I 1
staticfield jdk/internal/misc/Unsafe ARRAY_BYTE_INDEX_SCALE I 1
staticfield jdk/internal/misc/Unsafe ARRAY_SHORT_INDEX_SCALE I 2
staticfield jdk/internal/misc/Unsafe ARRAY_CHAR_INDEX_SCALE I 2
staticfield jdk/internal/misc/Unsafe ARRAY_INT_INDEX_SCALE I 4
staticfield jdk/internal/misc/Unsafe ARRAY_LONG_INDEX_SCALE I 8
staticfield jdk/internal/misc/Unsafe ARRAY_FLOAT_INDEX_SCALE I 4
staticfield jdk/internal/misc/Unsafe ARRAY_DOUBLE_INDEX_SCALE I 8
staticfield jdk/internal/misc/Unsafe ARRAY_OBJECT_INDEX_SCALE I 4
staticfield jdk/internal/misc/Unsafe ADDRESS_SIZE I 8
instanceKlass jdk/internal/reflect/DelegatingClassLoader
instanceKlass java/security/SecureClassLoader
ciInstanceKlass java/lang/ClassLoader 1 1 1108 9 7 12 1 1 1 10 7 12 1 1 1 9 12 1 1 10 7 12 1 1 1 7 1 10 12 1 1 10 12 1 1 9 12 1 1 10 12 1 1 100 1 10 12 1 10 12 1 1 10 7 12 1 1 1 100 1 8 1 10 12 1 10 7 12 1 1 1 10 7 12 1 10 7 1 10 7 1 7 1 7 1 10 12 1 10 12 1 9 12 1 1 10 10 7 12 1 1 1 9 12 1 1 9 12 1 9 12 1 1 9 12 1 9 12 1 1 9 12 1 1 7 1 10 12 1 9 12 1 1 10 12 1 1 10 7 12 1 1 1 9 12 1 9 12 1 1 9 12 1 10 12 1 1 9 12 10 12 1 1 7 1 10 8 1 10 12 1 1 10 12 1 10 7 1 7 1 10 12 1 1 10 7 12 1 1 1 8 1 10 12 1 10 12 1 10 12 1 1 10 12 1 1 10 12 1 1 10 12 1 1 10 12 1 1 10 12 1 7 1 10 12 1 10 100 12 1 1 1 10 12 1 1 10 12 1 10 12 1 10 12 1 10 12 1 10 12 1 1 10 10 12 1 10 12 1 10 100 12 1 1 10 12 1 1 10 12 1 1 10 12 1 100 1 10 12 1 7 1 10 12 1 10 7 12 1 1 1 10 10 12 1 1 10 12 1 1 7 1 8 1 10 8 1 10 12 1 10 12 1 100 1 8 1 10 12 1 1 10 12 1 1 10 10 12 1 1 10 12 1 1 10 12 1 1 10 7 1 10 12 1 1 10 12 1 1 10 12 1 1 10 12 1 1 10 12 1 1 10 12 1 1 10 12 1 10 7 12 1 1 1 10 12 1 10 12 1 10 12 1 1 10 12 1 10 12 1 10 12 1 10 12 1 1 10 12 1 10 12 1 1 8 1 9 12 1 10 12 1 1 8 1 8 1 10 7 12 1 1 100 1 10 10 12 10 12 1 10 12 1 10 12 1 10 12 1 1 10 7 12 1 1 10 12 1 10 7 1 7 1 10 12 1 1 10 12 1 10 7 1 10 12 1 100 1 18 12 1 10 100 12 1 1 1 10 100 12 1 1 1 10 7 12 1 1 10 12 1 10 12 1 100 1 10 12 1 8 1 10 10 12 1 1 10 12 1 10 12 1 1 100 1 10 12 1 10 12 1 1 10 7 12 1 1 10 12 1 8 1 100 1 10 10 12 1 9 12 1 10 7 12 1 1 10 12 1 7 1 8 1 10 12 1 10 8 1 8 1 10 12 1 1 10 12 1 1 10 12 1 1 10 7 12 1 1 7 1 100 1 10 12 1 1 7 1 7 1 10 7 12 1 1 10 12 1 10 12 1 1 10 12 1 10 12 1 1 10 12 1 1 9 100 12 1 1 1 10 12 1 1 10 12 1 10 12 1 10 12 1 1 10 12 1 8 1 7 1 18 12 1 1 10 12 1 1 10 12 1 10 12 1 10 12 1 8 1 10 12 1 10 12 1 18 12 1 11 100 12 1 1 1 100 1 10 12 1 1 10 12 1 10 11 12 1 1 10 18 10 12 1 1 11 7 12 1 18 12 1 11 12 1 1 10 12 10 12 1 1 10 12 1 1 100 1 8 1 10 10 12 1 8 1 8 1 10 100 12 1 1 10 12 1 100 1 10 10 12 1 8 1 8 1 8 1 10 12 1 10 12 1 1 10 12 1 10 7 12 1 1 1 11 7 12 1 1 100 1 10 11 10 12 1 10 12 1 10 12 1 1 9 7 12 1 1 9 12 1 1 9 12 9 12 1 9 12 1 9 12 1 8 10 12 1 1 10 7 12 1 1 1 10 12 1 1 10 12 1 1 10 12 1 10 10 12 1 11 12 1 1 10 100 12 1 1 1 100 1 10 12 1 10 12 1 10 12 1 1 1 1 1 1 1 1 1 1 1 1 1 1 1 1 1 1 1 1 1 1 1 1 1 1 1 1 100 1 1 1 1 1 1 1 1 1 1 1 1 1 1 1 1 1 1 1 1 1 100 1 1 1 1 1 1 1 1 1 1 100 1 1 1 1 1 1 1 1 1 1 1 1 1 1 1 1 1 1 1 1 1 1 1 1 1 1 1 1 1 1 1 1 1 1 1 1 1 1 1 1 1 100 1 1 1 1 1 1 1 1 1 1 1 1 1 1 1 1 1 1 1 7 1 1 1 1 1 1 1 1 1 1 1 1 1 1 1 1 1 1 1 1 1 1 1 1 1 1 1 1 1 1 1 1 1 1 1 1 1 1 1 1 1 1 1 1 1 1 1 1 1 1 100 1 1 1 1 1 1 1 1 1 1 1 1 1 1 1 1 1 1 1 1 1 1 1 1 1 1 1 1 1 1 1 1 1 1 1 1 1 1 1 1 1 1 1 1 1 1 16 1 15 10 12 16 1 16 15 10 12 16 1 16 1 15 10 12 16 15 10 12 16 15 10 12 16 15 10 100 12 1 1 1 1 1 100 1 100 1 1
staticfield java/lang/ClassLoader nocerts [Ljava/security/cert/Certificate; 0 [Ljava/security/cert/Certificate;
staticfield java/lang/ClassLoader $assertionsDisabled Z 1
ciInstanceKlass java/lang/reflect/Constructor 1 1 439 10 100 12 1 1 1 10 100 12 1 1 9 7 12 1 1 1 10 12 1 1 10 12 1 1 10 100 12 1 1 9 12 1 1 10 7 12 1 1 1 9 12 1 1 9 12 1 1 9 12 1 9 12 1 1 9 12 1 9 12 1 1 9 12 1 1 9 12 1 100 1 8 1 10 12 1 10 12 1 9 12 1 1 10 7 12 1 1 10 7 12 1 1 1 10 12 1 1 10 12 1 1 10 12 1 7 1 100 1 8 1 10 10 12 1 10 12 1 10 12 1 1 10 12 1 1 9 100 12 1 1 1 10 7 12 1 1 10 12 1 1 10 12 1 10 12 1 1 10 7 12 1 1 1 10 100 12 1 1 10 12 1 1 10 12 1 10 7 12 1 1 1 8 1 10 10 12 1 100 1 8 1 10 12 1 10 12 1 1 10 12 1 1 10 12 1 10 12 1 10 12 1 1 10 12 1 1 9 12 1 1 10 12 1 1 10 12 1 1 10 12 1 1 11 7 12 1 1 1 10 12 1 1 10 12 1 10 12 1 10 12 1 8 1 9 12 1 1 10 7 12 1 1 1 10 7 12 1 1 10 12 1 1 10 12 1 1 10 12 1 1 10 12 1 1 10 12 1 9 7 12 1 1 10 12 1 10 12 1 10 12 1 100 1 8 1 10 10 12 1 1 10 12 1 10 10 12 1 1 10 12 1 1 10 100 12 1 1 1 11 100 12 1 1 1 10 12 1 1 9 100 12 1 1 1 10 100 12 1 1 1 10 12 1 1 1 1 1 1 1 1 1 1 1 1 1 1 1 1 1 1 1 1 1 1 1 1 1 1 1 1 1 1 1 1 1 1 1 1 1 1 1 1 1 1 1 1 1 1 1 1 1 1 1 1 100 1 100 1 100 1 100 1 1 1 1 1 1 1 1 1 1 1 1 1 1 1 1 1 1 1 1 1 1 1 1 1 1 1 1 1 1 1 1 1 100 1 1
instanceKlass java/lang/reflect/Executable
instanceKlass java/lang/reflect/Field
ciInstanceKlass java/lang/reflect/AccessibleObject 1 1 400 10 7 12 1 1 1 9 100 12 1 1 1 10 7 12 1 1 1 10 7 12 1 1 10 7 12 1 1 1 10 100 12 1 1 1 10 12 1 1 10 12 1 1 9 12 1 1 7 1 10 7 12 1 1 1 11 12 1 7 1 10 12 1 7 1 100 1 10 12 1 10 12 1 1 10 12 1 1 10 12 1 1 10 12 1 1 7 1 10 7 12 1 1 1 10 12 1 1 11 10 7 12 1 1 1 10 12 1 1 10 12 1 10 12 1 10 12 1 1 10 12 1 8 1 7 1 7 1 10 10 12 1 1 8 1 10 12 1 10 12 1 8 1 8 1 8 1 8 1 8 1 8 1 8 1 8 1 8 1 100 1 10 12 1 10 12 1 9 12 1 1 10 12 1 1 10 12 1 10 7 1 100 1 8 1 10 8 1 10 12 1 8 1 10 12 1 10 12 1 1 10 100 1 8 1 10 11 7 12 1 1 1 10 12 1 1 10 12 1 1 10 12 1 1 9 12 1 1 100 1 10 12 1 7 1 10 12 1 10 12 1 1 10 100 1 10 12 1 10 12 10 12 1 10 12 1 10 12 1 1 10 12 1 9 12 1 10 100 12 1 1 8 1 10 100 12 1 1 1 8 1 10 7 12 1 1 1 9 12 1 7 1 10 7 1 10 10 7 12 1 1 1 7 1 10 10 7 12 1 1 1 7 1 9 12 1 1 1 1 1 1 1 1 1 1 1 1 1 1 1 1 1 1 1 1 1 1 1 1 1 1 1 1 1 1 1 1 1 1 1 1 1 1 1 1 1 1 1 1 1 1 1 1 1 1 1 1 1 1 1 1 1 1 1 1 1 1 1 1 1 1 1 1 1 1 1 1 1 1 1 1 1 1 1 1 1 1 1 1
staticfield java/lang/reflect/AccessibleObject reflectionFactory Ljdk/internal/reflect/ReflectionFactory; jdk/internal/reflect/ReflectionFactory
instanceKlass java/lang/reflect/Constructor
instanceKlass java/lang/reflect/Method
ciInstanceKlass java/lang/reflect/Executable 1 1 577 10 7 12 1 1 1 10 7 12 1 1 1 10 7 12 1 1 1 11 7 12 1 1 1 10 7 12 1 1 1 10 12 1 1 10 7 12 1 1 1 10 7 12 1 1 1 10 12 1 8 1 10 10 12 1 1 10 12 1 1 10 100 12 1 1 1 18 12 1 1 11 100 12 1 1 1 8 1 8 1 8 1 10 100 12 1 1 1 11 12 1 1 7 1 8 1 8 1 10 12 1 7 1 8 1 10 12 1 8 1 11 100 12 1 1 1 7 1 11 7 12 1 1 1 11 12 1 8 1 18 8 1 10 12 1 10 12 1 1 18 8 1 10 12 1 100 1 10 12 1 10 12 1 11 12 1 10 12 1 1 8 1 8 1 10 12 1 1 10 12 1 1 10 10 12 1 9 100 12 1 1 1 10 100 12 1 1 1 10 12 1 10 12 1 1 10 100 12 1 1 10 12 1 10 12 1 10 12 1 10 12 1 1 10 7 12 1 1 10 12 1 10 12 1 1 9 100 12 1 1 1 10 100 12 1 1 10 12 1 8 1 10 12 1 10 12 1 3 100 1 8 1 10 12 1 10 12 1 10 10 12 1 10 12 1 1 8 1 8 1 8 1 9 12 1 1 9 12 1 10 12 1 100 1 8 1 10 12 1 10 12 1 10 12 1 1 10 12 1 1 10 12 1 10 12 10 12 1 100 1 10 12 1 10 12 1 1 100 1 10 7 12 1 1 1 7 1 10 7 12 1 1 1 10 12 1 1 11 7 12 1 1 10 7 12 1 1 10 100 12 1 1 1 10 12 1 1 9 12 1 10 12 1 1 10 12 1 10 12 1 1 9 100 12 1 1 1 10 100 12 1 1 1 10 12 1 10 12 1 1 9 12 1 10 10 10 10 100 12 1 1 1 10 12 1 9 12 1 10 12 1 1 9 12 1 7 1 7 1 1 1 1 1 1 1 1 1 1 1 1 1 1 1 1 1 1 1 1 1 1 1 1 1 1 1 1 1 1 1 1 1 1 1 1 100 1 1 1 1 1 1 1 1 100 1 1 1 1 1 1 1 1 1 1 1 1 100 1 1 1 1 1 1 1 1 1 1 1 1 1 1 1 1 1 1 1 1 1 1 1 1 1 1 1 1 1 1 1 1 1 1 1 1 1 1 1 1 1 1 1 7 1 1 1 1 1 1 1 1 1 1 1 1 1 1 1 1 1 1 1 1 1 1 7 1 7 1 1 16 15 16 1 16 1 15 10 12 16 15 10 100 12 1 1 1 1 1 1 100 1 1 100 1 100 1 1
ciInstanceKlass java/lang/reflect/Member 1 1 37 100 1 10 12 1 1 100 1 100 1 1 1 1 3 1 3 1 1 1 1 1 1 1 1 1 1 1 1 1 1 1 1 1 1 1 1
instanceKlass jdk/internal/net/http/HttpClientImpl$SelectorManager
instanceKlass java/util/TimerThread
instanceKlass java/util/logging/LogManager$Cleaner
instanceKlass java/util/concurrent/ForkJoinWorkerThread
instanceKlass jdk/internal/misc/InnocuousThread
instanceKlass java/lang/ref/Finalizer$FinalizerThread
instanceKlass java/lang/ref/Reference$ReferenceHandler
instanceKlass java/lang/BaseVirtualThread
ciInstanceKlass java/lang/Thread 1 1 870 10 7 12 1 1 1 9 12 1 1 10 7 12 1 1 10 12 1 10 100 12 1 1 100 1 8 1 10 12 1 1 9 12 1 9 12 1 1 9 12 1 1 7 1 10 12 1 1 10 12 1 10 7 12 1 1 1 10 12 9 12 1 1 10 12 1 7 1 10 12 1 100 1 8 1 10 9 7 12 1 1 1 10 12 1 1 10 12 1 1 10 12 1 1 10 12 1 10 12 1 1 3 8 1 7 1 5 0 10 7 12 1 1 1 9 12 1 10 12 1 1 10 7 12 1 1 1 10 7 12 1 1 1 10 12 1 1 10 12 1 1 9 12 1 1 10 7 1 8 1 10 7 1 10 12 1 9 12 1 1 10 7 12 1 1 1 10 10 12 1 1 9 100 12 1 1 1 10 12 1 1 10 12 1 1 10 7 12 1 1 10 12 1 10 12 1 10 7 12 1 1 9 12 1 10 7 12 1 1 1 10 12 1 1 9 12 1 1 9 12 1 1 10 7 12 1 1 1 9 12 1 1 10 100 12 1 1 10 100 12 1 1 1 10 12 1 10 12 1 10 7 12 1 1 9 12 1 8 1 9 7 12 1 1 9 12 1 1 5 0 100 1 10 7 1 10 100 1 10 7 1 10 8 1 10 12 1 1 10 7 12 1 10 12 1 10 12 1 100 1 8 1 10 10 12 1 10 12 1 1 10 100 12 1 1 1 10 100 12 1 1 1 10 12 1 7 1 9 12 1 1 100 1 10 10 12 1 9 12 1 1 10 12 1 1 10 12 1 1 10 12 1 10 12 1 9 12 1 1 10 10 12 1 1 10 12 1 1 11 7 12 1 1 10 7 12 1 1 9 12 1 9 12 1 1 9 12 1 1 10 100 12 1 1 10 12 1 1 9 7 12 1 1 1 10 7 12 1 1 10 12 1 10 12 1 100 1 10 10 12 9 12 1 1 10 12 1 11 100 12 1 1 10 12 1 10 12 1 10 12 1 9 12 1 10 10 12 1 10 12 1 1 9 12 1 9 12 10 12 1 8 1 10 12 1 10 12 1 10 12 1 10 12 1 10 12 1 1 10 12 1 10 12 1 1 10 12 1 10 12 1 10 12 1 10 12 1 10 12 1 1 9 7 12 1 1 1 8 1 10 9 12 1 10 12 1 7 1 8 1 10 10 12 1 8 1 10 12 1 1 9 12 10 12 8 1 10 10 12 1 10 12 1 8 1 10 12 1 10 8 1 10 100 12 1 1 10 12 1 1 100 1 8 1 10 9 12 1 9 12 1 1 10 12 1 1 10 10 12 1 10 12 1 100 10 7 12 1 1 1 9 12 1 10 12 1 1 10 12 1 1 10 100 12 1 1 1 11 7 12 1 1 1 9 100 12 1 1 1 10 100 12 1 1 1 7 1 10 12 1 100 1 10 12 1 10 12 1 1 10 12 1 1 8 1 9 12 1 10 12 1 10 12 1 1 11 7 12 1 1 1 10 12 1 1 1 1 3 1 3 1 3 1 3 1 1 1 1 1 1 1 1 1 1 1 1 1 1 1 1 1 1 1 1 1 7 1 1 1 1 1 1 1 1 1 1 1 1 1 1 1 1 1 1 1 1 1 1 100 1 1 1 1 1 1 1 1 1 1 1 1 1 1 1 1 7 1 7 1 1 1 1 1 1 1 1 1 1 1 1 1 1 1 1 1 1 1 1 1 1 1 1 1 1 1 1 1 1 1 1 1 1 1 1 1 1 1 1 1 1 1 1 1 1 1 1 1 1 1 1 1 1 1 1 1 1 1 1 1 1 1 1 1 1 1 1 1 1 1 1 1 1 1 1 100 100 1 1 1 1 1 1 1 1 1 1 1 1 1 1 1 1 1 1 1 1 1 1 1 1 1 1 100 1 100 1 100 1 100 1 100 1 1 100 1 1 1 1 1 1 1 1 1 1 1 1 1 1 1
staticfield java/lang/Thread NEW_THREAD_BINDINGS Ljava/lang/Object; java/lang/Class
staticfield java/lang/Thread EMPTY_STACK_TRACE [Ljava/lang/StackTraceElement; 0 [Ljava/lang/StackTraceElement;
ciInstanceKlass java/lang/Runnable 1 0 11 100 1 100 1 1 1 1 1 1 1
ciInstanceKlass java/net/URL 1 1 771 10 7 12 1 1 1 10 12 1 10 7 12 1 1 9 12 1 1 9 12 1 10 7 12 1 1 1 10 12 1 1 10 12 1 1 9 12 1 1 10 7 12 1 1 1 8 1 10 12 1 1 7 1 10 10 12 1 1 8 1 10 12 1 1 9 12 1 100 1 8 1 10 12 1 10 12 1 8 1 9 12 1 10 12 1 1 9 12 1 10 12 1 10 12 1 9 12 1 9 12 1 8 1 9 12 1 10 12 1 1 8 1 9 12 1 1 10 12 1 1 10 7 12 1 1 1 8 1 10 12 1 100 1 10 12 1 10 12 1 10 12 1 10 12 1 1 10 12 1 1 8 1 10 12 1 1 10 12 1 8 1 9 12 1 8 1 10 12 1 10 7 12 1 1 1 7 1 10 12 1 10 12 1 1 10 7 12 1 1 1 100 1 8 1 10 10 12 1 8 1 10 12 1 1 10 12 1 10 12 1 10 12 1 10 12 1 10 12 1 10 12 1 8 1 10 12 1 8 1 10 10 100 1 10 10 12 1 8 1 10 7 12 1 1 1 10 12 1 9 100 12 1 1 1 10 7 12 1 1 1 9 12 1 1 10 12 1 10 100 12 1 1 1 100 1 100 1 10 12 1 10 12 1 10 12 1 10 12 1 10 12 1 10 12 10 10 12 1 10 12 1 10 12 1 1 8 1 9 100 12 1 1 1 10 100 12 1 1 1 10 12 1 1 9 100 12 1 1 1 10 12 1 1 100 1 10 12 1 10 12 1 10 10 12 1 1 10 12 1 1 10 12 1 10 12 1 10 12 1 10 100 12 1 1 1 10 12 1 1 10 12 1 9 12 1 1 9 12 1 1 7 1 8 1 10 10 12 1 9 12 1 1 10 7 12 1 1 8 1 10 7 12 1 1 8 1 10 12 1 1 10 12 1 8 1 8 1 10 7 12 1 1 1 7 1 10 7 12 1 1 1 10 12 1 10 12 1 7 1 10 9 7 12 1 1 1 10 7 12 1 1 10 12 1 1 10 12 1 8 1 7 1 10 10 7 12 1 1 1 10 12 1 8 9 7 12 1 1 1 10 12 1 1 10 12 1 10 12 1 1 10 7 12 1 1 11 7 12 1 1 10 12 1 10 12 1 9 12 1 10 12 1 1 10 100 12 1 1 10 100 12 1 1 1 8 10 100 12 1 1 100 1 10 8 8 10 12 1 8 8 8 100 1 10 12 1 9 12 1 1 10 12 1 10 12 1 1 10 12 1 10 12 10 12 1 1 10 12 1 1 10 10 10 12 1 10 12 1 10 12 1 10 12 1 10 12 1 10 10 12 1 100 1 8 1 10 10 10 12 1 1 10 12 1 10 12 1 1 8 1 7 1 10 10 7 1 10 12 1 9 7 12 1 1 1 9 12 1 1 7 1 10 10 7 12 1 1 1 7 1 1 1 1 1 5 0 1 1 1 1 1 1 1 1 1 1 1 1 1 1 1 1 1 1 1 1 1 1 1 1 1 1 1 1 1 1 1 1 1 1 1 1 1 1 1 1 1 1 1 1 1 1 1 1 7 1 1 1 1 1 1 1 1 1 1 1 1 1 1 1 1 1 1 1 1 1 1 1 1 1 1 1 1 1 1 1 1 1 1 1 1 1 100 1 1 1 1 1 1 1 1 1 1 1 1 1 1 1 1 1 100 1 1 1 1 1 1 1 1 1 1 1 1 1 1 1 1 1 1 1
staticfield java/net/URL defaultFactory Ljava/net/URLStreamHandlerFactory; java/net/URL$DefaultFactory
staticfield java/net/URL streamHandlerLock Ljava/lang/Object; java/lang/Object
staticfield java/net/URL serialPersistentFields [Ljava/io/ObjectStreamField; 7 [Ljava/io/ObjectStreamField;
ciMethod java/lang/System arraycopy (Ljava/lang/Object;ILjava/lang/Object;II)V 512 0 256 0 -1
ciInstanceKlass java/lang/Module 1 1 1070 10 7 12 1 1 1 9 7 12 1 1 1 10 7 12 1 1 1 9 12 1 9 12 1 1 9 12 1 1 10 12 1 1 10 12 1 10 12 1 1 10 7 12 1 1 1 7 1 10 7 12 1 1 1 10 12 1 1 11 7 12 1 1 1 10 12 1 1 10 7 12 1 1 1 10 12 1 1 10 7 12 1 1 1 9 100 12 1 1 1 10 7 12 1 1 1 10 12 1 8 1 10 7 12 1 1 1 10 7 12 1 1 1 10 7 12 1 1 1 10 12 1 10 12 1 9 12 1 1 10 100 12 1 1 100 1 7 1 10 8 1 10 12 1 1 10 12 1 10 12 10 12 1 10 7 12 1 1 8 1 8 1 10 8 1 8 1 9 12 1 1 8 1 10 100 12 1 1 1 10 12 1 9 12 1 1 11 12 1 9 7 12 1 1 10 7 12 1 1 1 10 7 12 1 1 1 10 12 1 1 8 1 10 12 1 1 10 12 1 10 12 1 1 9 7 12 1 1 1 10 12 1 1 10 12 1 1 9 12 1 10 12 1 10 12 1 9 12 1 1 11 7 12 1 1 10 12 1 1 9 12 1 9 12 1 10 12 1 10 12 1 100 1 8 1 10 10 12 1 1 10 12 1 8 1 10 12 1 1 8 1 8 1 10 12 1 1 10 12 1 10 12 1 1 18 12 1 1 10 12 1 1 11 12 1 9 12 1 11 12 10 100 12 1 1 100 1 8 1 10 11 12 1 1 10 7 12 1 1 1 10 12 1 10 12 1 1 11 12 1 1 11 7 12 1 1 11 12 1 1 9 12 1 11 12 1 10 12 1 1 10 12 1 1 9 12 1 10 12 10 7 12 1 1 10 7 1 18 12 1 1 11 100 12 1 1 1 18 12 1 11 12 1 1 10 100 12 1 1 1 11 12 1 1 10 7 12 1 1 7 1 11 12 1 7 1 7 1 10 12 1 10 7 12 1 1 1 10 11 7 12 1 8 1 10 10 12 1 1 10 7 12 1 1 10 12 1 10 12 1 7 1 10 12 1 10 11 12 1 1 10 12 10 12 1 1 9 12 1 1 100 1 10 10 12 1 1 11 7 1 10 12 1 1 11 12 1 10 10 12 1 11 10 12 1 1 10 12 1 1 10 12 1 1 10 7 12 1 1 10 12 1 10 12 1 1 10 10 12 1 1 10 12 1 18 12 1 11 12 1 18 12 1 10 12 1 10 12 1 10 12 7 1 10 12 1 10 12 1 10 12 1 9 12 1 7 1 10 10 10 10 12 1 10 12 1 10 12 1 10 12 1 1 10 12 1 1 10 12 1 9 12 1 18 12 1 1 10 7 12 1 1 1 100 1 8 1 10 12 1 1 10 12 1 1 10 7 12 1 1 7 1 10 12 1 1 7 1 8 1 10 12 1 1 100 1 11 12 1 1 10 100 12 1 1 1 18 12 1 1 11 100 12 1 1 1 100 1 10 12 1 10 12 1 1 7 1 7 1 10 12 8 1 10 12 1 1 10 12 1 1 10 7 12 1 1 10 12 1 1 10 12 1 10 12 10 12 1 1 7 1 10 10 12 1 1 10 7 12 1 1 1 100 1 10 12 1 1 10 7 12 1 1 8 1 18 12 1 1 100 1 100 1 9 12 1 1 9 12 1 9 12 1 11 100 12 1 1 1 100 1 11 12 1 1 100 1 10 12 1 8 1 10 12 1 10 12 10 12 1 8 1 10 10 100 12 1 1 7 1 10 10 12 1 10 7 12 1 1 9 12 1 9 12 1 9 12 1 9 12 1 10 12 11 12 1 10 12 1 7 1 1 1 1 1 1 1 1 1 1 1 1 1 1 1 1 1 1 1 100 1 1 1 1 1 1 1 1 1 1 1 1 1 1 1 1 1 1 1 1 1 1 1 1 1 1 1 1 1 1 1 1 1 1 1 1 1 1 1 1 1 1 1 1 1 1 1 1 1 1 1 1 1 1 1 1 1 1 1 1 1 1 1 1 1 1 1 1 1 1 1 1 1 1 1 1 1 1 1 1 1 1 1 1 1 1 1 1 1 1 1 1 1 1 1 100 100 1 1 1 1 1 1 1 1 1 1 1 1 1 1 1 1 1 1 1 1 1 1 1 1 1 1 1 100 1 100 1 1 1 1 1 1 1 1 1 1 1 1 1 1 1 1 1 1 1 1 100 1 1 1 1 1 1 1 1 1 1 1 1 1 1 1 1 1 1 1 1 1 1 1 16 15 10 12 16 16 15 10 12 16 16 15 10 16 1 15 10 12 16 1 15 10 12 16 1 16 15 10 12 16 16 1 15 10 12 16 15 10 7 12 1 1 1 15 10 100 12 1 1 1 1 1 1 1 1 1 1 1 100 1 100 1 1 100 1 100 1 1
staticfield java/lang/Module ALL_UNNAMED_MODULE Ljava/lang/Module; java/lang/Module
staticfield java/lang/Module ALL_UNNAMED_MODULE_SET Ljava/util/Set; java/util/ImmutableCollections$Set12
staticfield java/lang/Module EVERYONE_MODULE Ljava/lang/Module; java/lang/Module
staticfield java/lang/Module EVERYONE_SET Ljava/util/Set; java/util/ImmutableCollections$Set12
staticfield java/lang/Module $assertionsDisabled Z 1
ciInstanceKlass java/lang/StringLatin1 1 1 392 7 1 10 7 12 1 1 1 10 12 1 1 10 7 12 1 1 1 10 7 12 1 1 1 10 12 1 10 7 12 1 1 1 10 12 1 1 10 7 12 1 1 1 10 7 12 1 1 1 10 12 1 1 10 12 1 1 10 10 12 1 10 12 1 10 9 7 12 1 1 1 10 12 1 1 10 7 12 1 1 1 10 12 10 12 1 1 10 12 1 1 10 12 1 10 12 1 1 10 12 1 1 10 7 12 1 1 1 10 12 1 10 12 1 1 9 12 1 1 100 1 10 10 12 1 1 10 7 12 1 1 1 10 12 1 10 12 1 100 1 7 1 8 1 10 12 1 8 1 10 12 1 1 100 1 10 10 12 10 7 12 1 1 1 8 1 8 1 8 1 10 12 1 1 10 100 12 1 1 10 12 1 10 12 1 1 10 12 1 1 10 12 1 1 10 12 1 10 12 10 12 10 12 1 10 12 10 10 12 1 10 12 1 10 12 1 10 100 12 1 1 1 10 100 12 1 1 1 10 12 1 1 10 12 1 1 10 10 7 12 1 1 1 1 1 1 1 1 1 1 1 1 1 1 1 1 1 1 1 1 1 1 1 1 1 1 1 1 1 1 1 1 1 1 1 1 1 1 1 1 1 1 1 1 1 1 1 1 1 1 1 1 100 1 1 1 1 1 1 1 1 1 1 1 1 1 1 1 1 1 1 1 1 1 1 1 1 1 1 1 1 1 1 1 1 1 1 1 1 1 1 1 1 1 1 100 1 1 1 1 1 1 1 1 1 1 1 1 1 1 1 1 1 1 1 1 1 1 1 100 1 1 1 1 1 1 1 1 1 1 1 1 1 1 1 1 1 1 1 1 1 1 1 1 1 1 100 1 1 1 1
staticfield java/lang/StringLatin1 $assertionsDisabled Z 1
ciInstanceKlass java/lang/Math 1 1 460 7 1 10 7 12 1 1 1 10 7 12 1 1 1 10 12 1 10 12 1 10 12 1 10 12 1 10 12 1 6 0 6 0 10 12 1 10 12 1 10 12 1 10 12 1 10 12 1 10 12 1 1 10 12 1 10 12 1 10 12 1 10 12 1 10 12 1 10 7 12 1 1 1 100 1 3 3 3 10 7 12 1 1 1 100 1 5 0 5 0 5 0 5 0 5 0 9 100 12 1 1 1 10 100 12 1 1 1 100 1 8 1 10 12 1 8 1 10 12 1 1 10 12 1 1 7 1 5 0 5 0 7 1 3 5 0 3 5 0 10 12 1 10 12 1 10 12 1 10 12 1 10 12 1 8 1 10 12 1 8 1 10 12 1 1 10 12 1 1 9 12 1 1 9 12 1 100 1 7 1 10 10 12 1 1 8 1 10 12 1 10 12 1 1 10 10 12 1 10 12 1 10 12 1 10 12 1 1 8 1 8 1 10 12 1 1 10 12 1 10 12 10 12 10 12 1 10 12 1 10 12 1 10 12 1 10 12 6 0 10 12 1 9 12 1 1 100 1 10 10 12 1 100 1 10 12 1 10 12 1 1 10 12 1 10 12 1 10 12 10 12 1 1 10 12 1 1 10 12 1 1 10 12 6 0 10 12 1 1 10 12 10 12 1 4 10 12 1 10 12 1 10 12 10 12 1 10 12 1 10 12 1 10 12 1 10 12 1 10 12 1 5 0 6 0 4 6 0 4 6 0 4 10 12 1 9 12 1 1 10 12 9 12 1 10 7 12 1 1 1 4 6 0 1 1 6 0 1 6 0 1 6 0 1 1 1 1 1 1 1 1 1 1 1 1 1 1 1 1 1 1 1 1 1 1 1 1 1 1 1 1 1 1 1 1 1 1 1 1 1 1 1 1 1 1 1 1 1 1 1 1 1 1 1 1 1 1 1 1 1 1 1 1 1 1 1 1 1 1 1 1 1 1 1 1 1 1 1 1 1 1 1 1 1 1 1 1 1 1 1 1 1 1 1 1 1 1 1 1
staticfield java/lang/Math negativeZeroFloatBits J -2147483648
staticfield java/lang/Math negativeZeroDoubleBits J -9223372036854775808
staticfield java/lang/Math $assertionsDisabled Z 1
ciInstanceKlass java/lang/Character 1 1 604 7 1 7 1 100 1 9 12 1 1 8 1 9 12 1 1 7 1 9 12 1 1 10 7 12 1 1 1 10 100 12 1 1 1 10 100 12 1 1 1 10 7 12 1 1 1 9 7 12 1 1 1 10 12 1 10 12 1 1 10 12 1 1 10 7 12 1 1 10 12 1 1 3 3 3 3 3 10 12 1 1 10 12 1 3 11 7 12 1 1 1 11 12 1 1 10 12 1 1 10 12 1 1 100 1 10 10 12 1 3 10 12 1 1 10 12 1 10 12 1 1 100 1 8 1 10 12 1 1 10 12 1 10 12 1 10 12 1 10 100 12 1 1 1 10 12 1 10 12 1 10 12 1 1 10 12 1 10 7 12 1 1 10 10 12 1 10 10 12 1 10 12 1 1 10 12 1 10 10 12 1 10 12 1 10 12 1 10 12 1 10 12 1 10 12 1 10 12 1 10 12 10 10 12 10 10 12 1 10 10 12 1 10 10 12 1 10 10 12 1 10 12 1 10 12 1 10 12 1 10 12 1 10 12 1 10 12 1 10 10 12 1 10 10 12 1 10 10 12 1 1 10 10 12 1 10 5 0 10 12 1 10 12 1 10 10 12 1 10 10 12 1 1 10 10 12 1 10 10 12 1 9 12 1 1 100 1 10 10 12 1 10 12 1 1 3 10 100 12 1 1 1 10 12 1 10 100 12 1 1 7 1 10 10 12 1 1 10 12 1 1 10 12 1 1 8 1 10 12 1 9 100 12 1 1 1 10 12 1 10 10 12 1 10 12 1 1 10 12 1 10 10 12 1 1 10 10 12 1 1 7 1 8 1 10 12 1 1 10 7 12 1 1 1 8 1 10 12 1 1 9 12 1 1 7 1 7 1 7 1 1 1 1 3 1 3 1 3 1 3 1 1 1 1 1 3 1 1 3 1 3 1 3 1 3 1 3 1 3 1 3 1 3 1 3 1 3 1 3 1 3 1 3 1 3 1 3 1 3 1 3 1 3 1 3 1 3 1 3 1 3 1 3 1 3 1 3 1 3 1 3 1 3 1 1 1 1 1 1 1 1 1 1 1 1 1 1 1 1 1 1 1 3 1 1 1 1 1 1 1 3 1 1 3 1 1 1 1 1 3 1 1 5 0 1 1 1 1 1 1 1 1 1 1 1 1 1 1 1 1 1 1 1 1 1 1 1 1 1 1 1 1 1 1 1 1 1 1 1 1 1 1 1 1 1 1 1 1 1 1 1 1 1 1 1 1 1 1 1 1 1 1 1 1 1 1 1 1 1 1 1 1 1 1 1 1 1 1 1 1 1 1 1 1 1 1 1 1 1 1 1 1 1 1 100 1 100 1 1 1 1 1 1
staticfield java/lang/Character TYPE Ljava/lang/Class; java/lang/Class
staticfield java/lang/Character $assertionsDisabled Z 1
ciInstanceKlass java/util/Arrays 1 1 1029 10 7 12 1 1 1 10 7 12 1 1 1 10 7 12 1 1 1 10 12 1 10 12 1 10 12 1 10 12 1 10 12 1 10 12 1 10 100 12 1 1 1 100 1 7 1 10 8 1 10 12 1 1 10 12 1 8 1 8 1 10 12 1 1 10 12 1 100 1 10 12 1 9 100 12 1 1 1 10 7 12 1 1 100 1 10 12 1 1 10 7 12 1 1 10 7 12 1 1 1 100 1 10 12 1 10 12 1 1 7 1 9 7 12 1 1 1 10 12 1 1 10 7 12 1 1 10 12 1 10 12 1 1 10 12 1 10 12 1 1 7 1 11 12 1 1 10 12 1 10 7 12 1 1 1 10 12 10 12 1 10 12 1 10 12 10 12 1 11 7 12 1 1 1 10 7 12 1 1 1 100 1 10 12 1 10 100 1 10 12 1 10 100 1 10 12 1 10 100 1 10 12 1 10 10 12 1 1 10 12 1 10 12 1 10 12 1 10 12 1 10 12 1 10 7 12 1 1 1 10 12 1 10 7 12 1 1 1 10 12 1 10 12 1 10 7 12 1 1 1 10 12 1 10 12 1 10 12 1 10 12 1 10 12 1 10 12 1 10 12 1 10 12 1 10 12 1 10 12 1 10 12 1 10 12 1 10 12 1 10 12 1 10 12 1 10 12 1 1 10 12 1 1 10 7 12 1 1 1 10 7 1 10 7 1 10 7 1 10 7 1 10 7 1 10 7 1 10 7 1 10 7 1 10 12 1 8 1 10 12 1 1 10 12 1 1 10 12 1 1 10 12 1 1 10 12 1 1 10 12 1 1 10 12 1 1 10 12 1 1 10 12 1 1 7 1 10 12 10 12 1 1 10 12 1 10 12 1 1 10 12 1 1 9 7 12 1 1 1 10 12 1 9 7 1 10 12 1 9 7 1 10 12 1 9 7 1 10 12 1 9 7 1 10 12 1 9 7 1 10 12 1 9 10 12 1 10 12 1 10 12 1 9 12 1 100 1 10 10 12 1 1 10 12 1 10 12 1 10 12 1 10 12 1 10 12 1 10 12 1 10 12 1 10 12 1 10 12 1 8 1 8 1 10 12 1 10 12 1 8 1 10 12 1 10 12 1 10 12 1 10 7 12 1 1 1 3 10 100 1 10 10 12 1 1 11 100 12 1 1 10 12 1 1 10 12 1 10 12 1 10 12 1 10 12 1 10 12 1 10 12 1 10 12 1 10 12 1 11 12 1 8 1 10 11 12 1 11 100 12 1 1 1 11 100 12 1 1 1 11 12 1 1 18 12 1 1 11 12 1 1 11 100 12 1 1 1 18 12 1 11 100 12 1 1 1 18 12 1 11 100 12 1 1 1 18 12 1 100 1 10 7 12 1 1 1 10 12 1 10 12 1 10 12 1 10 12 1 10 12 1 10 12 1 10 12 1 10 12 1 1 10 12 1 10 7 12 1 1 10 12 1 10 12 1 10 12 1 1 10 12 1 10 12 1 10 12 1 1 10 12 1 10 12 1 10 12 1 1 10 12 1 10 12 1 10 12 1 10 12 1 10 12 10 12 1 10 12 10 12 10 12 1 10 12 10 12 1 10 12 1 10 12 1 1 1 1 3 1 3 1 1 1 1 1 1 1 1 1 1 1 1 1 1 1 1 1 1 1 1 1 1 1 1 1 1 1 1 1 1 1 1 1 1 1 1 1 1 1 1 1 1 1 1 1 1 1 1 1 1 1 1 1 1 1 1 1 1 1 1 1 1 1 1 1 1 1 1 1 1 1 1 1 1 1 1 1 1 1 1 1 1 1 1 1 1 1 1 1 1 1 1 1 1 1 1 1 1 1 1 1 1 1 1 1 1 1 1 1 1 1 1 1 1 1 1 1 1 1 1 1 1 1 1 1 1 1 1 1 1 1 1 1 1 1 1 1 1 1 1 1 1 1 1 1 1 1 1 1 1 1 1 1 1 1 1 1 1 1 1 1 1 1 1 1 1 1 1 1 1 1 1 1 1 1 1 1 1 1 1 1 1 1 1 1 1 1 1 1 1 1 1 1 1 1 1 1 1 1 1 1 1 1 1 1 1 1 1 1 1 1 1 1 1 1 1 1 1 1 1 1 1 1 1 1 1 1 1 1 1 1 1 1 1 1 1 1 1 1 1 1 1 1 1 1 1 1 1 1 1 1 1 1 1 100 1 1 16 15 10 12 15 10 12 15 10 12 15 10 12 15 10 100 12 1 1 1 1 1 100 1 100 1 1 1 1 100 1 1 1 1 1 1 100 1 1 100 1 1 100 1 1 1 100 1 100 1 1
staticfield java/util/Arrays $assertionsDisabled Z 1
ciInstanceKlass java/lang/OutOfMemoryError 1 1 26 10 100 12 1 1 1 10 12 1 100 1 1 1 1 5 0 1 1 1 1 1 1 1 1 1
ciMethod java/lang/StringLatin1 indexOf ([BIII)I 416 0 12419 0 0
ciMethod java/lang/StringLatin1 indexOfChar ([BIII)I 352 4302 2610 0 -1
ciMethod java/lang/StringLatin1 charAt ([BI)C 546 0 2629996 0 0
ciMethod java/lang/StringLatin1 newString ([BII)Ljava/lang/String; 584 0 7764 0 0
ciMethod java/lang/StringLatin1 canEncode (I)Z 516 0 200007 0 0
ciInstanceKlass java/lang/StringUTF16 1 1 604 7 1 7 1 10 7 12 1 1 1 100 1 10 7 1 3 7 1 7 1 10 8 1 10 12 1 1 10 12 1 8 1 10 12 1 1 10 12 1 9 12 1 1 10 12 1 1 100 1 8 1 10 12 1 9 12 1 1 9 12 1 10 10 12 1 1 10 12 1 1 10 7 12 1 1 1 10 12 1 10 12 1 1 10 12 1 1 10 12 1 1 10 12 1 1 10 12 1 10 12 1 1 10 12 1 1 10 12 1 1 10 12 1 1 10 12 1 10 12 1 10 12 1 1 10 12 1 100 1 10 12 1 10 10 12 1 1 10 12 1 10 12 1 1 10 12 1 10 7 12 1 1 1 10 100 12 1 1 1 10 12 10 12 1 1 10 12 1 10 12 1 1 10 12 1 1 10 12 1 10 12 1 10 12 1 7 1 10 12 1 1 10 12 1 3 10 12 1 1 10 12 1 10 12 1 10 12 1 10 12 1 10 12 1 10 12 1 1 9 12 1 10 12 1 10 12 1 10 12 1 10 12 1 10 12 1 10 10 12 10 12 10 10 12 1 1 10 7 12 1 1 1 10 12 1 10 12 1 100 1 8 1 8 1 10 12 1 1 100 1 10 10 7 12 1 1 1 10 100 12 1 1 8 1 8 1 8 1 10 12 1 1 10 12 1 1 10 12 10 12 1 10 100 12 1 1 10 12 1 1 10 12 1 1 10 12 1 10 12 10 12 10 12 1 10 12 10 12 1 10 12 1 10 12 1 10 12 1 10 12 1 10 100 12 1 1 1 10 100 12 1 1 1 10 12 1 1 10 12 1 1 11 7 12 1 1 10 12 1 10 12 1 10 12 1 1 9 12 1 1 9 12 1 5 0 5 0 10 12 1 10 12 10 12 10 7 12 1 1 1 10 12 1 1 1 1 1 1 1 1 1 1 1 1 1 1 1 1 1 1 1 1 1 1 1 1 1 1 1 1 1 1 1 100 1 1 1 1 1 1 1 1 1 1 1 1 1 1 1 1 1 1 1 1 1 1 1 1 1 1 1 1 1 1 1 1 1 1 1 1 1 1 1 1 1 1 1 1 1 1 1 1 1 1 1 1 1 1 1 1 1 1 1 1 1 1 1 1 1 1 1 1 1 1 1 1 1 1 1 1 1 1 1 1 1 100 1 1 1 1 1 1 1 1 1 1 1 1 1 1 1 1 1 100 1 1 1 1 1 1 1 1 1 1 1 1 1 1 1 1 1 1 1 1 1 1 1 1 1 1 1 1 1 1 1 1 1 1 1 1 1 1 1 1 1 1 1 1 1 1 1 1 1 1 1 1 1 1 1 1 1 1 1 1 1 100 1 100 1 1 1 1 1
staticfield java/lang/StringUTF16 HI_BYTE_SHIFT I 0
staticfield java/lang/StringUTF16 LO_BYTE_SHIFT I 8
staticfield java/lang/StringUTF16 $assertionsDisabled Z 1
ciInstanceKlass java/lang/Integer 1 1 453 7 1 7 1 7 1 7 1 10 12 1 1 9 12 1 1 9 12 1 1 10 100 12 1 1 1 10 12 1 1 10 100 12 1 1 1 10 10 12 1 1 10 7 12 1 1 1 10 12 1 10 12 1 1 10 7 12 1 1 1 10 12 1 1 10 12 1 1 10 12 1 10 12 1 10 12 1 1 10 10 12 1 9 12 1 1 9 12 1 7 1 8 1 10 12 1 7 1 10 12 1 8 1 10 12 1 1 10 12 1 8 1 10 12 1 8 1 10 12 1 1 3 10 12 1 1 3 10 12 1 1 10 12 1 1 10 7 12 1 1 1 11 7 1 10 12 1 1 11 10 12 1 1 8 1 10 12 1 1 8 1 7 1 10 12 1 1 10 12 1 1 5 0 8 1 10 12 1 10 12 1 10 12 1 10 12 1 1 7 1 9 12 1 1 9 12 1 1 10 12 1 10 7 1 9 12 1 10 12 1 10 12 1 10 12 1 1 10 7 12 1 1 1 100 1 100 1 10 12 1 1 10 12 1 1 8 1 8 1 10 12 1 1 8 1 8 1 8 1 8 1 8 1 8 1 10 12 1 10 12 1 5 0 3 3 3 3 10 12 1 10 12 1 3 10 12 1 10 100 12 1 1 1 10 12 1 1 10 12 1 1 8 1 10 7 12 1 1 1 9 12 1 1 7 1 7 1 7 1 1 1 1 3 1 1 1 3 1 3 1 1 5 0 1 1 1 1 1 1 1 1 1 100 1 1 1 1 1 1 1 1 1 1 1 1 1 1 1 1 1 1 1 1 1 1 1 1 1 1 1 1 1 1 1 1 1 1 1 1 1 1 1 1 3 1 1 1 1 1 1 1 1 1 1 1 1 1 1 1 1 7 1 1 1 1 1 1 1 1 1 1 1 1 1 1 1 1 1 1 1 1 1 1 1 1 1 1 1 1 1 1 1 1 1 1 1 1 1 1 1 1 1 1 1 1 1 1 7 1 1 1 1 1 1 1 1 1 100 1 100 1 1
staticfield java/lang/Integer TYPE Ljava/lang/Class; java/lang/Class
staticfield java/lang/Integer digits [C 36
staticfield java/lang/Integer DigitTens [B 100
staticfield java/lang/Integer DigitOnes [B 100
instanceKlass java/math/BigDecimal
instanceKlass java/math/BigInteger
instanceKlass java/util/concurrent/atomic/Striped64
instanceKlass java/util/concurrent/atomic/AtomicLong
instanceKlass java/util/concurrent/atomic/AtomicInteger
instanceKlass java/lang/Long
instanceKlass java/lang/Integer
instanceKlass java/lang/Short
instanceKlass java/lang/Byte
instanceKlass java/lang/Double
instanceKlass java/lang/Float
ciInstanceKlass java/lang/Number 1 1 37 10 7 12 1 1 1 10 100 12 1 1 1 100 1 1 1 1 5 0 1 1 1 1 1 1 1 1 1 1 1 1 1 1 1 1 1
ciMethod java/lang/StringUTF16 length ([B)I 2 0 647418 0 96
ciMethod java/lang/StringUTF16 checkIndex (I[B)V 0 0 570932 0 120
ciMethod java/lang/StringUTF16 compress ([BII)[B 0 0 6674 0 -1
ciMethod java/lang/StringUTF16 indexOf ([BIII)I 0 0 11949 0 -1
ciMethod java/lang/StringUTF16 getChar ([BI)C 1024 0 14623 0 -1
ciMethod java/lang/StringUTF16 charAt ([BI)C 0 0 552034 0 136
ciMethod java/lang/StringUTF16 newString ([BII)Ljava/lang/String; 0 0 5785 0 0
ciInstanceKlass java/lang/Thread$FieldHolder 1 1 48 10 7 12 1 1 1 9 7 12 1 1 1 9 12 1 1 9 12 1 1 9 12 1 1 9 12 1 1 1 1 1 1 1 1 1 1 100 1 100 1 1 1 1 100 1 1 1
ciInstanceKlass java/lang/Thread$Constants 1 1 59 7 1 10 7 12 1 1 1 7 1 10 10 7 12 1 1 1 7 1 8 1 10 12 1 9 7 12 1 1 1 7 1 7 1 10 12 1 10 12 1 9 12 1 1 1 1 1 1 1 1 1 1 1 1 1 1 1 1
staticfield java/lang/Thread$Constants VTHREAD_GROUP Ljava/lang/ThreadGroup; java/lang/ThreadGroup
staticfield java/lang/Thread$Constants NO_PERMISSIONS_ACC Ljava/security/AccessControlContext; java/security/AccessControlContext
ciInstanceKlass java/lang/ThreadGroup 1 1 411 10 7 12 1 1 1 9 7 12 1 1 1 8 1 9 12 1 1 7 1 9 12 1 1 9 12 1 1 10 7 12 1 1 1 10 12 1 1 10 12 1 10 12 1 10 12 1 10 12 1 1 10 12 1 1 10 12 1 10 12 1 1 10 12 1 10 12 1 10 100 12 1 1 1 10 12 1 1 18 12 1 1 11 7 12 1 1 1 10 7 12 1 1 1 10 7 12 1 10 12 1 1 10 12 1 1 10 12 1 1 10 100 12 1 1 1 10 12 1 11 12 1 1 11 7 12 1 1 11 12 1 1 10 12 1 1 10 12 1 10 12 1 11 12 1 11 12 1 1 100 1 10 10 12 1 100 1 10 18 12 1 1 11 7 12 1 1 1 11 12 1 1 9 12 1 1 10 12 1 1 8 1 10 7 12 1 1 1 10 100 12 1 1 1 10 12 1 1 11 12 10 12 1 1 10 12 1 1 11 7 1 9 12 1 7 1 10 8 1 10 12 1 1 10 12 1 1 8 1 10 12 1 10 7 12 1 1 1 10 12 1 1 10 7 1 8 1 10 8 1 10 12 1 10 12 1 8 1 9 12 1 1 9 12 1 10 100 12 1 1 1 100 9 12 1 1 7 1 9 12 1 10 12 10 12 1 1 100 10 12 9 12 1 10 12 1 100 1 10 11 12 1 1 7 1 10 10 12 1 10 12 1 1 1 1 1 1 1 1 1 1 1 1 1 1 1 1 1 1 3 1 1 1 1 1 1 1 1 1 1 1 1 100 1 1 1 1 1 1 1 1 1 1 1 1 1 1 1 1 1 1 1 1 1 1 1 1 1 1 1 1 1 1 1 1 1 1 1 1 1 1 1 1 1 1 1 16 15 10 12 16 16 15 10 12 16 15 10 100 12 1 1 1 1 1 100 1 100 1 1
staticfield java/lang/ThreadGroup $assertionsDisabled Z 1
ciInstanceKlass java/lang/Thread$UncaughtExceptionHandler 1 0 16 100 1 100 1 1 1 1 1 1 1 1 100 1 1 1
ciInstanceKlass java/security/AccessControlContext 1 1 374 9 7 12 1 1 1 9 12 1 1 10 100 12 1 1 1 8 1 10 100 12 1 1 1 10 7 12 1 1 1 9 12 1 9 12 1 1 9 12 1 1 10 7 12 1 1 7 1 10 12 1 11 7 12 1 1 1 11 12 1 11 12 1 11 12 1 1 7 1 11 12 1 1 10 12 1 10 7 12 1 1 1 9 100 12 1 1 1 10 7 12 1 1 1 11 100 12 1 1 1 10 7 1 100 1 8 1 10 12 1 10 12 1 1 7 1 10 7 12 1 1 1 9 12 1 9 12 1 9 12 1 9 12 1 1 9 12 1 1 9 12 1 9 12 1 10 7 12 1 1 1 9 12 1 10 12 1 1 10 12 1 1 8 1 10 12 1 1 10 12 1 1 10 7 12 1 1 1 7 1 10 10 12 1 1 10 7 12 1 1 1 10 8 1 10 7 12 1 1 8 1 10 7 12 1 1 8 1 8 1 10 12 1 8 1 10 12 1 8 1 10 12 1 10 12 1 10 12 1 1 8 1 8 1 100 1 10 12 1 10 12 1 1 100 1 10 12 1 8 1 10 12 1 10 12 1 10 8 1 10 12 1 1 10 12 1 1 10 12 1 1 10 12 1 1 10 12 1 10 12 1 11 10 12 1 10 12 1 1 10 10 10 12 1 1 1 1 1 1 1 1 1 1 1 1 1 1 1 1 1 1 1 1 1 1 1 1 100 1 1 1 1 1 1 1 1 1 1 1 1 1 1 1 1 1 1 1 1 1 1 1 1 1 1 1 1 1 1 1 1 1 1 1 1 1 1 1 1 1 1 1 1 1 1 1 1 1 1 1 1 3 1 1
instanceKlass java/lang/ThreadBuilders$BoundVirtualThread
instanceKlass java/lang/VirtualThread
ciInstanceKlass java/lang/BaseVirtualThread 1 1 36 10 7 12 1 1 1 100 1 1 1 1 1 1 1 1 1 1 1 1 1 1 1 1 1 1 1 1 100 1 100 1 1 100 1 1
ciInstanceKlass java/lang/VirtualThread 1 1 890 7 1 9 12 1 1 10 7 12 1 1 1 10 7 12 1 1 1 10 7 12 1 1 1 9 12 1 1 9 12 1 1 7 1 10 12 1 9 12 1 1 18 12 1 1 9 12 1 1 10 12 1 1 100 1 10 12 1 10 12 1 1 10 12 1 1 10 12 1 1 10 12 1 10 7 12 1 10 12 1 10 12 1 10 12 1 11 7 12 1 1 1 100 1 10 12 1 1 10 100 12 1 1 1 10 7 12 1 1 1 10 12 1 100 1 10 10 12 1 10 12 1 1 9 12 1 1 10 12 1 1 9 12 1 1 10 12 1 9 12 1 1 9 12 1 100 1 10 10 12 1 10 12 1 10 7 12 1 1 10 9 10 10 12 1 1 10 12 1 1 10 7 12 1 1 10 7 1 10 9 10 10 12 1 10 12 1 10 12 1 1 7 1 10 12 1 1 10 12 1 10 12 1 1 9 12 1 10 12 1 10 12 1 9 12 1 1 10 12 1 10 12 1 9 12 1 1 10 12 1 10 12 1 11 7 12 1 1 10 12 1 1 10 12 1 10 12 1 1 9 12 1 10 7 1 10 12 1 1 10 12 1 1 10 12 1 10 12 1 10 12 1 10 12 1 9 12 1 1 10 100 12 1 1 10 12 1 10 12 1 1 10 7 12 1 1 10 12 1 100 1 8 1 10 12 1 10 12 1 1 10 12 1 10 12 1 10 100 12 1 1 10 12 1 10 12 1 1 10 12 1 10 12 1 1 10 7 12 1 1 18 10 12 1 1 10 12 1 1 7 1 10 10 12 1 7 1 9 12 1 1 10 7 12 1 1 10 9 12 1 1 9 7 12 1 1 1 11 7 12 1 1 1 11 7 1 11 12 10 12 1 10 12 1 1 10 12 1 100 1 10 10 12 1 10 12 1 1 10 12 1 1 10 12 1 10 12 1 10 12 1 9 12 1 1 11 100 12 1 1 10 12 9 100 12 1 1 1 9 12 1 10 12 1 1 9 12 1 9 12 1 7 1 10 10 12 1 1 10 12 1 10 12 10 12 1 7 1 7 1 8 1 10 10 12 1 1 10 12 1 10 7 12 1 1 8 1 10 12 1 8 1 10 12 1 9 100 12 1 1 1 10 12 1 1 10 12 1 10 10 10 10 12 9 12 1 10 12 1 1 9 12 1 10 12 1 1 9 12 1 10 12 1 1 18 12 1 1 18 12 1 10 7 12 1 1 1 8 1 10 7 12 1 1 1 10 7 12 1 1 1 18 12 1 10 7 12 1 1 1 7 1 10 12 1 8 1 10 12 1 8 1 10 12 1 1 8 1 8 1 10 7 12 1 1 8 1 10 12 1 8 1 8 1 10 7 12 1 1 1 10 12 1 10 12 1 1 10 12 1 18 12 1 1 18 12 1 1 5 0 9 12 1 10 12 1 18 12 1 7 1 10 12 10 7 12 1 1 10 12 1 1 7 1 8 1 10 10 12 1 10 12 1 1 10 12 1 9 12 1 8 10 12 1 1 8 8 9 12 1 8 10 12 1 1 3 1 3 3 1 3 1 3 1 3 1 3 1 3 3 1 3 1 3 1 3 1 1 1 1 1 1 1 1 1 1 1 1 1 1 7 1 1 1 1 1 1 1 1 1 1 1 1 7 1 1 1 1 1 1 1 1 1 1 1 1 1 7 1 1 1 1 1 1 1 1 1 1 1 1 1 1 1 1 1 1 1 1 1 1 1 1 1 1 1 1 1 1 1 1 1 1 1 1 1 1 100 1 1 1 1 1 1 1 1 1 1 1 1 1 1 1 1 1 1 1 1 1 1 1 1 1 1 1 1 1 1 1 1 1 100 1 1 1 1 1 1 1 1 1 1 1 1 1 1 100 1 1 16 15 10 12 15 16 15 10 12 16 15 10 12 16 16 15 10 12 16 15 10 12 16 15 10 12 16 15 10 12 16 1 15 10 7 12 1 1 1 1 1 1 1 7 1 1 100 1 100 1 1
staticfield java/lang/VirtualThread U Ljdk/internal/misc/Unsafe; jdk/internal/misc/Unsafe
staticfield java/lang/VirtualThread VTHREAD_SCOPE Ljdk/internal/vm/ContinuationScope; jdk/internal/vm/ContinuationScope
staticfield java/lang/VirtualThread DEFAULT_SCHEDULER Ljava/util/concurrent/ForkJoinPool; java/util/concurrent/ForkJoinPool
staticfield java/lang/VirtualThread UNPARKER Ljava/util/concurrent/ScheduledExecutorService; java/util/concurrent/ScheduledThreadPoolExecutor
staticfield java/lang/VirtualThread TRACE_PINNING_MODE I 0
staticfield java/lang/VirtualThread STATE J 116
staticfield java/lang/VirtualThread PARK_PERMIT J 120
staticfield java/lang/VirtualThread CARRIER_THREAD J 136
staticfield java/lang/VirtualThread TERMINATION J 140
staticfield java/lang/VirtualThread $assertionsDisabled Z 1
ciInstanceKlass java/lang/ThreadBuilders$BoundVirtualThread 0 0 132 10 7 12 1 1 1 9 7 12 1 1 1 10 7 12 1 1 1 9 12 1 1 10 12 1 1 10 12 1 1 9 12 1 1 10 7 12 1 1 1 10 12 1 1 7 1 8 1 10 12 1 10 12 1 1 10 12 1 1 10 12 1 1 10 7 12 1 1 1 8 1 10 12 1 8 1 10 12 1 1 10 100 12 1 1 9 100 12 1 1 1 10 12 1 1 10 10 12 1 1 1 1 1 1 1 1 1 1 1 1 1 1 1 1 1 1 1 1 1 1 1 1 1 1 1 1 100 1 1 1 1
ciInstanceKlass jdk/internal/vm/ContinuationScope 1 1 50 10 7 12 1 1 1 10 7 12 1 1 1 7 1 9 7 12 1 1 1 10 12 1 1 10 100 12 1 1 1 10 12 1 1 10 12 1 1 1 1 1 1 1 1 1 1 1 1 1
ciInstanceKlass jdk/internal/vm/StackChunk 1 1 34 10 100 12 1 1 1 9 100 12 1 1 1 9 12 1 1 9 12 1 9 12 1 1 1 1 1 1 1 1 1 1 1 1
ciInstanceKlass java/lang/Float 1 1 279 7 1 7 1 10 7 12 1 1 1 10 7 12 1 1 1 4 7 1 10 12 1 1 10 12 1 1 8 1 8 1 10 7 12 1 1 1 10 12 1 1 10 12 1 1 10 7 1 4 10 7 12 1 1 9 12 1 1 10 12 1 1 10 12 1 10 10 12 1 1 10 12 1 10 12 1 3 3 100 1 4 4 4 3 10 12 1 1 9 12 1 1 100 1 10 3 3 4 4 10 12 1 3 3 3 10 12 1 1 10 12 1 1 10 12 1 10 100 12 1 1 1 10 12 1 1 10 12 1 1 10 7 12 1 1 1 8 1 10 12 1 1 9 12 1 1 7 1 7 1 7 1 1 1 1 4 1 4 1 1 1 4 1 1 3 1 3 1 3 1 3 1 3 1 1 1 1 5 0 1 1 1 1 1 1 1 1 1 1 100 1 1 1 1 1 1 1 1 1 1 1 1 1 3 1 1 1 1 1 1 1 1 1 1 1 1 1 1 1 1 1 1 1 1 1 1 1 1 1 1 1 1 1 1 1 1 1 1 1 1 1 1 1 1 1 1 1 1 1 1 1 1 1 1 1 1 1 1 1 1 1 1 1 1 1 7 1 1 1 1 1 1 1 100 1 100 1 1
staticfield java/lang/Float TYPE Ljava/lang/Class; java/lang/Class
staticfield java/lang/Float $assertionsDisabled Z 1
ciInstanceKlass java/lang/Double 1 1 290 7 1 7 1 10 7 12 1 1 1 10 12 1 1 10 7 1 10 12 1 1 10 7 12 1 1 1 6 0 8 1 10 12 1 1 8 1 10 12 1 1 8 1 6 0 10 12 1 1 100 1 5 0 5 0 8 1 8 1 10 7 12 1 1 1 10 7 12 1 1 1 8 1 10 12 1 1 8 1 8 1 8 1 10 12 1 1 10 12 1 10 12 1 1 10 12 1 10 12 1 10 12 1 1 10 12 1 10 7 1 6 0 10 7 12 1 1 9 12 1 1 10 12 1 10 12 1 10 12 1 10 12 1 10 12 1 5 0 10 12 1 1 10 12 1 10 12 1 10 100 12 1 1 1 10 12 1 1 10 12 1 1 8 1 10 7 12 1 1 1 9 12 1 1 7 1 7 1 7 1 1 1 6 0 1 6 0 1 6 0 1 1 1 6 0 1 1 3 1 3 1 3 1 3 1 3 1 1 1 1 5 0 1 1 1 1 1 1 1 1 1 1 1 1 1 1 1 1 100 1 1 1 1 1 1 1 1 1 1 1 1 3 1 1 1 1 1 1 1 1 1 1 1 1 1 1 1 1 1 1 1 1 1 1 1 1 1 1 1 1 1 1 1 1 1 1 7 1 1 1 1 1 1 1 100 1 100 1 1
staticfield java/lang/Double TYPE Ljava/lang/Class; java/lang/Class
ciInstanceKlass java/lang/Byte 1 1 213 7 1 100 1 10 7 12 1 1 1 9 12 1 1 8 1 9 12 1 1 7 1 10 12 1 1 10 12 1 1 10 100 12 1 1 1 10 100 12 1 1 1 9 7 12 1 1 1 10 12 1 1 100 1 7 1 10 12 1 1 8 1 10 12 1 1 8 1 10 12 1 10 12 1 10 12 1 10 12 1 1 10 12 1 10 12 1 10 12 1 1 10 8 1 8 1 10 7 1 9 12 1 1 10 12 1 1 10 12 1 1 10 12 1 1 10 12 1 5 0 10 12 1 1 8 1 10 7 12 1 1 1 9 12 1 1 7 1 7 1 1 1 3 1 3 1 1 1 1 3 1 3 1 1 5 0 1 1 1 1 1 1 1 1 1 1 1 1 1 1 1 1 1 1 1 1 1 1 1 1 1 1 1 1 1 1 1 1 1 1 1 1 1 1 1 1 1 1 1 1 1 1 1 1 1 1 1 1 1 1 1 1
staticfield java/lang/Byte TYPE Ljava/lang/Class; java/lang/Class
ciInstanceKlass java/lang/Short 1 1 222 7 1 7 1 100 1 10 7 12 1 1 1 10 12 1 1 100 1 7 1 10 12 1 1 8 1 10 12 1 1 8 1 10 12 1 10 12 1 10 12 1 10 12 1 1 10 12 1 1 10 12 1 9 12 1 1 8 1 9 12 1 1 7 1 10 12 1 1 10 12 1 10 100 12 1 1 1 10 100 12 1 1 1 9 100 12 1 1 1 10 12 1 10 12 1 1 10 8 1 8 1 10 7 1 9 12 1 1 10 12 1 1 10 12 1 1 10 12 1 1 10 12 1 3 3 5 0 10 12 1 1 8 1 10 7 12 1 1 1 9 12 1 1 7 1 7 1 1 1 3 1 3 1 1 1 1 3 1 3 1 1 5 0 1 1 1 1 1 1 1 1 1 1 1 1 1 1 1 1 1 1 1 1 1 1 1 1 1 1 1 3 1 1 1 1 1 1 1 1 1 1 1 1 1 1 1 1 1 1 1 1 1 1 1 1 1 1 1 1 1 1
staticfield java/lang/Short TYPE Ljava/lang/Class; java/lang/Class
ciInstanceKlass java/lang/Long 1 1 524 7 1 7 1 7 1 7 1 10 12 1 1 9 12 1 1 9 7 12 1 1 1 10 7 12 1 1 1 10 12 1 1 10 100 12 1 1 1 10 10 12 10 12 1 10 12 1 10 12 1 5 0 5 0 7 1 10 12 1 1 10 12 1 1 10 12 1 10 12 1 10 12 1 10 12 1 1 10 100 12 1 1 10 12 1 10 12 1 1 10 12 1 1 10 12 1 1 10 12 1 1 10 7 12 1 1 1 10 12 1 1 10 12 1 10 12 1 10 12 1 10 12 1 1 10 10 12 1 5 0 5 0 9 12 1 1 9 12 1 5 0 100 1 8 1 10 12 1 8 1 10 12 1 8 1 8 1 10 12 1 1 5 0 10 12 1 1 5 0 10 12 1 1 10 12 1 1 10 100 12 1 1 1 11 7 1 10 12 1 1 11 10 12 1 1 8 1 10 12 1 1 8 1 7 1 10 12 1 1 10 12 1 8 1 8 1 11 12 1 1 10 12 1 10 12 1 10 12 1 5 0 5 0 9 7 12 1 1 1 10 12 1 10 12 1 1 8 1 8 1 10 12 1 1 8 1 8 1 8 1 8 1 8 1 8 1 10 12 1 10 7 1 9 12 1 1 10 12 1 10 12 1 1 10 12 1 1 10 7 12 1 1 1 100 1 100 1 10 12 1 1 10 12 1 1 5 0 10 12 1 10 12 1 5 0 5 0 5 0 10 12 1 1 10 12 1 5 0 5 0 10 12 1 10 12 1 10 100 12 1 1 1 10 12 1 1 10 12 1 1 8 1 10 7 12 1 1 1 9 12 1 1 7 1 7 1 7 1 1 1 1 5 0 1 1 1 1 3 1 3 1 5 0 1 1 1 1 1 1 1 1 1 100 1 1 1 1 1 1 1 1 1 1 1 1 1 1 1 1 1 1 1 1 1 1 1 1 1 1 1 1 1 1 1 1 1 1 1 1 1 1 1 1 1 1 1 1 1 1 1 1 1 1 1 1 1 1 1 3 1 1 1 1 1 1 1 1 1 1 1 1 1 1 1 7 1 1 1 1 1 1 1 1 1 1 1 1 1 1 1 1 1 1 1 1 1 1 1 1 1 1 1 1 1 1 1 1 1 1 1 1 1 1 1 1 1 1 1 7 1 1 1 1 1 1 1 1 1 100 1 100 1 1
staticfield java/lang/Long TYPE Ljava/lang/Class; java/lang/Class
ciInstanceKlass jdk/internal/vm/vector/VectorSupport 1 1 573 7 1 10 100 12 1 1 1 9 12 1 1 10 12 1 1 100 1 10 12 1 11 7 12 1 1 1 11 100 12 1 1 1 11 100 12 1 1 11 100 12 1 1 11 100 12 1 1 1 11 7 12 1 1 11 100 12 1 1 11 100 12 1 1 11 100 12 1 1 11 7 12 1 1 11 7 12 1 1 11 7 12 1 1 1 11 100 12 1 1 11 100 12 1 1 1 11 7 12 1 1 1 11 100 12 1 1 11 100 12 1 1 1 11 100 12 1 1 100 1 10 12 1 1 11 100 12 1 1 11 100 12 1 1 11 100 12 1 1 11 100 12 1 1 11 7 12 1 1 11 100 12 1 1 9 12 1 1 10 7 12 1 1 11 100 12 1 1 10 12 1 1 10 7 12 1 1 1 10 12 1 10 12 1 1 10 12 1 1 1 1 1 3 1 3 1 3 1 3 1 3 1 3 1 3 1 3 1 3 1 3 1 3 1 3 1 3 1 3 1 3 1 3 1 3 1 3 1 3 1 3 1 3 1 3 1 3 1 3 1 3 1 3 1 3 1 3 1 3 1 3 1 3 1 3 1 3 1 3 1 3 1 3 1 3 1 3 1 3 1 3 1 3 1 3 1 3 1 3 1 3 1 3 1 3 1 3 1 3 1 3 1 3 1 3 1 3 1 1 1 1 1 1 1 1 1 1 1 1 1 1 1 1 1 1 1 1 1 1 1 1 1 1 1 1 1 1 1 1 1 1 1 1 1 1 1 1 1 1 1 1 1 1 1 1 1 1 1 1 1 1 1 1 1 1 1 1 1 1 1 1 1 1 1 1 1 1 1 1 1 1 1 1 1 1 1 1 1 1 1 1 1 1 1 1 1 1 1 1 1 1 1 1 1 1 1 1 1 1 1 1 1 1 1 1 1 1 1 1 1 1 1 1 1 1 1 1 1 1 1 1 1 1 1 1 1 1 1 1 1 1 1 1 1 1 1 1 1 1 1 1 1 1 1 1 1 1 1 1 1 1 1 1 1 1 1 1 1 1 1 1 1 1 1 1 1 1 1 1 1 1 1 1 1 1 1 1 1 1 1 1 1 1 1 1 1 1 1 1 1 1 1 1 1 1 1 1 1 1 1 1 1 1 1 1 1 1 1 1 1 1 1 1 1 1 1 1 1 1 1 1 1 1 1 1 1 1 1 1 1 1 1 100 1 100 1 100 1 100 1 100 1 1 1 1 1 1 1 1 1 1 1 1 1 1 1 1 1 1 1 1 1 1 1 1 1 1 1 1 1 1 1
staticfield jdk/internal/vm/vector/VectorSupport U Ljdk/internal/misc/Unsafe; jdk/internal/misc/Unsafe
staticfield jdk/internal/vm/vector/VectorSupport $assertionsDisabled Z 1
instanceKlass jdk/internal/vm/vector/VectorSupport$VectorShuffle
instanceKlass jdk/internal/vm/vector/VectorSupport$VectorMask
instanceKlass jdk/internal/vm/vector/VectorSupport$Vector
ciInstanceKlass jdk/internal/vm/vector/VectorSupport$VectorPayload 1 1 32 10 7 12 1 1 1 9 7 12 1 1 1 10 7 12 1 1 1 1 1 1 1 1 1 1 1 1 1 1 1 1
instanceKlass jdk/incubator/vector/Vector
ciInstanceKlass jdk/internal/vm/vector/VectorSupport$Vector 1 1 28 10 7 12 1 1 1 100 1 1 1 1 1 1 1 1 1 1 1 1 1 1 1 100 1 1 1 1
instanceKlass jdk/incubator/vector/VectorMask
ciInstanceKlass jdk/internal/vm/vector/VectorSupport$VectorMask 0 0 28 10 100 12 1 1 1 100 1 1 1 1 1 1 1 1 1 1 1 1 1 1 1 100 1 1 1 1
ciInstanceKlass jdk/internal/vm/vector/VectorSupport$VectorShuffle 0 0 28 10 100 12 1 1 1 100 1 1 1 1 1 1 1 1 1 1 1 1 1 1 1 100 1 1 1 1
ciInstanceKlass jdk/internal/vm/FillerObject 0 0 16 10 100 12 1 1 1 100 1 1 1 1 1 1 1 1
instanceKlass java/lang/ref/PhantomReference
instanceKlass java/lang/ref/FinalReference
instanceKlass java/lang/ref/WeakReference
instanceKlass java/lang/ref/SoftReference
ciInstanceKlass java/lang/ref/Reference 1 1 190 9 7 12 1 1 1 9 7 12 1 1 10 12 1 1 10 12 1 1 9 12 1 1 10 12 1 1 9 12 1 1 9 12 1 1 7 1 10 12 1 10 7 12 1 1 10 12 1 10 12 1 1 10 12 1 7 1 8 1 10 12 1 1 7 1 10 12 1 1 10 12 1 1 10 12 1 9 12 1 10 12 1 1 10 12 1 10 12 1 9 12 1 7 1 100 1 10 12 9 12 1 9 12 1 100 1 10 10 12 1 10 10 7 12 1 1 7 1 10 10 7 12 1 1 1 1 1 1 1 1 1 1 1 1 1 1 1 1 1 1 1 7 1 1 1 100 1 1 1 1 1 1 1 1 1 1 1 1 1 1 1 1 1 1 1 1 1 1 1 1 1 1 1 1 1 1 1 1 1 1 1 7 1 7 1 7 1 1 1
staticfield java/lang/ref/Reference processPendingLock Ljava/lang/Object; java/lang/Object
staticfield java/lang/ref/Reference $assertionsDisabled Z 1
instanceKlass java/util/ResourceBundle$BundleReference
instanceKlass sun/security/util/MemoryCache$SoftCacheEntry
instanceKlass sun/util/locale/provider/LocaleResources$ResourceReference
instanceKlass sun/util/resources/Bundles$BundleReference
instanceKlass sun/util/locale/LocaleObjectCache$CacheEntry
instanceKlass java/lang/invoke/LambdaFormEditor$Transform
ciInstanceKlass java/lang/ref/SoftReference 1 1 47 10 7 12 1 1 1 9 7 12 1 1 1 9 12 1 10 12 1 10 12 1 1 1 1 1 1 1 1 1 1 1 1 1 1 1 1 1 1 1 1 100 1 1 1 1 1
instanceKlass java/util/ResourceBundle$KeyElementReference
instanceKlass javax/crypto/JceSecurity$WeakIdentityWrapper
instanceKlass sun/nio/ch/FileLockTable$FileLockReference
instanceKlass java/util/logging/LogManager$LoggerWeakRef
instanceKlass java/util/logging/Level$KnownLevel
instanceKlass java/lang/WeakPairMap$WeakRefPeer
instanceKlass java/lang/ClassValue$Entry
instanceKlass java/lang/ThreadLocal$ThreadLocalMap$Entry
instanceKlass java/lang/invoke/MethodType$ConcurrentWeakInternSet$WeakEntry
instanceKlass java/util/WeakHashMap$Entry
ciInstanceKlass java/lang/ref/WeakReference 1 1 31 10 7 12 1 1 1 10 12 1 100 1 1 1 1 1 1 1 1 1 1 1 1 1 1 1 1 1 1 1 1
instanceKlass java/lang/ref/Finalizer
ciInstanceKlass java/lang/ref/FinalReference 1 1 50 10 7 12 1 1 1 10 7 12 1 1 1 10 12 1 1 7 1 8 1 10 12 1 1 1 1 1 1 1 1 1 1 1 1 1 1 1 1 1 1 1 1 1 1 1 1 1 7 1
instanceKlass jdk/internal/ref/PhantomCleanable
instanceKlass jdk/internal/ref/Cleaner
ciInstanceKlass java/lang/ref/PhantomReference 1 1 39 10 100 12 1 1 1 10 7 12 1 1 1 1 1 1 1 1 1 1 1 1 1 1 1 1 1 1 1 1 1 1 1 1 1 1 1 1 1
ciInstanceKlass java/lang/ref/Finalizer 1 1 155 9 7 12 1 1 1 10 7 12 1 1 1 9 12 1 1 9 12 1 1 9 12 1 9 12 1 9 12 1 1 10 12 1 7 1 8 1 10 12 1 10 12 1 1 9 12 1 100 1 10 12 1 7 1 11 100 12 1 1 10 12 1 7 1 10 12 1 100 1 10 12 1 10 7 12 1 1 1 10 100 12 1 1 1 100 1 10 10 12 1 7 1 10 12 1 7 1 10 12 1 1 10 12 1 1 10 12 1 10 7 12 1 1 1 7 1 10 7 1 10 10 12 1 1 1 1 1 1 1 1 1 1 1 1 1 1 1 1 1 1 1 1 1 1 1 1 1 1 1 1 1 1 1 1
staticfield java/lang/ref/Finalizer lock Ljava/lang/Object; java/lang/Object
staticfield java/lang/ref/Finalizer ENABLED Z 1
staticfield java/lang/ref/Finalizer $assertionsDisabled Z 1
instanceKlass java/lang/StackStreamFactory$WalkerState
instanceKlass java/lang/StackWalker$ExtendedOption
instanceKlass java/time/zone/ZoneOffsetTransitionRule$TimeDefinition
instanceKlass sun/util/logging/PlatformLogger$Level
instanceKlass com/naqqa/elasticsearch/monitor/version/VersionCompatibility$IndexCompatibility
instanceKlass com/naqqa/elasticsearch/monitor/slowlog/SlowLogLevel
instanceKlass com/naqqa/elasticsearch/monitor/shutdown/ShutdownCoordinator$Phase
instanceKlass com/naqqa/elasticsearch/monitor/shutdown/NodeShutdownType
instanceKlass com/naqqa/elasticsearch/monitor/health/HealthStatus
instanceKlass com/naqqa/elasticsearch/ingest/IngestDocument$MetaData
instanceKlass com/naqqa/elasticsearch/indices/tier/DataTier
instanceKlass com/naqqa/elasticsearch/indices/ilm/PhaseName
instanceKlass com/naqqa/elasticsearch/indices/alias/AliasAction$Type
instanceKlass com/naqqa/elasticsearch/indices/IndexSortConfig$Mode
instanceKlass com/naqqa/elasticsearch/indices/IndexSortConfig$Order
instanceKlass com/naqqa/elasticsearch/snapshots/model/SnapshotState
instanceKlass com/naqqa/elasticsearch/index/recovery/RecoveryState$Stage
instanceKlass com/naqqa/elasticsearch/index/recovery/RecoveryState$Type
instanceKlass com/naqqa/elasticsearch/index/query/request/QueryRescorerBuilder$ScoreMode
instanceKlass com/naqqa/elasticsearch/index/query/request/SortOrder
instanceKlass com/naqqa/elasticsearch/index/query/RangeQueryBuilder$Relation
instanceKlass com/naqqa/elasticsearch/index/query/SimpleQueryStringParser$Modifier
instanceKlass com/naqqa/elasticsearch/index/query/QueryStringParser$Modifier
instanceKlass com/naqqa/elasticsearch/search/bridge/join/JoinScoreMode
instanceKlass com/naqqa/elasticsearch/search/vectors/segment/QuantizationMode
instanceKlass com/naqqa/elasticsearch/search/vectors/VectorSimilarity
instanceKlass com/naqqa/elasticsearch/search/vectors/ElementType
instanceKlass sun/security/ssl/Alert$Level
instanceKlass sun/security/ssl/Alert
instanceKlass sun/security/ssl/Finished$VerifyDataScheme
instanceKlass sun/security/ssl/X509Authentication
instanceKlass sun/security/ssl/SSLTrafficKeyDerivation$KeySchedule
instanceKlass sun/security/ssl/SSLTrafficKeyDerivation
instanceKlass sun/security/ssl/SSLSecretDerivation$SecretSchedule
instanceKlass javax/net/ssl/SSLEngineResult$Status
instanceKlass sun/security/ssl/ContentType
instanceKlass sun/security/ssl/SSLKeyExchange$T12KeyAgreement
instanceKlass sun/security/ssl/PskKeyExchangeModesExtension$PskKeyExchangeMode
instanceKlass sun/security/ssl/ECPointFormatsExtension$ECPointFormat
instanceKlass sun/security/ssl/CertStatusExtension$CertStatusRequestType
instanceKlass sun/security/ssl/SSLExtension
instanceKlass javax/net/ssl/SSLEngineResult$HandshakeStatus
instanceKlass jdk/internal/icu/util/CodePointTrie$ValueWidth
instanceKlass jdk/internal/icu/util/CodePointTrie$Type
instanceKlass java/text/Normalizer$Form
instanceKlass com/naqqa/elasticsearch/http/XContentType
instanceKlass com/naqqa/elasticsearch/common/unit/DistanceUnit
instanceKlass java/math/RoundingMode
instanceKlass com/naqqa/elasticsearch/common/geo/Geohash$Direction
instanceKlass com/naqqa/elasticsearch/common/geo/geometry/ShapeType
instanceKlass com/naqqa/elasticsearch/common/exception/RestStatus
instanceKlass com/naqqa/elasticsearch/common/automaton/AutomatonTermsEnum$AcceptStatus
instanceKlass com/naqqa/elasticsearch/common/automaton/CompiledAutomaton$Type
instanceKlass com/naqqa/elasticsearch/common/automaton/RegExp$Kind
instanceKlass com/naqqa/elasticsearch/cluster/routing/allocation/ClusterHealth$Status
instanceKlass com/naqqa/elasticsearch/search/aggs/metrics/PercentilesMethod
instanceKlass com/naqqa/elasticsearch/common/geo/shape/Relation
instanceKlass com/naqqa/elasticsearch/common/geo/GeoDistance
instanceKlass com/naqqa/elasticsearch/common/geo/DistanceUnit
instanceKlass com/naqqa/elasticsearch/codec/points/Relation
instanceKlass com/naqqa/elasticsearch/search/highlight/BoundaryScanner
instanceKlass com/naqqa/elasticsearch/node/search/FieldValues$Kind
instanceKlass com/naqqa/elasticsearch/node/search/SearchSpec$SortType
instanceKlass com/naqqa/elasticsearch/index/query/NestedQueryBuilder$ScoreMode
instanceKlass com/naqqa/elasticsearch/index/query/GeoShapeQueryBuilder$ShapeRelation
instanceKlass com/naqqa/elasticsearch/index/query/ShapeQueryBuilder$ShapeRelation
instanceKlass com/naqqa/elasticsearch/index/query/FunctionScoreQueryBuilder$ScoreMode
instanceKlass com/naqqa/elasticsearch/index/query/FunctionScoreQueryBuilder$BoostMode
instanceKlass com/naqqa/elasticsearch/index/query/ZeroTermsQuery
instanceKlass com/naqqa/elasticsearch/index/query/Operator
instanceKlass com/naqqa/elasticsearch/index/query/MultiMatchQueryBuilder$Type
instanceKlass com/naqqa/elasticsearch/bench/QueryOp$Type
instanceKlass com/naqqa/elasticsearch/node/search/DocValuesRangeQuery$Encoding
instanceKlass jdk/incubator/vector/LaneType
instanceKlass jdk/incubator/vector/VectorShape
instanceKlass java/time/Month
instanceKlass com/naqqa/elasticsearch/cluster/state/ClusterBlockLevel
instanceKlass com/naqqa/elasticsearch/cluster/routing/allocation/decider/EnableAllocationDecider$Enable
instanceKlass com/naqqa/elasticsearch/cluster/routing/allocation/Decision$Type
instanceKlass com/naqqa/elasticsearch/cluster/routing/UnassignedInfo$Reason
instanceKlass com/naqqa/elasticsearch/cluster/service/Priority
instanceKlass java/time/DayOfWeek
instanceKlass com/naqqa/elasticsearch/http/CompressionUtil$Encoding
instanceKlass com/naqqa/elasticsearch/http/RouteResult$Outcome
instanceKlass sun/net/httpserver/HttpConnection$State
instanceKlass jdk/internal/net/http/PlainHttpConnection$ConnectState
instanceKlass jdk/internal/net/http/Http1HeaderParser$State
instanceKlass jdk/internal/net/http/Http1Response$State
instanceKlass jdk/internal/net/http/Http1Exchange$State
instanceKlass sun/security/ssl/SignatureScheme$SigAlgParamSpec
instanceKlass sun/security/ssl/SignatureScheme
instanceKlass sun/security/ssl/ClientAuthType
instanceKlass sun/security/ssl/SSLHandshake
instanceKlass java/net/http/HttpClient$Version
instanceKlass java/net/http/HttpClient$Redirect
instanceKlass sun/security/rsa/RSAUtil$KeyType
instanceKlass sun/security/ssl/NamedGroup
instanceKlass sun/security/ssl/NamedGroup$NamedGroupSpec
instanceKlass sun/security/ssl/CipherSuite$KeyExchange
instanceKlass sun/security/ssl/CipherSuite$MacAlg
instanceKlass sun/security/ssl/CipherSuite$HashAlg
instanceKlass java/lang/StackWalker$Option
instanceKlass sun/security/ssl/CipherType
instanceKlass sun/security/ssl/SSLCipher
instanceKlass sun/security/ssl/CipherSuite
instanceKlass java/security/CryptoPrimitive
instanceKlass sun/security/util/DisabledAlgorithmConstraints$Constraint$Operator
instanceKlass sun/security/ssl/ProtocolVersion
instanceKlass java/net/Proxy$Type
instanceKlass java/lang/System$Logger$Level
instanceKlass com/naqqa/elasticsearch/http/RestMethod
instanceKlass com/naqqa/elasticsearch/security/audit/AuditEventType
instanceKlass com/naqqa/elasticsearch/cluster/coordination/Coordinator$Mode
instanceKlass com/naqqa/elasticsearch/cluster/node/DiscoveryNodeRole
instanceKlass com/naqqa/elasticsearch/common/breaker/CircuitBreaker$Durability
instanceKlass java/nio/file/StandardCopyOption
instanceKlass java/nio/file/AccessMode
instanceKlass com/naqqa/elasticsearch/common/settings/Setting$Property
instanceKlass sun/util/locale/provider/LocaleProviderAdapter$Type
instanceKlass com/sun/org/apache/xerces/internal/impl/XMLScanner$NameType
instanceKlass com/sun/org/apache/xerces/internal/util/Status
instanceKlass javax/xml/catalog/CatalogFeatures$Feature
instanceKlass com/sun/org/apache/xerces/internal/utils/XMLSecurityPropertyManager$Property
instanceKlass com/sun/org/apache/xerces/internal/utils/XMLSecurityPropertyManager$State
instanceKlass com/sun/org/apache/xerces/internal/utils/XMLSecurityManager$NameMap
instanceKlass jdk/xml/internal/JdkProperty$State
instanceKlass com/sun/org/apache/xerces/internal/utils/XMLSecurityManager$Limit
instanceKlass jdk/internal/vm/Continuation$Pinned
instanceKlass com/naqqa/elasticsearch/search/execution/SortField$Type
instanceKlass java/util/stream/MatchOps$MatchKind
instanceKlass com/naqqa/elasticsearch/search/query/BooleanQuery$Occur
instanceKlass java/util/Comparators$NaturalOrderComparator
instanceKlass com/naqqa/elasticsearch/search/aggs/bucket/histogram/CalendarInterval
instanceKlass com/naqqa/elasticsearch/common/xcontent/XContentParser$NumberType
instanceKlass com/naqqa/elasticsearch/common/xcontent/XContentParser$Token
instanceKlass com/naqqa/elasticsearch/common/xcontent/XContentType
instanceKlass java/lang/Character$UnicodeScript
instanceKlass com/naqqa/elasticsearch/analysis/filter/LowerCaseFilter$Variant
instanceKlass com/naqqa/elasticsearch/action/byquery/BulkByScrollExecutor$Kind
instanceKlass com/naqqa/elasticsearch/index/replication/OperationType
instanceKlass com/naqqa/elasticsearch/action/write/RefreshPolicy
instanceKlass com/naqqa/elasticsearch/codec/terms/SeekStatus
instanceKlass com/naqqa/elasticsearch/search/query/ScoreMode
instanceKlass com/naqqa/elasticsearch/search/execution/TotalHits$Relation
instanceKlass com/naqqa/elasticsearch/transport/ConnectionProfile$ChannelType
instanceKlass com/naqqa/elasticsearch/action/search/SearchType
instanceKlass com/naqqa/elasticsearch/script/ScriptSettings$RegexMode
instanceKlass com/naqqa/elasticsearch/codec/fieldinfos/DocValuesType
instanceKlass com/naqqa/elasticsearch/store/IOContext$Context
instanceKlass com/naqqa/elasticsearch/index/translog/Operation$Type
instanceKlass com/naqqa/elasticsearch/common/json/JsonGenerator$Ctx
instanceKlass com/naqqa/elasticsearch/index/mapper/IndexableField$Kind
instanceKlass com/naqqa/elasticsearch/index/translog/VersionType
instanceKlass com/naqqa/elasticsearch/cluster/state/IndexMetadata$State
instanceKlass com/naqqa/elasticsearch/cluster/routing/ShardRoutingState
instanceKlass com/naqqa/elasticsearch/index/replication/ShardCopy$Role
instanceKlass java/lang/invoke/MethodHandleImpl$ArrayAccess
instanceKlass com/naqqa/elasticsearch/index/translog/Durability
instanceKlass com/naqqa/elasticsearch/common/unit/ByteSizeUnit
instanceKlass java/time/format/TextStyle
instanceKlass java/time/format/DateTimeFormatterBuilder$SettingsParser
instanceKlass java/util/Locale$Category
instanceKlass java/time/format/ResolverStyle
instanceKlass java/time/format/SignStyle
instanceKlass java/time/temporal/JulianFields$Field
instanceKlass java/time/temporal/IsoFields$Unit
instanceKlass java/time/temporal/IsoFields$Field
instanceKlass java/time/temporal/ChronoUnit
instanceKlass java/time/temporal/ChronoField
instanceKlass java/util/regex/Pattern$Qtype
instanceKlass com/naqqa/elasticsearch/index/mapper/Dynamic
instanceKlass com/naqqa/elasticsearch/index/mapper/RangeFieldMapper$RangeType
instanceKlass com/naqqa/elasticsearch/index/mapper/NumberFieldMapper$NumberType
instanceKlass com/naqqa/elasticsearch/analysis/Analyzer$ReuseStrategy
instanceKlass jdk/internal/util/OperatingSystem
instanceKlass java/net/StandardProtocolFamily
instanceKlass java/security/DrbgParameters$Capability
instanceKlass sun/security/util/KnownOIDs
instanceKlass jdk/internal/logger/BootstrapLogger$LoggingBackend
instanceKlass com/naqqa/elasticsearch/common/lifecycle/Lifecycle$State
instanceKlass java/lang/reflect/ProxyGenerator$PrimitiveTypeInfo
instanceKlass java/lang/annotation/RetentionPolicy
instanceKlass java/nio/file/FileTreeWalker$EventType
instanceKlass java/nio/file/LinkOption
instanceKlass java/nio/file/FileVisitOption
instanceKlass sun/nio/fs/WindowsPathType
instanceKlass java/nio/file/StandardOpenOption
instanceKlass java/util/stream/Collector$Characteristics
instanceKlass java/util/concurrent/TimeUnit
instanceKlass java/util/stream/StreamShape
instanceKlass java/lang/invoke/MethodHandles$Lookup$ClassOption
instanceKlass java/lang/invoke/VarHandle$AccessType
instanceKlass java/lang/invoke/VarHandle$AccessMode
instanceKlass java/lang/invoke/MethodHandleImpl$Intrinsic
instanceKlass java/lang/invoke/LambdaForm$BasicType
instanceKlass java/lang/invoke/LambdaForm$Kind
instanceKlass sun/invoke/util/Wrapper
instanceKlass java/util/stream/StreamOpFlag$Type
instanceKlass java/util/stream/StreamOpFlag
instanceKlass java/io/File$PathStatus
instanceKlass java/lang/module/ModuleDescriptor$Requires$Modifier
instanceKlass java/lang/reflect/AccessFlag$Location
instanceKlass java/lang/reflect/AccessFlag
instanceKlass java/lang/module/ModuleDescriptor$Modifier
instanceKlass java/lang/reflect/ClassFileFormatVersion
instanceKlass java/lang/Thread$State
ciInstanceKlass java/lang/Enum 1 1 204 9 7 12 1 1 1 9 12 1 1 10 7 12 1 1 1 9 12 1 10 7 12 1 1 1 100 1 10 10 12 1 1 10 12 1 7 1 10 10 7 12 1 1 10 12 1 1 18 12 1 1 10 100 12 1 1 1 10 12 1 1 11 7 12 1 1 1 100 1 8 1 10 12 1 100 1 7 1 10 8 1 10 12 1 1 10 12 1 1 8 1 10 12 1 10 100 1 8 1 10 10 12 1 1 10 100 12 1 1 1 7 1 7 1 7 1 1 1 1 1 1 1 1 1 1 1 1 1 1 1 1 1 1 1 1 1 1 1 1 1 1 1 1 1 1 1 1 1 1 1 1 1 1 1 1 1 1 1 1 1 1 1 3 1 1 1 1 100 1 7 1 1 100 1 1 1 1 1 1 1 1 1 1 1 16 15 10 12 16 15 10 100 12 1 1 1 1 1 100 1 100 1 1
ciInstanceKlass java/lang/reflect/Method 1 1 472 9 7 12 1 1 1 10 100 12 1 1 1 10 100 12 1 1 9 12 1 1 10 12 1 1 10 12 1 1 10 100 12 1 1 10 7 12 1 1 1 9 12 1 1 9 12 1 9 12 1 1 9 12 1 9 12 1 9 12 1 1 9 12 1 9 12 1 1 9 12 1 9 12 1 9 12 1 1 100 1 8 1 10 12 1 10 12 1 9 12 1 1 8 1 10 7 12 1 1 10 7 12 1 1 1 10 12 1 1 10 12 1 1 10 12 1 10 12 1 1 10 12 1 1 9 100 12 1 1 1 10 12 1 1 10 12 10 7 12 1 1 10 12 1 1 10 12 1 10 12 1 10 12 1 10 7 12 1 1 1 10 12 1 1 10 7 1 10 7 12 1 1 1 10 100 12 1 1 10 12 1 1 10 12 1 1 10 12 1 10 7 12 1 1 1 10 12 1 10 8 1 10 12 1 10 12 1 7 1 8 1 8 1 8 1 10 12 1 10 12 1 1 10 12 1 1 10 10 12 1 1 10 12 1 11 7 1 10 12 1 9 12 1 1 10 12 1 1 10 12 1 10 12 1 1 10 12 1 1 11 7 12 1 1 1 11 12 1 9 12 1 1 10 12 1 10 12 1 10 12 1 10 12 1 10 12 1 10 12 1 9 12 1 1 10 7 12 1 1 1 10 7 12 1 1 10 12 1 1 10 100 12 1 1 1 10 100 12 1 1 1 10 100 12 1 1 1 11 100 12 1 1 1 10 100 12 1 1 1 100 1 100 1 100 1 10 12 1 10 12 1 1 10 12 1 100 1 8 1 10 12 1 10 10 12 1 1 10 12 1 1 10 12 1 1 10 12 1 1 8 1 10 12 1 1 1 1 1 1 1 1 1 1 1 1 1 1 1 1 1 1 1 1 1 1 1 1 1 1 1 1 1 1 1 1 1 1 1 1 1 1 1 1 1 1 1 1 1 1 1 1 1 1 1 1 1 100 1 100 1 100 1 1 1 1 1 1 1 1 1 1 1 1 1 1 1 1 1 1 1 1 1 1 1 1 1 1 1 1 1 1
ciInstanceKlass java/lang/reflect/Field 1 1 457 9 7 12 1 1 1 10 12 1 1 10 100 12 1 1 1 10 100 12 1 1 9 12 1 1 10 12 1 1 10 12 1 1 10 100 12 1 1 10 7 12 1 1 1 9 12 1 1 9 12 1 9 12 1 9 12 1 1 9 12 1 1 9 12 1 9 12 1 1 9 12 1 1 100 1 8 1 10 12 1 10 12 1 9 12 1 1 9 12 1 10 12 1 10 7 12 1 1 10 12 1 1 10 12 1 1 10 12 1 10 12 1 1 9 100 12 1 1 1 10 100 12 1 1 1 7 1 10 12 1 1 10 12 1 1 10 12 1 1 10 12 1 10 12 1 10 7 1 10 7 12 1 1 7 1 10 8 1 10 12 1 1 10 12 1 1 8 1 10 12 10 12 1 8 1 8 1 10 11 7 1 9 12 1 10 12 1 1 10 12 1 1 11 7 12 1 1 1 10 12 1 11 12 1 1 11 12 1 1 11 12 1 1 11 12 1 1 11 12 1 1 11 12 1 1 11 12 1 1 11 12 1 1 11 12 1 1 11 12 1 1 11 12 1 1 11 12 1 1 11 12 1 1 11 12 1 1 11 12 1 1 11 12 1 1 11 12 1 1 10 12 1 10 7 12 1 1 10 12 1 10 12 1 10 12 1 9 12 1 1 10 7 12 1 1 1 10 12 1 1 10 12 1 10 100 12 1 1 10 12 1 1 11 7 1 10 12 1 7 1 10 100 12 1 1 1 10 100 12 1 1 1 9 12 1 10 100 12 1 1 1 11 100 12 1 1 1 10 12 1 1 10 12 1 1 9 100 12 1 1 10 100 12 1 1 1 10 12 1 1 7 1 1 1 1 1 1 1 1 1 1 1 1 1 1 1 1 1 1 1 1 1 1 1 1 1 1 1 1 1 1 1 1 1 1 1 1 1 1 1 100 1 1 1 1 1 1 1 1 1 1 1 1 1 1 1 1 1 1 1 1 1 1 1 1 1 1 1 1 1 1 1 1 7 1 1 1 1 1 1 1 1 1 100 1 1
ciInstanceKlass java/lang/reflect/Parameter 0 0 243 10 7 12 1 1 1 9 7 12 1 1 1 9 12 1 1 9 12 1 1 9 12 1 10 12 1 1 10 12 1 1 10 7 12 1 1 1 7 1 10 10 12 1 1 11 7 12 1 1 1 10 12 1 10 100 12 1 1 1 10 12 1 1 10 12 1 10 12 1 8 1 8 1 10 7 12 1 1 1 10 12 1 10 12 9 100 12 1 1 1 10 100 12 1 1 1 10 12 1 8 1 10 12 1 9 12 1 1 10 12 1 1 9 12 1 1 10 12 1 1 10 12 1 1 10 12 1 1 10 12 1 10 10 12 1 10 100 12 1 1 1 10 12 1 1 11 7 12 1 1 10 7 12 1 1 7 1 10 100 12 1 1 1 10 12 1 1 10 12 1 1 10 12 1 1 10 12 1 1 9 12 1 100 1 10 11 12 1 1 11 12 1 1 7 1 1 1 1 1 1 1 1 1 1 1 1 1 1 1 1 1 1 1 1 1 1 1 1 1 1 1 1 1 1 1 1 1 1 1 1 1 1 1 1 1 100 1 1 1 1 1 1
ciInstanceKlass java/lang/reflect/RecordComponent 1 1 196 10 7 12 1 1 1 9 7 12 1 1 1 9 12 1 1 9 12 1 10 12 1 1 10 12 1 1 10 100 12 1 1 1 10 12 1 1 9 12 1 1 10 12 1 1 10 12 1 1 10 12 1 10 100 12 1 1 10 100 12 1 1 9 12 1 1 10 100 12 1 1 1 11 100 12 1 1 1 10 9 100 12 1 1 1 10 100 12 1 1 1 9 12 1 1 10 100 12 1 1 1 10 12 1 1 11 7 12 1 1 10 7 12 1 1 7 1 9 12 1 9 12 1 1 9 12 1 10 100 12 1 1 1 10 12 1 1 10 12 1 1 7 1 10 10 12 1 10 12 1 1 8 1 10 12 1 10 12 1 9 12 1 7 1 1 1 1 1 1 1 1 1 1 1 1 1 1 1 1 1 1 1 1 1 1 7 1 1 1 1 1 1 100 1 1
ciInstanceKlass java/lang/StringBuffer 1 1 483 10 7 12 1 1 1 10 12 1 10 12 1 10 12 1 1 9 7 12 1 1 1 10 12 1 1 10 12 1 10 12 1 1 9 12 1 1 10 12 1 10 12 1 1 10 12 1 1 10 12 1 10 12 1 1 10 12 1 10 12 1 1 10 12 1 1 10 7 12 1 1 1 10 12 1 1 10 12 1 10 12 1 10 12 1 10 12 1 10 12 1 10 12 1 10 12 1 10 12 1 10 12 1 10 12 1 10 12 1 10 12 1 10 12 1 10 12 1 1 10 12 1 10 12 1 1 10 12 1 1 10 10 12 1 1 10 12 1 10 12 1 10 12 1 10 12 1 10 12 1 10 12 1 10 12 10 12 1 10 12 1 10 12 1 10 12 1 1 10 12 1 10 12 1 10 10 12 1 1 10 12 1 10 12 1 10 12 1 10 10 100 12 1 1 1 10 10 12 1 1 9 12 1 1 10 100 12 1 1 10 100 1 8 10 100 12 1 1 1 8 10 12 1 8 1 10 12 1 10 12 1 10 100 12 1 1 1 10 100 12 1 1 1 7 1 10 12 100 1 8 1 10 10 12 1 1 10 12 1 1 10 12 1 10 12 1 10 12 1 1 10 12 1 10 12 1 10 12 1 10 12 1 10 12 1 10 12 10 12 1 10 12 1 10 12 1 10 12 1 10 12 1 10 12 1 10 12 1 10 12 1 10 12 1 10 12 1 10 12 10 12 10 12 1 10 12 1 10 12 1 10 12 10 12 1 10 12 1 10 12 1 10 12 1 10 12 1 10 12 1 10 12 1 10 12 1 10 12 1 10 12 1 10 12 1 7 1 10 12 1 9 7 12 1 1 1 9 7 1 9 12 1 1 7 1 7 1 7 1 7 1 1 1 1 5 0 1 1 1 1 1 1 1 1 1 1 1 1 1 1 1 1 1 1 1 1 1 1 1 1 1 1 1 1 1 1 1 1 1 1 1 1 1 1 1 1 1 1 1 1 1 1 1 1 1 1 1 1 1 1 1 1 1 1 1 1 1 100 1 1 1 1 1 7 1 1 1 1 1 1 1 1 1 1 1 1 1 1 1 1 1 1
staticfield java/lang/StringBuffer serialPersistentFields [Ljava/io/ObjectStreamField; 3 [Ljava/io/ObjectStreamField;
instanceKlass jdk/internal/loader/BuiltinClassLoader
instanceKlass java/net/URLClassLoader
ciInstanceKlass java/security/SecureClassLoader 1 1 102 10 7 12 1 1 1 7 1 10 12 1 9 7 12 1 1 1 10 12 1 10 12 1 10 12 1 1 10 12 1 1 10 12 1 7 1 10 7 1 10 12 1 7 1 10 12 1 11 7 12 1 1 1 7 1 11 12 1 10 12 1 1 1 1 1 1 1 1 1 1 1 1 1 1 1 1 1 1 1 1 1 1 1 1 1 1 1 1 1 1 1 1 1 1 1 1 100 1 1 1 1
ciInstanceKlass java/net/URLClassLoader 0 0 600 10 7 12 1 1 1 100 1 10 12 1 9 7 12 1 1 1 10 7 12 1 1 1 9 12 1 1 100 1 10 12 1 9 12 1 1 10 12 1 10 10 12 1 10 100 12 1 1 1 10 12 1 1 10 7 12 1 1 1 10 100 12 1 1 1 100 1 10 12 1 1 10 12 1 1 10 12 1 1 100 1 100 1 10 7 12 1 1 1 100 1 8 1 10 12 1 10 7 12 1 1 1 10 12 1 1 10 12 1 1 11 100 12 1 1 1 11 7 12 1 1 1 11 12 1 1 7 1 11 12 1 11 7 12 1 1 10 12 1 11 12 1 11 12 1 1 11 10 12 1 1 10 12 1 1 10 12 1 1 100 1 10 12 1 10 12 1 1 7 1 100 1 10 12 1 1 7 1 10 10 12 1 1 10 100 12 1 1 10 12 1 100 1 7 1 10 8 1 10 12 1 1 8 1 10 12 1 1 10 10 12 1 8 1 8 1 10 12 1 1 10 7 12 1 1 1 10 100 12 1 1 1 10 12 1 1 10 12 1 1 10 12 1 1 10 12 1 10 12 1 100 1 100 1 8 1 10 12 1 10 12 1 1 10 12 1 1 7 1 10 12 1 10 100 12 1 1 1 10 12 1 1 10 12 1 1 10 12 1 1 10 12 1 10 100 12 1 1 1 10 12 1 1 8 1 10 12 1 1 11 100 12 1 1 1 9 100 12 1 1 1 10 100 12 1 1 1 9 12 1 9 12 1 9 12 1 9 12 1 9 12 1 9 12 1 10 7 12 1 1 1 8 1 10 12 1 1 100 1 10 10 12 1 10 12 1 1 10 12 1 1 100 1 10 12 1 10 12 1 1 10 12 1 10 12 1 1 100 1 10 100 12 1 1 9 100 12 1 1 1 10 12 1 8 1 100 1 8 1 10 12 1 10 12 1 8 1 10 12 1 10 12 1 9 12 1 1 10 100 12 1 1 10 12 1 10 12 1 10 100 1 8 1 10 100 1 10 12 1 10 100 12 1 100 1 10 12 1 10 12 1 100 1 10 10 7 12 1 1 1 1 1 1 1 1 1 1 1 1 1 1 1 1 1 1 1 1 1 1 1 1 1 1 1 1 1 1 1 1 1 1 1 1 1 7 1 100 1 7 1 7 1 1 1 1 1 1 1 1 1 1 1 1 1 1 1 1 1 1 1 1 1 1 1 1 1 1 1 1 1 1 1 1 1 1 1 1 1 1 1 1 1 1 1 1 1 1 100 1 1 1 1 1 1 1 1 1 1 1 1 1 1 1 1 1 1 1 1 1 1 1 1 1 1 1 1 1 1 1 1 1 1 1 1 1 100 1 1 1
ciInstanceKlass java/util/jar/Manifest 0 0 339 10 7 12 1 1 1 100 1 10 9 7 12 1 1 1 100 1 10 9 12 1 1 9 12 1 1 10 12 1 10 12 1 1 10 12 1 1 10 12 1 1 10 12 1 1 11 7 1 11 12 1 1 10 12 1 1 10 100 12 1 1 1 100 1 7 1 10 8 1 10 12 1 1 10 12 1 1 10 12 1 10 12 1 11 100 1 10 12 1 10 12 1 1 11 12 1 1 10 12 1 11 12 1 1 11 100 12 1 1 1 11 7 12 1 1 11 12 1 1 100 1 10 12 1 8 1 11 12 1 7 1 10 12 1 1 11 12 1 10 12 1 10 12 1 10 7 12 1 1 1 8 1 10 12 1 1 10 9 100 12 1 1 1 10 12 1 1 10 100 12 1 10 12 1 10 12 1 9 100 12 1 1 1 8 1 10 12 1 8 1 8 1 100 1 10 12 1 10 12 1 10 12 1 1 100 1 8 1 10 12 1 1 8 1 10 10 12 1 1 8 1 10 12 1 1 10 7 12 1 1 1 10 12 1 10 11 12 1 1 10 12 1 10 100 12 1 1 1 10 12 1 1 10 12 1 10 12 1 1 11 10 12 1 11 10 12 1 7 1 1 1 1 1 1 1 1 1 1 1 1 1 1 1 1 1 1 1 1 1 1 1 1 1 1 1 1 1 1 1 1 1 1 1 1 1 1 1 1 1 1 1 100 1 1 1 1 1 1 1 1 1 1 1 1 1 1 7 1 1 1 1 1 1 1 1 1 1 1
ciInstanceKlass java/io/ByteArrayInputStream 1 1 117 10 7 12 1 1 1 9 7 12 1 1 1 9 12 1 1 9 12 1 9 12 1 10 7 12 1 1 1 10 7 12 1 1 1 10 7 12 1 1 1 10 7 12 1 1 1 10 12 1 1 3 10 100 1 10 100 12 1 1 1 9 12 1 1 100 1 10 10 7 12 1 1 1 1 1 1 1 1 1 1 1 1 1 1 1 1 1 1 1 1 1 1 1 1 1 1 1 1 1 1 1 100 1 1 1 1 1 1 1 1 1 1 1 1 1 1
staticfield java/io/ByteArrayInputStream $assertionsDisabled Z 1
instanceKlass java/nio/IntBuffer
instanceKlass java/nio/CharBuffer
instanceKlass java/nio/ByteBuffer
ciInstanceKlass java/nio/Buffer 1 1 256 100 1 10 7 12 1 1 1 9 7 12 1 1 1 9 12 1 9 12 1 1 9 12 1 9 12 1 1 10 12 1 1 10 12 1 1 10 12 100 1 7 1 10 8 1 10 12 1 1 10 12 1 8 1 8 1 10 12 1 1 10 12 1 8 1 9 12 1 1 100 1 8 1 10 12 1 8 1 8 1 9 12 10 12 1 8 1 8 1 8 1 10 12 1 8 1 8 1 8 1 100 1 10 100 1 10 100 1 10 9 12 1 1 10 7 12 1 1 1 100 1 10 12 1 1 10 12 1 10 100 12 1 1 10 7 12 1 1 1 10 7 12 1 1 1 9 12 1 1 10 7 12 1 1 1 9 12 1 1 7 1 10 10 12 1 1 7 1 10 10 7 12 1 1 1 1 1 3 1 1 1 1 1 1 1 1 1 1 1 1 1 1 100 1 1 1 1 1 1 1 7 1 1 1 1 1 1 1 1 1 1 1 1 1 1 1 1 1 1 1 1 1 1 1 1 1 1 1 1 1 1 1 1 1 1 1 1 1 1 1 100 1 100 1 100 1 100 1 100 1 100 1 100 1 1
staticfield java/nio/Buffer UNSAFE Ljdk/internal/misc/Unsafe; jdk/internal/misc/Unsafe
staticfield java/nio/Buffer SCOPED_MEMORY_ACCESS Ljdk/internal/misc/ScopedMemoryAccess; jdk/internal/misc/ScopedMemoryAccess
staticfield java/nio/Buffer IOOBE_FORMATTER Ljava/util/function/BiFunction; jdk/internal/util/Preconditions$4
staticfield java/nio/Buffer $assertionsDisabled Z 1
ciInstanceKlass jdk/internal/util/Preconditions 1 1 194 10 7 12 1 1 1 11 7 12 1 1 1 11 100 12 1 1 1 7 1 100 1 10 7 12 1 1 1 10 12 1 8 1 7 1 10 7 12 1 1 1 10 12 1 1 8 1 8 1 10 7 12 1 1 7 1 10 12 1 8 1 10 7 12 1 1 1 8 1 10 12 1 1 10 12 1 1 11 12 1 8 1 8 1 11 12 1 1 8 1 8 1 8 1 10 12 1 1 10 12 1 1 10 12 1 10 12 1 10 12 1 10 12 7 1 10 10 12 1 1 9 12 1 1 7 1 10 9 12 1 7 1 10 9 12 1 1 1 1 1 1 1 1 1 1 1 1 1 1 1 1 1 1 1 1 1 1 1 1 1 1 1 1 1 1 1 1 1 1 1 1 1 1 1 1 1 1 1 1 1 1 1 1 1 1 1 1 1 1 1 1 1 1
staticfield jdk/internal/util/Preconditions SIOOBE_FORMATTER Ljava/util/function/BiFunction; jdk/internal/util/Preconditions$4
staticfield jdk/internal/util/Preconditions AIOOBE_FORMATTER Ljava/util/function/BiFunction; jdk/internal/util/Preconditions$4
staticfield jdk/internal/util/Preconditions IOOBE_FORMATTER Ljava/util/function/BiFunction; jdk/internal/util/Preconditions$4
instanceKlass sun/security/jca/ProviderList$ServiceList
instanceKlass java/util/AbstractSequentialList
instanceKlass java/util/Vector
instanceKlass java/util/Collections$CopiesList
instanceKlass java/util/ArrayList$SubList
instanceKlass sun/security/jca/ProviderList$3
instanceKlass java/util/Arrays$ArrayList
instanceKlass java/util/Collections$SingletonList
instanceKlass java/util/Collections$EmptyList
instanceKlass java/util/ArrayList
ciInstanceKlass java/util/AbstractList 1 1 218 10 7 12 1 1 1 9 7 12 1 1 1 10 12 1 1 10 12 1 1 100 1 10 10 12 1 1 11 100 12 1 1 1 11 12 1 1 11 12 1 10 7 12 1 1 1 10 12 1 11 12 1 11 12 1 11 12 1 10 12 1 1 10 12 1 1 11 7 12 1 1 1 11 7 1 11 7 1 10 12 1 100 1 10 12 1 10 12 1 1 7 1 100 1 10 12 1 100 1 10 100 1 7 1 10 8 1 10 12 1 1 10 12 1 10 12 1 1 10 12 1 8 1 100 1 8 1 8 1 8 1 10 7 1 11 10 10 12 1 11 12 1 10 12 1 1 8 1 8 1 1 1 1 1 1 1 1 1 1 1 1 1 1 1 1 1 1 1 1 1 1 1 1 1 1 1 1 1 1 1 1 1 1 1 1 1 1 1 1 1 1 1 1 1 1 1 1 1 1 1 1 1 1 1 1 1 1 100 1 100 1 1 1 1 1 1 1
ciInstanceKlass java/lang/Iterable 1 1 62 10 7 12 1 1 1 11 7 12 1 1 1 11 7 12 1 1 1 11 12 1 1 11 7 12 1 1 1 10 100 12 1 1 1 100 1 1 1 1 1 1 1 1 1 1 1 1 1 1 1 1 1 1 1 1 1 1 1 1 1 1
ciInstanceKlass java/util/Collection 1 1 115 11 7 12 1 1 1 7 1 11 7 12 1 1 1 10 7 12 1 1 1 11 12 1 1 11 7 12 1 1 1 11 12 1 1 11 7 12 1 1 1 11 12 1 1 10 100 12 1 1 1 11 12 1 10 7 12 1 1 1 100 1 100 1 1 1 1 1 1 1 1 1 1 1 1 1 1 1 1 1 1 1 1 1 1 1 1 1 1 1 1 1 1 1 1 1 1 1 1 1 1 1 1 1 1 1 1 1 1 1 1 1 1 1 1
ciInstanceKlass java/util/SequencedCollection 1 1 109 100 1 10 12 1 1 11 7 12 1 1 1 11 7 12 1 1 1 11 12 1 1 11 12 1 7 1 7 1 1 1 1 1 1 1 1 1 1 1 1 1 1 1 1 1 1 1 1 1 1 1 1 1 1 1 1 1 100 1 8 1 1 12 10 1 1 1 8 1 1 1 8 1 1 1 8 1 1 1 8 1 1 8 1 1 1 8 1 1 8 1 1 1 8 1 1 8 1 1 1 8 1 1 8 1 1 8 1
ciInstanceKlass java/util/List 1 1 251 10 100 12 1 1 1 11 100 12 1 1 1 11 100 12 1 1 1 11 12 1 1 11 100 12 1 1 11 12 1 1 11 12 1 1 10 100 12 1 1 1 7 1 7 1 10 12 1 1 100 1 10 100 12 1 1 1 11 12 1 1 11 12 1 11 12 1 100 1 10 12 1 11 12 1 1 11 12 1 1 11 12 1 10 100 12 1 1 1 9 7 12 1 1 1 7 1 10 12 10 12 1 7 1 10 12 1 1 10 12 1 10 12 1 1 11 12 1 1 100 1 1 1 1 1 1 1 1 1 1 1 1 1 1 1 1 1 1 1 1 1 1 1 1 1 1 1 1 1 1 1 1 1 1 1 1 1 1 1 1 1 1 1 1 100 1 100 1 1 1 1 1 1 1 1 1 1 1 1 1 1 1 1 1 1 1 1 1 1 1 1 1 1 1 1 1 1 1 1 1 1 1 1 1 1 1 1 1 1 1 1 1 1 1 1 1 1 1 1 1 1 1 1 1 1 1 1 1 1 1 1 1 1 1 1 1 1 1 1 1 1 1 1 100 1 1 100 1 1 1
instanceKlass java/util/AbstractMap$2
instanceKlass java/util/EnumMap$Values
instanceKlass java/util/concurrent/ConcurrentLinkedDeque
instanceKlass java/util/TreeMap$Values
instanceKlass java/util/IdentityHashMap$Values
instanceKlass java/util/AbstractQueue
instanceKlass java/util/LinkedHashMap$LinkedValues
instanceKlass java/util/HashMap$Values
instanceKlass java/util/ArrayDeque
instanceKlass java/util/AbstractSet
instanceKlass java/util/ImmutableCollections$AbstractImmutableCollection
instanceKlass java/util/AbstractList
ciInstanceKlass java/util/AbstractCollection 1 1 160 10 7 12 1 1 1 10 7 12 1 1 1 10 12 1 1 11 7 12 1 1 1 11 12 1 1 10 12 1 1 10 100 12 1 1 1 10 12 1 1 10 12 1 1 10 7 12 1 1 10 7 12 1 1 1 7 1 10 7 12 1 1 1 10 100 12 1 1 1 100 1 10 11 12 1 11 7 1 10 12 1 10 12 1 10 7 12 1 1 1 11 8 1 7 1 10 10 12 1 1 8 1 10 12 1 10 12 1 1 1 1 1 1 1 1 1 1 1 1 1 1 1 1 1 1 1 1 1 1 1 1 1 1 1 1 1 1 1 1 1 1 1 1 1 1 1 1 1 1 1 1 1 1 1 1 1 1 1 1
ciInstanceKlass java/lang/AssertionStatusDirectives 0 0 24 10 100 12 1 1 1 100 1 1 1 1 1 1 1 1 1 1 1 1 1 1 1 1
instanceKlass java/util/ConcurrentModificationException
instanceKlass com/naqqa/elasticsearch/ingest/grok/GrokException
instanceKlass com/naqqa/elasticsearch/ingest/IngestProcessorException
instanceKlass com/naqqa/elasticsearch/ingest/json/IngestJsonParseException
instanceKlass com/naqqa/elasticsearch/snapshots/repository/SnapshotException
instanceKlass com/naqqa/elasticsearch/http/nio/HttpParseException
instanceKlass com/naqqa/elasticsearch/http/DefaultRestErrorRendererTest$CustomStatusException
instanceKlass com/naqqa/elasticsearch/http/DefaultRestErrorRendererTest$1
instanceKlass com/naqqa/elasticsearch/common/automaton/TooComplexToDeterminizeException
instanceKlass java/util/MissingResourceException
instanceKlass java/nio/BufferOverflowException
instanceKlass sun/net/httpserver/HttpError
instanceKlass java/lang/SecurityException
instanceKlass com/naqqa/elasticsearch/http/jdk/JdkHttpServerTransport$PayloadTooLargeException
instanceKlass com/naqqa/elasticsearch/security/authz/SecurityAuthorizationException
instanceKlass com/naqqa/elasticsearch/ingest/ConfigurationException
instanceKlass com/naqqa/elasticsearch/indices/resize/IndexNotReadOnlyException
instanceKlass com/naqqa/elasticsearch/node/cluster/ClusterStateManager$StaleBaseException
instanceKlass com/naqqa/elasticsearch/node/cluster/ClusterStateManager$NotMasterException
instanceKlass java/util/NoSuchElementException
instanceKlass com/naqqa/elasticsearch/search/aggs/AggregationExecutionException
instanceKlass java/lang/IndexOutOfBoundsException
instanceKlass com/naqqa/elasticsearch/index/replication/NotEnoughReplicasException
instanceKlass com/naqqa/elasticsearch/monitor/tasks/TaskCancellationSignal$TaskCancelledException
instanceKlass com/naqqa/elasticsearch/script/expression/ExpressionParseException
instanceKlass com/naqqa/elasticsearch/script/ScriptException
instanceKlass com/naqqa/elasticsearch/script/painless/PainlessSecurityException
instanceKlass com/naqqa/elasticsearch/script/painless/PainlessTypeException
instanceKlass com/naqqa/elasticsearch/script/painless/PainlessParseException
instanceKlass java/util/concurrent/CompletionException
instanceKlass com/naqqa/elasticsearch/action/search/SearchPhaseExecutionException
instanceKlass com/naqqa/elasticsearch/search/aggs/support/TooManyBucketsException
instanceKlass com/naqqa/elasticsearch/rest/support/RestApiException
instanceKlass com/naqqa/elasticsearch/index/replication/PrimarySteppedDownException
instanceKlass com/naqqa/elasticsearch/index/replication/StalePrimaryException
instanceKlass java/util/concurrent/RejectedExecutionException
instanceKlass java/time/DateTimeException
instanceKlass java/lang/MatchException
instanceKlass java/io/UncheckedIOException
instanceKlass java/lang/UnsupportedOperationException
instanceKlass java/security/ProviderException
instanceKlass com/naqqa/elasticsearch/transport/TransportException
instanceKlass com/naqqa/elasticsearch/common/exception/ElasticsearchException
instanceKlass java/lang/IllegalStateException
instanceKlass java/lang/reflect/UndeclaredThrowableException
instanceKlass java/lang/IllegalArgumentException
instanceKlass java/lang/ArithmeticException
instanceKlass java/lang/NullPointerException
instanceKlass java/lang/IllegalMonitorStateException
instanceKlass java/lang/ArrayStoreException
instanceKlass java/lang/ClassCastException
ciInstanceKlass java/lang/RuntimeException 1 1 40 10 7 12 1 1 1 10 12 1 10 12 1 10 12 1 10 12 1 100 1 1 1 1 5 0 1 1 1 1 1 1 1 1 1 1 1 1 1 1
instanceKlass com/naqqa/elasticsearch/node/support/ClusterDocumentActionService$Target
instanceKlass com/naqqa/elasticsearch/node/indices/PeerRecoveryService$Session
instanceKlass com/naqqa/elasticsearch/node/MultiNodeTest$Response
instanceKlass com/naqqa/elasticsearch/search/aggs/support/sketch/MurmurHash3$Hash128
instanceKlass com/naqqa/elasticsearch/node/NodeTestSupport$Response
instanceKlass com/naqqa/elasticsearch/monitor/version/TransportVersionRange
instanceKlass com/naqqa/elasticsearch/monitor/stats/NodeStats
instanceKlass com/naqqa/elasticsearch/monitor/stats/NodeStats$Http
instanceKlass com/naqqa/elasticsearch/monitor/stats/NodeStats$Transport
instanceKlass com/naqqa/elasticsearch/monitor/stats/FsStats
instanceKlass com/naqqa/elasticsearch/monitor/stats/ProcessStats
instanceKlass com/naqqa/elasticsearch/monitor/stats/OsStats
instanceKlass com/naqqa/elasticsearch/monitor/stats/JvmStats$Gc
instanceKlass com/naqqa/elasticsearch/monitor/stats/JvmStats$Threads
instanceKlass com/naqqa/elasticsearch/monitor/stats/JvmStats$Mem
instanceKlass com/naqqa/elasticsearch/monitor/stats/JvmStats
instanceKlass com/naqqa/elasticsearch/monitor/stats/CommonStats$Translog
instanceKlass com/naqqa/elasticsearch/monitor/stats/CommonStats$Segments
instanceKlass com/naqqa/elasticsearch/monitor/stats/CommonStats$FieldData
instanceKlass com/naqqa/elasticsearch/monitor/stats/CommonStats$RequestCache
instanceKlass com/naqqa/elasticsearch/monitor/stats/CommonStats$QueryCache
instanceKlass com/naqqa/elasticsearch/monitor/stats/CommonStats$Flush
instanceKlass com/naqqa/elasticsearch/monitor/stats/CommonStats$Refresh
instanceKlass com/naqqa/elasticsearch/monitor/stats/CommonStats$Merges
instanceKlass com/naqqa/elasticsearch/monitor/stats/CommonStats$Get
instanceKlass com/naqqa/elasticsearch/monitor/stats/CommonStats$Search
instanceKlass com/naqqa/elasticsearch/monitor/stats/CommonStats$Indexing
instanceKlass com/naqqa/elasticsearch/monitor/stats/CommonStats
instanceKlass com/naqqa/elasticsearch/monitor/stats/CircuitBreakerStatsSource$BreakerEntry
instanceKlass com/naqqa/elasticsearch/monitor/stats/ThreadPoolStatsSource$ThreadPoolEntry
instanceKlass com/naqqa/elasticsearch/monitor/slowlog/InMemorySlowLogSink$Entry
instanceKlass com/naqqa/elasticsearch/monitor/shutdown/ShutdownCoordinator$PhaseResult
instanceKlass com/naqqa/elasticsearch/monitor/shutdown/NodeShutdownRecord
instanceKlass com/naqqa/elasticsearch/monitor/shutdown/NodeShutdownRequest
instanceKlass com/naqqa/elasticsearch/monitor/hotthreads/HotThreadsSampler$HotThread
instanceKlass com/naqqa/elasticsearch/monitor/health/DiskHealthIndicator$Input
instanceKlass com/naqqa/elasticsearch/monitor/health/ClusterCoordinationHealthIndicator$Input
instanceKlass com/naqqa/elasticsearch/monitor/health/HealthIndicatorResult
instanceKlass com/naqqa/elasticsearch/monitor/health/ShardsAvailabilityHealthIndicator$Input
instanceKlass com/naqqa/elasticsearch/monitor/deprecation/DeprecationWarning
instanceKlass com/naqqa/elasticsearch/ingest/grok/Grok$Capture
instanceKlass com/naqqa/elasticsearch/ingest/processor/DissectProcessor$KeyToken
instanceKlass com/naqqa/elasticsearch/ingest/useragent/UserAgentInfo
instanceKlass com/naqqa/elasticsearch/ingest/useragent/UserAgentParser$OsRule
instanceKlass com/naqqa/elasticsearch/ingest/useragent/UserAgentParser$BrowserRule
instanceKlass com/naqqa/elasticsearch/ingest/geoip/GeoIpDatabaseReader$Entry
instanceKlass com/naqqa/elasticsearch/ingest/geoip/GeoIpDatabaseBuilder$Entry
instanceKlass com/naqqa/elasticsearch/ingest/geoip/GeoIpRecord
instanceKlass com/naqqa/elasticsearch/indices/rollover/RolloverResult
instanceKlass com/naqqa/elasticsearch/indices/rollover/IndexStatsSnapshot
instanceKlass com/naqqa/elasticsearch/indices/ilm/LifecycleAction$MigrateAction
instanceKlass com/naqqa/elasticsearch/indices/ilm/LifecycleAction$AllocateAction
instanceKlass com/naqqa/elasticsearch/indices/ilm/LifecycleAction$ShrinkAction
instanceKlass com/naqqa/elasticsearch/indices/ilm/LifecycleAction$DeleteAction
instanceKlass com/naqqa/elasticsearch/indices/ilm/LifecycleAction$ReadOnlyAction
instanceKlass com/naqqa/elasticsearch/indices/ilm/LifecycleAction$ForceMergeAction
instanceKlass com/naqqa/elasticsearch/indices/ilm/LifecycleAction$SetPriorityAction
instanceKlass com/naqqa/elasticsearch/indices/ilm/LifecycleAction$RolloverAction
instanceKlass com/naqqa/elasticsearch/indices/IndexSortConfig$SortField
instanceKlass com/naqqa/elasticsearch/snapshots/restore/RestoreResult
instanceKlass com/naqqa/elasticsearch/snapshots/restore/RestoreRequest
instanceKlass com/naqqa/elasticsearch/snapshots/model/ClusterMetadataSnapshot
instanceKlass com/naqqa/elasticsearch/snapshots/model/ShardSnapshotStats
instanceKlass com/naqqa/elasticsearch/snapshots/model/ShardSnapshotManifest
instanceKlass com/naqqa/elasticsearch/snapshots/model/FileInfo
instanceKlass com/naqqa/elasticsearch/snapshots/repository/ContentAddressedStore$StoreResult
instanceKlass com/naqqa/elasticsearch/snapshots/model/SnapshotInfo
instanceKlass com/naqqa/elasticsearch/snapshots/repository/RepositoryIndex
instanceKlass com/naqqa/elasticsearch/snapshots/repository/CreateSnapshotRequest
instanceKlass com/naqqa/elasticsearch/snapshots/model/ShardId
instanceKlass com/naqqa/elasticsearch/index/recovery/RetentionLease
instanceKlass com/naqqa/elasticsearch/index/recovery/StoreFileMetadata
instanceKlass com/naqqa/elasticsearch/index/query/IntervalsQueryBuilder$Fuzzy
instanceKlass com/naqqa/elasticsearch/index/query/IntervalsQueryBuilder$Wildcard
instanceKlass com/naqqa/elasticsearch/index/query/IntervalsQueryBuilder$Prefix
instanceKlass com/naqqa/elasticsearch/index/query/IntervalsQueryBuilder$AllOf
instanceKlass com/naqqa/elasticsearch/index/query/IntervalsQueryBuilder$Filter
instanceKlass com/naqqa/elasticsearch/index/query/IntervalsQueryBuilder$Match
instanceKlass com/naqqa/elasticsearch/index/mapper/ParseContext$CopyToEntry
instanceKlass com/naqqa/elasticsearch/index/mapper/DynamicFieldsBuilder$Detection
instanceKlass com/naqqa/elasticsearch/search/vectors/hnsw/HnswConfig
instanceKlass com/naqqa/elasticsearch/index/translog/Operation$NoOp
instanceKlass com/naqqa/elasticsearch/index/engine/NoOpOperation
instanceKlass com/naqqa/elasticsearch/index/engine/MergeResult
instanceKlass com/naqqa/elasticsearch/http/nio/ResponseBuilder$Encoded
instanceKlass com/naqqa/elasticsearch/http/nio/HttpRequestParser$ChunkedResult
instanceKlass com/naqqa/elasticsearch/common/threadpool/ThreadPool$Stats
instanceKlass com/naqqa/elasticsearch/common/threadpool/ThreadPool$PoolStats
instanceKlass com/naqqa/elasticsearch/common/xcontent/XContentLocation
instanceKlass com/naqqa/elasticsearch/common/geo/TriangleEncoder$EncodedTriangle
instanceKlass com/naqqa/elasticsearch/common/geo/Tessellator$Triangle
instanceKlass com/naqqa/elasticsearch/common/collect/PrimitiveCollectionsTest$Map_Entry
instanceKlass com/naqqa/elasticsearch/codec/termvectors/TermVectorTerm
instanceKlass com/naqqa/elasticsearch/cluster/routing/allocation/DiskUsage
instanceKlass com/naqqa/elasticsearch/cluster/routing/allocation/command/CancelAllocationCommand
instanceKlass com/naqqa/elasticsearch/cluster/routing/allocation/command/MoveAllocationCommand
instanceKlass com/naqqa/elasticsearch/cluster/routing/allocation/FailedShardEntry
instanceKlass com/naqqa/elasticsearch/cluster/coordination/VotingConfigExclusion
instanceKlass com/naqqa/elasticsearch/cluster/coordination/CheckResponse
instanceKlass com/naqqa/elasticsearch/cluster/coordination/CheckRequest
instanceKlass com/naqqa/elasticsearch/cluster/coordination/StartJoinRequest
instanceKlass com/naqqa/elasticsearch/cluster/coordination/PreVoteResponse
instanceKlass com/naqqa/elasticsearch/cluster/coordination/PreVoteRequest
instanceKlass com/naqqa/elasticsearch/cluster/discovery/PeersResponse
instanceKlass com/naqqa/elasticsearch/cluster/discovery/PeersRequest
instanceKlass com/naqqa/elasticsearch/cluster/support/FakeNetwork$ScheduledMessage
instanceKlass com/naqqa/elasticsearch/bench/amazon/AmazonQueryExtras$SpotCheckResult
instanceKlass com/naqqa/elasticsearch/rest/document/DocumentActionService$GetResult
instanceKlass com/naqqa/elasticsearch/rest/document/DocumentActionService$GetRequest
instanceKlass com/naqqa/elasticsearch/bench/amazon/AmazonLoadResult
instanceKlass com/naqqa/elasticsearch/bench/amazon/AmazonProduct
instanceKlass com/naqqa/elasticsearch/bench/amazon/AmazonBulkLoader$Batch
instanceKlass com/naqqa/elasticsearch/bench/dataset/WikiLikeDataset$WikiDoc
instanceKlass com/naqqa/elasticsearch/node/search/MultiShardSearcher$Located
instanceKlass com/naqqa/elasticsearch/node/action/NodeSearchActionService$ScrollState
instanceKlass com/naqqa/elasticsearch/search/advanced/pagination/ScrollContext$ScrollPage
instanceKlass com/naqqa/elasticsearch/search/advanced/pagination/FieldDoc
instanceKlass com/naqqa/elasticsearch/search/advanced/pagination/Pagination$Page
instanceKlass com/naqqa/elasticsearch/search/aggs/support/sketch/TDigest$Centroid
instanceKlass com/naqqa/elasticsearch/common/geo/DistanceUnit$Distance
instanceKlass com/naqqa/elasticsearch/bench/dataset/TaxiLikeDataset$TaxiTrip
instanceKlass com/naqqa/elasticsearch/index/engine/FlushResult
instanceKlass com/naqqa/elasticsearch/node/search/HighlightPhase$Options
instanceKlass com/naqqa/elasticsearch/node/search/SuggestPhase$SegmentMatch
instanceKlass com/naqqa/elasticsearch/search/suggest/completion/CompletionSegmentIndex$Match
instanceKlass com/naqqa/elasticsearch/search/suggest/completion/CompletionEntry
instanceKlass com/naqqa/elasticsearch/node/search/SearchSpec$SortSpec
instanceKlass com/naqqa/elasticsearch/search/aggs/bucket/range/RangeSpec
instanceKlass com/naqqa/elasticsearch/bench/OperationResult
instanceKlass com/naqqa/elasticsearch/action/search/LocalSearchExecutor$ShardHit
instanceKlass com/naqqa/elasticsearch/search/execution/QueryCache$CacheKey
instanceKlass com/naqqa/elasticsearch/node/search/SearchEngine$ParsedSearch
instanceKlass com/naqqa/elasticsearch/rest/document/DocumentActionService$BulkResult
instanceKlass com/naqqa/elasticsearch/cluster/service/ClusterStateTaskConfig
instanceKlass com/naqqa/elasticsearch/node/indices/MetadataIndexService$CreateSpec
instanceKlass com/naqqa/elasticsearch/rest/indices/IndexAdminActionService$CreateIndexResult
instanceKlass com/naqqa/elasticsearch/rest/indices/IndexAdminActionService$CreateIndexRequest
instanceKlass com/naqqa/elasticsearch/rest/indices/IndexAdminActionService$AckResult
instanceKlass com/naqqa/elasticsearch/http/PathPattern$MatchResult
instanceKlass com/naqqa/elasticsearch/http/PathPattern$Wildcard
instanceKlass jdk/internal/misc/ThreadTracker$ThreadRef
instanceKlass jdk/internal/net/http/common/DebugLogger$LoggerConfig
instanceKlass com/naqqa/elasticsearch/http/PathPattern$Literal
instanceKlass com/naqqa/elasticsearch/http/PathPattern$Param
instanceKlass com/naqqa/elasticsearch/http/Router$RegisteredRoute
instanceKlass com/naqqa/elasticsearch/rest/RestServices
instanceKlass com/naqqa/elasticsearch/security/audit/AuditSettings
instanceKlass com/naqqa/elasticsearch/cluster/coordination/ApplyCommitRequest
instanceKlass com/naqqa/elasticsearch/cluster/coordination/PublishResponse
instanceKlass com/naqqa/elasticsearch/cluster/coordination/Join
instanceKlass com/naqqa/elasticsearch/node/cluster/Wire$Bytes
instanceKlass com/naqqa/elasticsearch/node/indices/PeerRecoveryService$Source
instanceKlass com/naqqa/elasticsearch/node/cluster/ClusterStateManager$DiscoveryConfig
instanceKlass com/naqqa/elasticsearch/node/NodeInfo
instanceKlass com/naqqa/elasticsearch/bench/BenchHttpClient$Resp
instanceKlass com/naqqa/elasticsearch/bench/dataset/ProductLikeDataset$ProductDoc
instanceKlass com/naqqa/elasticsearch/bench/dataset/ProductLikeDataset$CategoryNode
instanceKlass com/naqqa/elasticsearch/analysis/filter/worddelimiter/SlowWdf$WordPart
instanceKlass com/naqqa/elasticsearch/index/engine/EngineStats
instanceKlass com/naqqa/elasticsearch/action/write/BulkResponse
instanceKlass com/naqqa/elasticsearch/rest/document/DocumentActionService$BulkItemResult
instanceKlass com/naqqa/elasticsearch/action/write/BulkRequest
instanceKlass com/naqqa/elasticsearch/rest/document/DocumentActionService$BulkItem
instanceKlass com/naqqa/elasticsearch/action/search/ShardFieldCollector$Hit
instanceKlass com/naqqa/elasticsearch/search/query/BooleanQuery$BooleanClause
instanceKlass com/naqqa/elasticsearch/action/search/SearchRequest$CanMatchRange
instanceKlass com/naqqa/elasticsearch/action/search/SearchResponse$Failure
instanceKlass com/naqqa/elasticsearch/action/get/MultiGetResponse
instanceKlass com/naqqa/elasticsearch/action/get/TransportGetAction$ShardKey
instanceKlass com/naqqa/elasticsearch/action/get/MultiGetRequest
instanceKlass com/naqqa/elasticsearch/action/get/MultiGetRequest$Item
instanceKlass com/naqqa/elasticsearch/action/get/GetResponse
instanceKlass com/naqqa/elasticsearch/action/get/GetRequest
instanceKlass com/naqqa/elasticsearch/rest/document/DocumentActionService$UpdateResult
instanceKlass com/naqqa/elasticsearch/rest/document/DocumentActionService$UpdateRequest
instanceKlass com/naqqa/elasticsearch/rest/document/DocumentActionService$IndexResult
instanceKlass com/naqqa/elasticsearch/rest/document/DocumentActionService$IndexRequest
instanceKlass com/naqqa/elasticsearch/action/byquery/MultiTermVectorsAction$DocSpec
instanceKlass com/naqqa/elasticsearch/rest/document/DocumentActionService$DeleteResult
instanceKlass com/naqqa/elasticsearch/index/translog/Operation$Delete
instanceKlass com/naqqa/elasticsearch/index/engine/DeleteOperation
instanceKlass com/naqqa/elasticsearch/rest/document/DocumentActionService$DeleteRequest
instanceKlass com/naqqa/elasticsearch/action/search/SearchResponse$Shards
instanceKlass com/naqqa/elasticsearch/action/search/ShardSearchService$ShardFetchResponse$FetchedDoc
instanceKlass com/naqqa/elasticsearch/index/engine/segment/StoredDocCodec$Decoded
instanceKlass com/naqqa/elasticsearch/codec/storedfields/StoredFieldsReader$BlockCache
instanceKlass com/naqqa/elasticsearch/action/search/ShardSearchService$ShardQueryResponse$Hit
instanceKlass com/naqqa/elasticsearch/search/execution/TotalHits
instanceKlass com/naqqa/elasticsearch/search/execution/TopDocs
instanceKlass com/naqqa/elasticsearch/search/similarity/BM25Similarity$BM25Weight
instanceKlass com/naqqa/elasticsearch/search/similarity/TermStatistics
instanceKlass com/naqqa/elasticsearch/search/similarity/CollectionStatistics
instanceKlass com/naqqa/elasticsearch/node/search/QueryFactory$FieldType
instanceKlass com/naqqa/elasticsearch/transport/MessageCodec$DecodedMessage
instanceKlass com/naqqa/elasticsearch/action/byquery/BulkByScrollResponse
instanceKlass com/naqqa/elasticsearch/action/byquery/BulkByScrollExecutor$HandlerResult
instanceKlass com/naqqa/elasticsearch/action/search/SearchResponse$Hit
instanceKlass com/naqqa/elasticsearch/action/write/IndexNameResolver$Resolution
instanceKlass com/naqqa/elasticsearch/action/search/SearchResponse
instanceKlass com/naqqa/elasticsearch/action/byquery/ByQuerySearchHooks
instanceKlass com/naqqa/elasticsearch/index/engine/RefreshResult
instanceKlass com/naqqa/elasticsearch/codec/segment/SegmentCommitInfo
instanceKlass com/naqqa/elasticsearch/codec/postings/TermStats
instanceKlass com/naqqa/elasticsearch/index/engine/segment/SegmentWriter$SortedTerm
instanceKlass com/naqqa/elasticsearch/store/IOContext
instanceKlass com/naqqa/elasticsearch/index/engine/segment/SegmentWriter$FlatDoc
instanceKlass com/naqqa/elasticsearch/index/engine/BufferedDoc
instanceKlass com/naqqa/elasticsearch/index/translog/Translog$Location
instanceKlass com/naqqa/elasticsearch/index/translog/Operation$Index
instanceKlass com/naqqa/elasticsearch/index/mapper/ParsedDocument
instanceKlass com/naqqa/elasticsearch/index/mapper/IndexedTerm
instanceKlass com/naqqa/elasticsearch/index/engine/InternalEngine$CurrentDocInfo
instanceKlass com/naqqa/elasticsearch/index/engine/IndexOperation
instanceKlass com/naqqa/elasticsearch/index/translog/TranslogScanner$ScanResult
instanceKlass com/naqqa/elasticsearch/cluster/routing/ShardId
instanceKlass com/naqqa/elasticsearch/transport/DiscoveryNode
instanceKlass java/nio/DirectByteBuffer$Deallocator
instanceKlass jdk/net/UnixDomainPrincipal
instanceKlass java/lang/reflect/Proxy$ProxyBuilder$ProxyClassContext
instanceKlass com/naqqa/elasticsearch/action/byquery/ByQueryOptions
instanceKlass java/security/SecureClassLoader$CodeSourceKey
instanceKlass jdk/internal/module/ModuleReferenceImpl$CachedHash
instanceKlass java/util/stream/Collectors$CollectorImpl
instanceKlass jdk/internal/reflect/ReflectionFactory$Config
instanceKlass jdk/internal/foreign/abi/UpcallLinker$CallRegs
instanceKlass jdk/internal/foreign/abi/VMStorage
ciInstanceKlass java/lang/Record 1 1 22 10 7 12 1 1 1 100 1 1 1 1 1 1 1 1 1 1 1 1 1 1
ciInstanceKlass java/lang/invoke/MethodType 1 1 780 7 1 10 7 12 1 1 1 9 12 1 1 9 12 1 1 9 12 1 1 10 7 12 1 1 1 9 7 12 1 1 8 1 10 100 12 1 1 1 9 7 1 9 7 1 10 12 1 1 7 1 10 8 1 10 12 1 1 10 12 1 10 12 1 1 7 1 8 1 10 12 1 100 1 10 10 12 1 10 12 1 1 10 12 1 1 11 7 12 1 1 1 9 12 1 11 12 1 1 7 10 12 1 1 10 12 1 1 7 1 7 1 10 7 12 1 1 1 10 12 1 10 12 1 9 12 1 1 10 7 12 1 1 10 12 1 1 10 7 12 1 1 1 10 7 12 1 1 1 10 12 1 9 12 1 1 10 12 1 1 10 12 1 1 10 12 1 1 10 12 1 1 10 12 1 1 10 12 1 10 12 1 10 12 1 1 10 12 1 8 1 8 1 10 12 1 1 9 12 1 1 100 1 10 10 12 1 1 10 12 1 10 12 1 1 10 12 1 1 10 12 1 10 12 1 10 12 1 8 1 10 12 1 1 10 7 12 1 1 1 10 12 1 10 12 1 1 10 12 1 10 12 1 10 12 1 1 10 12 1 10 12 1 9 12 1 10 12 1 10 10 12 1 1 10 12 1 9 12 1 1 10 12 1 1 11 12 1 1 10 12 1 1 7 1 10 12 10 12 1 10 12 1 100 1 8 1 8 1 8 1 10 12 1 10 12 1 10 12 1 10 10 12 1 11 12 1 1 11 12 1 10 100 12 1 1 1 9 12 1 10 12 1 10 12 1 1 10 12 1 1 10 12 1 10 12 1 10 100 12 1 1 1 10 12 1 1 10 12 1 10 12 1 10 12 1 10 9 12 1 1 7 1 10 12 1 10 12 1 1 9 100 12 1 1 1 10 7 12 1 1 1 10 7 12 1 1 1 10 12 1 1 10 7 12 1 1 1 10 12 1 1 8 1 10 7 12 1 1 1 11 12 1 1 9 12 1 1 10 12 1 1 10 12 1 10 12 1 1 10 12 1 1 10 100 12 1 1 100 1 10 12 1 1 11 100 12 1 1 18 12 1 1 11 12 1 1 18 12 1 11 12 1 100 1 11 100 12 1 1 10 12 1 100 1 10 12 1 10 100 12 1 1 10 12 1 1 9 12 1 1 9 100 12 1 1 1 10 7 12 1 1 1 9 12 1 10 100 12 1 1 10 12 1 100 10 12 1 1 10 12 1 10 7 1 7 1 9 12 1 1 7 1 7 1 7 1 1 1 5 0 1 1 1 1 1 1 1 3 1 3 1 3 1 1 1 1 1 1 1 1 1 1 1 1 1 1 1 1 1 1 1 1 1 1 1 1 1 1 1 1 1 1 1 1 1 1 1 1 1 1 1 1 1 1 1 1 1 1 1 1 1 1 1 1 1 1 1 1 1 1 1 1 1 1 1 1 1 1 1 1 1 1 1 1 1 1 1 1 1 1 1 1 1 1 1 1 1 1 1 1 1 1 1 1 1 1 1 1 1 1 1 1 1 1 1 1 1 1 1 1 1 1 1 1 1 1 1 1 1 1 1 1 1 1 1 1 1 1 1 1 1 1 1 100 1 100 1 1 1 1 1 1 1 1 1 1 1 1 1 100 1 1 1 7 1 1 1 1 1 1 1 1 1 1 1 1 1 1 1 1 1 1 1 1 1 1 16 15 10 12 16 16 15 10 12 16 15 10 100 12 1 1 1 1 1 1 1 7 1 1 7 1 1 100 1 100 1 1
staticfield java/lang/invoke/MethodType internTable Ljava/lang/invoke/MethodType$ConcurrentWeakInternSet; java/lang/invoke/MethodType$ConcurrentWeakInternSet
staticfield java/lang/invoke/MethodType NO_PTYPES [Ljava/lang/Class; 0 [Ljava/lang/Class;
staticfield java/lang/invoke/MethodType objectOnlyTypes [Ljava/lang/invoke/MethodType; 20 [Ljava/lang/invoke/MethodType;
staticfield java/lang/invoke/MethodType METHOD_HANDLE_ARRAY [Ljava/lang/Class; 1 [Ljava/lang/Class;
staticfield java/lang/invoke/MethodType serialPersistentFields [Ljava/io/ObjectStreamField; 0 [Ljava/io/ObjectStreamField;
staticfield java/lang/invoke/MethodType $assertionsDisabled Z 1
ciInstanceKlass java/lang/invoke/TypeDescriptor$OfMethod 1 0 43 100 1 100 1 100 1 1 1 1 1 1 1 1 1 1 1 1 1 1 1 1 1 1 1 1 1 1 1 1 1 1 1 1 1 1 1 1 1 1 100 1 1
instanceKlass java/lang/InstantiationException
instanceKlass java/lang/IllegalAccessException
instanceKlass java/lang/reflect/InvocationTargetException
instanceKlass java/lang/NoSuchFieldException
instanceKlass java/lang/NoSuchMethodException
instanceKlass java/lang/ClassNotFoundException
ciInstanceKlass java/lang/ReflectiveOperationException 1 1 34 10 7 12 1 1 1 10 12 1 10 12 1 10 12 1 100 1 1 1 1 5 0 1 1 1 1 1 1 1 1 1 1 1
instanceKlass java/lang/invoke/DelegatingMethodHandle
instanceKlass java/lang/invoke/BoundMethodHandle
instanceKlass java/lang/invoke/DirectMethodHandle
ciInstanceKlass java/lang/invoke/MethodHandle 1 1 736 100 1 9 7 12 1 1 1 10 7 12 1 1 1 10 7 12 1 1 1 7 1 7 1 10 12 1 1 9 12 1 1 10 12 1 10 12 1 1 10 12 1 1 10 100 12 1 1 1 10 12 1 1 10 12 1 1 11 7 12 1 1 1 10 12 1 1 10 12 1 10 12 1 10 12 1 1 9 12 1 1 9 12 1 1 10 7 12 1 1 1 10 12 1 1 10 12 1 10 12 1 100 1 7 1 10 8 1 10 12 1 1 10 12 1 8 1 10 12 1 1 10 12 1 10 7 12 1 1 1 10 12 1 1 10 12 1 1 10 12 1 1 10 7 12 1 1 1 10 12 1 1 10 12 1 1 10 12 1 10 12 1 1 10 7 12 1 1 10 7 12 1 1 10 12 1 10 12 1 10 12 1 1 10 12 1 1 10 12 1 1 10 12 1 1 10 7 12 1 1 1 10 7 12 1 1 1 10 12 1 1 10 12 1 1 10 12 1 1 8 1 10 7 12 1 1 1 8 1 10 12 1 10 12 1 1 10 12 1 1 10 12 1 8 1 10 12 1 1 8 1 10 12 1 8 1 10 7 12 1 1 1 9 12 1 1 100 1 10 9 7 12 1 1 1 9 7 1 8 1 10 12 1 1 10 12 1 10 12 1 1 10 12 1 10 12 1 1 10 12 1 10 12 1 1 10 12 1 10 12 1 1 10 12 1 1 8 1 10 12 1 1 8 1 10 12 1 10 12 1 1 10 12 1 10 12 1 10 12 1 1 9 100 12 1 1 1 10 12 1 1 11 12 1 10 12 1 10 12 1 1 10 100 12 1 1 100 1 11 12 1 10 100 1 11 12 1 7 1 10 12 1 11 12 1 9 100 12 1 1 1 11 12 1 1 11 100 12 1 1 1 10 12 1 1 9 12 1 11 12 1 9 12 1 9 12 1 9 12 1 11 12 1 1 9 12 1 9 12 1 9 12 1 9 12 1 9 12 1 9 12 1 9 12 1 8 1 10 12 1 10 12 1 8 1 10 12 1 10 12 1 10 12 1 1 10 10 10 7 12 1 1 10 12 1 1 100 1 100 1 8 1 8 1 10 10 12 1 1 10 12 1 10 12 1 7 1 10 100 12 1 1 1 10 9 7 12 1 1 1 10 12 1 1 10 12 1 1 8 1 8 1 10 7 12 1 1 9 12 1 9 12 1 1 9 12 1 1 10 12 1 7 1 10 12 1 10 12 1 1 9 12 1 1 9 12 1 1 10 7 12 1 1 1 11 7 12 1 1 9 12 1 10 12 1 1 10 12 1 9 12 1 10 12 1 8 10 12 1 1 8 1 1 1 1 1 1 1 1 7 1 1 1 1 1 1 1 1 1 1 1 1 1 1 1 1 1 1 1 1 1 1 1 1 1 1 1 1 1 1 100 1 1 1 1 1 1 1 1 1 1 1 1 1 1 1 1 1 1 1 1 1 1 1 1 1 1 1 1 1 1 1 1 1 1 1 1 1 1 1 1 1 1 1 1 1 1 1 1 1 1 1 1 1 1 1 1 1 1 1 1 1 1 1 1 1 1 1 1 1 1 1 1 1 1 1 1 1 1 1 1 1 1 1 1 1 1 100 1 1 100 1 7 1 100 1 1 100 1 1 100 1 1 1 1
staticfield java/lang/invoke/MethodHandle FORM_OFFSET J 20
staticfield java/lang/invoke/MethodHandle UPDATE_OFFSET J 13
staticfield java/lang/invoke/MethodHandle $assertionsDisabled Z 1
ciInstanceKlass java/util/concurrent/ConcurrentHashMap 1 1 1210 7 1 7 1 3 10 12 1 1 3 7 1 10 7 12 1 1 1 7 1 10 7 12 1 1 1 100 1 11 12 1 1 11 12 1 11 12 1 1 9 12 1 1 9 12 1 1 9 12 1 10 7 12 1 1 1 7 1 10 12 1 1 10 12 1 1 10 7 12 1 1 1 4 10 12 1 9 12 1 10 12 1 1 100 1 10 5 0 10 12 1 10 12 1 1 5 0 10 12 1 1 10 12 1 9 12 1 1 10 12 1 1 9 12 1 9 12 1 1 10 12 1 1 9 12 1 10 12 1 1 9 12 1 1 10 12 1 1 100 1 10 100 1 10 12 1 10 12 1 1 10 12 1 1 10 12 1 1 10 12 1 10 12 1 1 10 12 1 1 100 1 10 12 1 1 7 1 100 1 8 1 10 12 1 10 12 1 1 10 12 1 1 11 7 12 1 1 10 12 1 1 11 12 1 1 11 7 12 1 1 1 11 7 12 1 1 1 11 12 1 7 1 11 12 1 11 12 1 10 12 1 1 10 12 1 1 9 12 1 1 10 100 12 1 1 1 9 10 12 1 1 9 12 1 10 12 1 1 5 0 9 12 1 1 7 1 10 12 1 9 12 1 1 7 1 10 12 1 9 12 1 7 1 10 7 1 10 10 12 1 1 8 1 10 12 1 10 12 1 1 11 100 1 10 12 1 10 100 12 1 1 1 8 1 10 100 12 1 1 1 8 1 10 12 1 8 1 10 12 1 10 12 1 1 10 100 12 1 1 10 12 1 10 12 1 10 12 1 9 12 1 9 10 12 1 9 12 1 1 11 100 12 1 1 1 11 7 12 1 1 1 100 1 10 12 11 100 12 1 1 10 11 7 12 1 10 12 1 100 1 10 12 1 100 1 10 10 9 7 12 1 1 1 10 12 3 10 7 12 1 1 9 12 1 10 12 1 1 9 12 1 1 9 12 1 10 12 1 1 10 7 12 1 1 9 12 1 9 7 12 1 1 10 12 1 1 10 12 1 3 9 12 1 9 12 1 10 12 1 1 7 1 9 3 9 12 1 7 1 10 12 1 9 12 1 10 12 1 9 12 1 10 12 1 9 12 1 10 100 12 1 1 1 100 10 12 1 7 1 5 0 10 100 12 1 1 100 1 10 12 1 1 10 12 1 10 12 1 100 1 10 12 1 10 100 1 100 1 10 10 12 1 10 100 1 10 12 1 10 100 1 10 12 1 10 7 1 10 12 1 1 100 1 10 12 1 10 10 12 1 100 1 10 12 1 10 10 12 1 100 1 10 12 1 10 100 1 10 12 1 10 100 1 10 12 1 10 100 1 10 12 1 10 100 1 10 12 1 10 100 1 10 12 1 10 100 1 10 12 1 10 100 1 10 12 1 10 100 1 10 10 100 1 10 10 100 1 10 10 100 1 10 12 1 10 100 1 10 12 1 10 100 1 10 12 1 10 100 1 10 12 1 10 100 1 10 12 1 10 100 1 10 10 100 1 10 10 100 1 10 10 100 1 10 12 1 10 100 1 10 12 1 10 100 1 10 12 1 10 100 1 10 12 1 10 100 1 10 12 1 10 10 12 1 10 7 12 1 1 1 10 12 1 7 1 7 1 10 12 1 9 12 1 1 9 12 1 1 10 12 1 1 8 10 12 1 1 8 8 8 8 7 10 12 1 1 10 12 1 100 1 8 1 10 7 1 7 1 7 1 1 1 5 0 1 1 3 1 3 1 1 1 1 3 1 3 1 3 1 1 1 1 1 3 1 3 1 3 1 1 1 1 1 1 1 1 1 1 1 1 1 1 1 1 1 1 1 1 1 1 1 1 1 100 1 1 1 1 1 1 1 1 1 1 1 1 1 1 1 1 1 1 1 1 1 1 1 1 1 1 1 1 1 1 1 1 1 1 1 1 1 1 1 1 1 1 1 1 1 1 1 1 1 1 1 1 1 1 1 1 1 1 1 1 1 1 1 1 1 1 1 1 1 1 1 1 1 1 1 1 1 1 1 1 1 1 1 1 100 1 1 1 1 1 1 1 1 1 1 1 7 1 1 1 1 1 1 1 1 1 1 1 1 1 1 1 1 1 1 1 1 1 1 1 1 1 1 1 1 1 1 1 1 1 1 1 1 1 1 1 1 1 1 1 1 1 1 1 1 1 1 1 1 1 1 1 1 1 1 1 1 1 1 1 1 1 1 1 1 1 1 1 1 1 1 1 1 1 1 1 1 1 1 1 1 1 1 1 1 1 1 1 1 1 1 1 1 1 1 1 1 1 1 1 1 1 1 1 1 1 1 1 1 1 1 1 1 1 1 1 1 1 1 1 1 1 1 1 1 1 1 1 1 1 1 1 1 1 1 1 1 1 1 1 1 1 1 1 1 1 1 1 1 1 1 1 1 1 1 1 1 1 1 1 1 1 1 1 1 1 1 1 1 1 1 1 1 1 1 1 1 1 1 1 1 1 1 1 1 1 1 1 1 1 1 1 1 1 1 1 1 1 1 1 1 1 1 1 1 1 1 1 1 1 1 1 1 1 1 1 1 1 1 1 100 1 100 1 100 1 100 1 100 1 100 1 100 1 100 1 100 1 1 1 1 1 1 1 1 1 1 1 1 1 1 1 1 1 1 1 1 1 1 1 1 1 1 1 1 1 1 1 1 1 1 1 1 1 1 1 1 1 1 1 1 1 1 1 1 1 1 1 1 1 1 1 1 1 1
staticfield java/util/concurrent/ConcurrentHashMap NCPU I 16
staticfield java/util/concurrent/ConcurrentHashMap serialPersistentFields [Ljava/io/ObjectStreamField; 3 [Ljava/io/ObjectStreamField;
staticfield java/util/concurrent/ConcurrentHashMap U Ljdk/internal/misc/Unsafe; jdk/internal/misc/Unsafe
staticfield java/util/concurrent/ConcurrentHashMap SIZECTL J 20
staticfield java/util/concurrent/ConcurrentHashMap TRANSFERINDEX J 32
staticfield java/util/concurrent/ConcurrentHashMap BASECOUNT J 24
staticfield java/util/concurrent/ConcurrentHashMap CELLSBUSY J 36
staticfield java/util/concurrent/ConcurrentHashMap CELLVALUE J 144
staticfield java/util/concurrent/ConcurrentHashMap ABASE I 16
staticfield java/util/concurrent/ConcurrentHashMap ASHIFT I 2
ciInstanceKlass java/util/concurrent/ConcurrentMap 1 1 208 11 7 12 1 1 1 10 100 12 1 1 11 12 1 1 11 100 12 1 1 1 11 7 12 1 1 1 11 12 1 1 100 1 11 12 1 11 12 1 100 1 11 100 12 1 1 1 18 12 1 11 12 1 1 11 100 12 1 1 11 12 1 1 11 100 12 1 11 12 1 1 11 12 1 1 7 1 7 1 1 1 1 1 1 1 1 1 1 1 1 1 1 1 1 1 1 1 1 1 1 1 1 1 1 1 1 1 1 1 1 1 1 1 1 1 1 1 1 1 1 1 1 1 1 1 1 1 1 1 1 1 1 1 1 1 1 1 1 16 15 11 12 15 10 100 12 1 1 1 1 1 100 1 100 1 1 1 100 1 8 1 1 12 10 1 1 1 8 1 1 1 8 1 1 8 1 1 1 8 1 1 1 8 1 1 1 8 1 1 1 8 1 1 1 8 1 1 1 8 1 1 1 8 1 1 8 1
instanceKlass java/util/TreeMap$NavigableSubMap
instanceKlass java/util/Collections$SingletonMap
instanceKlass java/util/concurrent/ConcurrentSkipListMap
instanceKlass java/util/TreeMap
instanceKlass java/util/IdentityHashMap
instanceKlass java/util/EnumMap
instanceKlass java/util/WeakHashMap
instanceKlass java/util/Collections$EmptyMap
instanceKlass sun/util/PreHashedMap
instanceKlass java/util/HashMap
instanceKlass java/util/ImmutableCollections$AbstractImmutableMap
instanceKlass java/util/concurrent/ConcurrentHashMap
ciInstanceKlass java/util/AbstractMap 1 1 196 10 7 12 1 1 1 10 7 12 1 1 1 11 7 12 1 1 1 10 11 12 1 1 11 7 12 1 1 1 11 12 1 1 7 1 11 12 1 10 12 1 1 11 12 1 100 1 10 11 12 1 11 7 1 10 12 1 1 11 12 1 9 12 1 1 7 1 10 12 1 9 12 1 1 7 1 10 11 11 12 1 1 11 12 1 7 1 100 1 11 12 1 8 1 7 1 10 10 12 1 1 8 1 10 12 1 10 12 1 1 10 12 1 1 1 1 1 1 1 1 1 1 1 1 1 1 1 1 1 1 1 1 1 1 1 1 1 1 1 1 1 1 1 1 1 1 1 1 1 1 1 1 7 1 1 1 1 1 1 1 7 1 1 1 1 1 1 1 1 1 100 1 1 1 1 1 1 1 1 1 100 1 100 1 100 1 100 1 100 1 1 1 1 1 1
ciInstanceKlass jdk/internal/loader/ClassLoaders 1 1 183 10 7 12 1 1 1 10 7 12 1 1 1 10 12 1 1 10 100 12 1 1 1 9 7 12 1 1 1 9 12 1 1 9 12 1 1 7 1 11 100 12 1 1 1 100 1 11 12 1 1 11 12 1 1 10 100 12 1 1 1 10 100 12 1 1 1 100 1 100 1 10 7 12 1 1 1 9 12 1 1 10 12 1 1 7 1 10 12 1 1 10 12 1 7 1 8 1 10 7 12 1 1 1 10 12 1 1 7 1 10 12 1 10 12 1 10 12 1 8 1 10 7 12 1 1 8 1 8 1 10 12 1 7 1 10 12 1 10 12 1 10 12 1 1 1 1 1 1 1 1 1 1 1 1 1 1 1 1 1 1 1 1 7 1 1 1 1 1 1 1 1 1 1 1 1 1 1 1 1 1 1 1
staticfield jdk/internal/loader/ClassLoaders JLA Ljdk/internal/access/JavaLangAccess; java/lang/System$2
staticfield jdk/internal/loader/ClassLoaders BOOT_LOADER Ljdk/internal/loader/ClassLoaders$BootClassLoader; jdk/internal/loader/ClassLoaders$BootClassLoader
staticfield jdk/internal/loader/ClassLoaders PLATFORM_LOADER Ljdk/internal/loader/ClassLoaders$PlatformClassLoader; jdk/internal/loader/ClassLoaders$PlatformClassLoader
staticfield jdk/internal/loader/ClassLoaders APP_LOADER Ljdk/internal/loader/ClassLoaders$AppClassLoader; jdk/internal/loader/ClassLoaders$AppClassLoader
instanceKlass jdk/internal/loader/ClassLoaders$BootClassLoader
instanceKlass jdk/internal/loader/ClassLoaders$PlatformClassLoader
instanceKlass jdk/internal/loader/ClassLoaders$AppClassLoader
ciInstanceKlass jdk/internal/loader/BuiltinClassLoader 1 1 737 9 7 12 1 1 1 10 7 12 1 1 1 10 7 12 1 1 1 9 12 1 1 9 12 1 1 7 1 10 12 1 9 12 1 10 12 1 9 12 1 10 7 12 1 1 1 10 7 12 1 1 1 10 7 12 1 1 1 11 7 12 1 1 1 7 1 7 1 10 10 12 1 1 8 1 10 12 1 10 12 7 1 10 12 1 10 12 1 1 11 7 12 1 1 1 11 7 12 1 1 1 11 12 1 1 7 1 8 1 8 1 10 9 12 1 1 10 7 12 1 1 11 12 1 1 10 12 1 1 10 12 1 1 10 12 1 1 10 7 12 1 1 1 10 12 1 10 7 12 1 1 1 10 12 1 1 11 7 12 1 1 1 10 7 12 1 1 7 1 10 7 12 1 1 1 10 12 1 100 1 8 1 10 12 1 1 10 8 1 10 12 1 1 10 12 1 1 10 12 1 1 11 7 12 1 1 11 12 1 7 1 10 11 12 1 1 11 10 12 1 1 7 1 10 12 1 10 7 12 1 10 12 1 7 1 10 12 1 10 7 12 1 1 1 100 1 10 12 1 1 11 12 1 100 1 100 1 10 12 1 10 12 1 1 100 1 100 1 10 12 1 10 12 1 18 12 1 1 10 12 1 10 12 1 1 18 100 1 10 7 12 1 1 1 7 1 10 10 12 1 1 10 12 1 1 10 12 1 1 10 12 1 9 12 1 1 100 1 10 10 12 1 1 10 12 1 1 10 12 1 10 12 10 12 1 1 10 12 1 1 10 12 1 1 10 12 1 10 12 1 1 18 12 1 7 1 10 12 1 1 10 12 1 10 12 1 1 10 12 1 100 1 10 12 1 7 1 10 12 1 10 7 12 1 1 1 10 12 1 11 12 1 7 1 10 12 1 7 1 100 1 10 12 1 10 12 1 11 12 1 1 10 12 1 1 10 12 1 1 10 12 1 1 10 12 1 1 10 12 1 10 12 1 10 12 1 10 12 1 8 1 10 12 1 1 10 7 12 1 1 10 12 1 100 1 8 1 8 1 10 10 12 1 8 1 8 1 10 100 12 1 1 1 11 100 12 1 1 1 9 100 12 1 1 1 10 100 12 1 1 1 9 12 1 9 12 1 9 12 1 9 12 1 9 12 1 9 12 1 10 7 12 1 1 1 8 1 10 12 1 7 1 10 12 1 1 10 12 1 7 1 10 11 12 1 1 10 12 10 12 1 10 12 1 100 1 10 12 1 10 12 1 10 10 12 1 10 7 12 1 1 8 1 10 7 12 1 1 10 12 1 1 1 1 1 1 1 1 1 1 1 1 1 1 1 1 1 1 1 1 1 1 1 1 1 1 1 1 1 1 1 1 1 1 1 1 1 1 1 1 1 1 1 1 1 1 1 1 1 1 1 1 1 1 1 1 7 1 1 1 1 1 1 1 1 1 1 1 1 1 1 1 1 1 1 7 1 7 1 1 1 1 1 1 1 1 1 1 1 1 1 1 1 1 1 1 1 1 1 1 1 1 1 1 1 1 1 1 1 1 1 1 1 1 1 1 1 1 1 1 1 1 1 1 1 1 1 1 1 100 1 1 16 15 10 12 16 15 10 12 16 15 10 12 16 1 15 10 100 12 1 1 1 1 1 100 1 1 1 1 1 100 1 100 1 1
staticfield jdk/internal/loader/BuiltinClassLoader packageToModule Ljava/util/Map; java/util/concurrent/ConcurrentHashMap
staticfield jdk/internal/loader/BuiltinClassLoader $assertionsDisabled Z 1
ciInstanceKlass jdk/internal/loader/ClassLoaders$AppClassLoader 1 1 119 8 1 10 7 12 1 1 1 10 7 12 1 1 1 10 7 12 1 1 1 10 12 1 1 10 7 12 1 1 1 10 12 1 1 10 12 1 1 7 1 8 1 10 12 10 7 12 1 1 1 10 7 12 1 1 10 12 1 1 10 12 1 1 10 7 12 1 1 1 7 1 10 12 1 1 1 1 1 1 1 1 1 1 1 1 1 1 1 1 1 1 1 1 1 7 1 1 1 1 1 1 1 1 1 1 1 1 1 1 1 1 1 1 1 7 1 1 1
ciInstanceKlass jdk/internal/loader/ClassLoaders$PlatformClassLoader 1 1 42 8 1 10 7 12 1 1 1 10 7 12 1 1 1 7 1 10 12 1 7 1 1 1 1 1 1 1 1 1 1 1 1 1 1 7 1 1 1 100 1 1
ciInstanceKlass java/lang/ArithmeticException 1 1 26 10 100 12 1 1 1 10 12 1 100 1 1 1 1 5 0 1 1 1 1 1 1 1 1 1
ciInstanceKlass java/lang/ArrayStoreException 1 1 26 10 100 12 1 1 1 10 12 1 100 1 1 1 1 5 0 1 1 1 1 1 1 1 1 1
ciInstanceKlass java/lang/ClassCastException 1 1 26 10 100 12 1 1 1 10 12 1 100 1 1 1 1 5 0 1 1 1 1 1 1 1 1 1
ciInstanceKlass java/lang/ClassNotFoundException 1 1 96 7 1 10 7 12 1 1 1 10 12 1 10 12 1 1 10 100 12 1 1 1 8 1 10 100 12 1 1 1 10 7 12 1 1 10 100 12 1 1 1 10 100 12 1 1 1 10 12 1 1 7 1 10 12 1 9 12 1 1 1 1 1 5 0 1 1 1 1 1 1 1 1 1 1 1 1 1 1 1 1 1 1 100 1 1 1 1 1 1 1 1 1 1 1 1
staticfield java/lang/ClassNotFoundException serialPersistentFields [Ljava/io/ObjectStreamField; 1 [Ljava/io/ObjectStreamField;
instanceKlass java/lang/NumberFormatException
instanceKlass java/security/InvalidParameterException
ciInstanceKlass java/lang/IllegalArgumentException 1 1 35 10 7 12 1 1 1 10 12 1 10 12 1 10 12 1 100 1 1 1 1 5 0 1 1 1 1 1 1 1 1 1 1 1 1
ciInstanceKlass java/lang/IllegalMonitorStateException 1 1 26 10 100 12 1 1 1 10 12 1 100 1 1 1 1 5 0 1 1 1 1 1 1 1 1 1
ciInstanceKlass java/lang/BootstrapMethodError 0 0 45 10 100 12 1 1 1 10 12 1 10 12 1 10 100 12 1 1 1 10 100 12 1 1 1 1 1 1 5 0 1 1 1 1 1 1 1 1 1 1 1 100 1 1 1
instanceKlass java/lang/ExceptionInInitializerError
instanceKlass java/lang/IncompatibleClassChangeError
instanceKlass java/lang/BootstrapMethodError
instanceKlass java/lang/NoClassDefFoundError
ciInstanceKlass java/lang/LinkageError 1 1 31 10 7 12 1 1 1 10 12 1 10 12 1 100 1 1 1 1 5 0 1 1 1 1 1 1 1 1 1 1 1
ciInstanceKlass java/lang/NullPointerException 1 1 52 10 7 12 1 1 1 10 12 1 9 7 12 1 1 1 10 12 1 1 9 12 1 1 10 12 1 1 10 12 1 1 1 1 5 0 1 1 1 1 1 1 1 1 100 1 100 1 100 1 1 1
ciInstanceKlass java/lang/NoClassDefFoundError 0 0 26 10 100 12 1 1 1 10 12 1 100 1 1 1 1 5 0 1 1 1 1 1 1 1 1 1
ciInstanceKlass java/lang/StackOverflowError 1 1 26 10 100 12 1 1 1 10 12 1 100 1 1 1 1 5 0 1 1 1 1 1 1 1 1 1
ciInstanceKlass java/lang/StackTraceElement 1 1 235 10 7 12 1 1 1 10 7 12 1 1 9 12 1 1 9 12 1 1 9 12 1 9 12 1 8 1 10 100 12 1 1 1 7 1 9 12 1 8 1 9 12 1 9 12 1 9 12 1 1 10 12 1 1 10 12 1 8 1 10 7 12 1 1 1 7 1 10 12 1 10 12 1 1 10 12 1 10 12 1 1 10 12 1 10 12 1 10 10 12 1 8 1 10 12 1 10 12 1 1 10 12 1 1 10 12 1 10 12 1 10 12 1 9 12 1 1 10 7 12 1 1 1 10 12 1 1 7 1 10 12 1 1 10 7 12 1 1 10 7 12 1 1 1 10 7 12 1 1 10 7 12 1 1 10 10 12 1 1 10 12 1 1 10 12 1 1 10 12 1 7 1 1 1 1 1 1 1 3 1 3 1 1 5 0 1 1 1 1 1 1 1 1 1 1 1 1 1 1 1 1 1 1 1 1 1 1 1 1 1 1 1 1 1 7 1 7 1 1 1 1 1 1 1 100 1 1 1 1 1 1 1 1 1
instanceKlass java/util/concurrent/locks/AbstractQueuedSynchronizer
ciInstanceKlass java/util/concurrent/locks/AbstractOwnableSynchronizer 1 1 32 10 7 12 1 1 1 9 7 12 1 1 1 100 1 1 1 1 5 0 1 1 1 1 1 1 1 1 1 1 1 1
instanceKlass java/lang/VirtualThread$VThreadContinuation
ciInstanceKlass jdk/internal/vm/Continuation 1 1 549 9 7 12 1 1 1 9 12 1 9 12 1 100 1 7 1 10 12 1 1 8 1 10 12 1 1 10 12 1 10 12 1 1 10 12 1 9 7 12 1 1 1 11 7 12 1 1 1 10 7 1 9 12 1 1 9 12 1 1 10 8 1 10 12 1 9 12 1 1 10 11 12 1 1 100 1 10 100 12 1 1 1 10 12 1 1 10 12 1 10 12 1 1 11 12 1 1 9 12 1 1 10 12 1 1 18 12 1 1 10 7 12 1 1 1 100 1 10 12 1 11 100 12 1 1 1 10 12 1 9 12 1 10 12 1 1 100 1 8 1 10 12 1 10 12 1 1 9 12 1 1 11 12 1 1 9 12 1 1 8 1 10 11 12 1 1 11 12 1 1 10 12 1 1 10 12 1 1 9 12 1 10 12 1 10 10 12 1 8 1 10 12 1 8 1 8 1 10 7 12 1 1 1 10 7 12 1 1 1 10 12 1 9 12 1 11 12 1 7 1 10 12 1 10 12 1 1 9 12 1 1 7 1 10 12 1 1 9 12 1 1 10 12 1 10 12 1 11 7 12 1 1 10 7 1 10 12 1 8 1 9 12 1 10 12 1 1 9 12 1 1 10 7 12 1 1 8 1 8 1 8 1 8 1 10 12 1 1 10 12 1 10 12 1 10 12 1 10 12 1 1 10 12 1 1 8 1 10 12 1 1 9 12 1 1 10 12 1 1 9 12 1 8 1 10 7 12 1 1 1 10 12 1 8 1 100 1 8 1 10 9 12 1 1 8 1 10 7 12 1 1 10 100 12 1 1 8 1 8 1 10 12 10 7 12 1 1 1 10 7 1 10 7 12 1 1 1 18 11 100 12 1 1 1 18 12 1 11 12 1 1 7 1 10 7 12 1 1 10 12 1 1 8 10 12 1 1 10 7 12 1 1 1 10 7 12 1 1 10 12 1 8 1 10 12 1 7 1 7 1 10 12 1 1 1 1 1 1 1 1 1 1 1 1 1 1 1 1 1 1 1 1 1 1 1 1 1 1 1 1 1 1 1 1 1 1 1 1 1 1 1 1 1 1 1 1 1 1 1 1 1 1 1 1 1 1 1 1 1 1 1 1 1 1 1 1 1 1 1 1 1 1 1 1 1 1 1 100 1 1 16 1 15 10 12 16 15 11 7 12 1 1 1 16 1 16 1 15 10 12 16 15 10 100 12 1 1 1 1 1 1 1 1 100 1 100 1 1
staticfield jdk/internal/vm/Continuation U Ljdk/internal/misc/Unsafe; jdk/internal/misc/Unsafe
staticfield jdk/internal/vm/Continuation MOUNTED_OFFSET J 13
staticfield jdk/internal/vm/Continuation PRESERVE_SCOPED_VALUE_CACHE Z 1
staticfield jdk/internal/vm/Continuation JLA Ljdk/internal/access/JavaLangAccess; java/lang/System$2
staticfield jdk/internal/vm/Continuation $assertionsDisabled Z 1
ciInstanceKlass jdk/internal/misc/UnsafeConstants 1 1 34 10 100 12 1 1 1 9 7 12 1 1 1 9 12 1 9 12 1 1 9 12 1 9 12 1 1 1 1 1 1 1 1 1
staticfield jdk/internal/misc/UnsafeConstants ADDRESS_SIZE0 I 8
staticfield jdk/internal/misc/UnsafeConstants PAGE_SIZE I 4096
staticfield jdk/internal/misc/UnsafeConstants BIG_ENDIAN Z 0
staticfield jdk/internal/misc/UnsafeConstants UNALIGNED_ACCESS Z 1
staticfield jdk/internal/misc/UnsafeConstants DATA_CACHE_LINE_FLUSH_SIZE I 0
ciInstanceKlass java/lang/invoke/LambdaForm 1 1 1059 7 1 100 1 10 7 12 1 1 1 9 12 1 1 9 12 1 9 12 1 9 12 1 1 9 12 1 1 9 12 1 1 9 12 1 1 9 12 1 1 9 12 1 10 7 12 1 1 9 12 1 10 12 1 1 100 1 10 10 12 1 1 10 12 1 10 12 1 10 12 1 1 10 12 1 9 12 1 9 12 1 10 12 1 1 10 7 12 1 1 1 10 12 1 1 9 100 12 1 1 1 10 12 1 1 9 7 12 1 1 10 12 1 10 12 1 1 10 12 1 1 10 12 1 1 7 1 10 7 12 1 1 1 10 12 1 1 10 12 1 10 12 1 1 9 12 1 1 9 12 1 9 12 1 1 10 12 1 9 12 1 10 100 12 1 1 1 10 12 1 1 7 1 10 12 1 9 12 1 1 10 7 12 1 1 1 10 12 1 10 12 1 7 1 10 12 1 10 12 1 10 12 1 1 10 12 1 1 10 12 1 10 12 1 10 12 1 10 12 1 1 8 1 10 12 1 10 12 1 10 10 12 1 8 1 8 1 9 12 1 9 12 1 1 10 12 1 1 10 12 1 9 12 1 10 12 1 1 10 7 12 1 1 1 10 12 1 1 10 12 1 10 12 1 10 100 12 1 1 1 9 12 1 10 12 1 8 1 8 1 8 1 8 1 8 1 8 1 8 1 8 1 10 12 1 9 12 1 7 1 10 12 1 1 9 12 1 10 12 1 10 12 1 1 10 12 10 12 1 10 12 1 1 10 12 1 1 10 10 12 1 1 10 12 1 1 7 1 8 1 10 12 1 1 10 12 1 10 12 1 1 10 8 1 10 12 1 1 8 1 8 1 8 1 10 12 1 10 12 1 10 12 1 1 100 1 10 12 1 1 10 12 1 1 10 7 12 1 1 1 10 12 1 1 9 12 1 1 8 1 10 100 12 1 1 1 10 7 12 1 1 10 12 10 12 1 1 10 12 1 1 9 12 1 8 10 12 1 1 100 1 10 12 1 1 10 12 1 9 7 12 1 1 9 7 12 1 1 1 8 1 10 100 12 1 1 10 12 1 1 7 1 7 1 10 10 12 1 1 10 12 1 1 8 1 8 1 7 1 8 1 10 12 10 12 1 10 12 1 10 12 1 1 8 1 8 1 10 12 1 10 12 1 1 8 1 8 1 8 1 7 1 8 1 7 1 8 1 7 1 8 1 10 12 1 8 1 9 10 7 12 1 1 1 10 12 1 9 12 1 1 10 12 1 10 10 12 1 10 12 1 10 12 1 10 12 1 1 10 12 1 10 12 1 1 10 12 1 1 10 12 1 1 10 12 1 1 8 1 100 10 12 1 10 12 1 9 12 1 1 10 7 12 1 1 8 1 8 1 7 1 8 1 8 1 8 1 8 1 8 1 8 1 8 1 8 1 10 12 1 1 10 12 1 1 10 12 1 10 12 1 10 12 1 10 12 1 8 1 8 1 8 1 10 12 1 8 1 10 12 1 8 1 8 1 8 1 8 1 8 1 10 12 1 10 12 1 10 12 1 1 10 7 12 1 1 1 10 12 1 10 12 1 10 12 1 10 12 1 10 12 1 10 12 1 10 12 1 9 12 1 1 8 1 10 12 1 1 9 12 1 1 10 12 1 1 9 12 1 9 12 1 1 9 12 1 9 12 1 1 7 1 10 7 12 1 1 1 9 12 1 10 12 1 10 12 1 8 1 10 12 1 9 12 1 1 7 1 10 7 12 1 1 1 8 1 100 1 10 12 1 9 12 1 9 12 1 10 12 1 10 12 1 10 7 12 1 1 1 10 12 1 9 7 12 1 1 10 12 1 1 10 12 1 10 12 1 10 12 1 9 12 10 12 1 10 10 12 1 9 12 1 9 9 12 1 7 9 12 1 1 10 12 1 1 9 12 1 10 12 1 10 7 1 9 1 1 1 1 3 1 3 1 1 3 1 3 1 1 1 1 1 1 1 1 1 1 1 1 1 1 1 1 1 1 1 1 1 1 1 1 1 1 1 1 1 1 1 1 1 1 1 1 1 1 1 1 1 1 1 1 1 1 1 1 1 1 1 100 1 1 1 1 1 1 1 1 1 1 1 1 1 1 1 1 1 1 1 1 1 1 1 1 1 1 1 1 1 1 1 1 1 1 1 1 1 1 1 1 1 1 1 1 1 1 1 1 1 1 1 1 1 1 1 1 1 1 1 1 1 1 100 1 1 1 1 1 1 1 1 1 1 1 1 1 1 1 1 1 1 1 1 1 1 1 1 1 1 1 1 1 1 1 1 1 1 7 1 1 1 1 1 1 1 1 1 1 1 1 1 1 1 1 1 1 1 1 1 1 100 1 1 1 100 1 1 7 1 1 1 1 1 1 1 1 1 1 1
staticfield java/lang/invoke/LambdaForm DEFAULT_CUSTOMIZED Ljava/lang/invoke/MethodHandle; null
staticfield java/lang/invoke/LambdaForm DEFAULT_KIND Ljava/lang/invoke/LambdaForm$Kind; java/lang/invoke/LambdaForm$Kind
staticfield java/lang/invoke/LambdaForm COMPILE_THRESHOLD I 0
staticfield java/lang/invoke/LambdaForm INTERNED_ARGUMENTS [[Ljava/lang/invoke/LambdaForm$Name; 5 [[Ljava/lang/invoke/LambdaForm$Name;
staticfield java/lang/invoke/LambdaForm IMPL_NAMES Ljava/lang/invoke/MemberName$Factory; java/lang/invoke/MemberName$Factory
staticfield java/lang/invoke/LambdaForm LF_identity [Ljava/lang/invoke/LambdaForm; 6 [Ljava/lang/invoke/LambdaForm;
staticfield java/lang/invoke/LambdaForm LF_zero [Ljava/lang/invoke/LambdaForm; 6 [Ljava/lang/invoke/LambdaForm;
staticfield java/lang/invoke/LambdaForm NF_identity [Ljava/lang/invoke/LambdaForm$NamedFunction; 6 [Ljava/lang/invoke/LambdaForm$NamedFunction;
staticfield java/lang/invoke/LambdaForm NF_zero [Ljava/lang/invoke/LambdaForm$NamedFunction; 6 [Ljava/lang/invoke/LambdaForm$NamedFunction;
staticfield java/lang/invoke/LambdaForm createFormsLock Ljava/lang/Object; java/lang/Object
staticfield java/lang/invoke/LambdaForm DEBUG_NAME_COUNTERS Ljava/util/HashMap; null
staticfield java/lang/invoke/LambdaForm DEBUG_NAMES Ljava/util/HashMap; null
staticfield java/lang/invoke/LambdaForm TRACE_INTERPRETER Z 0
staticfield java/lang/invoke/LambdaForm $assertionsDisabled Z 1
ciInstanceKlass java/lang/invoke/MemberName 1 1 724 7 1 7 1 100 1 9 12 1 1 10 7 12 1 1 1 9 12 1 1 10 12 1 1 10 12 1 1 10 12 1 1 10 12 1 10 12 1 1 10 7 12 1 1 1 10 12 1 9 7 12 1 1 10 12 1 7 1 7 1 10 12 1 8 1 10 12 1 1 10 12 1 10 12 1 1 10 12 1 9 12 1 1 8 1 10 100 12 1 1 1 7 1 10 10 12 1 1 100 1 100 1 10 12 1 9 12 1 1 100 1 8 1 10 12 1 10 12 1 10 12 1 10 12 1 10 12 1 1 10 12 1 10 12 1 10 12 1 1 8 1 8 1 10 12 1 8 1 9 12 1 1 3 10 12 1 10 12 1 10 12 1 10 10 7 12 1 1 1 10 12 1 10 12 1 10 12 1 10 12 1 7 1 8 10 12 1 1 10 12 1 1 8 1 9 7 1 8 9 7 1 10 12 1 1 10 12 1 10 12 1 8 1 10 12 1 1 10 12 1 10 12 1 10 12 1 10 12 1 1 7 1 10 12 1 1 10 12 1 8 1 10 12 1 10 12 1 8 1 10 12 1 1 10 12 1 1 7 1 10 12 1 1 10 12 8 1 8 1 7 1 10 12 1 10 100 12 1 1 1 100 1 10 12 10 12 1 10 12 1 10 12 1 10 12 1 10 10 12 1 10 12 1 10 12 1 3 10 12 1 3 10 12 1 3 3 3 3 3 3 10 12 1 3 9 12 1 10 12 1 1 3 10 12 1 10 10 7 12 1 1 1 10 12 1 1 10 7 12 1 1 10 10 12 1 10 12 1 1 10 12 1 10 10 12 1 1 10 12 1 10 12 1 10 12 1 7 1 10 10 10 12 100 1 10 10 10 12 1 1 10 12 1 1 10 10 12 1 8 10 7 1 10 12 1 10 7 1 10 12 1 10 12 1 10 12 1 10 10 12 1 10 12 1 1 10 12 1 1 10 12 1 10 12 1 10 12 1 100 1 10 12 1 1 100 1 8 1 10 7 1 10 12 1 10 12 10 12 1 1 10 12 1 10 12 1 8 1 8 1 8 1 8 1 10 12 1 10 12 1 10 7 12 1 1 1 8 1 8 1 10 12 1 8 1 10 10 10 12 1 10 12 1 8 1 8 1 10 10 12 1 8 1 10 100 12 1 1 1 8 1 100 1 10 12 1 10 12 1 1 10 12 1 8 1 8 1 8 1 8 1 100 1 10 8 1 8 1 8 1 8 1 10 12 1 100 1 100 1 100 1 10 100 1 10 7 1 10 7 12 1 1 1 9 7 12 1 1 1 7 1 7 1 1 1 1 1 1 1 3 1 3 1 3 1 3 1 3 1 3 1 1 1 1 1 1 1 1 3 1 3 1 1 1 1 1 1 1 1 1 1 1 1 1 1 1 1 1 1 1 1 1 1 1 1 1 1 1 1 1 1 1 1 1 1 1 1 1 1 1 1 1 1 1 1 1 1 1 1 1 1 1 1 1 1 1 1 1 1 1 1 1 1 1 1 1 1 1 1 1 1 1 1 1 1 1 1 1 1 1 1 1 1 1 1 1 1 1 1 1 1 1 1 1 1 1 1 7 1 1 1 1 1 1 1 1 1 1 1 1 1 1 1
staticfield java/lang/invoke/MemberName $assertionsDisabled Z 1
instanceKlass java/lang/invoke/VarHandleBytes$FieldInstanceReadOnly
instanceKlass java/lang/invoke/VarHandleReferences$FieldStaticReadOnly
instanceKlass java/lang/invoke/VarHandleByteArrayAsDoubles$ByteArrayViewVarHandle
instanceKlass java/lang/invoke/VarHandleByteArrayAsFloats$ByteArrayViewVarHandle
instanceKlass java/lang/invoke/VarHandleByteArrayAsChars$ByteArrayViewVarHandle
instanceKlass java/lang/invoke/VarHandleByteArrayAsShorts$ByteArrayViewVarHandle
instanceKlass java/lang/invoke/VarHandleByteArrayAsLongs$ByteArrayViewVarHandle
instanceKlass java/lang/invoke/VarHandleByteArrayAsInts$ByteArrayViewVarHandle
instanceKlass java/lang/invoke/VarHandleLongs$FieldInstanceReadOnly
instanceKlass java/lang/invoke/VarHandleInts$FieldInstanceReadOnly
instanceKlass java/lang/invoke/VarHandleBooleans$FieldInstanceReadOnly
instanceKlass java/lang/invoke/VarHandleReferences$FieldInstanceReadOnly
ciInstanceKlass java/lang/invoke/VarHandle 1 1 473 10 7 12 1 1 1 10 7 12 1 1 9 12 1 1 9 12 1 1 100 1 10 8 1 10 12 1 1 10 7 12 1 1 1 10 12 1 1 10 7 12 1 1 1 9 100 12 1 1 1 10 12 1 1 10 7 12 1 1 1 10 12 1 1 9 12 1 10 12 1 9 12 1 1 10 7 12 1 1 10 12 1 9 7 12 1 1 1 9 12 1 1 10 12 1 1 100 1 7 1 10 8 1 10 12 1 1 10 12 1 8 1 10 12 1 10 12 1 9 12 1 1 9 12 1 10 12 1 10 12 1 1 10 12 1 10 10 100 12 1 1 1 10 12 1 1 10 12 1 1 10 7 12 1 1 1 10 100 12 1 1 1 10 100 12 1 1 1 9 12 1 1 9 10 12 1 10 12 1 10 12 1 1 10 12 1 10 7 12 1 1 1 9 12 1 1 10 12 1 1 9 12 1 10 12 1 10 12 1 10 7 12 1 1 100 1 10 9 7 12 1 1 1 9 12 1 1 10 7 12 1 1 1 10 12 1 10 12 1 10 12 1 10 12 1 10 12 1 10 12 1 1 8 10 12 1 1 7 1 10 12 1 1 7 1 1 1 1 1 1 1 1 1 1 1 1 1 1 1 1 1 1 1 1 1 1 1 1 1 1 1 1 1 1 1 1 1 1 1 1 1 1 1 1 1 1 1 1 1 1 1 1 1 1 1 1 1 1 1 1 1 1 1 1 1 1 1 1 1 1 1 1 100 1 1 1 1 1 1 1 1 100 1 1 1 1 1 1 1 1 1 1 1 1 100 1 100 1 1 100 1 100 1 100 1 100 1 100 1 100 1 100 1 100 1 100 1 100 1 100 1 100 1 100 1 100 1 100 1 100 1 100 1 100 1 100 1 100 1 100 1 100 1 100 1 100 1 100 1 100 1 100 1 100 1 100 1 100 1 100 1 100 1 100 1 100 1 100 1 1 1 1 1 1 100 1 1 1 100 1 1 100 1 100 1 100 1 100 1 100 1 100 1 1 1 1 100 1 100 1 100 1 100 1 100 1 100 1 100 1 100 1
staticfield java/lang/invoke/VarHandle VFORM_OFFSET J 16
staticfield java/lang/invoke/VarHandle $assertionsDisabled Z 1
instanceKlass jdk/internal/reflect/FieldAccessorImpl
instanceKlass jdk/internal/reflect/ConstructorAccessorImpl
instanceKlass jdk/internal/reflect/MethodAccessorImpl
ciInstanceKlass jdk/internal/reflect/MagicAccessorImpl 1 1 16 10 7 12 1 1 1 100 1 1 1 1 1 1 1 1
instanceKlass jdk/internal/reflect/DirectMethodHandleAccessor
ciInstanceKlass jdk/internal/reflect/MethodAccessorImpl 1 1 38 10 7 12 1 1 1 10 100 12 1 1 1 100 1 1 1 1 1 1 1 100 1 100 1 1 1 1 1 1 1 1 1 1 1 1 1 1
ciInstanceKlass jdk/internal/reflect/MethodAccessor 1 0 17 100 1 100 1 1 1 1 100 1 100 1 1 1 1 1 1
instanceKlass jdk/internal/reflect/DirectConstructorHandleAccessor$NativeAccessor
instanceKlass jdk/internal/reflect/DirectConstructorHandleAccessor
instanceKlass jdk/internal/reflect/NativeConstructorAccessorImpl
ciInstanceKlass jdk/internal/reflect/ConstructorAccessorImpl 1 1 27 10 7 12 1 1 1 100 1 100 1 1 1 1 1 1 1 1 1 100 1 100 1 100 1 1 1
ciInstanceKlass jdk/internal/reflect/ConstructorAccessor 1 0 16 100 1 100 1 1 1 1 100 1 100 1 100 1 1 1
ciInstanceKlass jdk/internal/reflect/DelegatingClassLoader 0 0 18 10 100 12 1 1 1 100 1 1 1 1 1 1 1 1 1 1
ciInstanceKlass jdk/internal/reflect/CallerSensitive 0 0 17 100 1 100 1 100 1 1 1 1 1 1 1 1 1 1 1
ciInstanceKlass jdk/internal/reflect/NativeConstructorAccessorImpl 0 0 125 10 7 12 1 1 1 9 7 12 1 1 1 100 1 10 12 1 9 12 1 1 9 12 1 1 10 100 12 1 1 1 10 7 12 1 1 1 10 7 12 1 1 1 9 12 1 9 12 1 1 9 12 1 1 10 7 12 1 1 1 100 1 10 10 12 1 1 10 12 1 10 12 1 1 10 12 1 7 1 10 12 1 1 10 12 1 1 8 10 12 1 1 1 1 1 1 1 1 1 1 1 1 1 1 1 1 1 1 1 1 1 1 100 1 100 1 100 1 1 1 1 1 1 1
ciInstanceKlass jdk/internal/reflect/ConstantPool 1 1 142 10 7 12 1 1 1 9 7 12 1 1 1 10 12 1 1 10 12 1 1 10 12 1 10 12 1 1 10 12 1 1 10 12 1 10 12 1 1 10 12 1 10 12 1 1 10 12 1 10 12 1 10 12 1 10 12 1 1 10 12 1 1 10 12 1 1 10 12 1 1 10 12 1 10 12 1 1 10 100 12 1 1 1 8 11 7 12 1 1 1 10 7 12 1 1 1 1 1 1 1 1 1 1 1 1 1 1 1 1 1 1 1 1 1 1 1 1 1 1 1 1 1 1 1 1 1 1 1 1 1 1 1 1 1 1 1 1 1 1 1 1
ciInstanceKlass jdk/internal/reflect/UnsafeStaticFieldAccessorImpl 0 0 47 10 7 12 1 1 1 9 7 12 1 1 1 10 7 12 1 1 1 9 12 1 1 8 11 100 12 1 1 1 10 100 12 1 1 1 1 1 1 1 1 1 1 1 1 1 1
ciInstanceKlass jdk/internal/reflect/FieldAccessor 1 0 48 100 1 100 1 1 1 1 100 1 1 1 1 1 1 1 1 1 1 1 1 1 1 1 1 1 1 1 100 1 1 1 1 1 1 1 1 1 1 1 1 1 1 1 1 1 1 1
instanceKlass jdk/internal/reflect/MethodHandleFieldAccessorImpl
instanceKlass jdk/internal/reflect/UnsafeFieldAccessorImpl
ciInstanceKlass jdk/internal/reflect/FieldAccessorImpl 1 1 269 10 7 12 1 1 1 9 7 12 1 1 1 10 7 12 1 1 1 10 7 12 1 1 10 7 12 1 1 1 10 12 1 1 7 1 10 10 12 1 1 10 12 1 1 8 1 10 10 12 1 100 1 8 1 10 12 1 8 1 10 12 1 8 1 10 12 1 100 1 10 12 1 1 10 8 1 10 12 1 1 8 1 10 7 12 1 1 8 1 10 7 12 1 1 8 1 10 7 12 1 1 8 1 10 7 12 1 1 8 1 10 7 12 1 1 8 1 10 7 12 1 1 8 1 10 7 12 1 1 8 1 10 7 12 1 1 10 12 1 1 8 1 10 12 1 1 10 100 12 1 1 1 8 1 10 12 1 8 1 8 1 8 1 8 1 10 7 12 1 1 1 8 1 8 1 8 1 10 12 7 1 1 1 1 1 1 1 1 1 1 1 1 1 1 1 1 1 1 1 1 1 1 1 1 1 1 1 1 1 1 1 1 1 1 1 1 1 1 1 1 1 1 1 1 1 1 1 1 1 1 1 1 1 1 1 1 1 1 1 1 1 1 1 1 1 1 1 1 1 1 1 1 1 1 1 1 1 1 1 1 1 1 1 1 1 1 1 1
instanceKlass jdk/internal/reflect/UnsafeStaticFieldAccessorImpl
ciInstanceKlass jdk/internal/reflect/UnsafeFieldAccessorImpl 0 0 62 10 100 12 1 1 1 10 100 12 1 1 1 10 100 12 1 1 1 9 100 12 1 1 10 12 1 9 12 1 1 10 100 12 1 1 1 9 12 1 1 10 12 1 10 12 1 1 1 1 1 1 1 1 1 1 1 1 1 1 1 1
instanceKlass java/lang/invoke/VolatileCallSite
instanceKlass java/lang/invoke/MutableCallSite
instanceKlass java/lang/invoke/ConstantCallSite
ciInstanceKlass java/lang/invoke/CallSite 1 1 307 10 7 12 1 1 1 10 7 12 1 1 1 9 7 12 1 1 1 10 12 1 1 9 12 1 1 10 7 12 1 1 1 10 12 1 7 1 10 12 1 1 10 12 1 1 9 100 12 1 1 1 10 7 12 1 1 10 12 1 1 100 1 7 1 10 10 7 12 1 1 1 10 12 1 1 8 1 10 12 1 10 12 1 1 10 12 1 10 12 1 1 10 12 1 1 10 10 100 12 1 1 10 12 1 1 9 12 1 9 100 12 1 1 1 8 1 10 7 12 1 1 1 10 12 1 1 7 1 10 12 1 1 9 12 1 8 1 100 1 10 12 1 10 12 1 100 1 8 1 10 10 12 1 10 12 1 1 100 1 10 12 1 1 10 12 1 10 12 1 10 12 1 1 10 12 1 1 9 12 1 1 8 10 12 1 1 9 12 1 1 100 1 10 10 12 1 10 7 12 1 1 1 10 12 1 1 10 12 1 1 10 12 1 10 7 12 1 1 1 7 1 8 1 10 10 12 10 12 1 1 7 1 7 1 7 1 8 1 10 12 1 10 7 12 1 1 1 1 1 1 1 1 1 1 1 1 1 1 1 1 1 1 1 1 1 1 1 1 1 1 1 1 1 1 1 1 1 1 1 1 1 1 1 1 1 1 1 1 1 1 1 1 1 1 1 1 1 1 1 7 1 7 1 1 1 1
staticfield java/lang/invoke/CallSite $assertionsDisabled Z 1
ciInstanceKlass java/lang/invoke/ConstantCallSite 1 1 65 10 7 12 1 1 1 9 7 12 1 1 1 9 12 1 1 10 7 12 1 1 1 10 12 1 100 1 10 12 9 12 1 1 100 1 10 10 12 1 1 10 12 1 1 1 1 1 1 1 1 1 1 1 1 1 100 1 1 1 1 1 1 1 1
staticfield java/lang/invoke/ConstantCallSite UNSAFE Ljdk/internal/misc/Unsafe; jdk/internal/misc/Unsafe
instanceKlass java/lang/invoke/DirectMethodHandle$StaticAccessor
instanceKlass java/lang/invoke/DirectMethodHandle$Interface
instanceKlass java/lang/invoke/DirectMethodHandle$Constructor
instanceKlass java/lang/invoke/DirectMethodHandle$Accessor
ciInstanceKlass java/lang/invoke/DirectMethodHandle 1 1 923 7 1 7 1 100 1 7 1 7 1 10 7 12 1 1 1 10 7 12 1 1 1 7 1 10 12 1 10 12 1 1 10 7 12 1 1 10 12 1 1 10 12 1 10 12 1 7 1 10 12 1 1 10 12 1 1 10 12 1 10 12 1 1 10 7 12 1 1 1 10 12 1 9 12 1 1 100 1 10 9 12 1 1 9 12 1 10 12 1 10 12 1 10 12 1 1 10 12 1 10 12 1 10 12 1 10 7 12 1 1 1 10 12 1 10 12 1 1 8 1 10 12 1 1 100 1 10 12 1 7 1 10 10 12 1 10 12 1 10 12 1 10 7 12 1 1 1 10 12 1 1 7 1 10 12 1 10 12 1 7 1 10 12 1 10 12 1 1 10 12 1 1 10 12 1 8 10 7 12 1 1 1 10 12 1 10 12 1 10 12 1 1 10 12 1 9 7 12 1 1 1 7 1 10 12 1 10 7 12 1 1 1 10 12 1 10 12 1 1 9 12 1 1 7 1 10 8 1 10 12 1 1 10 12 1 1 8 1 10 12 1 10 12 1 10 10 12 1 10 12 1 10 12 1 10 12 1 10 12 1 1 10 12 1 10 12 1 1 10 12 1 10 12 1 1 10 10 7 12 1 1 1 10 12 1 10 12 1 1 10 12 1 10 12 1 1 8 1 9 7 12 1 1 1 8 1 9 12 1 9 12 1 8 1 9 12 1 9 12 1 8 1 9 12 1 9 12 1 8 1 10 12 1 10 12 1 1 9 12 1 1 7 1 10 12 1 1 7 1 10 7 12 1 1 1 10 12 1 1 10 12 1 10 12 1 1 7 1 10 12 1 1 10 12 1 10 12 1 1 7 1 10 12 1 1 10 12 1 10 7 12 1 1 1 10 12 1 10 12 1 1 10 12 1 9 12 1 1 10 7 1 9 12 9 12 1 10 7 12 1 1 1 10 12 1 7 1 7 1 7 1 9 12 1 1 10 7 12 1 1 1 10 12 10 12 1 7 1 10 12 1 10 12 1 1 8 1 9 12 1 9 12 1 10 12 1 1 9 12 1 1 10 7 12 1 1 1 9 12 1 1 9 12 1 1 10 12 1 10 12 1 10 12 1 10 12 1 1 10 12 1 9 12 1 10 12 1 10 12 1 10 12 1 10 12 1 1 10 12 1 1 9 12 1 1 10 12 1 1 9 7 12 1 1 1 9 12 1 9 12 1 9 12 1 9 12 1 9 12 1 9 12 1 9 12 1 9 12 1 9 12 1 9 12 1 9 12 1 9 12 1 9 12 1 9 12 1 9 12 1 9 12 1 9 12 1 9 12 1 9 12 1 9 12 1 9 12 1 9 12 1 9 12 1 9 12 1 9 12 1 9 12 1 9 12 1 9 12 1 9 12 1 9 12 1 9 12 1 9 12 1 9 12 1 9 12 1 9 12 1 9 12 1 8 1 9 12 1 1 9 12 1 1 10 12 1 10 12 1 1 9 7 1 10 12 1 9 12 1 1 10 12 10 12 1 10 12 1 10 12 1 10 12 1 10 8 1 8 1 8 1 8 1 10 12 1 1 9 12 1 1 10 12 1 10 100 12 1 1 1 8 9 12 1 1 10 12 1 1 8 1 8 8 9 12 1 8 1 8 8 8 8 8 1 8 10 12 1 7 1 10 12 1 8 1 8 1 10 12 1 10 12 1 10 12 1 10 12 1 1 7 1 1 1 1 3 1 3 1 3 1 3 1 3 1 3 1 3 1 3 1 3 1 3 1 1 1 1 1 1 1 1 1 1 3 1 3 1 1 1 1 3 1 1 1 1 1 1 1 1 1 1 1 1 1 1 1 1 1 1 1 1 1 1 1 1 1 1 1 1 1 1 1 1 1 1 1 1 1 1 1 1 1 1 1 1 1 1 1 1 1 1 1 1 1 1 1 1 1 100 1 1 1 1 1 1 1 1 1 100 1 1 1 1 1 1 1 1 1 1 1 1 1 1 1 1 1 1 1 1 1 1 1 1 1 1 1 1 1 1 1 1 1 1 1 1 1 1 1 1 1 1 1 1 1 1 1 1 1 1 1 1
staticfield java/lang/invoke/DirectMethodHandle IMPL_NAMES Ljava/lang/invoke/MemberName$Factory; java/lang/invoke/MemberName$Factory
staticfield java/lang/invoke/DirectMethodHandle FT_UNCHECKED_REF I 8
staticfield java/lang/invoke/DirectMethodHandle ACCESSOR_FORMS [Ljava/lang/invoke/LambdaForm; 132 [Ljava/lang/invoke/LambdaForm;
staticfield java/lang/invoke/DirectMethodHandle ALL_WRAPPERS [Lsun/invoke/util/Wrapper; 10 [Lsun/invoke/util/Wrapper;
staticfield java/lang/invoke/DirectMethodHandle NFS [Ljava/lang/invoke/LambdaForm$NamedFunction; 12 [Ljava/lang/invoke/LambdaForm$NamedFunction;
staticfield java/lang/invoke/DirectMethodHandle OBJ_OBJ_TYPE Ljava/lang/invoke/MethodType; java/lang/invoke/MethodType
staticfield java/lang/invoke/DirectMethodHandle LONG_OBJ_TYPE Ljava/lang/invoke/MethodType; java/lang/invoke/MethodType
staticfield java/lang/invoke/DirectMethodHandle $assertionsDisabled Z 1
ciInstanceKlass java/lang/invoke/MutableCallSite 0 0 63 10 100 12 1 1 1 10 12 1 9 100 12 1 1 1 10 12 1 10 12 1 1 9 12 1 1 10 100 12 1 1 1 10 100 12 1 1 1 10 12 1 1 1 1 1 1 1 1 1 1 1 1 1 1 1 1 1 1 100 1 1 1
ciInstanceKlass java/lang/invoke/VolatileCallSite 0 0 37 10 100 12 1 1 1 10 12 1 10 100 12 1 1 1 10 12 1 10 12 1 1 1 1 1 1 1 1 1 1 1 1 1 1 1 1
ciInstanceKlass java/lang/invoke/ResolvedMethodName 1 1 16 10 100 12 1 1 1 100 1 1 1 1 1 1 1 1
ciInstanceKlass java/lang/invoke/MethodHandleNatives 1 1 690 100 1 10 7 12 1 1 1 9 7 12 1 1 1 10 12 1 1 100 1 10 10 12 1 1 10 12 1 10 12 1 8 1 8 1 8 1 8 1 8 1 8 1 8 1 8 1 8 1 8 1 10 12 1 1 7 1 10 7 12 1 1 1 10 7 12 1 1 1 7 1 10 10 12 1 1 8 1 10 12 1 8 1 10 12 1 1 8 1 10 12 1 1 9 7 12 1 1 1 8 1 10 100 12 1 1 1 7 1 10 12 100 1 100 1 8 1 7 1 10 10 12 1 7 1 9 7 12 1 1 10 12 1 1 10 12 1 10 7 12 1 1 1 10 12 1 1 9 12 1 8 1 10 12 1 1 10 12 1 8 1 10 12 1 1 7 1 10 12 1 10 7 12 1 1 1 10 12 1 10 12 1 1 10 12 1 1 8 1 10 12 1 1 8 1 10 12 1 8 1 8 1 8 1 7 1 10 12 1 8 1 10 7 12 1 1 1 10 12 1 1 10 7 12 1 1 10 10 12 1 1 10 12 1 10 100 12 1 1 1 100 1 8 1 10 100 12 1 1 1 7 1 8 1 10 12 1 8 1 8 1 8 1 8 1 8 1 10 12 1 1 10 12 1 1 10 12 1 10 12 1 1 10 12 1 1 7 1 10 12 1 7 1 7 1 10 12 1 10 12 1 8 1 8 1 10 10 12 1 1 10 12 1 1 8 1 10 7 12 1 1 8 1 8 1 10 12 1 1 10 7 12 1 1 1 100 1 10 12 1 1 7 1 9 12 1 1 10 7 12 1 1 1 10 10 12 1 9 12 1 10 12 1 9 12 1 9 12 1 10 12 1 1 10 12 1 10 12 1 1 7 1 7 1 10 12 1 1 10 12 1 10 12 1 1 10 7 12 1 1 1 10 12 1 8 1 10 12 1 10 12 1 10 12 1 1 10 12 1 10 7 12 1 1 1 10 12 1 1 100 1 8 1 10 9 7 12 1 1 1 10 12 1 1 10 12 1 1 7 1 10 12 1 1 10 12 1 1 100 1 100 1 10 10 100 1 100 1 10 100 1 10 10 12 1 1 10 7 1 10 12 1 10 12 1 1 10 12 1 1 10 12 1 1 10 12 1 10 12 1 1 10 8 1 10 12 1 10 12 1 10 12 1 10 12 1 10 12 1 1 10 12 1 10 12 1 10 12 1 10 10 7 12 1 1 10 12 1 1 1 1 1 1 1 1 1 1 1 1 1 7 1 1 1 1 1 1 1 1 1 1 1 1 1 1 1 1 1 1 1 1 1 1 1 1 1 1 1 1 1 1 1 1 1 1 1 1 1 1 1 1 1 1 1 1 1 1 1 1 1 1 1 1 1 1 1 1 1 1 1 1 1 1 1 1 1 100 1 1 1 1 1 1 1 1 1 1 1 1 1 1 1 1 1 1 1 1 1 1 1 1 1 1 1 1 1 1 1 1 1 100 1 1 1 1 1 1 1 1 1 1 1 1 1 1 1 1 1 1 1 1 1 1 1 1 1 1 7 1 1 1 1 1 1 1 100 1 1 1
staticfield java/lang/invoke/MethodHandleNatives $assertionsDisabled Z 1
ciInstanceKlass java/lang/invoke/MethodHandleNatives$CallSiteContext 1 1 49 10 7 12 1 1 1 7 1 10 10 7 12 1 1 1 10 7 12 1 1 1 10 7 12 1 1 1 100 1 1 1 1 1 1 1 1 1 1 1 1 1 1 1 1 1 100 1 1
ciInstanceKlass jdk/internal/foreign/abi/NativeEntryPoint 0 0 194 10 7 12 1 1 1 9 7 12 1 1 1 9 12 1 1 100 1 8 1 10 12 1 10 12 1 1 100 1 10 100 12 1 1 1 10 12 1 9 12 1 1 18 12 1 1 10 100 12 1 1 1 10 7 12 1 1 1 9 7 12 1 1 1 7 1 10 8 1 10 12 1 1 10 12 1 10 12 1 1 8 1 10 12 1 1 7 1 8 1 10 12 1 10 12 1 1 10 12 1 9 12 1 1 18 12 1 1 10 100 12 1 1 1 10 12 1 1 10 12 1 10 100 12 1 1 1 10 1 1 1 1 1 1 1 1 1 1 1 1 1 1 1 1 1 1 1 1 1 1 1 1 1 1 1 1 1 1 1 1 1 1 1 1 1 16 1 15 10 12 16 1 16 15 10 12 15 10 100 12 1 1 1 1 1 100 1 1 100 1 100 1 1
ciInstanceKlass jdk/internal/foreign/abi/ABIDescriptor 0 0 55 10 100 12 1 1 1 9 100 12 1 1 1 9 12 1 1 9 12 1 9 12 1 9 12 1 1 9 12 1 9 12 1 1 9 12 1 9 12 1 9 12 1 9 12 1 1 1 1 1 1 1 1 1 1
ciInstanceKlass jdk/internal/foreign/abi/VMStorage 0 0 91 10 7 12 1 1 1 9 7 12 1 1 1 9 12 1 1 9 12 1 1 9 12 1 1 7 1 10 8 1 10 12 1 1 10 12 1 10 12 1 1 10 12 1 18 12 1 18 12 1 1 18 12 1 1 1 1 1 1 1 1 1 1 1 1 1 1 1 1 1 1 1 8 1 15 15 15 15 15 10 100 12 1 1 1 1 100 1 100 1 1
ciInstanceKlass jdk/internal/foreign/abi/UpcallLinker$CallRegs 0 0 66 10 7 12 1 1 1 9 7 12 1 1 1 9 12 1 18 12 1 1 18 12 1 1 18 12 1 1 1 1 1 1 1 1 1 1 1 1 1 1 1 1 1 1 100 1 1 1 8 1 15 15 15 10 100 12 1 1 1 1 1 100 1 100 1 1
ciInstanceKlass java/lang/StackWalker 1 1 271 9 7 12 1 1 1 7 1 10 7 12 1 1 1 10 12 1 1 10 7 12 1 1 1 10 12 1 1 10 12 1 11 7 12 1 1 1 10 12 1 1 10 12 1 1 10 12 1 1 100 1 8 1 10 12 1 10 12 1 10 12 1 10 7 12 1 1 9 12 1 1 9 12 1 1 9 12 1 1 9 12 1 1 10 12 1 1 9 12 1 1 9 12 1 1 9 12 1 1 10 7 12 1 1 1 11 12 1 1 100 1 8 1 10 10 7 12 1 1 9 12 1 1 10 12 1 1 10 7 12 1 1 1 10 7 12 1 1 1 18 12 1 1 100 1 8 1 10 8 1 10 12 1 1 10 100 12 1 1 1 10 12 1 1 9 7 12 1 1 11 100 12 1 1 1 10 12 1 1 1 1 1 1 1 1 1 1 1 1 1 1 1 1 1 1 1 1 1 1 1 1 1 1 1 1 1 1 1 1 1 1 1 1 1 1 1 1 1 1 1 1 1 1 1 1 1 1 1 1 1 1 1 1 1 1 1 1 1 1 1 1 1 1 7 1 1 16 15 10 12 16 1 15 10 100 12 1 1 1 1 1 1 1 1 1 100 1 100 1 1
staticfield java/lang/StackWalker DEFAULT_EMPTY_OPTION Ljava/util/EnumSet; java/util/RegularEnumSet
staticfield java/lang/StackWalker DEFAULT_WALKER Ljava/lang/StackWalker; java/lang/StackWalker
ciInstanceKlass java/lang/StackWalker$StackFrame 1 1 41 100 1 10 12 1 1 100 1 100 1 1 1 1 1 1 1 1 1 1 1 1 1 1 1 1 1 1 1 1 1 1 1 1 1 1 1 100 1 1 1
instanceKlass java/lang/LiveStackFrameInfo
ciInstanceKlass java/lang/StackFrameInfo 1 1 142 10 7 12 1 1 1 9 7 12 1 1 1 9 7 1 9 12 1 1 11 7 12 1 1 1 9 12 1 1 11 12 1 1 10 12 1 1 10 7 12 1 1 1 10 12 1 11 12 1 11 12 1 1 11 12 1 10 12 1 1 9 12 1 1 10 12 1 1 10 7 12 1 1 10 12 1 1 11 12 1 1 9 12 1 1 10 7 1 10 12 1 9 12 1 1 10 12 1 1 100 1 8 1 10 12 1 10 7 12 1 1 1 7 1 1 1 1 1 1 1 1 1 1 1 1 1 1 1 1 1 1 7 1 1 7 1 1 1 1 1 1
staticfield java/lang/StackFrameInfo JLIA Ljdk/internal/access/JavaLangInvokeAccess; java/lang/invoke/MethodHandleImpl$1
ciInstanceKlass java/lang/LiveStackFrameInfo 0 0 97 10 7 12 1 1 1 9 7 12 1 1 1 9 12 1 9 12 1 9 12 1 9 12 1 1 7 1 10 12 1 1 10 12 1 8 1 10 12 1 1 8 1 8 1 8 1 10 100 1 10 12 1 100 1 10 12 1 7 1 7 1 1 1 3 1 3 1 1 1 1 1 1 1 1 1 1 1 1 1 1 1 1 1 1 1 1 1 1 1 1 1 1 1 100 1 1
ciInstanceKlass java/lang/LiveStackFrame 0 0 135 100 1 10 100 12 1 1 1 11 7 12 1 1 1 11 12 1 10 7 12 1 1 1 100 1 8 1 10 12 1 1 10 7 12 1 1 1 9 100 12 1 1 1 10 7 12 1 1 1 10 7 12 1 1 1 11 12 1 10 12 1 7 1 7 1 1 1 1 1 1 1 1 1 1 1 1 1 1 1 1 1 1 1 1 1 1 1 1 1 1 1 1 100 1 1 1 1 1 1 1 100 1 8 1 1 12 10 1 1 1 8 1 1 1 8 1 1 1 8 1 1 1 8 1 1 8 1 1 1 8 1 1 8 1
instanceKlass java/lang/StackStreamFactory$StackFrameTraverser
ciInstanceKlass java/lang/StackStreamFactory$AbstractStackWalker 1 1 375 7 1 7 1 3 10 7 12 1 1 1 10 7 12 1 1 10 7 12 1 1 1 9 12 1 1 10 12 1 1 9 12 1 1 9 12 1 1 9 12 1 1 9 12 1 10 7 12 1 1 1 10 12 1 1 10 7 12 1 1 9 12 1 1 9 12 1 1 10 12 1 1 9 7 12 1 1 1 10 12 1 1 10 12 1 9 12 1 1 10 7 12 1 1 1 10 12 1 1 9 12 1 1 9 7 12 1 1 1 7 1 10 8 1 10 12 1 1 10 12 1 8 1 10 12 1 1 10 100 12 1 1 1 100 1 8 1 10 12 1 8 1 10 12 10 7 12 1 1 9 12 1 8 1 5 0 8 1 8 1 9 12 1 1 10 12 1 1 18 12 1 1 10 7 12 1 1 1 10 12 1 1 10 12 1 10 12 1 9 12 1 10 12 1 10 12 1 10 12 1 10 12 1 10 12 1 10 12 1 1 8 1 10 12 1 10 12 1 10 12 1 10 12 1 1 8 1 10 12 1 1 10 12 1 1 10 12 1 1 10 12 1 10 12 1 10 7 12 1 1 1 10 12 1 10 12 1 9 12 1 8 1 10 12 1 10 12 1 10 12 1 1 10 12 1 10 12 1 10 12 1 1 10 12 1 10 12 1 10 12 1 10 12 1 10 12 1 10 12 1 1 10 12 1 1 10 12 1 8 1 1 1 1 1 1 1 1 1 1 1 1 1 7 1 1 1 1 1 1 1 7 1 1 1 1 7 1 1 1 1 1 1 1 1 1 1 1 1 1 1 1 1 1 1 1 16 15 15 10 100 12 1 1 1 1 1 1 1 1 100 1 100 1 1
ciInstanceKlass jdk/internal/module/Modules 1 1 504 10 7 12 1 1 1 9 7 12 1 1 1 11 7 12 1 1 1 11 12 1 1 11 12 1 1 11 12 1 1 11 12 1 11 12 1 11 12 1 11 12 1 11 12 1 1 10 7 12 1 1 1 10 100 12 1 1 1 18 12 1 1 10 7 12 1 1 1 7 1 10 7 12 1 1 1 10 100 12 1 1 1 10 100 12 1 1 10 12 1 1 11 12 1 9 12 1 1 11 7 12 1 1 1 10 12 1 1 10 10 12 1 10 9 12 1 1 10 100 12 1 1 10 12 1 1 10 100 12 1 1 100 1 11 100 12 1 1 1 10 100 12 1 1 1 11 100 12 1 1 10 12 1 1 10 100 12 1 1 10 100 12 1 1 1 10 12 1 1 10 12 1 1 11 12 1 1 18 12 1 1 11 100 12 1 1 10 100 12 1 1 1 11 100 12 1 1 1 7 1 11 12 1 1 11 7 12 1 1 1 11 12 1 1 10 12 1 1 10 100 12 1 1 18 12 1 1 11 12 1 1 18 12 1 1 11 12 1 1 10 12 1 18 18 10 12 1 1 9 12 1 1 11 7 12 1 1 1 100 1 10 11 12 1 11 12 1 1 11 12 1 1 10 100 1 10 12 1 1 10 100 12 1 1 10 12 1 1 11 12 10 12 1 1 7 1 10 18 12 1 10 12 1 1 7 1 8 1 10 12 1 10 100 12 1 1 18 12 1 11 11 12 10 12 1 10 10 100 1 18 12 1 10 10 10 7 12 1 1 10 7 12 1 1 1 10 12 1 1 1 1 1 1 1 1 1 1 1 1 1 1 1 1 1 1 1 1 1 1 1 1 1 1 1 1 1 1 1 1 1 100 1 1 1 1 1 1 1 1 1 1 1 1 1 1 1 1 1 1 1 1 1 1 1 1 1 1 1 1 1 1 1 1 1 1 1 7 1 1 1 1 1 1 1 1 1 1 1 1 1 1 1 1 1 1 1 1 1 1 1 16 15 10 12 1 16 16 15 10 12 1 16 1 16 1 15 10 12 1 16 1 16 1 15 10 12 16 1 15 10 16 1 15 10 12 16 1 15 10 12 16 15 10 12 16 15 10 12 15 10 100 12 1 1 1 1 1 1 100 1 100 1 1
staticfield jdk/internal/module/Modules JLA Ljdk/internal/access/JavaLangAccess; java/lang/System$2
staticfield jdk/internal/module/Modules JLMA Ljdk/internal/access/JavaLangModuleAccess; java/lang/module/ModuleDescriptor$1
staticfield jdk/internal/module/Modules $assertionsDisabled Z 1
ciInstanceKlass java/util/ArrayList 1 1 509 10 7 12 1 1 1 7 1 9 7 12 1 1 1 9 12 1 100 1 7 1 10 8 1 10 12 1 1 10 12 1 10 12 1 1 10 12 1 9 12 1 11 7 12 1 1 1 9 12 1 1 11 12 1 1 7 10 7 12 1 1 1 9 12 1 10 12 1 10 12 1 1 10 7 12 1 1 1 10 7 12 1 1 1 10 12 1 1 10 12 1 1 10 12 1 1 10 12 1 10 12 1 1 100 1 7 1 10 12 1 10 10 7 12 1 1 1 10 7 12 1 1 10 12 1 100 1 10 10 12 10 12 1 1 10 12 1 1 10 12 1 10 12 10 12 1 1 7 1 10 12 1 1 10 12 1 1 10 12 1 100 1 10 11 12 1 1 11 7 12 1 1 1 11 12 1 10 12 1 10 12 1 10 12 1 1 100 1 10 12 1 1 10 10 12 1 1 10 12 1 8 1 8 1 8 1 8 1 10 12 1 1 10 12 1 1 11 12 1 7 1 10 100 12 1 1 10 12 1 10 12 1 1 10 100 12 1 1 10 12 1 10 100 12 1 1 1 11 100 12 1 1 1 10 12 1 100 1 8 1 10 7 1 10 12 1 7 1 10 12 1 10 12 1 1 7 1 10 12 1 10 12 1 1 11 7 12 1 1 7 1 10 12 1 10 12 1 1 11 100 12 1 1 10 12 1 1 10 12 1 1 10 12 1 1 10 12 1 1 11 100 12 1 1 10 12 1 1 7 1 7 1 7 1 1 1 1 5 0 1 3 1 1 1 1 1 1 1 1 1 1 1 1 1 1 1 1 1 1 1 1 1 1 1 1 1 1 1 1 1 1 1 1 1 1 1 1 1 1 1 1 1 1 1 1 1 1 1 1 1 1 1 1 1 1 1 1 1 1 1 1 1 1 1 1 1 1 1 1 1 1 1 1 1 1 1 1 1 1 1 1 1 1 1 1 1 1 1 1 1 1 1 1 1 1 1 1 1 1 1 1 1 1 1 1 100 1 1 1 1 7 1 1 1 1 1 1 1 1 1 1 1 1 1 1 1 1 1 1 1 1 1 1 1 1 1 1 1 1 1 100 1 1 1 1 1 1 1 1 1 1 1 1 1 1 1 1 1 1 100 1 100 1 1 1 1 1 1
staticfield java/util/ArrayList EMPTY_ELEMENTDATA [Ljava/lang/Object; 0 [Ljava/lang/Object;
staticfield java/util/ArrayList DEFAULTCAPACITY_EMPTY_ELEMENTDATA [Ljava/lang/Object; 0 [Ljava/lang/Object;
ciInstanceKlass java/util/RandomAccess 1 0 7 100 1 100 1 1 1
ciInstanceKlass java/lang/annotation/Annotation 1 0 17 100 1 100 1 1 1 1 1 1 1 1 1 1 1 1 1
ciInstanceKlass java/util/function/BiFunction 1 1 65 10 100 12 1 1 1 18 12 1 1 11 7 12 1 1 11 100 12 1 7 1 1 1 1 1 1 1 1 1 1 1 1 1 1 1 1 1 1 1 1 1 1 1 1 1 1 1 16 15 11 12 15 10 100 12 1 1 1 1 100 1 100 1 1
ciInstanceKlass java/net/URI 1 1 740 7 1 10 7 12 1 1 1 9 12 1 1 7 1 10 12 1 10 12 1 1 10 12 1 1 10 12 1 1 10 12 1 9 12 1 1 10 12 1 1 100 1 10 9 12 1 1 9 12 1 7 1 10 10 12 1 1 10 12 1 10 12 1 10 12 1 10 7 12 1 1 1 100 1 100 1 10 12 1 10 12 1 9 12 1 9 12 1 10 10 12 1 1 10 12 1 1 10 12 1 1 10 12 10 12 1 10 7 12 1 1 1 9 12 1 9 12 1 10 12 1 1 9 12 1 10 12 1 1 10 12 1 10 12 1 10 12 1 10 12 1 10 12 1 1 9 12 1 10 12 1 10 12 1 1 9 12 1 9 12 1 9 12 1 9 12 1 9 12 1 9 12 1 10 12 1 9 12 1 10 12 1 1 10 12 1 10 12 1 9 12 1 10 12 1 1 10 12 10 12 1 1 10 12 1 10 12 1 8 1 10 12 1 1 8 1 10 12 1 1 8 1 10 12 1 10 12 1 10 12 1 10 100 12 1 1 10 100 12 1 1 100 1 8 1 10 10 100 12 1 1 1 10 12 1 1 10 12 1 1 10 12 1 1 10 12 1 10 12 1 10 12 1 10 12 1 1 10 100 12 1 1 1 10 12 1 8 1 10 12 1 5 0 5 0 10 12 1 1 10 12 1 10 12 1 5 0 8 1 5 0 10 12 1 1 5 0 5 0 10 12 1 1 10 12 1 8 1 10 12 1 8 1 10 12 10 10 12 1 10 12 1 1 7 1 10 10 12 1 10 12 1 1 10 12 1 1 10 12 1 10 12 1 10 12 1 1 10 12 1 9 12 1 1 10 100 12 1 1 1 10 100 12 1 1 100 1 10 100 12 1 1 10 12 1 1 10 12 1 1 10 12 1 1 10 7 12 1 1 1 10 12 1 9 100 12 1 1 1 10 12 1 1 10 12 1 1 9 100 12 1 1 1 10 100 12 1 1 10 12 1 10 12 10 12 1 10 12 1 1 10 12 1 10 12 1 1 9 100 12 1 1 1 10 100 12 1 1 1 10 12 1 10 12 1 1 10 12 1 10 12 1 1 10 12 1 10 12 1 10 12 1 10 12 1 10 100 12 1 1 10 12 1 1 10 12 10 10 12 1 10 7 12 1 1 7 1 10 10 7 12 1 1 1 7 1 7 1 1 1 1 5 0 1 5 0 1 5 0 1 1 5 0 1 1 5 0 1 1 5 0 1 1 1 1 5 0 1 5 0 1 5 0 1 5 0 1 1 5 0 1 5 0 1 5 0 1 1 1 1 5 0 1 1 1 1 5 0 1 1 5 0 1 1 1 1 1 1 1 1 5 0 1 1 5 0 1 1 5 0 1 5 0 1 1 1 1 1 1 1 1 1 1 1 1 1 1 1 1 1 1 1 1 1 100 1 1 1 1 1 1 1 1 1 1 1 1 1 1 1 1 1 1 1 1 1 1 1 1 1 1 1 1 1 1 1 1 1 1 1 1 7 1 1 1 1 1 1 1 1 1 1 1 1 1 1 1 1 1 1 1 1 1 1 1 1 1 1 1 1 1 1 1 1 1 1 100 100 1 1 1 1 1 1 1 1 1 1 1 1 1 1 1 1 1 1 1 1 1 1 1 1 1 1 1 1 1 1 1
staticfield java/net/URI hexDigits [C 16
staticfield java/net/URI $assertionsDisabled Z 1
ciMethod java/net/URI match (CJJ)Z 612 0 5469 0 160
ciInstanceKlass jdk/internal/util/Preconditions$4 1 1 61 9 7 12 1 1 1 10 7 12 1 1 1 10 100 12 1 1 1 11 100 12 1 1 1 100 1 100 1 100 1 10 12 1 100 1 1 1 1 1 1 1 1 1 1 1 1 1 1 1 1 1 1 1 1 1 12 1 1 1 1
ciInstanceKlass java/net/URI$Parser 1 1 343 7 1 9 7 12 1 1 1 10 7 12 1 1 1 9 12 1 1 9 12 1 1 9 12 1 1 9 12 1 100 1 10 12 1 10 12 1 7 1 10 8 1 10 12 1 1 10 12 1 1 10 12 1 1 10 7 12 1 1 1 10 12 1 1 10 12 1 1 5 0 5 0 10 12 1 1 8 1 10 7 12 1 1 1 10 12 1 10 12 1 1 10 12 1 1 8 1 10 12 1 1 8 1 8 1 10 12 1 10 12 1 1 8 1 10 12 1 5 0 10 12 1 1 5 0 10 12 1 1 9 12 1 10 12 1 1 8 1 10 12 1 8 1 5 0 5 0 8 1 9 12 1 8 1 9 12 8 1 10 12 1 8 1 8 1 5 0 5 0 8 1 9 12 8 1 9 12 8 1 5 0 5 0 9 12 10 12 1 1 9 12 1 9 12 1 9 12 1 8 1 8 1 8 1 5 0 8 1 8 1 10 12 1 8 1 10 12 1 5 0 5 0 8 1 8 1 10 12 1 10 12 1 8 1 8 1 10 7 12 1 1 1 100 1 8 1 10 12 1 10 12 8 1 10 12 1 5 0 8 1 8 1 10 12 1 8 1 10 12 1 10 12 1 8 1 10 12 1 8 1 8 1 8 1 8 1 8 1 8 1 1 1 1 1 1 1 1 1 1 1 1 1 1 1 1 1 1 1 1 1 1 1 1 1 1 1 1 1 1 1 1 1 1 1 1 1 1 1 1 1 1 1 1 7 1 1 1 1 1 1 1 1
ciMethod java/net/URI$Parser parse (Z)V 512 0 5376 0 -1
ciMethod java/net/URI$Parser at (IIC)Z 524 0 34992 0 0
ciMethod java/net/URI$Parser fail (Ljava/lang/String;I)V 0 0 1 0 -1
ciMethod java/net/URI$Parser scan (IIJJ)I 512 3648 4413 0 1496
ciMethod java/net/URI$Parser scan (IILjava/lang/String;)I 246 4114 1920 0 1712
ciMethod java/net/URI$Parser scan (IILjava/lang/String;Ljava/lang/String;)I 514 3510 3648 0 10304
ciMethod java/net/URI$Parser scanEscape (IIC)I 30 0 15 0 0
ciMethod java/net/URI$Parser checkChars (IIJJLjava/lang/String;)V 516 0 6403 0 1584
ciMethod java/net/URI$Parser failExpecting (Ljava/lang/String;I)V 0 0 1 0 -1
ciMethod java/net/URI$Parser checkChar (IJJLjava/lang/String;)V 270 0 2698 0 0
ciMethod java/net/URI$Parser parseHierarchical (II)I 512 0 5376 0 0
ciMethod java/net/URI$Parser parseAuthority (II)I 268 0 2697 0 -1
ciMethod java/net/URI$Parser parseServer (IIZ)I 512 0 2697 0 -1
ciMethod jdk/internal/util/Preconditions outOfBoundsCheckFromToIndex (Ljava/util/function/BiFunction;III)Ljava/lang/RuntimeException; 0 0 1 0 -1
ciMethod jdk/internal/util/Preconditions checkFromToIndex (IIILjava/util/function/BiFunction;)I 514 0 610463 0 184
ciMethod jdk/internal/util/Preconditions checkIndex (IILjava/util/function/BiFunction;)I 548 0 4757 0 -1
ciMethod java/util/Arrays checkLength (II)V 474 0 55125 0 -1
ciMethod java/util/Arrays copyOfRangeByte ([BII)[B 474 0 53277 0 -1
ciMethod java/util/Arrays copyOfRange ([BII)[B 512 0 108603 0 1008
ciMethod java/lang/Character isISOControl (C)Z 0 0 1 0 -1
ciMethod java/lang/Character isSpaceChar (C)Z 0 0 1 0 -1
ciMethod java/lang/Math max (II)I 526 0 384086 0 -1
ciMethod java/lang/Math min (II)I 516 0 1023653 0 -1
ciMethod java/lang/String substring (II)Ljava/lang/String; 602 0 19828 0 1608
ciMethod java/lang/String checkBoundsBeginEnd (III)V 584 0 93431 0 0
ciMethod java/lang/String isLatin1 ()Z 762 0 3530642 0 88
ciMethod java/lang/String coder ()B 1024 0 4330887 0 88
ciMethod java/lang/String indexOf (II)I 146 0 24386 0 888
ciMethod java/lang/String indexOf (I)I 144 0 825652 0 816
ciMethod java/lang/String checkIndex (II)V 546 0 3162090 0 120
ciMethod java/lang/String <init> ([BB)V 518 0 86961 0 296
ciMethod java/lang/StringBuilder append (Ljava/lang/String;)Ljava/lang/StringBuilder; 12 0 1531787 0 -1
ciMethod java/lang/StringBuilder <init> ()V 10 0 117644 0 -1
ciMethod java/lang/Object <init> ()V 1024 0 7327187 0 80
ciInstanceKlass java/net/URISyntaxException 0 0 74 10 100 12 1 1 1 100 1 10 12 1 100 1 10 9 100 12 1 1 1 9 12 1 1 10 12 1 10 12 1 1 100 1 10 10 12 1 10 12 1 1 8 1 10 12 1 8 1 10 12 1 1 1 1 5 0 1 1 1 1 1 1 1 100 1 1 1 1 1 1 1 1 1
ciMethodData java/lang/Object <init> ()V 2 7326675 orig 80 0 0 0 0 0 0 0 0 0 0 0 0 0 0 0 0 0 0 0 0 0 0 0 0 0 0 0 0 0 0 0 0 0 0 0 0 0 0 0 0 0 0 0 0 0 0 0 0 0 0 0 0 0 0 0 0 0 0 0 0 0 0 0 0 0 0 0 0 0 0 0 0 0 0 0 0 0 0 0 0 data 4 0x0 0x9 0x1 0x0 oops 0 methods 0
ciMethodData java/lang/String charAt (I)C 2 3198033 orig 80 0 0 0 0 0 0 0 0 0 0 0 0 188 1 0 0 0 0 0 0 0 0 0 0 0 0 0 0 0 0 0 0 0 0 0 0 0 0 0 0 0 0 0 0 0 0 0 0 0 0 0 0 0 0 0 0 0 0 0 0 0 0 0 0 0 0 0 0 0 0 0 0 0 0 0 0 0 0 0 0 data 25 0x10005 0x31742b 0x0 0x0 0x0 0x0 0x0 0x40007 0x86569 0x30 0x280ec6 0xc0002 0x28d087 0x150002 0x8bc7e 0x0 0x0 0x0 0x0 0x0 0x0 0x9 0x2 0x0 0x0 oops 0 methods 0
ciMethodData java/lang/String isLatin1 ()Z 2 3530261 orig 80 0 0 0 0 0 0 0 0 0 0 0 0 188 1 0 0 0 0 0 0 0 0 0 0 0 0 0 0 0 0 0 0 0 0 0 0 0 0 0 1 0 0 0 0 0 0 0 0 0 0 0 0 0 0 0 0 0 0 0 0 0 0 0 0 0 0 0 0 0 0 0 0 0 0 0 0 0 0 0 0 data 18 0x30007 0x0 0x58 0x386326 0x80000006000a0007 0x8f239 0x38 0x2f9cad 0xe0003 0x3001af 0x18 0x0 0x0 0x0 0x0 0x9 0x1 0x0 oops 0 methods 0
ciMethodData java/lang/StringLatin1 charAt ([BI)C 2 2629723 orig 80 0 0 0 0 0 0 0 0 0 0 0 0 188 1 0 0 0 0 0 0 0 0 0 0 0 0 0 0 0 0 0 0 0 0 0 0 0 0 0 0 0 0 0 0 0 0 0 0 0 0 0 0 0 0 0 0 0 0 0 0 0 0 0 0 0 0 0 0 0 0 0 0 0 0 0 0 0 0 0 0 data 12 0x30002 0x28b718 0x0 0x0 0x0 0x0 0x0 0x0 0x9 0x2 0x0 0x0 oops 0 methods 0
ciMethodData java/lang/String checkIndex (II)V 2 3161817 orig 80 0 0 0 0 0 0 0 0 0 0 0 0 188 1 0 0 0 0 0 0 0 0 0 0 0 0 0 0 0 0 0 0 0 0 0 0 0 0 0 0 0 0 0 0 0 0 0 0 0 0 0 0 0 0 0 0 0 0 0 0 0 0 0 0 0 0 0 0 0 0 0 0 0 0 0 0 0 0 0 0 data 12 0x50002 0x30c2db 0x0 0x0 0x0 0x0 0x0 0x0 0x9 0x2 0x0 0x0 oops 0 methods 0
ciMethodData java/lang/StringUTF16 charAt ([BI)C 2 552034 orig 80 0 0 0 0 0 0 0 0 0 0 0 0 188 1 0 0 0 0 0 0 0 0 0 0 0 0 0 0 0 0 0 0 0 0 0 0 0 0 0 0 0 0 0 0 0 0 0 0 0 0 0 0 0 0 0 0 0 0 0 0 0 0 0 0 0 0 0 0 0 0 0 0 0 0 0 0 0 0 0 0 data 14 0x20002 0x8c8e1 0x70002 0x7fd 0x0 0x0 0x0 0x0 0x0 0x0 0x9 0x2 0x0 0x0 oops 0 methods 0
ciMethodData java/lang/StringUTF16 checkIndex (I[B)V 2 570932 orig 80 0 0 0 0 0 0 0 0 0 0 0 0 188 1 0 0 0 0 0 0 0 0 0 0 0 0 0 0 0 0 0 0 0 0 0 0 0 0 0 0 0 0 0 0 0 0 0 0 0 0 0 0 0 0 0 0 0 0 0 0 0 0 0 0 0 0 0 0 0 0 0 0 0 0 0 0 0 0 0 0 data 14 0x20002 0x8d909 0x50002 0x8cf6d 0x0 0x0 0x0 0x0 0x0 0x0 0x9 0x2 0x0 0x0 oops 0 methods 0
ciMethodData java/lang/StringUTF16 length ([B)I 2 647417 orig 80 0 0 0 0 0 0 0 0 0 0 0 0 188 1 0 0 0 0 0 0 0 0 0 0 0 0 0 0 0 0 0 0 0 0 0 0 0 0 0 0 0 0 0 0 0 0 0 0 0 0 0 0 0 0 0 0 0 0 0 0 0 0 0 0 0 0 0 0 0 0 0 0 0 0 0 0 0 0 0 0 data 6 0x0 0x0 0x0 0x9 0x1 0x0 oops 0 methods 0
ciMethodData java/lang/StringBuilder append (Ljava/lang/String;)Ljava/lang/StringBuilder; 2 1531781 orig 80 1 0 0 0 0 0 0 0 0 0 0 0 188 1 0 0 0 0 0 0 0 0 0 0 0 0 0 0 0 0 0 0 0 0 0 0 0 0 0 0 0 0 0 0 0 0 0 0 0 0 0 0 0 0 0 0 0 0 0 0 0 0 0 0 0 0 0 0 0 0 0 0 0 0 0 0 0 0 0 0 data 9 0x20002 0x175f87 0x0 0x0 0x0 0x9 0x2 0xffffffffffffffff 0x0 oops 0 methods 0
ciMethodData java/lang/String coder ()B 2 4330375 orig 80 0 0 0 0 0 0 0 0 0 0 0 0 0 0 0 0 0 0 0 0 0 0 0 0 0 0 0 0 0 0 0 0 0 0 0 0 0 0 0 0 0 0 0 0 0 0 0 0 0 0 0 0 0 0 0 0 0 0 0 0 0 0 0 0 0 0 0 0 0 0 0 0 0 0 0 0 0 0 0 0 data 14 0x30007 0x0 0x38 0x4467bd 0xa0003 0x4484fc 0x18 0x0 0x0 0x0 0x0 0x9 0x1 0x0 oops 0 methods 0
ciMethodData java/lang/String length ()I 2 3307929 orig 80 0 0 0 0 0 0 0 0 0 0 0 0 0 0 0 0 0 0 0 0 0 0 0 0 0 0 0 0 0 0 0 0 0 0 0 0 0 0 0 0 0 0 0 0 0 0 0 0 0 0 0 0 0 0 0 0 0 0 0 0 0 0 0 0 0 0 0 0 0 0 0 0 0 0 0 0 0 0 0 0 data 16 0x60005 0x33c251 0x0 0x0 0x0 0x0 0x0 0x0 0x0 0x0 0x0 0x0 0x0 0x9 0x1 0x0 oops 0 methods 0
ciMethodData java/lang/String indexOf (I)I 2 825580 orig 80 0 0 0 0 0 0 0 0 0 0 0 0 188 1 0 0 0 0 0 0 0 0 0 0 0 0 0 0 0 0 0 0 0 0 0 0 0 0 0 0 0 0 0 0 0 0 0 0 0 0 0 0 0 0 0 0 0 0 0 0 0 0 0 0 0 0 0 0 0 0 0 0 0 0 0 0 0 0 0 0 data 17 0x30005 0xccbf1 0x0 0x0 0x0 0x0 0x0 0x0 0x0 0x0 0x0 0x0 0x0 0x9 0x2 0x0 0x0 oops 0 methods 0
ciMethodData java/lang/String indexOf (II)I 2 24313 orig 80 1 0 0 0 0 0 0 0 0 0 0 0 188 1 0 0 0 0 0 0 0 0 0 0 0 0 0 0 0 0 0 0 0 0 0 0 0 0 0 0 0 0 0 0 0 0 0 0 0 0 0 0 0 0 0 0 0 0 0 0 0 0 0 0 0 0 0 0 0 0 0 0 0 0 0 0 0 0 0 0 data 43 0x10005 0x5ef9 0x0 0x0 0x0 0x0 0x0 0x40007 0x2eb7 0x80 0x303e 0xe0005 0x303e 0x0 0x0 0x0 0x0 0x0 0x110002 0x303e 0x140003 0x303f 0x60 0x1e0005 0x2eb8 0x0 0x0 0x0 0x0 0x0 0x210002 0x2eb0 0x0 0x0 0x0 0x0 0x0 0x0 0x9 0x3 0x0 0x0 0x0 oops 0 methods 0
ciMethodData java/lang/StringLatin1 canEncode (I)Z 2 199749 orig 80 1 0 0 0 4 0 0 0 0 0 0 0 188 1 0 0 0 0 0 0 0 0 0 0 0 0 0 0 0 0 0 0 0 0 0 0 0 0 0 7 0 0 0 0 0 0 0 0 0 0 0 0 0 0 0 0 0 0 0 0 0 0 0 0 0 0 0 0 0 0 0 0 0 0 0 0 0 0 0 0 data 11 0x8000000600040007 0x60 0x38 0x30cc9 0x80003 0x30ce3 0x18 0x0 0x9 0x1 0x0 oops 0 methods 0
ciMethodData java/lang/String <init> ([BB)V 2 86702 orig 80 0 0 0 0 0 0 0 0 0 0 0 0 188 1 0 0 0 0 0 0 0 0 0 0 0 0 0 0 0 0 0 0 0 0 0 0 0 0 0 0 0 0 0 0 0 0 0 0 0 0 0 0 0 0 0 0 0 0 0 0 0 0 0 0 0 0 0 0 0 0 0 0 0 0 0 0 0 0 0 0 data 11 0x10002 0x152ae 0x0 0x0 0x0 0x0 0x9 0x3 0xc 0x0 0x0 oops 0 methods 0
ciMethodData java/util/Arrays copyOfRange ([BII)[B 2 108347 orig 80 0 0 0 0 0 0 0 0 0 0 0 0 188 1 0 0 0 0 0 0 0 0 0 0 0 0 0 0 0 0 0 0 0 0 0 0 0 0 0 0 0 0 0 0 0 0 0 0 0 0 0 0 0 0 0 0 0 0 0 0 0 0 0 0 0 0 0 0 0 0 0 0 0 0 0 0 0 0 0 0 data 35 0x10007 0x27b9 0x40 0x17f82 0x70007 0xd80b 0x30 0xa778 0xd0002 0xcf31 0x120005 0x0 0x0 0x1bcf2127b08 0xd80b 0x0 0x0 0x150004 0x0 0x0 0x1bcf2127b08 0xd80b 0x0 0x0 0x0 0x0 0x0 0x0 0x0 0x0 0x9 0x3 0xffffffffffffffff 0x0 0x0 oops 2 13 [B 20 [B methods 0
ciMethodData java/util/Arrays copyOfRangeByte ([BII)[B 2 53040 orig 80 0 0 0 0 0 0 0 0 0 0 0 0 188 1 0 0 0 0 0 0 0 0 0 0 0 0 0 0 0 0 0 0 0 0 0 0 0 0 0 0 0 0 0 0 0 0 0 0 0 0 0 0 0 0 0 0 0 0 0 0 0 0 0 0 0 0 0 0 0 0 0 0 0 0 0 0 0 0 0 0 data 17 0x20002 0xcf30 0x180002 0xcf30 0x1b0002 0xcf2f 0x0 0x0 0x0 0x0 0x0 0x0 0x9 0x3 0xffffffffffffffff 0x0 0x0 oops 0 methods 0
ciMethodData java/util/Arrays checkLength (II)V 2 54888 orig 80 0 0 0 0 0 0 0 0 0 0 0 0 188 1 0 0 0 0 0 0 0 0 0 0 0 0 0 0 0 0 0 0 0 0 0 0 0 0 0 0 0 0 0 0 0 0 0 0 0 0 0 0 0 0 0 0 0 0 0 0 0 0 0 0 0 0 0 0 0 0 0 0 0 0 0 0 0 0 0 0 data 46 0x20007 0xd668 0x120 0x0 0xd0002 0x0 0x110005 0x0 0x0 0x0 0x0 0x0 0x0 0x170005 0x0 0x0 0x0 0x0 0x0 0x0 0x1b0005 0x0 0x0 0x0 0x0 0x0 0x0 0x1e0005 0x0 0x0 0x0 0x0 0x0 0x0 0x210002 0x0 0x0 0x0 0x0 0x0 0x0 0x0 0x9 0x2 0x0 0x0 oops 0 methods 0
ciMethodData java/lang/StringLatin1 indexOf ([BIII)I 2 12211 orig 80 1 0 0 0 0 0 0 0 0 0 0 0 188 1 0 0 0 0 0 0 0 0 0 0 0 0 0 0 0 0 0 0 0 0 0 0 0 0 0 0 0 0 0 0 0 0 0 0 0 0 0 0 0 0 0 0 0 0 0 0 0 0 0 0 0 0 0 0 0 0 0 0 0 0 0 0 0 0 0 0 data 28 0x10002 0x2fb3 0x40007 0x2f76 0x20 0x3f 0xb0002 0x2f76 0x120002 0x2f76 0x180007 0x2f6b 0x20 0xb 0x210002 0x2f6b 0x0 0x0 0x0 0x0 0x0 0x0 0x9 0x4 0x0 0x0 0x0 0x0 oops 0 methods 0
ciMethodData jdk/internal/util/Preconditions checkFromToIndex (IIILjava/util/function/BiFunction;)I 2 610206 orig 80 0 0 0 0 0 0 0 0 0 0 0 0 188 1 0 0 0 0 0 0 0 0 0 0 0 0 0 0 0 0 0 0 0 0 0 0 0 0 0 0 0 0 0 0 0 0 0 0 0 0 0 0 0 0 0 0 0 0 0 0 0 0 0 0 0 0 0 0 0 0 0 0 0 0 0 0 0 0 0 0 data 26 0x10007 0x0 0x60 0x964b0 0x60007 0x0 0x40 0x9636b 0xb0007 0x96717 0x30 0x0 0x120002 0x0 0x0 0x0 0x0 0x0 0x0 0x0 0x9 0x4 0x0 0x0 0x0 0x0 oops 0 methods 0
ciMethodData java/lang/String checkBoundsBeginEnd (III)V 2 93139 orig 80 0 0 0 0 0 0 0 0 0 0 0 0 188 1 0 0 0 0 0 0 0 0 0 0 0 0 0 0 0 0 0 0 0 0 0 0 0 0 0 0 0 0 0 0 0 0 0 0 0 0 0 0 0 0 0 0 0 0 0 0 0 0 0 0 0 0 0 0 0 0 0 0 0 0 0 0 0 0 0 0 data 13 0x60002 0x16bf2 0x0 0x0 0x0 0x0 0x0 0x0 0x9 0x3 0x0 0x0 0x0 oops 0 methods 0
ciMethodData java/lang/String substring (II)Ljava/lang/String; 2 19527 orig 80 2 0 0 0 0 0 0 0 0 0 0 0 188 1 0 0 0 0 0 0 0 0 0 0 0 0 0 0 0 0 0 0 0 0 0 0 0 0 0 1 0 0 0 0 0 0 0 0 0 0 0 0 0 0 0 0 0 0 0 0 0 0 0 0 0 0 0 0 0 0 0 0 0 0 0 0 0 0 0 0 data 46 0x10005 0x4c47 0x0 0x0 0x0 0x0 0x0 0x80002 0x4c47 0xc0007 0x3e93 0x40 0xdb4 0x110007 0xd10 0x20 0xa4 0x1c0005 0x4ba3 0x0 0x0 0x0 0x0 0x0 0x80000006001f0007 0x103e 0x48 0x3b66 0x290002 0x3b66 0x2c0003 0x3b67 0x28 0x360002 0x103e 0x0 0x0 0x0 0x0 0x0 0x0 0x9 0x3 0x0 0x0 0x0 oops 0 methods 0
ciMethodData java/lang/StringLatin1 newString ([BII)Ljava/lang/String; 2 7472 orig 80 1 0 0 0 0 0 0 0 0 0 0 0 188 1 0 0 0 0 0 0 0 0 0 0 0 0 0 0 0 0 0 0 0 0 0 0 0 0 0 2 0 0 0 0 0 0 0 0 0 0 0 0 0 0 0 0 0 0 0 0 0 0 0 0 0 0 0 0 0 0 0 0 0 0 0 0 0 0 0 0 data 19 0x8000000600010007 0x1d2f 0x20 0x3 0x100002 0x1d2f 0x140002 0x1d2f 0x0 0x0 0x0 0x0 0x0 0x0 0x9 0x3 0x0 0x0 0x0 oops 0 methods 0
ciMethodData java/lang/StringUTF16 newString ([BII)Ljava/lang/String; 2 5785 orig 80 0 0 0 0 0 0 0 0 0 0 0 0 188 1 0 0 0 0 0 0 0 0 0 0 0 0 0 0 0 0 0 0 0 0 0 0 0 0 0 0 0 0 0 0 0 0 0 0 0 0 0 0 0 0 0 0 0 0 0 0 0 0 0 0 0 0 0 0 0 0 0 0 0 0 0 0 0 0 0 0 data 31 0x10007 0x1699 0x20 0x0 0xb0007 0x0 0x60 0x1699 0x110002 0x1699 0x160007 0x86d 0x30 0xe2c 0x1f0002 0xe2c 0x320002 0x86d 0x360002 0x86d 0x0 0x0 0x0 0x0 0x0 0x0 0x9 0x3 0xffffffffffffffff 0x0 0x0 oops 0 methods 0
ciMethodData java/net/URI match (CJJ)Z 2 5163 orig 80 0 0 0 0 0 0 0 0 0 0 0 0 188 1 0 0 0 0 0 0 0 0 0 0 0 0 0 0 0 0 0 0 0 0 0 0 0 0 0 0 0 0 0 0 0 0 0 0 0 0 0 0 0 0 0 0 0 0 0 0 0 0 0 0 0 0 0 0 0 0 0 0 0 0 0 0 0 0 0 0 data 37 0x10007 0x142b 0x20 0x0 0x90007 0x909 0x58 0xb22 0x130007 0xdf 0x38 0xa43 0x170003 0xa43 0x18 0x200007 0x0 0x58 0x909 0x2d0007 0x9 0x38 0x900 0x310003 0x900 0x18 0x0 0x0 0x0 0x0 0x9 0x5 0x0 0x0 0x0 0x0 0x0 oops 0 methods 0
ciMethod java/net/URISyntaxException <init> (Ljava/lang/String;Ljava/lang/String;I)V 0 0 1 0 -1
ciMethodData java/net/URI$Parser scan (IIJJ)I 2 4157 orig 80 1 0 0 0 0 0 0 0 0 0 0 0 188 1 0 0 0 0 0 0 0 0 0 0 4 0 0 0 0 0 0 0 0 0 0 0 0 0 0 0 0 0 0 0 0 0 0 0 0 0 0 0 0 0 0 0 0 0 0 0 0 0 0 0 0 0 0 0 0 0 0 0 0 0 0 0 0 0 0 0 data 56 0x8000000800060007 0xad9 0x148 0x81cf 0xf0005 0x81cf 0x0 0x0 0x0 0x0 0x0 0x190002 0x81cf 0x1c0007 0x568 0x38 0x7c67 0x220003 0x7c67 0xffffffffffffff78 0x2a0007 0x568 0xa8 0x0 0x330005 0x0 0x0 0x0 0x0 0x0 0x0 0x3c0007 0x0 0x38 0x0 0x430003 0x0 0xfffffffffffffee8 0x460003 0x0 0x18 0x0 0x0 0x0 0x0 0x0 0x0 0x9 0x7 0x0 0x0 0x0 0x0 0x0 0x0 0x0 oops 0 methods 0
ciMethodData java/net/URI$Parser scanEscape (IIC)I 1 0 orig 80 0 0 0 0 0 0 0 0 0 0 0 0 188 1 0 0 0 0 0 0 0 0 0 0 0 0 0 0 0 0 0 0 0 0 0 0 0 0 0 0 0 0 0 0 0 0 0 0 0 0 0 0 0 0 0 0 0 0 0 0 0 0 0 0 0 0 0 0 0 0 0 0 0 0 0 0 0 0 0 0 data 72 0xa0007 0x0 0x160 0x0 0x120007 0x0 0xf0 0x0 0x1d0005 0x0 0x0 0x0 0x0 0x0 0x0 0x260002 0x0 0x290007 0x0 0x88 0x0 0x340005 0x0 0x0 0x0 0x0 0x0 0x0 0x3d0002 0x0 0x400007 0x0 0x20 0x0 0x4d0005 0x0 0x0 0x0 0x0 0x0 0x0 0x500003 0x0 0x98 0x580007 0x0 0x80 0x0 0x5d0002 0x0 0x600007 0x0 0x50 0x0 0x650002 0x0 0x680007 0x0 0x20 0x0 0x0 0x0 0x0 0x0 0x0 0x0 0x9 0x4 0x0 0x0 0x0 0x0 oops 0 methods 0
ciMethodData java/net/URI$Parser parse (Z)V 2 5120 orig 80 0 0 0 0 0 0 0 0 0 0 0 0 188 1 0 0 0 0 0 0 0 0 0 0 0 0 0 0 0 0 0 0 0 0 0 0 0 0 0 0 0 0 0 0 0 0 0 0 0 0 0 0 0 0 0 0 0 0 0 0 0 0 0 0 0 0 0 0 0 0 0 0 0 0 0 0 0 0 0 0 data 179 0x90005 0x1400 0x0 0x0 0x0 0x0 0x0 0x140005 0x1400 0x0 0x0 0x0 0x0 0x0 0x190007 0x9fd 0x338 0xa03 0x210005 0xa03 0x0 0x0 0x0 0x0 0x0 0x240007 0x0 0x2e0 0xa03 0x280007 0xa03 0x58 0x0 0x2f0005 0x0 0x0 0x0 0x0 0x0 0x0 0x3a0005 0xa03 0x0 0x0 0x0 0x0 0x0 0x480005 0xa03 0x0 0x0 0x0 0x0 0x0 0x550005 0xa03 0x0 0x0 0x0 0x0 0x0 0x630005 0xa03 0x0 0x0 0x0 0x0 0x0 0x660007 0x0 0x70 0xa03 0x6c0005 0xa03 0x0 0x0 0x0 0x0 0x0 0x700003 0xa03 0x168 0x780005 0x0 0x0 0x0 0x0 0x0 0x0 0x800007 0x0 0x58 0x0 0x870005 0x0 0x0 0x0 0x0 0x0 0x0 0x960005 0x0 0x0 0x0 0x0 0x0 0x0 0xa40005 0x0 0x0 0x0 0x0 0x0 0x0 0xad0003 0x0 0x50 0xb30005 0x9fd 0x0 0x0 0x0 0x0 0x0 0xbc0005 0x1400 0x0 0x0 0x0 0x0 0x0 0xbf0007 0x13ff 0x90 0x1 0xcf0005 0x1 0x0 0x0 0x0 0x0 0x0 0xde0005 0x1 0x0 0x0 0x0 0x0 0x0 0xe80007 0x1400 0x58 0x0 0xef0005 0x0 0x0 0x0 0x0 0x0 0x0 0x0 0x0 0x0 0x0 0x0 0x0 0x0 0x0 0x0 0x0 0x0 0x0 0x0 0x0 0x0 0x9 0x2 0x0 0x0 oops 0 methods 0
ciMethodData java/net/URI$Parser parseHierarchical (II)I 2 5120 orig 80 0 0 0 0 0 0 0 0 0 0 0 0 188 1 0 0 0 0 0 0 0 0 0 0 0 0 0 0 0 0 0 0 0 0 0 0 0 0 0 0 0 0 0 0 0 0 0 0 0 0 0 0 0 0 0 0 0 0 0 0 0 0 0 0 0 0 0 0 0 0 0 0 0 0 0 0 0 0 0 0 data 124 0x70005 0x1400 0x0 0x0 0x0 0x0 0x0 0xa0007 0x0 0x190 0x1400 0x140005 0x1400 0x0 0x0 0x0 0x0 0x0 0x170007 0x9fd 0x138 0xa03 0x220005 0xa03 0x0 0x0 0x0 0x0 0x0 0x2a0007 0x0 0x70 0xa03 0x310005 0xa03 0x0 0x0 0x0 0x0 0x0 0x350003 0xa03 0x88 0x3b0007 0x0 0x38 0x0 0x3e0003 0x0 0x50 0x450005 0x0 0x0 0x0 0x0 0x0 0x0 0x4d0005 0x1400 0x0 0x0 0x0 0x0 0x0 0x5e0005 0x1400 0x0 0x0 0x0 0x0 0x0 0x6c0005 0x1400 0x0 0x0 0x0 0x0 0x0 0x7a0005 0x1400 0x0 0x0 0x0 0x0 0x0 0x7d0007 0x13f3 0xc8 0xd 0x880005 0xd 0x0 0x0 0x0 0x0 0x0 0x990005 0xd 0x0 0x0 0x0 0x0 0x0 0xa70005 0xd 0x0 0x0 0x0 0x0 0x0 0x0 0x0 0x0 0x0 0x0 0x0 0x0 0x0 0x0 0x9 0x3 0x0 0x0 0x0 oops 0 methods 0
ciMethodData java/net/URI$Parser checkChar (IJJLjava/lang/String;)V 2 2563 orig 80 0 0 0 0 0 0 0 0 0 0 0 0 188 1 0 0 0 0 0 0 0 0 0 0 0 0 0 0 0 0 0 0 0 0 0 0 0 0 0 0 0 0 0 0 0 0 0 0 0 0 0 0 0 0 0 0 0 0 0 0 0 0 0 0 0 0 0 0 0 0 0 0 0 0 0 0 0 0 0 0 data 22 0xa0005 0xa03 0x0 0x0 0x0 0x0 0x0 0x0 0x0 0x0 0x0 0x0 0x0 0x9 0x7 0x0 0x0 0x0 0x0 0x0 0x0 0x0 oops 0 methods 0
ciMethodData java/net/URI$Parser parseAuthority (II)I 2 2563 orig 80 0 0 0 0 0 0 0 0 0 0 0 0 188 1 0 0 0 0 0 0 0 0 0 0 0 0 0 0 0 0 0 0 0 0 0 0 0 0 0 0 0 0 0 0 0 0 0 0 0 0 0 0 0 0 0 0 0 0 0 0 0 0 0 0 0 0 0 0 0 0 0 0 0 0 0 0 0 0 0 0 data 186 0x100005 0xa03 0x0 0x0 0x0 0x0 0x0 0x140007 0x0 0xa8 0xa03 0x200005 0xa03 0x0 0x0 0x0 0x0 0x0 0x240007 0x0 0x38 0xa03 0x280003 0xa03 0x18 0x2e0003 0xa03 0x88 0x3a0005 0x0 0x0 0x0 0x0 0x0 0x0 0x3e0007 0x0 0x38 0x0 0x420003 0x0 0x18 0x510005 0xa03 0x0 0x0 0x0 0x0 0x0 0x580007 0x0 0x38 0xa03 0x5c0003 0xa03 0x18 0x640007 0x0 0x78 0xa03 0x690007 0xa03 0x58 0x0 0x760005 0x0 0x0 0x0 0x0 0x0 0x0 0x820007 0x0 0x58 0xa03 0x870007 0x0 0x38 0xa03 0x8b0003 0xa03 0x18 0x930007 0x0 0x170 0xa03 0x9b0005 0xa03 0x0 0x0 0x0 0x0 0x0 0xa30007 0xa03 0xa8 0x0 0xa80007 0x0 0x38 0x0 0xc60003 0x0 0xa0 0xce0005 0x0 0x0 0x0 0x0 0x0 0x0 0xd10003 0x0 0x50 0xde0005 0xa03 0x0 0x0 0x0 0x0 0x0 0xe40003 0xa03 0x38 0x1050007 0x0 0x20 0x0 0x1150007 0xa03 0x120 0x0 0x11a0007 0x0 0x70 0x0 0x1270005 0x0 0x0 0x0 0x0 0x0 0x0 0x12d0003 0x0 0xa8 0x1320007 0x0 0x20 0x0 0x13d0007 0x0 0x38 0x0 0x1420003 0x0 0x18 0x1470005 0x0 0x0 0x0 0x0 0x0 0x0 0x0 0x0 0x0 0x0 0x0 0x0 0x0 0x0 0x0 0x0 0x0 0x0 0x0 0x0 0x0 0x0 0x0 0x9 0x3 0x0 0x0 0x0 oops 0 methods 0
ciMethodData java/net/URI$Parser at (IIC)Z 2 34730 orig 80 0 0 0 0 0 0 0 0 0 0 0 0 188 1 0 0 0 0 0 0 0 0 0 0 0 0 0 0 0 0 0 0 0 0 0 0 0 0 0 0 0 0 0 0 0 0 0 0 0 0 0 0 0 0 0 0 0 0 0 0 0 0 0 0 0 0 0 0 0 0 0 0 0 0 0 0 0 0 0 0 data 30 0x20007 0x341c 0x90 0x538e 0xa0005 0x538e 0x0 0x0 0x0 0x0 0x0 0xe0007 0x14dd 0x38 0x3eb1 0x120003 0x3eb1 0x18 0x0 0x0 0x0 0x0 0x0 0x0 0x9 0x4 0x0 0x0 0x0 0x0 oops 0 methods 0
ciMethodData java/net/URI$Parser scan (IILjava/lang/String;)I 2 1797 orig 80 1 0 0 0 0 0 0 0 0 0 0 0 188 1 0 0 0 0 0 0 0 0 0 0 4 0 0 0 0 0 0 0 0 0 0 0 0 0 0 0 0 0 0 0 0 0 0 0 0 0 0 0 0 0 0 0 0 0 0 0 0 0 0 0 0 0 0 0 0 0 0 0 0 0 0 0 0 0 0 0 data 40 0x8000000800060007 0x599 0xe0 0x6740 0xf0005 0x6740 0x0 0x0 0x0 0x0 0x0 0x170005 0x6740 0x0 0x0 0x0 0x0 0x0 0x1a0007 0x65d0 0x38 0x170 0x1d0003 0x170 0x30 0x230003 0x65d0 0xffffffffffffff38 0x0 0x0 0x0 0x0 0x0 0x0 0x9 0x4 0x0 0x0 0x0 0x0 oops 0 methods 0
ciMethodData java/net/URI$Parser checkChars (IIJJLjava/lang/String;)V 2 6145 orig 80 0 0 0 0 0 0 0 0 0 0 0 0 188 1 0 0 0 0 0 0 0 0 0 0 0 0 0 0 0 0 0 0 0 0 0 0 0 0 0 0 0 0 0 0 0 0 0 0 0 0 0 0 0 0 0 0 0 0 0 0 0 0 0 0 0 0 0 0 0 0 0 0 0 0 0 0 0 0 0 0 data 57 0x60005 0x1801 0x0 0x0 0x0 0x0 0x0 0xe0007 0x1801 0x110 0x0 0x160002 0x0 0x1b0005 0x0 0x0 0x0 0x0 0x0 0x0 0x200005 0x0 0x0 0x0 0x0 0x0 0x0 0x230005 0x0 0x0 0x0 0x0 0x0 0x0 0x280005 0x0 0x0 0x0 0x0 0x0 0x0 0x0 0x0 0x0 0x0 0x0 0x0 0x9 0x8 0x0 0x0 0x0 0x0 0x0 0x0 0x0 0x0 oops 0 methods 0
ciMethodData java/net/URI$Parser fail (Ljava/lang/String;I)V 1 0 orig 80 0 0 0 0 0 0 0 0 0 0 0 0 188 1 0 0 0 0 0 0 0 0 0 0 0 0 0 0 0 0 0 0 0 0 0 0 0 0 0 0 0 0 0 0 0 0 0 0 0 0 0 0 0 0 0 0 0 0 0 0 0 0 0 0 0 0 0 0 0 0 0 0 0 0 0 0 0 0 0 0 data 11 0xa0002 0x0 0x0 0x0 0x0 0x0 0x9 0x3 0x0 0xffffffffffffffff 0x0 oops 0 methods 0
ciMethodData java/net/URI$Parser scan (IILjava/lang/String;Ljava/lang/String;)I 2 3391 orig 80 1 0 0 0 0 0 0 0 0 0 0 0 188 1 0 0 0 0 0 0 0 0 0 0 4 0 0 0 0 0 0 0 0 0 0 0 0 0 0 0 0 0 0 0 0 0 0 0 0 0 0 0 0 0 0 0 0 0 0 0 0 0 0 0 0 0 0 0 0 0 0 0 0 0 0 0 0 0 0 0 data 52 0x8000000800060007 0x46d 0x138 0x5d01 0xf0005 0x5d01 0x0 0x0 0x0 0x0 0x0 0x170005 0x5d01 0x0 0x0 0x0 0x0 0x0 0x1a0007 0x5899 0x20 0x468 0x230005 0x5899 0x0 0x0 0x0 0x0 0x0 0x260007 0x542b 0x38 0x46e 0x290003 0x46e 0x30 0x2f0003 0x542b 0xfffffffffffffee0 0x0 0x0 0x0 0x0 0x0 0x0 0x9 0x5 0x0 0x0 0x0 0x0 0x0 oops 0 methods 0
compile java/net/URI$Parser parse (Z)V -1 4 inline 231 0 -1 0 java/net/URI$Parser parse (Z)V 1 9 0 java/lang/String length ()I 2 6 0 java/lang/String coder ()B 1 33 0 java/net/URI$Parser at (IIC)Z 2 10 0 java/lang/String charAt (I)C 3 1 0 java/lang/String isLatin1 ()Z 3 12 0 java/lang/StringLatin1 charAt ([BI)C 4 3 0 java/lang/String checkIndex (II)V 3 21 0 java/lang/StringUTF16 charAt ([BI)C 4 2 0 java/lang/StringUTF16 checkIndex (I[B)V 5 2 0 java/lang/StringUTF16 length ([B)I 5 5 0 java/lang/String checkIndex (II)V 1 58 0 java/net/URI$Parser checkChar (IJJLjava/lang/String;)V 2 10 0 java/net/URI$Parser checkChars (IIJJLjava/lang/String;)V 3 6 0 java/net/URI$Parser scan (IIJJ)I 4 15 0 java/lang/String charAt (I)C 5 1 0 java/lang/String isLatin1 ()Z 5 12 0 java/lang/StringLatin1 charAt ([BI)C 6 3 0 java/lang/String checkIndex (II)V 5 21 0 java/lang/StringUTF16 charAt ([BI)C 6 2 0 java/lang/StringUTF16 checkIndex (I[B)V 7 2 0 java/lang/StringUTF16 length ([B)I 7 5 0 java/lang/String checkIndex (II)V 4 25 0 java/net/URI match (CJJ)Z 1 72 0 java/net/URI$Parser checkChars (IIJJLjava/lang/String;)V 2 6 0 java/net/URI$Parser scan (IIJJ)I 3 15 0 java/lang/String charAt (I)C 4 1 0 java/lang/String isLatin1 ()Z 4 12 0 java/lang/StringLatin1 charAt ([BI)C 5 3 0 java/lang/String checkIndex (II)V 4 21 0 java/lang/StringUTF16 charAt ([BI)C 5 2 0 java/lang/StringUTF16 checkIndex (I[B)V 6 2 0 java/lang/StringUTF16 length ([B)I 6 5 0 java/lang/String checkIndex (II)V 3 25 0 java/net/URI match (CJJ)Z 1 85 0 java/lang/String substring (II)Ljava/lang/String; 2 1 0 java/lang/String length ()I 3 6 0 java/lang/String coder ()B 2 8 0 java/lang/String checkBoundsBeginEnd (III)V 3 6 0 jdk/internal/util/Preconditions checkFromToIndex (IIILjava/util/function/BiFunction;)I 2 28 0 java/lang/String isLatin1 ()Z 2 41 0 java/lang/StringLatin1 newString ([BII)Ljava/lang/String; 3 16 0 java/util/Arrays copyOfRange ([BII)[B 4 13 0 java/util/Arrays copyOfRangeByte ([BII)[B 5 2 0 java/util/Arrays checkLength (II)V 3 20 0 java/lang/String <init> ([BB)V 4 1 0 java/lang/Object <init> ()V 1 99 0 java/net/URI$Parser at (IIC)Z 2 10 0 java/lang/String charAt (I)C 3 1 0 java/lang/String isLatin1 ()Z 3 12 0 java/lang/StringLatin1 charAt ([BI)C 4 3 0 java/lang/String checkIndex (II)V 3 21 0 java/lang/StringUTF16 charAt ([BI)C 4 2 0 java/lang/StringUTF16 checkIndex (I[B)V 5 2 0 java/lang/StringUTF16 length ([B)I 5 5 0 java/lang/String checkIndex (II)V 1 108 0 java/net/URI$Parser parseHierarchical (II)I 2 7 0 java/net/URI$Parser at (IIC)Z 3 10 0 java/lang/String charAt (I)C 4 1 0 java/lang/String isLatin1 ()Z 4 12 0 java/lang/StringLatin1 charAt ([BI)C 5 3 0 java/lang/String checkIndex (II)V 4 21 0 java/lang/StringUTF16 charAt ([BI)C 5 2 0 java/lang/StringUTF16 checkIndex (I[B)V 6 2 0 java/lang/StringUTF16 length ([B)I 6 5 0 java/lang/String checkIndex (II)V 2 20 0 java/net/URI$Parser at (IIC)Z 3 10 0 java/lang/String charAt (I)C 4 1 0 java/lang/String isLatin1 ()Z 4 12 0 java/lang/StringLatin1 charAt ([BI)C 5 3 0 java/lang/String checkIndex (II)V 4 21 0 java/lang/StringUTF16 charAt ([BI)C 5 2 0 java/lang/StringUTF16 checkIndex (I[B)V 6 2 0 java/lang/StringUTF16 length ([B)I 6 5 0 java/lang/String checkIndex (II)V 2 34 0 java/net/URI$Parser scan (IILjava/lang/String;)I 3 15 0 java/lang/String charAt (I)C 4 1 0 java/lang/String isLatin1 ()Z 4 12 0 java/lang/StringLatin1 charAt ([BI)C 5 3 0 java/lang/String checkIndex (II)V 4 21 0 java/lang/StringUTF16 charAt ([BI)C 5 2 0 java/lang/StringUTF16 checkIndex (I[B)V 6 2 0 java/lang/StringUTF16 length ([B)I 6 5 0 java/lang/String checkIndex (II)V 3 23 0 java/lang/String indexOf (I)I 4 3 0 java/lang/String indexOf (II)I 5 1 0 java/lang/String isLatin1 ()Z 5 14 0 java/lang/String length ()I 6 6 0 java/lang/String coder ()B 5 17 0 java/lang/StringLatin1 indexOf ([BIII)I 6 1 0 java/lang/StringLatin1 canEncode (I)Z 2 77 0 java/net/URI$Parser scan (IILjava/lang/String;)I 3 15 0 java/lang/String charAt (I)C 4 1 0 java/lang/String isLatin1 ()Z 4 12 0 java/lang/StringLatin1 charAt ([BI)C 5 3 0 java/lang/String checkIndex (II)V 4 21 0 java/lang/StringUTF16 charAt ([BI)C 5 2 0 java/lang/StringUTF16 checkIndex (I[B)V 6 2 0 java/lang/StringUTF16 length ([B)I 6 5 0 java/lang/String checkIndex (II)V 3 23 0 java/lang/String indexOf (I)I 4 3 0 java/lang/String indexOf (II)I 5 1 0 java/lang/String isLatin1 ()Z 5 14 0 java/lang/String length ()I 6 6 0 java/lang/String coder ()B 5 17 0 java/lang/StringLatin1 indexOf ([BIII)I 6 1 0 java/lang/StringLatin1 canEncode (I)Z 2 94 0 java/net/URI$Parser checkChars (IIJJLjava/lang/String;)V 3 6 0 java/net/URI$Parser scan (IIJJ)I 4 15 0 java/lang/String charAt (I)C 5 1 0 java/lang/String isLatin1 ()Z 5 12 0 java/lang/StringLatin1 charAt ([BI)C 6 3 0 java/lang/String checkIndex (II)V 5 21 0 java/lang/StringUTF16 charAt ([BI)C 6 2 0 java/lang/StringUTF16 checkIndex (I[B)V 7 2 0 java/lang/StringUTF16 length ([B)I 7 5 0 java/lang/String checkIndex (II)V 4 25 0 java/net/URI match (CJJ)Z 2 108 0 java/lang/String substring (II)Ljava/lang/String; 3 1 0 java/lang/String length ()I 4 6 0 java/lang/String coder ()B 3 8 0 java/lang/String checkBoundsBeginEnd (III)V 4 6 0 jdk/internal/util/Preconditions checkFromToIndex (IIILjava/util/function/BiFunction;)I 3 28 0 java/lang/String isLatin1 ()Z 3 41 0 java/lang/StringLatin1 newString ([BII)Ljava/lang/String; 4 16 0 java/util/Arrays copyOfRange ([BII)[B 5 13 0 java/util/Arrays copyOfRangeByte ([BII)[B 6 2 0 java/util/Arrays checkLength (II)V 4 20 0 java/lang/String <init> ([BB)V 5 1 0 java/lang/Object <init> ()V 2 122 0 java/net/URI$Parser at (IIC)Z 3 10 0 java/lang/String charAt (I)C 4 1 0 java/lang/String isLatin1 ()Z 4 12 0 java/lang/StringLatin1 charAt ([BI)C 5 3 0 java/lang/String checkIndex (II)V 4 21 0 java/lang/StringUTF16 charAt ([BI)C 5 2 0 java/lang/StringUTF16 checkIndex (I[B)V 6 2 0 java/lang/StringUTF16 length ([B)I 6 5 0 java/lang/String checkIndex (II)V 1 179 0 java/net/URI$Parser parseHierarchical (II)I 2 7 0 java/net/URI$Parser at (IIC)Z 3 10 0 java/lang/String charAt (I)C 4 1 0 java/lang/String isLatin1 ()Z 4 12 0 java/lang/StringLatin1 charAt ([BI)C 5 3 0 java/lang/String checkIndex (II)V 4 21 0 java/lang/StringUTF16 charAt ([BI)C 5 2 0 java/lang/StringUTF16 checkIndex (I[B)V 6 2 0 java/lang/StringUTF16 length ([B)I 6 5 0 java/lang/String checkIndex (II)V 2 20 0 java/net/URI$Parser at (IIC)Z 3 10 0 java/lang/String charAt (I)C 4 1 0 java/lang/String isLatin1 ()Z 4 12 0 java/lang/StringLatin1 charAt ([BI)C 5 3 0 java/lang/String checkIndex (II)V 4 21 0 java/lang/StringUTF16 charAt ([BI)C 5 2 0 java/lang/StringUTF16 checkIndex (I[B)V 6 2 0 java/lang/StringUTF16 length ([B)I 6 5 0 java/lang/String checkIndex (II)V 2 34 0 java/net/URI$Parser scan (IILjava/lang/String;)I 3 15 0 java/lang/String charAt (I)C 4 1 0 java/lang/String isLatin1 ()Z 4 12 0 java/lang/StringLatin1 charAt ([BI)C 5 3 0 java/lang/String checkIndex (II)V 4 21 0 java/lang/StringUTF16 charAt ([BI)C 5 2 0 java/lang/StringUTF16 checkIndex (I[B)V 6 2 0 java/lang/StringUTF16 length ([B)I 6 5 0 java/lang/String checkIndex (II)V 3 23 0 java/lang/String indexOf (I)I 4 3 0 java/lang/String indexOf (II)I 5 1 0 java/lang/String isLatin1 ()Z 5 14 0 java/lang/String length ()I 6 6 0 java/lang/String coder ()B 5 17 0 java/lang/StringLatin1 indexOf ([BIII)I 6 1 0 java/lang/StringLatin1 canEncode (I)Z 2 77 0 java/net/URI$Parser scan (IILjava/lang/String;)I 3 15 0 java/lang/String charAt (I)C 4 1 0 java/lang/String isLatin1 ()Z 4 12 0 java/lang/StringLatin1 charAt ([BI)C 5 3 0 java/lang/String checkIndex (II)V 4 21 0 java/lang/StringUTF16 charAt ([BI)C 5 2 0 java/lang/StringUTF16 checkIndex (I[B)V 6 2 0 java/lang/StringUTF16 length ([B)I 6 5 0 java/lang/String checkIndex (II)V 3 23 0 java/lang/String indexOf (I)I 4 3 0 java/lang/String indexOf (II)I 5 1 0 java/lang/String isLatin1 ()Z 5 14 0 java/lang/String length ()I 6 6 0 java/lang/String coder ()B 5 17 0 java/lang/StringLatin1 indexOf ([BIII)I 6 1 0 java/lang/StringLatin1 canEncode (I)Z 2 94 0 java/net/URI$Parser checkChars (IIJJLjava/lang/String;)V 3 6 0 java/net/URI$Parser scan (IIJJ)I 4 15 0 java/lang/String charAt (I)C 5 1 0 java/lang/String isLatin1 ()Z 5 12 0 java/lang/StringLatin1 charAt ([BI)C 6 3 0 java/lang/String checkIndex (II)V 5 21 0 java/lang/StringUTF16 charAt ([BI)C 6 2 0 java/lang/StringUTF16 checkIndex (I[B)V 7 2 0 java/lang/StringUTF16 length ([B)I 7 5 0 java/lang/String checkIndex (II)V 4 25 0 java/net/URI match (CJJ)Z 2 108 0 java/lang/String substring (II)Ljava/lang/String; 3 1 0 java/lang/String length ()I 4 6 0 java/lang/String coder ()B 3 8 0 java/lang/String checkBoundsBeginEnd (III)V 4 6 0 jdk/internal/util/Preconditions checkFromToIndex (IIILjava/util/function/BiFunction;)I 3 28 0 java/lang/String isLatin1 ()Z 3 41 0 java/lang/StringLatin1 newString ([BII)Ljava/lang/String; 4 16 0 java/util/Arrays copyOfRange ([BII)[B 5 13 0 java/util/Arrays copyOfRangeByte ([BII)[B 6 2 0 java/util/Arrays checkLength (II)V 4 20 0 java/lang/String <init> ([BB)V 5 1 0 java/lang/Object <init> ()V 2 122 0 java/net/URI$Parser at (IIC)Z 3 10 0 java/lang/String charAt (I)C 4 1 0 java/lang/String isLatin1 ()Z 4 12 0 java/lang/StringLatin1 charAt ([BI)C 5 3 0 java/lang/String checkIndex (II)V 4 21 0 java/lang/StringUTF16 charAt ([BI)C 5 2 0 java/lang/StringUTF16 checkIndex (I[B)V 6 2 0 java/lang/StringUTF16 length ([B)I 6 5 0 java/lang/String checkIndex (II)V 1 188 0 java/net/URI$Parser at (IIC)Z 2 10 0 java/lang/String charAt (I)C 3 1 0 java/lang/String isLatin1 ()Z 3 12 0 java/lang/StringLatin1 charAt ([BI)C 4 3 0 java/lang/String checkIndex (II)V 3 21 0 java/lang/StringUTF16 charAt ([BI)C 4 2 0 java/lang/StringUTF16 checkIndex (I[B)V 5 2 0 java/lang/StringUTF16 length ([B)I 5 5 0 java/lang/String checkIndex (II)V
