version 2
JvmtiExport can_access_local_variables 0
JvmtiExport can_hotswap_or_post_breakpoint 0
JvmtiExport can_post_on_exceptions 0
# 916 ciObject found
instanceKlass com/naqqa/elasticsearch/index/engine/segment/SegmentWriter
ciInstanceKlass java/lang/Cloneable 1 0 7 100 1 100 1 1 1
instanceKlass jdk/internal/foreign/MemorySessionImpl
instanceKlass java/lang/foreign/MemorySegment$Scope
instanceKlass com/naqqa/elasticsearch/codec/terms/BlockTermDictReader$Enum
instanceKlass com/naqqa/elasticsearch/codec/norms/NormsReader
instanceKlass com/naqqa/elasticsearch/codec/fst/FSTEnum$Frame
instanceKlass com/naqqa/elasticsearch/codec/fst/FST$State
instanceKlass com/naqqa/elasticsearch/codec/fst/FST$Arc
instanceKlass com/naqqa/elasticsearch/codec/fst/FSTEnum$ByteList
instanceKlass com/naqqa/elasticsearch/codec/fst/FSTEnum
instanceKlass com/naqqa/elasticsearch/codec/terms/TermsEnum
instanceKlass com/naqqa/elasticsearch/codec/terms/BlockTermDictReader
instanceKlass com/naqqa/elasticsearch/codec/docvalues/NumericBlockCodec$SequentialBitReader
instanceKlass com/naqqa/elasticsearch/codec/docvalues/SortedSetDocValuesReader
instanceKlass com/naqqa/elasticsearch/index/engine/segment/SegmentReader$1
instanceKlass com/naqqa/elasticsearch/codec/storedfields/StoredFieldsReader
instanceKlass com/naqqa/elasticsearch/index/engine/segment/SegmentReader
instanceKlass com/naqqa/elasticsearch/codec/segment/SegmentInfoFormat
instanceKlass com/naqqa/elasticsearch/codec/livedocs/LiveDocsFormat
instanceKlass com/naqqa/elasticsearch/codec/livedocs/FixedBitSet
instanceKlass java/util/DualPivotQuicksort
instanceKlass com/naqqa/elasticsearch/codec/DirectWriter
instanceKlass com/naqqa/elasticsearch/codec/docvalues/NumericBlockCodec
instanceKlass  @bci com/naqqa/elasticsearch/codec/docvalues/SimpleTermDictionary lookupOrd ([[B[B)I 2 <appendix> argL0 ; # com/naqqa/elasticsearch/codec/docvalues/SimpleTermDictionary$$Lambda+0x000001f20109d488
instanceKlass  @bci com/naqqa/elasticsearch/codec/docvalues/SortedSetDocValuesWriter dedupSorted ([[B)[[B 9 <appendix> argL0 ; # com/naqqa/elasticsearch/codec/docvalues/SortedSetDocValuesWriter$$Lambda+0x000001f20109d1f8
instanceKlass  @cpi com/naqqa/elasticsearch/codec/docvalues/SimpleTermDictionary 75 form vmentry <vmtarget> ; # java/lang/invoke/LambdaForm$DMH+0x000001f20109a800
instanceKlass com/naqqa/elasticsearch/codec/docvalues/SimpleTermDictionary
instanceKlass com/naqqa/elasticsearch/codec/docvalues/SortedSetDocValuesWriter
instanceKlass com/naqqa/elasticsearch/codec/norms/NormsWriter
instanceKlass com/naqqa/elasticsearch/codec/ForUtil$BitPackSequential
instanceKlass  @bci jdk/incubator/vector/IntVector <clinit> ()V 231 <appendix> argL0 ; # jdk/incubator/vector/IntVector$$Lambda+0x000001f201076ab8
instanceKlass  @bci jdk/incubator/vector/IntVector <clinit> ()V 207 <appendix> argL0 ; # jdk/incubator/vector/IntVector$$Lambda+0x000001f201075ee0
instanceKlass  @bci jdk/incubator/vector/IntVector <clinit> ()V 183 <appendix> argL0 ; # jdk/incubator/vector/IntVector$$Lambda+0x000001f201075308
instanceKlass  @bci jdk/incubator/vector/IntVector <clinit> ()V 159 <appendix> argL0 ; # jdk/incubator/vector/IntVector$$Lambda+0x000001f201074730
instanceKlass  @bci jdk/incubator/vector/IntVector <clinit> ()V 135 <appendix> argL0 ; # jdk/incubator/vector/IntVector$$Lambda+0x000001f201073b58
instanceKlass jdk/internal/vm/vector/VectorSupport$VectorSpecies
instanceKlass jdk/incubator/vector/VectorSpecies
instanceKlass jdk/incubator/vector/VectorOperators$Associative
instanceKlass jdk/incubator/vector/VectorOperators$Ternary
instanceKlass jdk/incubator/vector/VectorOperators$Binary
instanceKlass jdk/incubator/vector/VectorOperators$Unary
instanceKlass jdk/incubator/vector/VectorOperators$Operator
instanceKlass jdk/incubator/vector/VectorOperators
instanceKlass jdk/incubator/vector/VectorOperators$ImplCache
instanceKlass java/lang/foreign/ValueLayout$OfDouble
instanceKlass java/lang/foreign/ValueLayout$OfFloat
instanceKlass java/lang/foreign/ValueLayout$OfLong
instanceKlass java/lang/foreign/ValueLayout$OfInt
instanceKlass java/lang/foreign/ValueLayout$OfShort
instanceKlass java/lang/foreign/ValueLayout$OfChar
instanceKlass java/lang/foreign/ValueLayout$OfBoolean
instanceKlass java/lang/foreign/ValueLayout$OfByte
# instanceKlass java/lang/invoke/LambdaForm$DMH+0x000001f20109a400
# instanceKlass java/lang/invoke/LambdaForm$DMH+0x000001f20109a000
# instanceKlass java/lang/invoke/LambdaForm$DMH+0x000001f201099c00
# instanceKlass java/lang/invoke/LambdaForm$DMH+0x000001f201099800
instanceKlass jdk/internal/foreign/abi/SharedUtils
instanceKlass jdk/internal/foreign/Utils
instanceKlass jdk/internal/foreign/layout/MemoryLayoutUtil
instanceKlass java/lang/foreign/MemorySegment
instanceKlass jdk/internal/foreign/layout/ValueLayouts
instanceKlass jdk/internal/foreign/layout/AbstractLayout
instanceKlass java/lang/foreign/AddressLayout
instanceKlass java/lang/foreign/ValueLayout
instanceKlass java/lang/foreign/MemoryLayout
instanceKlass com/naqqa/elasticsearch/codec/ForUtil$VectorAdd
instanceKlass com/naqqa/elasticsearch/codec/ForUtil
instanceKlass com/naqqa/elasticsearch/codec/postings/PostingsWriter$SkipEntry
instanceKlass com/naqqa/elasticsearch/codec/fst/FST
instanceKlass com/naqqa/elasticsearch/codec/fst/FSTBuilder$MutableState
instanceKlass com/naqqa/elasticsearch/codec/fst/FSTBuilder
instanceKlass com/naqqa/elasticsearch/codec/postings/PostingsFlags
instanceKlass com/naqqa/elasticsearch/codec/SmallFloat
instanceKlass  @bci com/naqqa/elasticsearch/index/engine/segment/SegmentWriter sortTerms (Ljava/util/Map;)Ljava/util/List; 87 <appendix> argL0 ; # com/naqqa/elasticsearch/index/engine/segment/SegmentWriter$$Lambda+0x000001f201097180
instanceKlass com/naqqa/elasticsearch/codec/postings/PostingsWriter
instanceKlass com/naqqa/elasticsearch/codec/terms/BlockTermDictWriter
instanceKlass  @bci com/naqqa/elasticsearch/codec/Codec fieldFileName (Ljava/lang/String;Ljava/lang/String;Ljava/lang/String;)Ljava/lang/String; 3 <appendix> form vmentry <vmtarget> ; # java/lang/invoke/LambdaForm$MH+0x000001f201099400
# instanceKlass java/lang/invoke/LambdaForm$MH+0x000001f201099000
instanceKlass  @bci com/naqqa/elasticsearch/codec/Codec fieldFileName (Ljava/lang/String;Ljava/lang/String;Ljava/lang/String;)Ljava/lang/String; 3 <appendix> argL3 form vmentry <vmtarget> ; # java/lang/invoke/LambdaForm$MH+0x000001f201098c00
# instanceKlass java/lang/invoke/LambdaForm$MH+0x000001f201098800
# instanceKlass java/lang/invoke/LambdaForm$MH+0x000001f201098400
# instanceKlass java/lang/invoke/LambdaForm$MH+0x000001f201098000
# instanceKlass java/lang/invoke/LambdaForm$MH+0x000001f201093c00
instanceKlass  @bci com/naqqa/elasticsearch/codec/Codec fieldFileName (Ljava/lang/String;Ljava/lang/String;Ljava/lang/String;)Ljava/lang/String; 3 <appendix> argL1 form vmentry <vmtarget> ; # java/lang/invoke/LambdaForm$MH+0x000001f201093800
# instanceKlass java/lang/invoke/LambdaForm$MH+0x000001f201093400
# instanceKlass java/lang/invoke/LambdaForm$MH+0x000001f201093000
# instanceKlass java/lang/invoke/LambdaForm$MH+0x000001f201092c00
instanceKlass com/naqqa/elasticsearch/codec/fieldinfos/FieldInfosFormat
instanceKlass com/naqqa/elasticsearch/codec/fieldinfos/FieldInfo
instanceKlass com/naqqa/elasticsearch/codec/segment/SegmentInfo
instanceKlass com/naqqa/elasticsearch/codec/LZ4
instanceKlass com/naqqa/elasticsearch/index/engine/segment/StoredDocCodec
instanceKlass  @bci com/naqqa/elasticsearch/index/engine/segment/SegmentWriter write (Lcom/naqqa/elasticsearch/store/Directory;Ljava/lang/String;Ljava/util/List;)Lcom/naqqa/elasticsearch/codec/segment/SegmentInfo; 627 <appendix> member <vmtarget> ; # com/naqqa/elasticsearch/index/engine/segment/SegmentWriter$$Lambda+0x000001f201095650
instanceKlass  @bci com/naqqa/elasticsearch/index/engine/segment/SegmentWriter write (Lcom/naqqa/elasticsearch/store/Directory;Ljava/lang/String;Ljava/util/List;)Lcom/naqqa/elasticsearch/codec/segment/SegmentInfo; 404 <appendix> member <vmtarget> ; # com/naqqa/elasticsearch/index/engine/segment/SegmentWriter$$Lambda+0x000001f201095418
instanceKlass com/naqqa/elasticsearch/index/engine/segment/SegmentWriter$1
instanceKlass  @bci com/naqqa/elasticsearch/index/engine/segment/SegmentWriter addTerm (Ljava/util/Map;Ljava/lang/String;ILcom/naqqa/elasticsearch/index/mapper/IndexedTerm;Z)V 58 <appendix> argL0 ; # com/naqqa/elasticsearch/index/engine/segment/SegmentWriter$$Lambda+0x000001f201094fe0
instanceKlass  @bci com/naqqa/elasticsearch/index/engine/segment/SegmentWriter addTerm (Ljava/util/Map;Ljava/lang/String;ILcom/naqqa/elasticsearch/index/mapper/IndexedTerm;Z)V 37 <appendix> argL0 ; # com/naqqa/elasticsearch/index/engine/segment/SegmentWriter$$Lambda+0x000001f201094da8
instanceKlass  @bci com/naqqa/elasticsearch/index/engine/segment/SegmentWriter addTerm (Ljava/util/Map;Ljava/lang/String;ILcom/naqqa/elasticsearch/index/mapper/IndexedTerm;Z)V 2 <appendix> argL0 ; # com/naqqa/elasticsearch/index/engine/segment/SegmentWriter$$Lambda+0x000001f201094b70
instanceKlass com/naqqa/elasticsearch/index/engine/segment/SegmentWriter$FieldBuild
instanceKlass com/naqqa/elasticsearch/store/BitIO
instanceKlass com/naqqa/elasticsearch/store/CodecUtil
instanceKlass java/nio/channels/NetworkChannel
instanceKlass sun/nio/ch/SelChImpl
instanceKlass sun/nio/ch/Streams
instanceKlass java/nio/channels/Channels
instanceKlass java/util/zip/CRC32C
instanceKlass  @bci com/naqqa/elasticsearch/store/FSDirectory$FSIndexOutput <init> (Ljava/lang/String;Ljava/nio/file/Path;)V 5 <appendix> form vmentry <vmtarget> ; # java/lang/invoke/LambdaForm$MH+0x000001f201092800
# instanceKlass java/lang/invoke/LambdaForm$MH+0x000001f201092400
instanceKlass  @bci com/naqqa/elasticsearch/store/FSDirectory$FSIndexOutput <init> (Ljava/lang/String;Ljava/nio/file/Path;)V 5 <appendix> argL3 form vmentry <vmtarget> ; # java/lang/invoke/LambdaForm$MH+0x000001f201092000
# instanceKlass java/lang/invoke/LambdaForm$MH+0x000001f201091c00
# instanceKlass java/lang/invoke/LambdaForm$MH+0x000001f201091800
# instanceKlass java/lang/invoke/LambdaForm$MH+0x000001f201091400
instanceKlass  @bci com/naqqa/elasticsearch/codec/Codec liveDocsFileName (Ljava/lang/String;J)Ljava/lang/String; 7 <appendix> form vmentry <vmtarget> ; # java/lang/invoke/LambdaForm$MH+0x000001f201091000
instanceKlass java/util/TreeMap$Entry
instanceKlass java/lang/invoke/LambdaFormEditor$1
# instanceKlass java/lang/invoke/LambdaForm$MH+0x000001f201090c00
instanceKlass  @bci com/naqqa/elasticsearch/codec/Codec liveDocsFileName (Ljava/lang/String;J)Ljava/lang/String; 7 <appendix> argL3 form vmentry <vmtarget> ; # java/lang/invoke/LambdaForm$MH+0x000001f201090800
# instanceKlass java/lang/invoke/LambdaForm$MH+0x000001f201090400
# instanceKlass java/lang/invoke/LambdaForm$MH+0x000001f201090000
# instanceKlass java/lang/invoke/LambdaForm$MH+0x000001f20108bc00
# instanceKlass java/lang/invoke/LambdaForm$MH+0x000001f20108b800
instanceKlass  @bci com/naqqa/elasticsearch/codec/Codec liveDocsFileName (Ljava/lang/String;J)Ljava/lang/String; 7 <appendix> argL1 form vmentry <vmtarget> ; # java/lang/invoke/LambdaForm$MH+0x000001f20108b400
# instanceKlass java/lang/invoke/LambdaForm$MH+0x000001f20108b000
instanceKlass  @bci com/naqqa/elasticsearch/codec/Codec liveDocsFileName (Ljava/lang/String;J)Ljava/lang/String; 7 <appendix> argL1 argL0 form vmentry <vmtarget> ; # java/lang/invoke/LambdaForm$MH+0x000001f20108ac00
# instanceKlass java/lang/invoke/LambdaForm$MH+0x000001f20108a800
# instanceKlass java/lang/invoke/LambdaForm$MH+0x000001f20108a400
# instanceKlass java/lang/invoke/LambdaForm$MH+0x000001f20108a000
instanceKlass com/naqqa/elasticsearch/codec/Codec
instanceKlass com/naqqa/elasticsearch/codec/storedfields/StoredFieldsWriter
instanceKlass com/naqqa/elasticsearch/index/engine/segment/SegmentWriter
instanceKlass com/naqqa/elasticsearch/index/engine/IndexResult
instanceKlass com/naqqa/elasticsearch/index/translog/VersionValue
instanceKlass  @bci com/naqqa/elasticsearch/index/translog/TranslogWriter add (Lcom/naqqa/elasticsearch/index/translog/Operation;)Lcom/naqqa/elasticsearch/index/translog/Translog$Location; 140 <appendix> argL0 ; # com/naqqa/elasticsearch/index/translog/TranslogWriter$$Lambda+0x000001f20108e298
instanceKlass  @bci com/naqqa/elasticsearch/index/translog/TranslogWriter add (Lcom/naqqa/elasticsearch/index/translog/Operation;)Lcom/naqqa/elasticsearch/index/translog/Translog$Location; 121 <appendix> argL0 ; # com/naqqa/elasticsearch/index/translog/TranslogWriter$$Lambda+0x000001f20108e080
instanceKlass java/util/function/LongBinaryOperator
instanceKlass java/util/zip/ZipUtils
instanceKlass java/util/zip/Checksum$1
instanceKlass java/util/zip/CRC32
instanceKlass java/util/zip/Checksum
instanceKlass com/naqqa/elasticsearch/index/translog/OperationCodec$1
instanceKlass com/naqqa/elasticsearch/index/translog/OperationCodec
instanceKlass com/naqqa/elasticsearch/common/bytes/BytesArray
instanceKlass com/naqqa/elasticsearch/common/json/JsonGenerator
instanceKlass com/naqqa/elasticsearch/common/xcontent/XContentGenerator
instanceKlass com/naqqa/elasticsearch/common/json/JsonWriter
instanceKlass com/naqqa/elasticsearch/analysis/tokenizer/WordBreak$1
instanceKlass com/naqqa/elasticsearch/analysis/tokenizer/WordBreak
instanceKlass com/naqqa/elasticsearch/analysis/FilteredText
instanceKlass com/naqqa/elasticsearch/analysis/TokenStreamComponents
instanceKlass  @bci com/naqqa/elasticsearch/analysis/OffsetCorrector <clinit> ()V 0 <appendix> argL0 ; # com/naqqa/elasticsearch/analysis/OffsetCorrector$$Lambda+0x000001f2010867b0
instanceKlass  @cpi com/naqqa/elasticsearch/analysis/OffsetCorrector 25 form vmentry <vmtarget> ; # java/lang/invoke/LambdaForm$DMH+0x000001f201089c00
instanceKlass com/naqqa/elasticsearch/analysis/OffsetCorrector
instanceKlass com/naqqa/elasticsearch/analysis/Token
instanceKlass com/naqqa/elasticsearch/index/mapper/IndexableField
instanceKlass com/naqqa/elasticsearch/common/json/JsonArray
instanceKlass com/naqqa/elasticsearch/index/mapper/ContentPath
instanceKlass com/naqqa/elasticsearch/index/mapper/ParseContext
instanceKlass com/naqqa/elasticsearch/index/mapper/DocumentParser
instanceKlass  @bci com/naqqa/elasticsearch/index/engine/IndexingMemoryOomHarness main ([Ljava/lang/String;)V 87 <appendix> form vmentry <vmtarget> ; # java/lang/invoke/LambdaForm$MH+0x000001f201089800
instanceKlass  @bci com/naqqa/elasticsearch/index/engine/IndexingMemoryOomHarness main ([Ljava/lang/String;)V 87 <appendix> argL3 form vmentry <vmtarget> ; # java/lang/invoke/LambdaForm$MH+0x000001f201089400
# instanceKlass java/lang/invoke/LambdaForm$MH+0x000001f201089000
# instanceKlass java/lang/invoke/LambdaForm$MH+0x000001f201088c00
instanceKlass  @bci com/naqqa/elasticsearch/index/engine/IndexingMemoryOomHarness main ([Ljava/lang/String;)V 87 <appendix> argL1 form vmentry <vmtarget> ; # java/lang/invoke/LambdaForm$MH+0x000001f201088800
# instanceKlass java/lang/invoke/LambdaForm$MH+0x000001f201088400
instanceKlass com/naqqa/elasticsearch/index/translog/Translog$Snapshot
instanceKlass  @bci java/util/Comparator comparingLong (Ljava/util/function/ToLongFunction;)Ljava/util/Comparator; 6 <appendix> member <vmtarget> ; # java/util/Comparator$$Lambda+0x000001f201066c48
instanceKlass  @bci java/lang/invoke/BootstrapMethodInvoker invoke (Ljava/lang/Class;Ljava/lang/invoke/MethodHandle;Ljava/lang/String;Ljava/lang/Object;Ljava/lang/Object;Ljava/lang/Class;)Ljava/lang/Object; 462 <adapter> ; # java/lang/invoke/LambdaForm$MH+0x000001f201088000
instanceKlass  @cpi java/util/Comparator 265 form vmentry <vmtarget> ; # java/lang/invoke/LambdaForm$DMH+0x000001f201083c00
instanceKlass  @bci com/naqqa/elasticsearch/index/translog/Translog newSnapshot (J)Lcom/naqqa/elasticsearch/index/translog/Translog$Snapshot; 156 <appendix> argL0 ; # com/naqqa/elasticsearch/index/translog/Translog$$Lambda+0x000001f201084000
instanceKlass  @cpi com/naqqa/elasticsearch/index/translog/Translog 502 form vmentry <vmtarget> ; # java/lang/invoke/LambdaForm$DMH+0x000001f201083800
instanceKlass java/util/function/ToLongFunction
instanceKlass com/naqqa/elasticsearch/index/translog/TranslogScanner
instanceKlass java/util/TreeMap$PrivateEntryIterator
instanceKlass  @bci java/util/concurrent/Executors$AutoShutdownDelegatedExecutorService <init> (Ljava/util/concurrent/ExecutorService;)V 6 <appendix> member <vmtarget> ; # java/util/concurrent/Executors$AutoShutdownDelegatedExecutorService$$Lambda+0x000001f2010667d0
instanceKlass  @cpi java/util/concurrent/Executors$AutoShutdownDelegatedExecutorService 80 form vmentry <vmtarget> ; # java/lang/invoke/LambdaForm$DMH+0x000001f201083400
instanceKlass java/util/concurrent/LinkedBlockingQueue$Node
instanceKlass  @bci com/naqqa/elasticsearch/index/engine/InternalEngine <init> (Lcom/naqqa/elasticsearch/index/engine/EngineConfig;Lcom/naqqa/elasticsearch/store/Directory;Lcom/naqqa/elasticsearch/store/Lock;Lcom/naqqa/elasticsearch/codec/segment/SegmentInfos;Ljava/util/List;Lcom/naqqa/elasticsearch/index/seqno/LocalCheckpointTracker;Lcom/naqqa/elasticsearch/index/translog/Translog;)V 204 <appendix> argL0 ; # com/naqqa/elasticsearch/index/engine/InternalEngine$$Lambda+0x000001f20103f9c0
instanceKlass com/naqqa/elasticsearch/index/engine/segment/TieredMergePolicy
instanceKlass java/util/concurrent/atomic/AtomicBoolean
instanceKlass com/naqqa/elasticsearch/index/engine/DocBuffer
instanceKlass java/util/concurrent/locks/ReentrantReadWriteLock$WriteLock
instanceKlass java/util/concurrent/locks/ReentrantReadWriteLock$ReadLock
instanceKlass java/util/concurrent/locks/ReentrantReadWriteLock
instanceKlass java/util/concurrent/locks/ReadWriteLock
instanceKlass com/naqqa/elasticsearch/index/translog/LiveVersionMap
instanceKlass java/util/concurrent/Executors$RunnableAdapter
instanceKlass java/util/concurrent/Callable
instanceKlass java/util/concurrent/FutureTask$WaitNode
instanceKlass java/util/concurrent/FutureTask
instanceKlass  @bci com/naqqa/elasticsearch/index/translog/Translog <init> (Ljava/nio/file/Path;Lcom/naqqa/elasticsearch/index/translog/TranslogConfig;)V 257 <appendix> member <vmtarget> ; # com/naqqa/elasticsearch/index/translog/Translog$$Lambda+0x000001f20103f190
instanceKlass jdk/internal/vm/ThreadContainers
instanceKlass jdk/internal/vm/StackableScope
instanceKlass java/util/concurrent/RunnableScheduledFuture
instanceKlass java/util/concurrent/ScheduledFuture
instanceKlass java/util/concurrent/Delayed
instanceKlass java/util/concurrent/RunnableFuture
instanceKlass java/util/concurrent/Future
instanceKlass java/util/concurrent/BlockingQueue
instanceKlass java/util/concurrent/ThreadPoolExecutor$AbortPolicy
instanceKlass java/util/concurrent/RejectedExecutionHandler
instanceKlass java/util/concurrent/AbstractExecutorService
instanceKlass java/util/concurrent/Executors$DelegatedExecutorService
instanceKlass java/util/concurrent/ScheduledExecutorService
instanceKlass java/util/concurrent/ExecutorService
instanceKlass java/util/concurrent/Executor
instanceKlass java/util/concurrent/Executors
instanceKlass  @bci com/naqqa/elasticsearch/index/translog/Translog <init> (Ljava/nio/file/Path;Lcom/naqqa/elasticsearch/index/translog/TranslogConfig;)V 228 <appendix> argL0 ; # com/naqqa/elasticsearch/index/translog/Translog$$Lambda+0x000001f20103ef78
instanceKlass sun/nio/ch/IOStatus
instanceKlass java/nio/Bits$1
instanceKlass jdk/internal/misc/VM$BufferPool
instanceKlass java/nio/Bits
instanceKlass sun/nio/ch/Util$BufferCache
instanceKlass sun/nio/ch/Util
instanceKlass sun/nio/ch/DirectBuffer
instanceKlass java/nio/channels/spi/AbstractInterruptibleChannel$1
instanceKlass sun/nio/ch/Interruptible
instanceKlass com/naqqa/elasticsearch/common/bytes/BytesReference
instanceKlass com/naqqa/elasticsearch/index/translog/TranslogHeader
instanceKlass com/naqqa/elasticsearch/index/translog/BaseTranslogReader
instanceKlass  @bci com/naqqa/elasticsearch/index/translog/Translog fileForGeneration (Ljava/nio/file/Path;J)Ljava/nio/file/Path; 2 <appendix> form vmentry <vmtarget> ; # java/lang/invoke/LambdaForm$MH+0x000001f201083000
instanceKlass  @bci com/naqqa/elasticsearch/index/translog/Translog fileForGeneration (Ljava/nio/file/Path;J)Ljava/nio/file/Path; 2 <appendix> argL3 form vmentry <vmtarget> ; # java/lang/invoke/LambdaForm$MH+0x000001f201082c00
instanceKlass java/lang/invoke/MethodHandles$1
# instanceKlass java/lang/invoke/LambdaForm$MH+0x000001f201082800
instanceKlass  @bci com/naqqa/elasticsearch/codec/Codec liveDocsFileName (Ljava/lang/String;J)Ljava/lang/String; 7 <appendix> argL2 form vmentry <vmtarget> ; # java/lang/invoke/LambdaForm$MH+0x000001f201082400
# instanceKlass java/lang/invoke/LambdaForm$MH+0x000001f201082000
instanceKlass  @bci com/naqqa/elasticsearch/index/translog/Translog fileForGeneration (Ljava/nio/file/Path;J)Ljava/nio/file/Path; 2 <appendix> argL1 form vmentry <vmtarget> ; # java/lang/invoke/LambdaForm$MH+0x000001f201081c00
# instanceKlass java/lang/invoke/LambdaForm$MH+0x000001f201081800
instanceKlass java/util/Base64$Encoder
instanceKlass java/util/Base64
instanceKlass sun/security/provider/AbstractDrbg$NonceProvider
instanceKlass  @bci sun/security/provider/AbstractDrbg$SeederHolder <clinit> ()V 42 <appendix> member <vmtarget> ; # sun/security/provider/AbstractDrbg$SeederHolder$$Lambda+0x000001f20105dbf0
instanceKlass  @cpi sun/security/provider/AbstractDrbg$SeederHolder 91 form vmentry <vmtarget> ; # java/lang/invoke/LambdaForm$DMH+0x000001f201081400
# instanceKlass java/lang/invoke/LambdaForm$DMH+0x000001f201081000
instanceKlass java/lang/invoke/VarHandle$AccessDescriptor
instanceKlass sun/security/provider/ByteArrayAccess$BE
instanceKlass sun/security/provider/ByteArrayAccess
instanceKlass java/util/Properties$EntrySet
instanceKlass sun/security/provider/SeedGenerator$1
instanceKlass sun/security/util/MessageDigestSpi2
instanceKlass sun/security/jca/GetInstance$Instance
instanceKlass sun/security/jca/GetInstance
instanceKlass java/security/MessageDigestSpi
instanceKlass sun/security/provider/SeedGenerator
instanceKlass sun/security/provider/AbstractDrbg$SeederHolder
instanceKlass java/security/DrbgParameters$NextBytes
instanceKlass java/net/NetworkInterface$1
instanceKlass java/net/DefaultInterface
instanceKlass java/net/Inet6Address$Inet6AddressHolder
instanceKlass java/net/InetAddress$PlatformResolver
instanceKlass java/net/spi/InetAddressResolver
instanceKlass java/net/spi/InetAddressResolver$LookupPolicy
instanceKlass java/net/Inet4AddressImpl
instanceKlass java/net/Inet6AddressImpl
instanceKlass java/net/InetAddressImpl
instanceKlass java/util/concurrent/ConcurrentSkipListMap$Node
instanceKlass java/lang/invoke/VarForm
instanceKlass java/lang/invoke/VarHandleGuards
instanceKlass java/lang/ClassValue$Version
instanceKlass java/lang/ClassValue$Identity
instanceKlass java/lang/ClassValue
instanceKlass java/lang/invoke/VarHandles
instanceKlass java/util/concurrent/ConcurrentSkipListMap$Index
instanceKlass java/util/concurrent/ConcurrentNavigableMap
instanceKlass java/util/NavigableSet
instanceKlass java/util/SortedSet
instanceKlass java/net/InetAddress$InetAddressHolder
instanceKlass java/net/InetAddress$1
instanceKlass jdk/internal/access/JavaNetInetAddressAccess
instanceKlass java/net/InetAddress
instanceKlass java/net/InterfaceAddress
instanceKlass java/net/NetworkInterface
instanceKlass com/naqqa/elasticsearch/common/UUIDs$MacAddressProvider
instanceKlass  @bci sun/security/provider/AbstractDrbg <clinit> ()V 12 <appendix> argL0 ; # sun/security/provider/AbstractDrbg$$Lambda+0x000001f20105acc0
instanceKlass  @cpi sun/security/provider/AbstractDrbg 383 form vmentry <vmtarget> ; # java/lang/invoke/LambdaForm$DMH+0x000001f201080c00
# instanceKlass java/lang/invoke/LambdaForm$DMH+0x000001f201080800
instanceKlass sun/security/provider/EntropySource
instanceKlass sun/security/provider/AbstractDrbg
instanceKlass java/security/DrbgParameters$Instantiation
instanceKlass java/security/DrbgParameters
instanceKlass sun/security/provider/MoreDrbgParameters
instanceKlass  @bci sun/security/provider/DRBG <init> (Ljava/security/SecureRandomParameters;)V 26 <appendix> argL0 ; # sun/security/provider/DRBG$$Lambda+0x000001f2010597b0
# instanceKlass java/lang/invoke/LambdaForm$MH+0x000001f201080400
instanceKlass  @bci com/naqqa/elasticsearch/index/engine/InternalEngine nextSegmentName ()Ljava/lang/String; 12 <appendix> form vmentry <vmtarget> ; # java/lang/invoke/LambdaForm$MH+0x000001f201080000
instanceKlass java/security/SecureRandomSpi
instanceKlass java/security/SecureRandomParameters
instanceKlass jdk/internal/event/Event
instanceKlass sun/security/util/SecurityProviderConstants
instanceKlass java/security/Provider$UString
instanceKlass java/security/Provider$Service
instanceKlass sun/security/provider/NativePRNG$NonBlocking
instanceKlass sun/security/provider/NativePRNG$Blocking
instanceKlass sun/security/provider/NativePRNG
instanceKlass sun/security/provider/SunEntries$1
instanceKlass sun/security/provider/SunEntries
instanceKlass sun/security/util/SecurityConstants
instanceKlass java/util/AbstractList$Itr
instanceKlass java/security/Security$1
instanceKlass jdk/internal/access/JavaSecurityPropertiesAccess
instanceKlass java/util/concurrent/ConcurrentHashMap$MapEntry
instanceKlass java/util/Properties$LineReader
instanceKlass  @bci java/security/Security <clinit> ()V 9 <appendix> argL0 ; # java/security/Security$$Lambda+0x80000000b
instanceKlass java/security/Security
instanceKlass sun/security/jca/ProviderList$2
instanceKlass jdk/internal/math/FloatingDecimal$ASCIIToBinaryBuffer
instanceKlass jdk/internal/math/FloatingDecimal$PreparedASCIIToBinaryBuffer
instanceKlass jdk/internal/math/FloatingDecimal$ASCIIToBinaryConverter
instanceKlass jdk/internal/math/FloatingDecimal$BinaryToASCIIBuffer
instanceKlass jdk/internal/math/FloatingDecimal$ExceptionalBinaryToASCIIBuffer
instanceKlass jdk/internal/math/FloatingDecimal$BinaryToASCIIConverter
instanceKlass jdk/internal/math/FloatingDecimal
instanceKlass java/security/Provider$EngineDescription
instanceKlass java/security/Provider$ServiceKey
instanceKlass sun/security/jca/ProviderConfig
instanceKlass sun/security/jca/ProviderList
instanceKlass sun/security/jca/Providers
instanceKlass java/util/Random
instanceKlass java/util/random/RandomGenerator
instanceKlass com/naqqa/elasticsearch/common/UUIDs
instanceKlass java/nio/file/Files$1
instanceKlass sun/nio/fs/WindowsFileSystem$2
instanceKlass java/nio/file/PathMatcher
instanceKlass  @bci java/util/regex/Pattern negate (Ljava/util/regex/Pattern$CharPredicate;)Ljava/util/regex/Pattern$CharPredicate; 1 <appendix> member <vmtarget> ; # java/util/regex/Pattern$$Lambda+0x800000032
instanceKlass sun/nio/fs/Globs
instanceKlass  @bci java/util/regex/CharPredicates ASCII_DIGIT ()Ljava/util/regex/Pattern$BmpCharPredicate; 0 <appendix> argL0 ; # java/util/regex/CharPredicates$$Lambda+0x800000026
instanceKlass java/util/regex/CharPredicates
instanceKlass java/util/NavigableMap
instanceKlass java/util/SortedMap
instanceKlass com/naqqa/elasticsearch/index/translog/Translog
instanceKlass com/naqqa/elasticsearch/index/seqno/LocalCheckpointTracker
instanceKlass java/util/ComparableTimSort
instanceKlass sun/nio/fs/BasicFileAttributesHolder
instanceKlass sun/nio/fs/WindowsDirectoryStream$WindowsDirectoryIterator
instanceKlass sun/nio/fs/WindowsDirectoryStream
instanceKlass java/nio/file/DirectoryStream
instanceKlass java/nio/file/Files$AcceptAllFilter
instanceKlass java/nio/file/DirectoryStream$Filter
instanceKlass com/naqqa/elasticsearch/codec/segment/SegmentInfos
instanceKlass sun/nio/ch/FileKey
instanceKlass sun/nio/ch/FileLockTable
instanceKlass sun/nio/ch/NativeThread
instanceKlass java/nio/channels/FileLock
instanceKlass java/nio/file/attribute/FileTime
instanceKlass sun/nio/ch/FileChannelImpl$Closer
instanceKlass sun/nio/ch/NativeThreadSet
instanceKlass sun/nio/ch/IOUtil
instanceKlass sun/nio/ch/NativeDispatcher
instanceKlass java/nio/channels/spi/AbstractInterruptibleChannel
instanceKlass java/nio/channels/InterruptibleChannel
instanceKlass java/nio/channels/ScatteringByteChannel
instanceKlass java/nio/channels/GatheringByteChannel
instanceKlass java/nio/channels/SeekableByteChannel
instanceKlass java/nio/channels/ByteChannel
instanceKlass java/nio/channels/WritableByteChannel
instanceKlass java/nio/channels/ReadableByteChannel
instanceKlass java/nio/channels/Channel
instanceKlass sun/nio/fs/WindowsChannelFactory$2
instanceKlass sun/nio/fs/WindowsChannelFactory$Flags
instanceKlass sun/nio/fs/WindowsChannelFactory$1
instanceKlass sun/nio/fs/WindowsChannelFactory
instanceKlass com/naqqa/elasticsearch/index/translog/Operation
instanceKlass com/naqqa/elasticsearch/index/engine/Engine
instanceKlass com/naqqa/elasticsearch/index/engine/IndexingMemoryController$Accountable
instanceKlass com/naqqa/elasticsearch/index/engine/IndexingMemoryController
instanceKlass com/naqqa/elasticsearch/index/engine/EngineConfig
instanceKlass com/naqqa/elasticsearch/common/unit/TimeValue
instanceKlass com/naqqa/elasticsearch/common/unit/ByteSizeValue
instanceKlass com/naqqa/elasticsearch/index/translog/TranslogConfig
instanceKlass sun/nio/fs/WindowsLinkSupport
instanceKlass sun/nio/fs/WindowsSecurityDescriptor
instanceKlass java/nio/file/attribute/FileAttribute
instanceKlass sun/nio/fs/WindowsNativeDispatcher$CompletionStatus
instanceKlass sun/nio/fs/WindowsNativeDispatcher$AclInformation
instanceKlass sun/nio/fs/WindowsNativeDispatcher$Account
instanceKlass sun/nio/fs/WindowsNativeDispatcher$DiskFreeSpace
instanceKlass sun/nio/fs/WindowsNativeDispatcher$VolumeInformation
instanceKlass sun/nio/fs/WindowsNativeDispatcher$FirstStream
instanceKlass sun/nio/fs/WindowsNativeDispatcher$FirstFile
instanceKlass java/util/Enumeration
instanceKlass java/util/concurrent/ConcurrentHashMap$Traverser
instanceKlass jdk/internal/loader/NativeLibraries$3
instanceKlass jdk/internal/loader/NativeLibrary
instanceKlass java/util/ArrayDeque$DeqIterator
instanceKlass jdk/internal/loader/NativeLibraries$NativeLibraryContext$1
instanceKlass jdk/internal/loader/NativeLibraries$NativeLibraryContext
instanceKlass jdk/internal/loader/NativeLibraries$2
instanceKlass jdk/internal/loader/NativeLibraries$1
instanceKlass jdk/internal/loader/NativeLibraries$LibraryPaths
instanceKlass sun/nio/fs/WindowsNativeDispatcher
instanceKlass sun/nio/fs/NativeBuffer$Deallocator
instanceKlass sun/nio/fs/NativeBuffer
instanceKlass java/lang/ThreadLocal$ThreadLocalMap
instanceKlass sun/nio/fs/NativeBuffers
instanceKlass sun/nio/fs/WindowsFileAttributes
instanceKlass java/nio/file/attribute/DosFileAttributes
instanceKlass sun/nio/fs/AbstractBasicFileAttributeView
instanceKlass sun/nio/fs/DynamicFileAttributeView
instanceKlass sun/nio/fs/WindowsFileAttributeViews
instanceKlass sun/nio/fs/Util
instanceKlass java/nio/file/attribute/BasicFileAttributeView
instanceKlass java/nio/file/attribute/FileAttributeView
instanceKlass java/nio/file/attribute/AttributeView
instanceKlass java/nio/file/attribute/BasicFileAttributes
instanceKlass java/nio/file/Files
instanceKlass java/nio/file/CopyOption
instanceKlass java/util/Collections$SynchronizedCollection
instanceKlass com/naqqa/elasticsearch/store/Lock
instanceKlass sun/nio/fs/WindowsPath$1
instanceKlass com/naqqa/elasticsearch/store/DataOutput
instanceKlass com/naqqa/elasticsearch/store/RandomAccessInput
instanceKlass com/naqqa/elasticsearch/store/LockFactory
instanceKlass com/naqqa/elasticsearch/store/DataInput
instanceKlass com/naqqa/elasticsearch/index/mapper/DocumentMapper
instanceKlass com/naqqa/elasticsearch/index/mapper/Mapping
instanceKlass com/naqqa/elasticsearch/index/mapper/MetadataFieldMapper
instanceKlass java/util/Collections$UnmodifiableMap$UnmodifiableEntrySet$UnmodifiableEntry
instanceKlass java/util/Collections$UnmodifiableMap$UnmodifiableEntrySet$1
instanceKlass java/time/LocalDateTime
instanceKlass java/time/chrono/ChronoLocalDateTime
instanceKlass java/time/temporal/Temporal
instanceKlass java/time/zone/ZoneOffsetTransitionRule
instanceKlass java/time/zone/ZoneRules
instanceKlass java/time/format/DateTimeFormatterBuilder$DefaultValueParser
instanceKlass  @bci java/time/format/DateTimeFormatter <clinit> ()V 1075 <appendix> argL0 ; # java/time/format/DateTimeFormatter$$Lambda+0x800000010
instanceKlass  @bci java/time/format/DateTimeFormatter <clinit> ()V 1067 <appendix> argL0 ; # java/time/format/DateTimeFormatter$$Lambda+0x80000000f
instanceKlass java/time/Period
instanceKlass java/time/chrono/ChronoPeriod
instanceKlass java/time/format/DateTimeFormatterBuilder$TextPrinterParser
instanceKlass java/util/TimSort
instanceKlass java/util/Arrays$LegacyMergeSort
instanceKlass java/time/format/DateTimeTextProvider$1
instanceKlass java/time/format/DateTimeTextProvider
instanceKlass java/util/Collections$1
instanceKlass java/util/AbstractMap$SimpleImmutableEntry
instanceKlass java/time/format/DateTimeTextProvider$LocaleStore
instanceKlass java/lang/Long$LongCache
instanceKlass java/time/format/DateTimeFormatterBuilder$InstantPrinterParser
instanceKlass java/time/format/DateTimeFormatterBuilder$StringLiteralPrinterParser
instanceKlass java/time/format/DateTimeFormatterBuilder$ZoneIdPrinterParser
instanceKlass java/time/format/DateTimeFormatterBuilder$OffsetIdPrinterParser
instanceKlass java/time/format/DecimalStyle
instanceKlass java/time/format/DateTimeFormatterBuilder$CompositePrinterParser
instanceKlass java/time/chrono/AbstractChronology
instanceKlass java/time/chrono/Chronology
instanceKlass java/time/format/DateTimeFormatterBuilder$CharLiteralPrinterParser
instanceKlass java/time/format/DateTimeFormatterBuilder$NumberPrinterParser
instanceKlass java/time/format/DateTimeFormatterBuilder$DateTimePrinterParser
instanceKlass java/time/format/DateTimeFormatter
instanceKlass java/time/temporal/JulianFields
instanceKlass java/time/temporal/IsoFields
instanceKlass java/time/temporal/ValueRange
instanceKlass java/time/Duration
instanceKlass java/time/temporal/TemporalAmount
instanceKlass java/time/temporal/TemporalUnit
instanceKlass java/util/regex/Pattern$TreeInfo
instanceKlass java/util/regex/Pattern$BitClass
instanceKlass java/util/regex/ASCII
instanceKlass  @bci java/util/regex/Pattern Single (I)Ljava/util/regex/Pattern$BmpCharPredicate; 1 <appendix> member <vmtarget> ; # java/util/regex/Pattern$$Lambda+0x80000002a
instanceKlass java/util/regex/Pattern$BmpCharPredicate
instanceKlass java/util/regex/Pattern$CharPredicate
instanceKlass java/util/regex/Pattern$Node
instanceKlass java/util/regex/Pattern
instanceKlass  @bci java/time/format/DateTimeFormatterBuilder <clinit> ()V 0 <appendix> argL0 ; # java/time/format/DateTimeFormatterBuilder$$Lambda+0x800000011
instanceKlass java/time/temporal/TemporalQuery
instanceKlass java/time/format/DateTimeFormatterBuilder
instanceKlass com/naqqa/elasticsearch/common/time/JavaDateFormatter
instanceKlass com/naqqa/elasticsearch/common/time/EpochSecondDateFormatter
instanceKlass com/naqqa/elasticsearch/common/time/EpochMillisDateFormatter
instanceKlass  @bci java/time/ZoneOffset ofTotalSeconds (I)Ljava/time/ZoneOffset; 37 <appendix> argL0 ; # java/time/ZoneOffset$$Lambda+0x80000000e
instanceKlass java/time/temporal/TemporalField
instanceKlass java/time/temporal/TemporalAdjuster
instanceKlass java/time/temporal/TemporalAccessor
instanceKlass java/time/ZoneId
instanceKlass com/naqqa/elasticsearch/common/time/DateFormatters
instanceKlass com/naqqa/elasticsearch/common/time/DateFormatter
instanceKlass com/naqqa/elasticsearch/common/json/JsonScalar
instanceKlass  @bci com/naqqa/elasticsearch/index/mapper/TypeParsers builtin ()Ljava/util/Map; 612 <appendix> argL0 ; # com/naqqa/elasticsearch/index/mapper/TypeParsers$$Lambda+0x000001f201034458
instanceKlass  @bci com/naqqa/elasticsearch/index/mapper/TypeParsers builtin ()Ljava/util/Map; 598 <appendix> argL0 ; # com/naqqa/elasticsearch/index/mapper/TypeParsers$$Lambda+0x000001f201033fa8
instanceKlass  @bci com/naqqa/elasticsearch/index/mapper/TypeParsers builtin ()Ljava/util/Map; 584 <appendix> argL0 ; # com/naqqa/elasticsearch/index/mapper/TypeParsers$$Lambda+0x000001f201033af0
instanceKlass  @bci com/naqqa/elasticsearch/index/mapper/TypeParsers builtin ()Ljava/util/Map; 570 <appendix> argL0 ; # com/naqqa/elasticsearch/index/mapper/TypeParsers$$Lambda+0x000001f201033640
instanceKlass  @bci com/naqqa/elasticsearch/index/mapper/TypeParsers builtin ()Ljava/util/Map; 556 <appendix> argL0 ; # com/naqqa/elasticsearch/index/mapper/TypeParsers$$Lambda+0x000001f201033190
instanceKlass  @bci com/naqqa/elasticsearch/index/mapper/TypeParsers builtin ()Ljava/util/Map; 542 <appendix> argL0 ; # com/naqqa/elasticsearch/index/mapper/TypeParsers$$Lambda+0x000001f201032ce0
instanceKlass  @bci com/naqqa/elasticsearch/index/mapper/TypeParsers builtin ()Ljava/util/Map; 528 <appendix> argL0 ; # com/naqqa/elasticsearch/index/mapper/TypeParsers$$Lambda+0x000001f201032830
instanceKlass  @bci com/naqqa/elasticsearch/index/mapper/TypeParsers builtin ()Ljava/util/Map; 514 <appendix> argL0 ; # com/naqqa/elasticsearch/index/mapper/TypeParsers$$Lambda+0x000001f201032380
instanceKlass  @bci com/naqqa/elasticsearch/index/mapper/TypeParsers builtin ()Ljava/util/Map; 500 <appendix> argL0 ; # com/naqqa/elasticsearch/index/mapper/TypeParsers$$Lambda+0x000001f201031ed0
instanceKlass  @bci com/naqqa/elasticsearch/index/mapper/TypeParsers builtin ()Ljava/util/Map; 486 <appendix> argL0 ; # com/naqqa/elasticsearch/index/mapper/TypeParsers$$Lambda+0x000001f201031a18
instanceKlass  @bci com/naqqa/elasticsearch/index/mapper/TypeParsers builtin ()Ljava/util/Map; 472 <appendix> argL0 ; # com/naqqa/elasticsearch/index/mapper/TypeParsers$$Lambda+0x000001f201031568
instanceKlass  @bci com/naqqa/elasticsearch/index/mapper/TypeParsers builtin ()Ljava/util/Map; 458 <appendix> argL0 ; # com/naqqa/elasticsearch/index/mapper/TypeParsers$$Lambda+0x000001f2010310b0
instanceKlass  @bci com/naqqa/elasticsearch/index/mapper/TypeParsers builtin ()Ljava/util/Map; 444 <appendix> argL0 ; # com/naqqa/elasticsearch/index/mapper/TypeParsers$$Lambda+0x000001f201030bf8
instanceKlass  @bci com/naqqa/elasticsearch/index/mapper/TypeParsers builtin ()Ljava/util/Map; 430 <appendix> argL0 ; # com/naqqa/elasticsearch/index/mapper/TypeParsers$$Lambda+0x000001f201030748
instanceKlass  @bci com/naqqa/elasticsearch/index/mapper/TypeParsers builtin ()Ljava/util/Map; 416 <appendix> argL0 ; # com/naqqa/elasticsearch/index/mapper/TypeParsers$$Lambda+0x000001f201030298
instanceKlass  @bci com/naqqa/elasticsearch/index/mapper/TypeParsers builtin ()Ljava/util/Map; 402 <appendix> argL0 ; # com/naqqa/elasticsearch/index/mapper/TypeParsers$$Lambda+0x000001f20102dc08
instanceKlass  @bci com/naqqa/elasticsearch/index/mapper/TypeParsers builtin ()Ljava/util/Map; 388 <appendix> argL0 ; # com/naqqa/elasticsearch/index/mapper/TypeParsers$$Lambda+0x000001f20102d758
instanceKlass  @bci com/naqqa/elasticsearch/index/mapper/TypeParsers builtin ()Ljava/util/Map; 374 <appendix> argL0 ; # com/naqqa/elasticsearch/index/mapper/TypeParsers$$Lambda+0x000001f20102d2a0
instanceKlass  @bci com/naqqa/elasticsearch/index/mapper/RangeFieldMapper typeParser (Lcom/naqqa/elasticsearch/index/mapper/RangeFieldMapper$RangeType;)Lcom/naqqa/elasticsearch/index/mapper/TypeParser; 1 <appendix> member <vmtarget> ; # com/naqqa/elasticsearch/index/mapper/RangeFieldMapper$$Lambda+0x000001f20102fc38
instanceKlass  @bci com/naqqa/elasticsearch/index/mapper/TypeParsers builtin ()Ljava/util/Map; 270 <appendix> argL0 ; # com/naqqa/elasticsearch/index/mapper/TypeParsers$$Lambda+0x000001f20102f350
instanceKlass  @bci com/naqqa/elasticsearch/index/mapper/TypeParsers builtin ()Ljava/util/Map; 256 <appendix> argL0 ; # com/naqqa/elasticsearch/index/mapper/TypeParsers$$Lambda+0x000001f20102eea0
instanceKlass  @bci com/naqqa/elasticsearch/index/mapper/TypeParsers builtin ()Ljava/util/Map; 242 <appendix> argL0 ; # com/naqqa/elasticsearch/index/mapper/TypeParsers$$Lambda+0x000001f20102e9f0
instanceKlass  @bci com/naqqa/elasticsearch/index/mapper/DateFieldMapper typeParser (Z)Lcom/naqqa/elasticsearch/index/mapper/TypeParser; 1 <appendix> member <vmtarget> ; # com/naqqa/elasticsearch/index/mapper/DateFieldMapper$$Lambda+0x000001f20102e540
instanceKlass  @cpi com/naqqa/elasticsearch/index/mapper/DateFieldMapper 202 form vmentry <vmtarget> ; # java/lang/invoke/LambdaForm$DMH+0x000001f20102cc00
instanceKlass  @bci com/naqqa/elasticsearch/index/mapper/TypeParsers builtin ()Ljava/util/Map; 202 <appendix> argL0 ; # com/naqqa/elasticsearch/index/mapper/TypeParsers$$Lambda+0x000001f20102bda0
instanceKlass  @bci com/naqqa/elasticsearch/index/mapper/NumberFieldMapper typeParser (Lcom/naqqa/elasticsearch/index/mapper/NumberFieldMapper$NumberType;)Lcom/naqqa/elasticsearch/index/mapper/TypeParser; 1 <appendix> member <vmtarget> ; # com/naqqa/elasticsearch/index/mapper/NumberFieldMapper$$Lambda+0x000001f20102bb80
instanceKlass  @cpi com/naqqa/elasticsearch/index/mapper/RangeFieldMapper 258 form vmentry <vmtarget> ; # java/lang/invoke/LambdaForm$DMH+0x000001f20102c800
instanceKlass  @bci com/naqqa/elasticsearch/index/mapper/TypeParsers builtin ()Ljava/util/Map; 53 <appendix> argL0 ; # com/naqqa/elasticsearch/index/mapper/TypeParsers$$Lambda+0x000001f20102b298
instanceKlass  @bci com/naqqa/elasticsearch/index/mapper/TypeParsers builtin ()Ljava/util/Map; 39 <appendix> argL0 ; # com/naqqa/elasticsearch/index/mapper/TypeParsers$$Lambda+0x000001f20102ade0
instanceKlass com/naqqa/elasticsearch/index/mapper/FieldMapper
instanceKlass  @bci com/naqqa/elasticsearch/index/mapper/TypeParsers builtin ()Ljava/util/Map; 25 <appendix> argL0 ; # com/naqqa/elasticsearch/index/mapper/TypeParsers$$Lambda+0x000001f20102a690
instanceKlass  @bci com/naqqa/elasticsearch/index/mapper/TypeParsers builtin ()Ljava/util/Map; 11 <appendix> argL0 ; # com/naqqa/elasticsearch/index/mapper/TypeParsers$$Lambda+0x000001f20102a478
instanceKlass  @cpi com/naqqa/elasticsearch/index/mapper/TypeParsers 206 form vmentry <vmtarget> ; # java/lang/invoke/LambdaForm$DMH+0x000001f20102c400
# instanceKlass java/lang/invoke/LambdaForm$DMH+0x000001f20102c000
instanceKlass com/naqqa/elasticsearch/index/mapper/ObjectMapper
instanceKlass com/naqqa/elasticsearch/index/mapper/Mapper
instanceKlass com/naqqa/elasticsearch/common/json/JsonObject
instanceKlass com/naqqa/elasticsearch/common/json/JsonValue
instanceKlass com/naqqa/elasticsearch/index/mapper/TypeParser
instanceKlass com/naqqa/elasticsearch/index/mapper/TypeParsers
instanceKlass com/naqqa/elasticsearch/index/mapper/MappingParserContext
instanceKlass com/naqqa/elasticsearch/common/settings/Settings
instanceKlass com/naqqa/elasticsearch/index/mapper/MapperService
instanceKlass com/naqqa/elasticsearch/analysis/registry/IndexAnalyzers
instanceKlass com/naqqa/elasticsearch/analysis/registry/AnalysisRegistry$Builder$1
instanceKlass  @bci com/naqqa/elasticsearch/analysis/registry/AnalysisRegistry$Builder keywordTokenizerFactory ()Lcom/naqqa/elasticsearch/analysis/TokenizerFactory; 1 <appendix> argL0 ; # com/naqqa/elasticsearch/analysis/registry/AnalysisRegistry$Builder$$Lambda+0x000001f201028238
instanceKlass  @bci com/naqqa/elasticsearch/analysis/registry/AnalysisRegistry$Builder lowercaseNormalizer ()Lcom/naqqa/elasticsearch/analysis/Analyzer; 3 <appendix> argL0 ; # com/naqqa/elasticsearch/analysis/registry/AnalysisRegistry$Builder$$Lambda+0x000001f201028000
instanceKlass com/naqqa/elasticsearch/analysis/lang/c/ThaiAnalyzerFactory$1
instanceKlass  @bci com/naqqa/elasticsearch/analysis/lang/c/ThaiAnalyzerFactory tokenizer ()Ljava/util/function/Supplier; 0 <appendix> argL0 ; # com/naqqa/elasticsearch/analysis/lang/c/ThaiAnalyzerFactory$$Lambda+0x000001f201020a40
instanceKlass  @bci com/naqqa/elasticsearch/analysis/lang/c/ThaiAnalyzerFactory create (Ljava/util/Map;)Lcom/naqqa/elasticsearch/analysis/Analyzer; 29 <appendix> member <vmtarget> ; # com/naqqa/elasticsearch/analysis/lang/c/ThaiAnalyzerFactory$$Lambda+0x000001f201021cf8
instanceKlass  @bci com/naqqa/elasticsearch/analysis/lang/c/ThaiAnalyzerFactory create (Ljava/util/Map;)Lcom/naqqa/elasticsearch/analysis/Analyzer; 18 <appendix> argL0 ; # com/naqqa/elasticsearch/analysis/lang/c/ThaiAnalyzerFactory$$Lambda+0x000001f201021ac0
instanceKlass  @bci com/naqqa/elasticsearch/analysis/lang/c/ThaiAnalyzerFactory create (Ljava/util/Map;)Lcom/naqqa/elasticsearch/analysis/Analyzer; 7 <appendix> argL0 ; # com/naqqa/elasticsearch/analysis/lang/c/ThaiAnalyzerFactory$$Lambda+0x000001f201021888
instanceKlass com/naqqa/elasticsearch/analysis/lang/c/ThaiAnalyzerFactory
instanceKlass com/naqqa/elasticsearch/analysis/lang/c/SoraniAnalyzerFactory$1
instanceKlass  @bci com/naqqa/elasticsearch/analysis/lang/c/SoraniAnalyzerFactory tokenizer ()Ljava/util/function/Supplier; 0 <appendix> argL0 ; # com/naqqa/elasticsearch/analysis/lang/c/SoraniAnalyzerFactory$$Lambda+0x000001f201021238
instanceKlass  @bci com/naqqa/elasticsearch/analysis/lang/c/SoraniAnalyzerFactory create (Ljava/util/Map;)Lcom/naqqa/elasticsearch/analysis/Analyzer; 50 <appendix> argL0 ; # com/naqqa/elasticsearch/analysis/lang/c/SoraniAnalyzerFactory$$Lambda+0x000001f201021000
instanceKlass  @bci com/naqqa/elasticsearch/analysis/lang/c/SoraniAnalyzerFactory create (Ljava/util/Map;)Lcom/naqqa/elasticsearch/analysis/Analyzer; 40 <appendix> member <vmtarget> ; # com/naqqa/elasticsearch/analysis/lang/c/SoraniAnalyzerFactory$$Lambda+0x000001f201023c68
instanceKlass  @bci com/naqqa/elasticsearch/analysis/lang/c/SoraniAnalyzerFactory create (Ljava/util/Map;)Lcom/naqqa/elasticsearch/analysis/Analyzer; 29 <appendix> argL0 ; # com/naqqa/elasticsearch/analysis/lang/c/SoraniAnalyzerFactory$$Lambda+0x000001f201023a30
instanceKlass  @bci com/naqqa/elasticsearch/analysis/lang/c/SoraniAnalyzerFactory create (Ljava/util/Map;)Lcom/naqqa/elasticsearch/analysis/Analyzer; 18 <appendix> argL0 ; # com/naqqa/elasticsearch/analysis/lang/c/SoraniAnalyzerFactory$$Lambda+0x000001f2010237f8
instanceKlass  @bci com/naqqa/elasticsearch/analysis/lang/c/SoraniAnalyzerFactory create (Ljava/util/Map;)Lcom/naqqa/elasticsearch/analysis/Analyzer; 7 <appendix> argL0 ; # com/naqqa/elasticsearch/analysis/lang/c/SoraniAnalyzerFactory$$Lambda+0x000001f2010235c0
instanceKlass com/naqqa/elasticsearch/analysis/lang/c/SoraniAnalyzerFactory
instanceKlass com/naqqa/elasticsearch/analysis/lang/c/PersianAnalyzerFactory$2
instanceKlass  @bci com/naqqa/elasticsearch/analysis/lang/c/PersianAnalyzerFactory tokenizer ()Ljava/util/function/Supplier; 0 <appendix> argL0 ; # com/naqqa/elasticsearch/analysis/lang/c/PersianAnalyzerFactory$$Lambda+0x000001f201022d30
instanceKlass  @bci com/naqqa/elasticsearch/analysis/lang/c/PersianAnalyzerFactory create (Ljava/util/Map;)Lcom/naqqa/elasticsearch/analysis/Analyzer; 58 <appendix> member <vmtarget> ; # com/naqqa/elasticsearch/analysis/lang/c/PersianAnalyzerFactory$$Lambda+0x000001f201022af0
instanceKlass  @bci com/naqqa/elasticsearch/analysis/lang/c/PersianAnalyzerFactory create (Ljava/util/Map;)Lcom/naqqa/elasticsearch/analysis/Analyzer; 47 <appendix> argL0 ; # com/naqqa/elasticsearch/analysis/lang/c/PersianAnalyzerFactory$$Lambda+0x000001f2010228b8
instanceKlass  @bci com/naqqa/elasticsearch/analysis/lang/c/PersianAnalyzerFactory create (Ljava/util/Map;)Lcom/naqqa/elasticsearch/analysis/Analyzer; 36 <appendix> argL0 ; # com/naqqa/elasticsearch/analysis/lang/c/PersianAnalyzerFactory$$Lambda+0x000001f201022680
instanceKlass  @bci com/naqqa/elasticsearch/analysis/lang/c/PersianAnalyzerFactory create (Ljava/util/Map;)Lcom/naqqa/elasticsearch/analysis/Analyzer; 25 <appendix> argL0 ; # com/naqqa/elasticsearch/analysis/lang/c/PersianAnalyzerFactory$$Lambda+0x000001f201022448
instanceKlass  @bci com/naqqa/elasticsearch/analysis/lang/c/PersianAnalyzerFactory create (Ljava/util/Map;)Lcom/naqqa/elasticsearch/analysis/Analyzer; 14 <appendix> argL0 ; # com/naqqa/elasticsearch/analysis/lang/c/PersianAnalyzerFactory$$Lambda+0x000001f201022210
instanceKlass com/naqqa/elasticsearch/analysis/CharFilter
instanceKlass com/naqqa/elasticsearch/analysis/lang/c/PersianAnalyzerFactory$1
instanceKlass com/naqqa/elasticsearch/analysis/CharFilterFactory
instanceKlass com/naqqa/elasticsearch/analysis/lang/c/PersianAnalyzerFactory
instanceKlass com/naqqa/elasticsearch/analysis/lang/c/BengaliAnalyzerFactory$1
instanceKlass  @bci com/naqqa/elasticsearch/analysis/lang/c/BengaliAnalyzerFactory tokenizer ()Ljava/util/function/Supplier; 0 <appendix> argL0 ; # com/naqqa/elasticsearch/analysis/lang/c/BengaliAnalyzerFactory$$Lambda+0x000001f201026e38
instanceKlass  @bci com/naqqa/elasticsearch/analysis/lang/c/BengaliAnalyzerFactory create (Ljava/util/Map;)Lcom/naqqa/elasticsearch/analysis/Analyzer; 61 <appendix> argL0 ; # com/naqqa/elasticsearch/analysis/lang/c/BengaliAnalyzerFactory$$Lambda+0x000001f201026c00
instanceKlass  @bci com/naqqa/elasticsearch/analysis/lang/c/BengaliAnalyzerFactory create (Ljava/util/Map;)Lcom/naqqa/elasticsearch/analysis/Analyzer; 51 <appendix> member <vmtarget> ; # com/naqqa/elasticsearch/analysis/lang/c/BengaliAnalyzerFactory$$Lambda+0x000001f2010269c0
instanceKlass  @bci com/naqqa/elasticsearch/analysis/lang/c/BengaliAnalyzerFactory create (Ljava/util/Map;)Lcom/naqqa/elasticsearch/analysis/Analyzer; 40 <appendix> argL0 ; # com/naqqa/elasticsearch/analysis/lang/c/BengaliAnalyzerFactory$$Lambda+0x000001f201026788
instanceKlass  @bci com/naqqa/elasticsearch/analysis/lang/c/BengaliAnalyzerFactory create (Ljava/util/Map;)Lcom/naqqa/elasticsearch/analysis/Analyzer; 29 <appendix> argL0 ; # com/naqqa/elasticsearch/analysis/lang/c/BengaliAnalyzerFactory$$Lambda+0x000001f201026550
instanceKlass  @bci com/naqqa/elasticsearch/analysis/lang/c/BengaliAnalyzerFactory create (Ljava/util/Map;)Lcom/naqqa/elasticsearch/analysis/Analyzer; 18 <appendix> argL0 ; # com/naqqa/elasticsearch/analysis/lang/c/BengaliAnalyzerFactory$$Lambda+0x000001f201026318
instanceKlass  @bci com/naqqa/elasticsearch/analysis/lang/c/BengaliAnalyzerFactory create (Ljava/util/Map;)Lcom/naqqa/elasticsearch/analysis/Analyzer; 7 <appendix> argL0 ; # com/naqqa/elasticsearch/analysis/lang/c/BengaliAnalyzerFactory$$Lambda+0x000001f2010260e0
instanceKlass com/naqqa/elasticsearch/analysis/lang/c/BengaliAnalyzerFactory
instanceKlass com/naqqa/elasticsearch/analysis/lang/c/HindiAnalyzerFactory$1
instanceKlass  @bci com/naqqa/elasticsearch/analysis/lang/c/HindiAnalyzerFactory tokenizer ()Ljava/util/function/Supplier; 0 <appendix> argL0 ; # com/naqqa/elasticsearch/analysis/lang/c/HindiAnalyzerFactory$$Lambda+0x000001f201025850
instanceKlass  @bci com/naqqa/elasticsearch/analysis/lang/c/HindiAnalyzerFactory create (Ljava/util/Map;)Lcom/naqqa/elasticsearch/analysis/Analyzer; 61 <appendix> argL0 ; # com/naqqa/elasticsearch/analysis/lang/c/HindiAnalyzerFactory$$Lambda+0x000001f201025618
instanceKlass  @bci com/naqqa/elasticsearch/analysis/lang/c/HindiAnalyzerFactory create (Ljava/util/Map;)Lcom/naqqa/elasticsearch/analysis/Analyzer; 51 <appendix> member <vmtarget> ; # com/naqqa/elasticsearch/analysis/lang/c/HindiAnalyzerFactory$$Lambda+0x000001f2010253d8
instanceKlass  @bci com/naqqa/elasticsearch/analysis/lang/c/HindiAnalyzerFactory create (Ljava/util/Map;)Lcom/naqqa/elasticsearch/analysis/Analyzer; 40 <appendix> argL0 ; # com/naqqa/elasticsearch/analysis/lang/c/HindiAnalyzerFactory$$Lambda+0x000001f2010251a0
instanceKlass  @bci com/naqqa/elasticsearch/analysis/lang/c/HindiAnalyzerFactory create (Ljava/util/Map;)Lcom/naqqa/elasticsearch/analysis/Analyzer; 29 <appendix> argL0 ; # com/naqqa/elasticsearch/analysis/lang/c/HindiAnalyzerFactory$$Lambda+0x000001f201024f68
instanceKlass  @bci com/naqqa/elasticsearch/analysis/lang/c/HindiAnalyzerFactory create (Ljava/util/Map;)Lcom/naqqa/elasticsearch/analysis/Analyzer; 18 <appendix> argL0 ; # com/naqqa/elasticsearch/analysis/lang/c/HindiAnalyzerFactory$$Lambda+0x000001f201024d30
instanceKlass  @bci com/naqqa/elasticsearch/analysis/lang/c/HindiAnalyzerFactory create (Ljava/util/Map;)Lcom/naqqa/elasticsearch/analysis/Analyzer; 7 <appendix> argL0 ; # com/naqqa/elasticsearch/analysis/lang/c/HindiAnalyzerFactory$$Lambda+0x000001f201024af8
instanceKlass com/naqqa/elasticsearch/analysis/lang/c/HindiAnalyzerFactory
instanceKlass  @bci com/naqqa/elasticsearch/analysis/lang/a/TurkishAnalyzerFactory create (Ljava/util/Map;)Lcom/naqqa/elasticsearch/analysis/Analyzer; 116 <appendix> argL0 ; # com/naqqa/elasticsearch/analysis/lang/a/TurkishAnalyzerFactory$$Lambda+0x000001f20101fdd0
instanceKlass  @bci com/naqqa/elasticsearch/analysis/lang/a/TurkishAnalyzerFactory create (Ljava/util/Map;)Lcom/naqqa/elasticsearch/analysis/Analyzer; 102 <appendix> argL0 ; # com/naqqa/elasticsearch/analysis/lang/a/TurkishAnalyzerFactory$$Lambda+0x000001f201024240
instanceKlass  @bci com/naqqa/elasticsearch/analysis/lang/a/TurkishAnalyzerFactory create (Ljava/util/Map;)Lcom/naqqa/elasticsearch/analysis/Analyzer; 58 <appendix> member <vmtarget> ; # com/naqqa/elasticsearch/analysis/lang/a/TurkishAnalyzerFactory$$Lambda+0x000001f201024000
instanceKlass  @bci com/naqqa/elasticsearch/analysis/lang/a/TurkishAnalyzerFactory create (Ljava/util/Map;)Lcom/naqqa/elasticsearch/analysis/Analyzer; 40 <appendix> argL0 ; # com/naqqa/elasticsearch/analysis/lang/a/TurkishAnalyzerFactory$$Lambda+0x000001f20101fb98
instanceKlass  @bci com/naqqa/elasticsearch/analysis/lang/a/TurkishAnalyzerFactory create (Ljava/util/Map;)Lcom/naqqa/elasticsearch/analysis/Analyzer; 22 <appendix> argL0 ; # com/naqqa/elasticsearch/analysis/lang/a/TurkishAnalyzerFactory$$Lambda+0x000001f20101f960
instanceKlass com/naqqa/elasticsearch/analysis/lang/a/TurkishAnalyzerFactory
instanceKlass  @bci com/naqqa/elasticsearch/analysis/lang/a/IrishAnalyzerFactory create (Ljava/util/Map;)Lcom/naqqa/elasticsearch/analysis/Analyzer; 152 <appendix> argL0 ; # com/naqqa/elasticsearch/analysis/lang/a/IrishAnalyzerFactory$$Lambda+0x000001f20101f308
instanceKlass  @bci com/naqqa/elasticsearch/analysis/lang/a/IrishAnalyzerFactory create (Ljava/util/Map;)Lcom/naqqa/elasticsearch/analysis/Analyzer; 138 <appendix> argL0 ; # com/naqqa/elasticsearch/analysis/lang/a/IrishAnalyzerFactory$$Lambda+0x000001f20101f0d0
instanceKlass  @bci com/naqqa/elasticsearch/analysis/lang/a/IrishAnalyzerFactory create (Ljava/util/Map;)Lcom/naqqa/elasticsearch/analysis/Analyzer; 92 <appendix> member <vmtarget> ; # com/naqqa/elasticsearch/analysis/lang/a/IrishAnalyzerFactory$$Lambda+0x000001f20101ee90
instanceKlass  @bci com/naqqa/elasticsearch/analysis/lang/a/IrishAnalyzerFactory create (Ljava/util/Map;)Lcom/naqqa/elasticsearch/analysis/Analyzer; 73 <appendix> argL0 ; # com/naqqa/elasticsearch/analysis/lang/a/IrishAnalyzerFactory$$Lambda+0x000001f20101ec58
instanceKlass  @bci com/naqqa/elasticsearch/analysis/lang/a/IrishAnalyzerFactory create (Ljava/util/Map;)Lcom/naqqa/elasticsearch/analysis/Analyzer; 54 <appendix> member <vmtarget> ; # com/naqqa/elasticsearch/analysis/lang/a/IrishAnalyzerFactory$$Lambda+0x000001f20101e7d8
instanceKlass  @bci com/naqqa/elasticsearch/analysis/lang/a/IrishAnalyzerFactory create (Ljava/util/Map;)Lcom/naqqa/elasticsearch/analysis/Analyzer; 34 <appendix> argL0 ; # com/naqqa/elasticsearch/analysis/lang/a/IrishAnalyzerFactory$$Lambda+0x000001f20101e5a0
instanceKlass com/naqqa/elasticsearch/analysis/lang/a/IrishAnalyzerFactory
instanceKlass  @bci com/naqqa/elasticsearch/analysis/lang/a/IndonesianAnalyzerFactory create (Ljava/util/Map;)Lcom/naqqa/elasticsearch/analysis/Analyzer; 115 <appendix> argL0 ; # com/naqqa/elasticsearch/analysis/lang/a/IndonesianAnalyzerFactory$$Lambda+0x000001f20101e188
instanceKlass  @bci com/naqqa/elasticsearch/codec/docvalues/SimpleTermDictionary lookupOrd ([[B[B)I 2 <bsm> form vmentry <vmtarget> ; # java/lang/invoke/LambdaForm$DMH+0x000001f201020400
instanceKlass java/lang/invoke/MethodHandle$1
instanceKlass  @bci com/naqqa/elasticsearch/analysis/lang/a/IndonesianAnalyzerFactory create (Ljava/util/Map;)Lcom/naqqa/elasticsearch/analysis/Analyzer; 101 <appendix> member <vmtarget> ; # com/naqqa/elasticsearch/analysis/lang/a/IndonesianAnalyzerFactory$$Lambda+0x000001f20101df50
instanceKlass  @cpi com/naqqa/elasticsearch/index/engine/segment/SegmentWriter 850 form vmentry <vmtarget> ; # java/lang/invoke/LambdaForm$DMH+0x000001f201020000
instanceKlass  @bci com/naqqa/elasticsearch/analysis/lang/a/IndonesianAnalyzerFactory create (Ljava/util/Map;)Lcom/naqqa/elasticsearch/analysis/Analyzer; 54 <appendix> member <vmtarget> ; # com/naqqa/elasticsearch/analysis/lang/a/IndonesianAnalyzerFactory$$Lambda+0x000001f20101dd10
instanceKlass  @bci com/naqqa/elasticsearch/analysis/lang/a/IndonesianAnalyzerFactory create (Ljava/util/Map;)Lcom/naqqa/elasticsearch/analysis/Analyzer; 35 <appendix> argL0 ; # com/naqqa/elasticsearch/analysis/lang/a/IndonesianAnalyzerFactory$$Lambda+0x000001f20101dad8
instanceKlass com/naqqa/elasticsearch/analysis/lang/a/IndonesianAnalyzerFactory
instanceKlass  @bci com/naqqa/elasticsearch/analysis/lang/a/HungarianAnalyzerFactory create (Ljava/util/Map;)Lcom/naqqa/elasticsearch/analysis/Analyzer; 98 <appendix> argL0 ; # com/naqqa/elasticsearch/analysis/lang/a/HungarianAnalyzerFactory$$Lambda+0x000001f20101d6c0
instanceKlass  @bci com/naqqa/elasticsearch/analysis/lang/a/HungarianAnalyzerFactory create (Ljava/util/Map;)Lcom/naqqa/elasticsearch/analysis/Analyzer; 84 <appendix> argL0 ; # com/naqqa/elasticsearch/analysis/lang/a/HungarianAnalyzerFactory$$Lambda+0x000001f20101d488
instanceKlass  @bci com/naqqa/elasticsearch/analysis/lang/a/HungarianAnalyzerFactory create (Ljava/util/Map;)Lcom/naqqa/elasticsearch/analysis/Analyzer; 40 <appendix> member <vmtarget> ; # com/naqqa/elasticsearch/analysis/lang/a/HungarianAnalyzerFactory$$Lambda+0x000001f20101d248
instanceKlass  @bci com/naqqa/elasticsearch/analysis/lang/a/HungarianAnalyzerFactory create (Ljava/util/Map;)Lcom/naqqa/elasticsearch/analysis/Analyzer; 22 <appendix> argL0 ; # com/naqqa/elasticsearch/analysis/lang/a/HungarianAnalyzerFactory$$Lambda+0x000001f20101d010
instanceKlass com/naqqa/elasticsearch/analysis/lang/a/HungarianAnalyzerFactory
instanceKlass  @bci com/naqqa/elasticsearch/analysis/lang/a/CatalanAnalyzerFactory create (Ljava/util/Map;)Lcom/naqqa/elasticsearch/analysis/Analyzer; 134 <appendix> argL0 ; # com/naqqa/elasticsearch/analysis/lang/a/CatalanAnalyzerFactory$$Lambda+0x000001f20101cbf8
instanceKlass  @bci com/naqqa/elasticsearch/analysis/lang/a/CatalanAnalyzerFactory create (Ljava/util/Map;)Lcom/naqqa/elasticsearch/analysis/Analyzer; 120 <appendix> argL0 ; # com/naqqa/elasticsearch/analysis/lang/a/CatalanAnalyzerFactory$$Lambda+0x000001f20101c9c0
instanceKlass  @bci com/naqqa/elasticsearch/analysis/lang/a/CatalanAnalyzerFactory create (Ljava/util/Map;)Lcom/naqqa/elasticsearch/analysis/Analyzer; 74 <appendix> member <vmtarget> ; # com/naqqa/elasticsearch/analysis/lang/a/CatalanAnalyzerFactory$$Lambda+0x000001f20101c780
instanceKlass  @bci com/naqqa/elasticsearch/analysis/lang/a/CatalanAnalyzerFactory create (Ljava/util/Map;)Lcom/naqqa/elasticsearch/analysis/Analyzer; 55 <appendix> argL0 ; # com/naqqa/elasticsearch/analysis/lang/a/CatalanAnalyzerFactory$$Lambda+0x000001f20101c548
instanceKlass  @bci com/naqqa/elasticsearch/analysis/lang/a/CatalanAnalyzerFactory create (Ljava/util/Map;)Lcom/naqqa/elasticsearch/analysis/Analyzer; 36 <appendix> member <vmtarget> ; # com/naqqa/elasticsearch/analysis/lang/a/CatalanAnalyzerFactory$$Lambda+0x000001f20101c308
instanceKlass com/naqqa/elasticsearch/analysis/lang/a/CatalanAnalyzerFactory
instanceKlass  @bci com/naqqa/elasticsearch/analysis/lang/a/BasqueAnalyzerFactory create (Ljava/util/Map;)Lcom/naqqa/elasticsearch/analysis/Analyzer; 98 <appendix> argL0 ; # com/naqqa/elasticsearch/analysis/lang/a/BasqueAnalyzerFactory$$Lambda+0x000001f20101bef0
instanceKlass  @bci com/naqqa/elasticsearch/analysis/lang/a/BasqueAnalyzerFactory create (Ljava/util/Map;)Lcom/naqqa/elasticsearch/analysis/Analyzer; 84 <appendix> argL0 ; # com/naqqa/elasticsearch/analysis/lang/a/BasqueAnalyzerFactory$$Lambda+0x000001f20101bcb8
instanceKlass  @bci com/naqqa/elasticsearch/analysis/lang/a/BasqueAnalyzerFactory create (Ljava/util/Map;)Lcom/naqqa/elasticsearch/analysis/Analyzer; 40 <appendix> member <vmtarget> ; # com/naqqa/elasticsearch/analysis/lang/a/BasqueAnalyzerFactory$$Lambda+0x000001f20101ba78
instanceKlass  @bci com/naqqa/elasticsearch/analysis/lang/a/BasqueAnalyzerFactory create (Ljava/util/Map;)Lcom/naqqa/elasticsearch/analysis/Analyzer; 22 <appendix> argL0 ; # com/naqqa/elasticsearch/analysis/lang/a/BasqueAnalyzerFactory$$Lambda+0x000001f20101b840
instanceKlass com/naqqa/elasticsearch/analysis/lang/a/BasqueAnalyzerFactory
instanceKlass  @bci com/naqqa/elasticsearch/analysis/lang/a/ArmenianAnalyzerFactory create (Ljava/util/Map;)Lcom/naqqa/elasticsearch/analysis/Analyzer; 98 <appendix> argL0 ; # com/naqqa/elasticsearch/analysis/lang/a/ArmenianAnalyzerFactory$$Lambda+0x000001f20101b428
instanceKlass  @bci com/naqqa/elasticsearch/analysis/lang/a/ArmenianAnalyzerFactory create (Ljava/util/Map;)Lcom/naqqa/elasticsearch/analysis/Analyzer; 84 <appendix> argL0 ; # com/naqqa/elasticsearch/analysis/lang/a/ArmenianAnalyzerFactory$$Lambda+0x000001f20101b1f0
instanceKlass  @bci com/naqqa/elasticsearch/analysis/lang/a/ArmenianAnalyzerFactory create (Ljava/util/Map;)Lcom/naqqa/elasticsearch/analysis/Analyzer; 40 <appendix> member <vmtarget> ; # com/naqqa/elasticsearch/analysis/lang/a/ArmenianAnalyzerFactory$$Lambda+0x000001f20101afb0
instanceKlass  @bci com/naqqa/elasticsearch/analysis/lang/a/ArmenianAnalyzerFactory create (Ljava/util/Map;)Lcom/naqqa/elasticsearch/analysis/Analyzer; 22 <appendix> argL0 ; # com/naqqa/elasticsearch/analysis/lang/a/ArmenianAnalyzerFactory$$Lambda+0x000001f20101ad78
instanceKlass com/naqqa/elasticsearch/analysis/lang/a/ArmenianAnalyzerFactory
instanceKlass com/naqqa/elasticsearch/analysis/lang/a/LangAnalyzerSupport$1
instanceKlass  @bci com/naqqa/elasticsearch/analysis/lang/a/ArabicAnalyzerFactory create (Ljava/util/Map;)Lcom/naqqa/elasticsearch/analysis/Analyzer; 134 <appendix> argL0 ; # com/naqqa/elasticsearch/analysis/lang/a/ArabicAnalyzerFactory$$Lambda+0x000001f20101a728
instanceKlass  @bci com/naqqa/elasticsearch/analysis/lang/a/ArabicAnalyzerFactory create (Ljava/util/Map;)Lcom/naqqa/elasticsearch/analysis/Analyzer; 120 <appendix> argL0 ; # com/naqqa/elasticsearch/analysis/lang/a/ArabicAnalyzerFactory$$Lambda+0x000001f20101a4f0
instanceKlass  @bci com/naqqa/elasticsearch/analysis/lang/a/ArabicAnalyzerFactory create (Ljava/util/Map;)Lcom/naqqa/elasticsearch/analysis/Analyzer; 76 <appendix> argL0 ; # com/naqqa/elasticsearch/analysis/lang/a/ArabicAnalyzerFactory$$Lambda+0x000001f20101a2b8
instanceKlass  @bci com/naqqa/elasticsearch/analysis/lang/a/ArabicAnalyzerFactory create (Ljava/util/Map;)Lcom/naqqa/elasticsearch/analysis/Analyzer; 58 <appendix> member <vmtarget> ; # com/naqqa/elasticsearch/analysis/lang/a/ArabicAnalyzerFactory$$Lambda+0x000001f20101a078
instanceKlass  @bci com/naqqa/elasticsearch/analysis/lang/a/ArabicAnalyzerFactory create (Ljava/util/Map;)Lcom/naqqa/elasticsearch/analysis/Analyzer; 40 <appendix> argL0 ; # com/naqqa/elasticsearch/analysis/lang/a/ArabicAnalyzerFactory$$Lambda+0x000001f201019e40
instanceKlass  @bci com/naqqa/elasticsearch/analysis/lang/a/ArabicAnalyzerFactory create (Ljava/util/Map;)Lcom/naqqa/elasticsearch/analysis/Analyzer; 22 <appendix> argL0 ; # com/naqqa/elasticsearch/analysis/lang/a/ArabicAnalyzerFactory$$Lambda+0x000001f2010199c8
instanceKlass com/naqqa/elasticsearch/analysis/lang/a/LangAnalyzerSupport
instanceKlass com/naqqa/elasticsearch/analysis/lang/a/ArabicAnalyzerFactory
instanceKlass  @bci com/naqqa/elasticsearch/analysis/lang/b/SerbianAnalyzerFactory create (Ljava/util/Map;)Lcom/naqqa/elasticsearch/analysis/Analyzer; 44 <appendix> argL0 ; # com/naqqa/elasticsearch/analysis/lang/b/SerbianAnalyzerFactory$$Lambda+0x000001f201019390
instanceKlass  @bci com/naqqa/elasticsearch/analysis/lang/b/SerbianAnalyzerFactory create (Ljava/util/Map;)Lcom/naqqa/elasticsearch/analysis/Analyzer; 27 <appendix> argL0 ; # com/naqqa/elasticsearch/analysis/lang/b/SerbianAnalyzerFactory$$Lambda+0x000001f201019158
instanceKlass  @bci com/naqqa/elasticsearch/analysis/lang/b/SerbianAnalyzerFactory create (Ljava/util/Map;)Lcom/naqqa/elasticsearch/analysis/Analyzer; 8 <appendix> argL0 ; # com/naqqa/elasticsearch/analysis/lang/b/SerbianAnalyzerFactory$$Lambda+0x000001f201018f20
instanceKlass com/naqqa/elasticsearch/analysis/lang/b/SerbianAnalyzerFactory
instanceKlass  @bci com/naqqa/elasticsearch/analysis/lang/b/LithuanianAnalyzerFactory create (Ljava/util/Map;)Lcom/naqqa/elasticsearch/analysis/Analyzer; 27 <appendix> argL0 ; # com/naqqa/elasticsearch/analysis/lang/b/LithuanianAnalyzerFactory$$Lambda+0x000001f2010188a8
instanceKlass  @bci com/naqqa/elasticsearch/analysis/lang/b/LithuanianAnalyzerFactory create (Ljava/util/Map;)Lcom/naqqa/elasticsearch/analysis/Analyzer; 8 <appendix> argL0 ; # com/naqqa/elasticsearch/analysis/lang/b/LithuanianAnalyzerFactory$$Lambda+0x000001f201018670
instanceKlass com/naqqa/elasticsearch/analysis/lang/b/LithuanianAnalyzerFactory
instanceKlass  @bci com/naqqa/elasticsearch/analysis/lang/b/LatvianAnalyzerFactory create (Ljava/util/Map;)Lcom/naqqa/elasticsearch/analysis/Analyzer; 27 <appendix> argL0 ; # com/naqqa/elasticsearch/analysis/lang/b/LatvianAnalyzerFactory$$Lambda+0x000001f201018238
instanceKlass  @bci com/naqqa/elasticsearch/analysis/lang/b/LatvianAnalyzerFactory create (Ljava/util/Map;)Lcom/naqqa/elasticsearch/analysis/Analyzer; 8 <appendix> argL0 ; # com/naqqa/elasticsearch/analysis/lang/b/LatvianAnalyzerFactory$$Lambda+0x000001f201018000
instanceKlass com/naqqa/elasticsearch/analysis/lang/b/LatvianAnalyzerFactory
instanceKlass  @bci com/naqqa/elasticsearch/analysis/lang/b/GreekAnalyzerFactory create (Ljava/util/Map;)Lcom/naqqa/elasticsearch/analysis/Analyzer; 27 <appendix> argL0 ; # com/naqqa/elasticsearch/analysis/lang/b/GreekAnalyzerFactory$$Lambda+0x000001f201017a80
instanceKlass  @bci com/naqqa/elasticsearch/analysis/lang/b/GreekAnalyzerFactory create (Ljava/util/Map;)Lcom/naqqa/elasticsearch/analysis/Analyzer; 8 <appendix> argL0 ; # com/naqqa/elasticsearch/analysis/lang/b/GreekAnalyzerFactory$$Lambda+0x000001f201017848
instanceKlass com/naqqa/elasticsearch/analysis/lang/b/GreekAnalyzerFactory
instanceKlass  @bci com/naqqa/elasticsearch/analysis/lang/b/GalicianAnalyzerFactory create (Ljava/util/Map;)Lcom/naqqa/elasticsearch/analysis/Analyzer; 27 <appendix> argL0 ; # com/naqqa/elasticsearch/analysis/lang/b/GalicianAnalyzerFactory$$Lambda+0x000001f2010171d0
instanceKlass  @bci com/naqqa/elasticsearch/analysis/lang/b/GalicianAnalyzerFactory create (Ljava/util/Map;)Lcom/naqqa/elasticsearch/analysis/Analyzer; 8 <appendix> argL0 ; # com/naqqa/elasticsearch/analysis/lang/b/GalicianAnalyzerFactory$$Lambda+0x000001f201016f98
instanceKlass com/naqqa/elasticsearch/analysis/lang/b/GalicianAnalyzerFactory
instanceKlass  @bci com/naqqa/elasticsearch/analysis/lang/b/EstonianAnalyzerFactory create (Ljava/util/Map;)Lcom/naqqa/elasticsearch/analysis/Analyzer; 27 <appendix> argL0 ; # com/naqqa/elasticsearch/analysis/lang/b/EstonianAnalyzerFactory$$Lambda+0x000001f201016b60
instanceKlass  @bci com/naqqa/elasticsearch/analysis/lang/b/EstonianAnalyzerFactory create (Ljava/util/Map;)Lcom/naqqa/elasticsearch/analysis/Analyzer; 8 <appendix> argL0 ; # com/naqqa/elasticsearch/analysis/lang/b/EstonianAnalyzerFactory$$Lambda+0x000001f201016928
instanceKlass com/naqqa/elasticsearch/analysis/lang/b/EstonianAnalyzerFactory
instanceKlass  @bci com/naqqa/elasticsearch/analysis/lang/b/CzechAnalyzerFactory create (Ljava/util/Map;)Lcom/naqqa/elasticsearch/analysis/Analyzer; 27 <appendix> argL0 ; # com/naqqa/elasticsearch/analysis/lang/b/CzechAnalyzerFactory$$Lambda+0x000001f2010164f0
instanceKlass  @bci com/naqqa/elasticsearch/analysis/lang/b/CzechAnalyzerFactory create (Ljava/util/Map;)Lcom/naqqa/elasticsearch/analysis/Analyzer; 8 <appendix> argL0 ; # com/naqqa/elasticsearch/analysis/lang/b/CzechAnalyzerFactory$$Lambda+0x000001f2010162b8
instanceKlass com/naqqa/elasticsearch/analysis/lang/b/CzechAnalyzerFactory
instanceKlass  @bci com/naqqa/elasticsearch/analysis/lang/b/BulgarianAnalyzerFactory create (Ljava/util/Map;)Lcom/naqqa/elasticsearch/analysis/Analyzer; 27 <appendix> argL0 ; # com/naqqa/elasticsearch/analysis/lang/b/BulgarianAnalyzerFactory$$Lambda+0x000001f201015e80
instanceKlass  @bci com/naqqa/elasticsearch/analysis/lang/b/BulgarianAnalyzerFactory create (Ljava/util/Map;)Lcom/naqqa/elasticsearch/analysis/Analyzer; 8 <appendix> argL0 ; # com/naqqa/elasticsearch/analysis/lang/b/BulgarianAnalyzerFactory$$Lambda+0x000001f201015c48
instanceKlass com/naqqa/elasticsearch/analysis/lang/b/BulgarianAnalyzerFactory
instanceKlass com/naqqa/elasticsearch/analysis/lang/b/LangAnalyzerSupport$1
instanceKlass  @bci com/naqqa/elasticsearch/analysis/lang/b/BrazilianAnalyzerFactory create (Ljava/util/Map;)Lcom/naqqa/elasticsearch/analysis/Analyzer; 27 <appendix> argL0 ; # com/naqqa/elasticsearch/analysis/lang/b/BrazilianAnalyzerFactory$$Lambda+0x000001f2010155e0
instanceKlass  @bci com/naqqa/elasticsearch/analysis/lang/b/LangAnalyzerSupport baseChain (Lcom/naqqa/elasticsearch/analysis/TokenFilterFactory;Ljava/util/List;Ljava/util/List;)Ljava/util/List; 20 <appendix> member <vmtarget> ; # com/naqqa/elasticsearch/analysis/lang/b/LangAnalyzerSupport$$Lambda+0x000001f2010153a0
instanceKlass com/naqqa/elasticsearch/analysis/stop/StopwordLists
instanceKlass  @bci com/naqqa/elasticsearch/analysis/lang/b/BrazilianAnalyzerFactory create (Ljava/util/Map;)Lcom/naqqa/elasticsearch/analysis/Analyzer; 8 <appendix> argL0 ; # com/naqqa/elasticsearch/analysis/lang/b/BrazilianAnalyzerFactory$$Lambda+0x000001f201014f68
instanceKlass com/naqqa/elasticsearch/analysis/lang/b/LangAnalyzerSupport
instanceKlass com/naqqa/elasticsearch/analysis/lang/b/BrazilianAnalyzerFactory
instanceKlass  @bci com/naqqa/elasticsearch/analysis/registry/BuiltinAnalyzers cjk ()Lcom/naqqa/elasticsearch/analysis/Analyzer; 53 <appendix> argL0 ; # com/naqqa/elasticsearch/analysis/registry/BuiltinAnalyzers$$Lambda+0x000001f201014710
instanceKlass  @bci com/naqqa/elasticsearch/analysis/registry/BuiltinAnalyzers cjk ()Lcom/naqqa/elasticsearch/analysis/Analyzer; 34 <appendix> argL0 ; # com/naqqa/elasticsearch/analysis/registry/BuiltinAnalyzers$$Lambda+0x000001f2010144d8
instanceKlass  @bci com/naqqa/elasticsearch/analysis/registry/BuiltinAnalyzers cjk ()Lcom/naqqa/elasticsearch/analysis/Analyzer; 24 <appendix> argL0 ; # com/naqqa/elasticsearch/analysis/registry/BuiltinAnalyzers$$Lambda+0x000001f2010142a0
instanceKlass  @bci com/naqqa/elasticsearch/analysis/registry/BuiltinAnalyzers cjk ()Lcom/naqqa/elasticsearch/analysis/Analyzer; 14 <appendix> argL0 ; # com/naqqa/elasticsearch/analysis/registry/BuiltinAnalyzers$$Lambda+0x000001f201014068
instanceKlass  @bci com/naqqa/elasticsearch/analysis/registry/BuiltinAnalyzers cjk ()Lcom/naqqa/elasticsearch/analysis/Analyzer; 3 <appendix> argL0 ; # com/naqqa/elasticsearch/analysis/registry/BuiltinAnalyzers$$Lambda+0x000001f201013e30
instanceKlass com/naqqa/elasticsearch/analysis/stem/snowball/FinnishSnowballStemmer
instanceKlass  @bci com/naqqa/elasticsearch/analysis/registry/BuiltinAnalyzers lambda$build$38 ()Lcom/naqqa/elasticsearch/analysis/Analyzer; 3 <appendix> argL0 ; # com/naqqa/elasticsearch/analysis/registry/BuiltinAnalyzers$$Lambda+0x000001f2010139f0
instanceKlass com/naqqa/elasticsearch/analysis/stem/snowball/NorwegianSnowballStemmer
instanceKlass  @bci com/naqqa/elasticsearch/analysis/registry/BuiltinAnalyzers lambda$build$36 ()Lcom/naqqa/elasticsearch/analysis/Analyzer; 3 <appendix> argL0 ; # com/naqqa/elasticsearch/analysis/registry/BuiltinAnalyzers$$Lambda+0x000001f2010135b0
instanceKlass com/naqqa/elasticsearch/analysis/stem/snowball/DanishSnowballStemmer
instanceKlass  @bci com/naqqa/elasticsearch/analysis/registry/BuiltinAnalyzers lambda$build$34 ()Lcom/naqqa/elasticsearch/analysis/Analyzer; 3 <appendix> argL0 ; # com/naqqa/elasticsearch/analysis/registry/BuiltinAnalyzers$$Lambda+0x000001f201013170
instanceKlass com/naqqa/elasticsearch/analysis/stem/snowball/SwedishSnowballStemmer
instanceKlass  @bci com/naqqa/elasticsearch/analysis/registry/BuiltinAnalyzers lambda$build$32 ()Lcom/naqqa/elasticsearch/analysis/Analyzer; 3 <appendix> argL0 ; # com/naqqa/elasticsearch/analysis/registry/BuiltinAnalyzers$$Lambda+0x000001f201012d30
instanceKlass com/naqqa/elasticsearch/analysis/stem/snowball/RussianSnowballStemmer
instanceKlass  @bci com/naqqa/elasticsearch/analysis/registry/BuiltinAnalyzers lambda$build$30 ()Lcom/naqqa/elasticsearch/analysis/Analyzer; 3 <appendix> argL0 ; # com/naqqa/elasticsearch/analysis/registry/BuiltinAnalyzers$$Lambda+0x000001f2010128f0
instanceKlass com/naqqa/elasticsearch/analysis/stem/snowball/SnowballSupport$Among
instanceKlass com/naqqa/elasticsearch/analysis/stem/snowball/SnowballSupport
instanceKlass  @bci com/naqqa/elasticsearch/analysis/registry/BuiltinAnalyzers lambda$build$28 ()Lcom/naqqa/elasticsearch/analysis/Analyzer; 3 <appendix> argL0 ; # com/naqqa/elasticsearch/analysis/registry/BuiltinAnalyzers$$Lambda+0x000001f201012060
instanceKlass  @bci com/naqqa/elasticsearch/analysis/registry/BuiltinAnalyzers lambda$build$26 ()Lcom/naqqa/elasticsearch/analysis/Analyzer; 3 <appendix> argL0 ; # com/naqqa/elasticsearch/analysis/registry/BuiltinAnalyzers$$Lambda+0x000001f201011e48
instanceKlass  @bci com/naqqa/elasticsearch/analysis/registry/BuiltinAnalyzers lambda$build$24 ()Lcom/naqqa/elasticsearch/analysis/Analyzer; 3 <appendix> argL0 ; # com/naqqa/elasticsearch/analysis/registry/BuiltinAnalyzers$$Lambda+0x000001f201011c30
instanceKlass  @bci com/naqqa/elasticsearch/analysis/registry/BuiltinAnalyzers lambda$build$22 ()Lcom/naqqa/elasticsearch/analysis/Analyzer; 3 <appendix> argL0 ; # com/naqqa/elasticsearch/analysis/registry/BuiltinAnalyzers$$Lambda+0x000001f201011a18
instanceKlass  @bci com/naqqa/elasticsearch/analysis/registry/BuiltinAnalyzers lambda$build$20 ()Lcom/naqqa/elasticsearch/analysis/Analyzer; 3 <appendix> argL0 ; # com/naqqa/elasticsearch/analysis/registry/BuiltinAnalyzers$$Lambda+0x000001f201011800
instanceKlass  @bci com/naqqa/elasticsearch/analysis/registry/BuiltinAnalyzers lambda$build$18 ()Lcom/naqqa/elasticsearch/analysis/Analyzer; 3 <appendix> argL0 ; # com/naqqa/elasticsearch/analysis/registry/BuiltinAnalyzers$$Lambda+0x000001f2010115e8
instanceKlass  @bci com/naqqa/elasticsearch/analysis/registry/BuiltinAnalyzers language (Ljava/lang/String;Ljava/util/function/Supplier;Ljava/util/function/Supplier;Ljava/util/List;)Lcom/naqqa/elasticsearch/analysis/Analyzer; 36 <appendix> member <vmtarget> ; # com/naqqa/elasticsearch/analysis/registry/BuiltinAnalyzers$$Lambda+0x000001f2010113a8
instanceKlass  @bci com/naqqa/elasticsearch/analysis/stem/light/CharArrayStemmer <clinit> ()V 0 <appendix> argL0 ; # com/naqqa/elasticsearch/analysis/stem/light/CharArrayStemmer$$Lambda+0x000001f201011190
instanceKlass  @bci com/naqqa/elasticsearch/analysis/registry/BuiltinAnalyzers lambda$build$16 ()Lcom/naqqa/elasticsearch/analysis/Analyzer; 3 <appendix> argL0 ; # com/naqqa/elasticsearch/analysis/registry/BuiltinAnalyzers$$Lambda+0x000001f201010f78
instanceKlass  @bci com/naqqa/elasticsearch/analysis/registry/BuiltinAnalyzers language (Ljava/lang/String;Ljava/util/function/Supplier;Ljava/util/function/Supplier;Ljava/util/List;)Lcom/naqqa/elasticsearch/analysis/Analyzer; 137 <appendix> argL0 ; # com/naqqa/elasticsearch/analysis/registry/BuiltinAnalyzers$$Lambda+0x000001f201010d60
instanceKlass  @bci com/naqqa/elasticsearch/analysis/registry/BuiltinAnalyzers language (Ljava/lang/String;Ljava/util/function/Supplier;Ljava/util/function/Supplier;Ljava/util/List;)Lcom/naqqa/elasticsearch/analysis/Analyzer; 116 <appendix> member <vmtarget> ; # com/naqqa/elasticsearch/analysis/registry/BuiltinAnalyzers$$Lambda+0x000001f201010b20
instanceKlass  @bci com/naqqa/elasticsearch/analysis/registry/BuiltinAnalyzers language (Ljava/lang/String;Ljava/util/function/Supplier;Ljava/util/function/Supplier;Ljava/util/List;)Lcom/naqqa/elasticsearch/analysis/Analyzer; 97 <appendix> member <vmtarget> ; # com/naqqa/elasticsearch/analysis/registry/BuiltinAnalyzers$$Lambda+0x000001f2010108e0
instanceKlass  @bci com/naqqa/elasticsearch/analysis/registry/BuiltinAnalyzers language (Ljava/lang/String;Ljava/util/function/Supplier;Ljava/util/function/Supplier;Ljava/util/List;)Lcom/naqqa/elasticsearch/analysis/Analyzer; 78 <appendix> argL0 ; # com/naqqa/elasticsearch/analysis/registry/BuiltinAnalyzers$$Lambda+0x000001f2010106a8
instanceKlass  @bci com/naqqa/elasticsearch/analysis/registry/BuiltinAnalyzers language (Ljava/lang/String;Ljava/util/function/Supplier;Ljava/util/function/Supplier;Ljava/util/List;)Lcom/naqqa/elasticsearch/analysis/Analyzer; 59 <appendix> member <vmtarget> ; # com/naqqa/elasticsearch/analysis/registry/BuiltinAnalyzers$$Lambda+0x000001f201010468
instanceKlass com/naqqa/elasticsearch/analysis/stem/english/EnglishStemmer
instanceKlass sun/util/locale/LocaleUtils
instanceKlass sun/util/locale/BaseLocale
instanceKlass java/util/Locale
instanceKlass com/naqqa/elasticsearch/analysis/stem/light/CharArrayStemmer
instanceKlass com/naqqa/elasticsearch/analysis/stem/Stemmers
instanceKlass  @bci com/naqqa/elasticsearch/analysis/registry/BuiltinAnalyzers lambda$build$14 ()Lcom/naqqa/elasticsearch/analysis/Analyzer; 8 <appendix> argL0 ; # com/naqqa/elasticsearch/analysis/registry/BuiltinAnalyzers$$Lambda+0x000001f20100da10
instanceKlass com/naqqa/elasticsearch/analysis/stem/english/EnglishPossessiveStemmer
instanceKlass  @bci com/naqqa/elasticsearch/analysis/registry/BuiltinAnalyzers lambda$build$14 ()Lcom/naqqa/elasticsearch/analysis/Analyzer; 3 <appendix> argL0 ; # com/naqqa/elasticsearch/analysis/registry/BuiltinAnalyzers$$Lambda+0x000001f20100d5d0
instanceKlass com/naqqa/elasticsearch/analysis/stem/Stemmer
instanceKlass  @bci com/naqqa/elasticsearch/analysis/registry/BuiltinAnalyzers lambda$build$12 ()Lcom/naqqa/elasticsearch/analysis/Analyzer; 18 <appendix> argL0 ; # com/naqqa/elasticsearch/analysis/registry/BuiltinAnalyzers$$Lambda+0x000001f20100d1a0
instanceKlass  @bci com/naqqa/elasticsearch/analysis/registry/BuiltinAnalyzers lambda$build$12 ()Lcom/naqqa/elasticsearch/analysis/Analyzer; 8 <appendix> argL0 ; # com/naqqa/elasticsearch/analysis/registry/BuiltinAnalyzers$$Lambda+0x000001f20100cf68
instanceKlass  @bci com/naqqa/elasticsearch/analysis/registry/BuiltinAnalyzers lambda$build$12 ()Lcom/naqqa/elasticsearch/analysis/Analyzer; 0 <appendix> argL0 ; # com/naqqa/elasticsearch/analysis/registry/BuiltinAnalyzers$$Lambda+0x000001f20100cd50
instanceKlass  @bci com/naqqa/elasticsearch/analysis/registry/BuiltinAnalyzers lambda$build$9 ()Lcom/naqqa/elasticsearch/analysis/Analyzer; 8 <appendix> argL0 ; # com/naqqa/elasticsearch/analysis/registry/BuiltinAnalyzers$$Lambda+0x000001f20100cb18
instanceKlass  @bci com/naqqa/elasticsearch/analysis/registry/BuiltinAnalyzers lambda$build$9 ()Lcom/naqqa/elasticsearch/analysis/Analyzer; 0 <appendix> argL0 ; # com/naqqa/elasticsearch/analysis/registry/BuiltinAnalyzers$$Lambda+0x000001f20100c900
instanceKlass  @bci com/naqqa/elasticsearch/analysis/registry/BuiltinAnalyzers lambda$build$6 ()Lcom/naqqa/elasticsearch/analysis/Analyzer; 0 <appendix> argL0 ; # com/naqqa/elasticsearch/analysis/registry/BuiltinAnalyzers$$Lambda+0x000001f20100c6e8
instanceKlass  @bci com/naqqa/elasticsearch/analysis/registry/BuiltinAnalyzers lambda$build$5 ()Lcom/naqqa/elasticsearch/analysis/Analyzer; 7 <appendix> argL0 ; # com/naqqa/elasticsearch/analysis/registry/BuiltinAnalyzers$$Lambda+0x000001f20100c270
instanceKlass  @bci com/naqqa/elasticsearch/analysis/registry/BuiltinAnalyzers lambda$build$5 ()Lcom/naqqa/elasticsearch/analysis/Analyzer; 0 <appendix> argL0 ; # com/naqqa/elasticsearch/analysis/registry/BuiltinAnalyzers$$Lambda+0x000001f20100c058
instanceKlass  @bci com/naqqa/elasticsearch/analysis/registry/BuiltinAnalyzers lambda$build$3 ()Lcom/naqqa/elasticsearch/analysis/Analyzer; 0 <appendix> argL0 ; # com/naqqa/elasticsearch/analysis/registry/BuiltinAnalyzers$$Lambda+0x000001f20100be40
instanceKlass  @bci com/naqqa/elasticsearch/analysis/registry/BuiltinAnalyzers lambda$build$2 ()Lcom/naqqa/elasticsearch/analysis/Analyzer; 0 <appendix> argL0 ; # com/naqqa/elasticsearch/analysis/registry/BuiltinAnalyzers$$Lambda+0x000001f20100bc28
instanceKlass java/lang/ThreadLocal
instanceKlass com/naqqa/elasticsearch/analysis/registry/BuiltinAnalyzers$1
instanceKlass com/naqqa/elasticsearch/analysis/TokenFilterFactory$2
instanceKlass com/naqqa/elasticsearch/analysis/TokenFilterFactory$1
instanceKlass com/naqqa/elasticsearch/analysis/TokenFilterFactory
instanceKlass  @bci com/naqqa/elasticsearch/analysis/registry/BuiltinAnalyzers lambda$build$1 ()Lcom/naqqa/elasticsearch/analysis/Analyzer; 8 <appendix> argL0 ; # com/naqqa/elasticsearch/analysis/registry/BuiltinAnalyzers$$Lambda+0x000001f20100a5b0
instanceKlass  @bci com/naqqa/elasticsearch/analysis/registry/BuiltinAnalyzers lambda$build$1 ()Lcom/naqqa/elasticsearch/analysis/Analyzer; 0 <appendix> argL0 ; # com/naqqa/elasticsearch/analysis/registry/BuiltinAnalyzers$$Lambda+0x000001f20100a398
instanceKlass java/util/LinkedHashMap$LinkedHashIterator
instanceKlass  @bci com/naqqa/elasticsearch/analysis/registry/BuiltinAnalyzers build ()Ljava/util/Map; 599 <appendix> argL0 ; # com/naqqa/elasticsearch/analysis/registry/BuiltinAnalyzers$$Lambda+0x000001f20100a180
instanceKlass  @bci com/naqqa/elasticsearch/analysis/registry/BuiltinAnalyzers build ()Ljava/util/Map; 585 <appendix> argL0 ; # com/naqqa/elasticsearch/analysis/registry/BuiltinAnalyzers$$Lambda+0x000001f201009f68
instanceKlass  @bci com/naqqa/elasticsearch/analysis/registry/BuiltinAnalyzers build ()Ljava/util/Map; 571 <appendix> argL0 ; # com/naqqa/elasticsearch/analysis/registry/BuiltinAnalyzers$$Lambda+0x000001f201009d50
instanceKlass  @bci com/naqqa/elasticsearch/analysis/registry/BuiltinAnalyzers build ()Ljava/util/Map; 557 <appendix> argL0 ; # com/naqqa/elasticsearch/analysis/registry/BuiltinAnalyzers$$Lambda+0x000001f201009b38
instanceKlass  @bci com/naqqa/elasticsearch/analysis/registry/BuiltinAnalyzers build ()Ljava/util/Map; 543 <appendix> argL0 ; # com/naqqa/elasticsearch/analysis/registry/BuiltinAnalyzers$$Lambda+0x000001f201009920
instanceKlass  @bci com/naqqa/elasticsearch/analysis/registry/BuiltinAnalyzers build ()Ljava/util/Map; 529 <appendix> argL0 ; # com/naqqa/elasticsearch/analysis/registry/BuiltinAnalyzers$$Lambda+0x000001f201009708
instanceKlass  @bci com/naqqa/elasticsearch/analysis/registry/BuiltinAnalyzers build ()Ljava/util/Map; 515 <appendix> argL0 ; # com/naqqa/elasticsearch/analysis/registry/BuiltinAnalyzers$$Lambda+0x000001f2010094f0
instanceKlass  @bci com/naqqa/elasticsearch/analysis/registry/BuiltinAnalyzers build ()Ljava/util/Map; 501 <appendix> argL0 ; # com/naqqa/elasticsearch/analysis/registry/BuiltinAnalyzers$$Lambda+0x000001f2010092d8
instanceKlass  @bci com/naqqa/elasticsearch/analysis/registry/BuiltinAnalyzers build ()Ljava/util/Map; 487 <appendix> argL0 ; # com/naqqa/elasticsearch/analysis/registry/BuiltinAnalyzers$$Lambda+0x000001f2010090c0
instanceKlass  @bci com/naqqa/elasticsearch/analysis/registry/BuiltinAnalyzers build ()Ljava/util/Map; 473 <appendix> argL0 ; # com/naqqa/elasticsearch/analysis/registry/BuiltinAnalyzers$$Lambda+0x000001f201008ea8
instanceKlass  @bci com/naqqa/elasticsearch/analysis/registry/BuiltinAnalyzers build ()Ljava/util/Map; 459 <appendix> argL0 ; # com/naqqa/elasticsearch/analysis/registry/BuiltinAnalyzers$$Lambda+0x000001f201008c90
instanceKlass  @bci com/naqqa/elasticsearch/analysis/registry/BuiltinAnalyzers build ()Ljava/util/Map; 445 <appendix> argL0 ; # com/naqqa/elasticsearch/analysis/registry/BuiltinAnalyzers$$Lambda+0x000001f201008a78
instanceKlass  @bci com/naqqa/elasticsearch/analysis/registry/BuiltinAnalyzers build ()Ljava/util/Map; 431 <appendix> argL0 ; # com/naqqa/elasticsearch/analysis/registry/BuiltinAnalyzers$$Lambda+0x000001f201008860
instanceKlass  @bci com/naqqa/elasticsearch/analysis/registry/BuiltinAnalyzers build ()Ljava/util/Map; 417 <appendix> argL0 ; # com/naqqa/elasticsearch/analysis/registry/BuiltinAnalyzers$$Lambda+0x000001f201008648
instanceKlass  @bci com/naqqa/elasticsearch/analysis/registry/BuiltinAnalyzers build ()Ljava/util/Map; 403 <appendix> argL0 ; # com/naqqa/elasticsearch/analysis/registry/BuiltinAnalyzers$$Lambda+0x000001f201008430
instanceKlass  @bci com/naqqa/elasticsearch/analysis/registry/BuiltinAnalyzers build ()Ljava/util/Map; 389 <appendix> argL0 ; # com/naqqa/elasticsearch/analysis/registry/BuiltinAnalyzers$$Lambda+0x000001f201008218
instanceKlass  @bci com/naqqa/elasticsearch/analysis/registry/BuiltinAnalyzers build ()Ljava/util/Map; 375 <appendix> argL0 ; # com/naqqa/elasticsearch/analysis/registry/BuiltinAnalyzers$$Lambda+0x000001f201008000
instanceKlass  @bci com/naqqa/elasticsearch/analysis/registry/BuiltinAnalyzers build ()Ljava/util/Map; 361 <appendix> argL0 ; # com/naqqa/elasticsearch/analysis/registry/BuiltinAnalyzers$$Lambda+0x000001f201007d60
instanceKlass  @bci com/naqqa/elasticsearch/analysis/registry/BuiltinAnalyzers build ()Ljava/util/Map; 347 <appendix> argL0 ; # com/naqqa/elasticsearch/analysis/registry/BuiltinAnalyzers$$Lambda+0x000001f201007b48
instanceKlass  @bci com/naqqa/elasticsearch/analysis/registry/BuiltinAnalyzers build ()Ljava/util/Map; 333 <appendix> argL0 ; # com/naqqa/elasticsearch/analysis/registry/BuiltinAnalyzers$$Lambda+0x000001f201007930
instanceKlass  @bci com/naqqa/elasticsearch/analysis/registry/BuiltinAnalyzers build ()Ljava/util/Map; 319 <appendix> argL0 ; # com/naqqa/elasticsearch/analysis/registry/BuiltinAnalyzers$$Lambda+0x000001f201007718
instanceKlass  @bci com/naqqa/elasticsearch/analysis/registry/BuiltinAnalyzers build ()Ljava/util/Map; 305 <appendix> argL0 ; # com/naqqa/elasticsearch/analysis/registry/BuiltinAnalyzers$$Lambda+0x000001f201007500
instanceKlass  @bci com/naqqa/elasticsearch/analysis/registry/BuiltinAnalyzers build ()Ljava/util/Map; 291 <appendix> argL0 ; # com/naqqa/elasticsearch/analysis/registry/BuiltinAnalyzers$$Lambda+0x000001f2010072e8
instanceKlass  @bci com/naqqa/elasticsearch/analysis/registry/BuiltinAnalyzers build ()Ljava/util/Map; 277 <appendix> argL0 ; # com/naqqa/elasticsearch/analysis/registry/BuiltinAnalyzers$$Lambda+0x000001f2010070d0
instanceKlass  @bci com/naqqa/elasticsearch/analysis/registry/BuiltinAnalyzers build ()Ljava/util/Map; 263 <appendix> argL0 ; # com/naqqa/elasticsearch/analysis/registry/BuiltinAnalyzers$$Lambda+0x000001f201006eb8
instanceKlass  @bci com/naqqa/elasticsearch/analysis/registry/BuiltinAnalyzers build ()Ljava/util/Map; 249 <appendix> argL0 ; # com/naqqa/elasticsearch/analysis/registry/BuiltinAnalyzers$$Lambda+0x000001f201006ca0
instanceKlass  @bci com/naqqa/elasticsearch/analysis/registry/BuiltinAnalyzers build ()Ljava/util/Map; 235 <appendix> argL0 ; # com/naqqa/elasticsearch/analysis/registry/BuiltinAnalyzers$$Lambda+0x000001f201006a88
instanceKlass  @bci com/naqqa/elasticsearch/analysis/registry/BuiltinAnalyzers build ()Ljava/util/Map; 221 <appendix> argL0 ; # com/naqqa/elasticsearch/analysis/registry/BuiltinAnalyzers$$Lambda+0x000001f201006870
instanceKlass  @bci com/naqqa/elasticsearch/analysis/registry/BuiltinAnalyzers build ()Ljava/util/Map; 207 <appendix> argL0 ; # com/naqqa/elasticsearch/analysis/registry/BuiltinAnalyzers$$Lambda+0x000001f201006658
instanceKlass  @bci com/naqqa/elasticsearch/analysis/registry/BuiltinAnalyzers build ()Ljava/util/Map; 193 <appendix> argL0 ; # com/naqqa/elasticsearch/analysis/registry/BuiltinAnalyzers$$Lambda+0x000001f201006440
instanceKlass  @bci com/naqqa/elasticsearch/analysis/registry/BuiltinAnalyzers build ()Ljava/util/Map; 179 <appendix> argL0 ; # com/naqqa/elasticsearch/analysis/registry/BuiltinAnalyzers$$Lambda+0x000001f201006228
instanceKlass  @bci com/naqqa/elasticsearch/analysis/registry/BuiltinAnalyzers build ()Ljava/util/Map; 165 <appendix> argL0 ; # com/naqqa/elasticsearch/analysis/registry/BuiltinAnalyzers$$Lambda+0x000001f201006010
instanceKlass  @bci com/naqqa/elasticsearch/analysis/registry/BuiltinAnalyzers build ()Ljava/util/Map; 151 <appendix> argL0 ; # com/naqqa/elasticsearch/analysis/registry/BuiltinAnalyzers$$Lambda+0x000001f201005df8
instanceKlass  @bci com/naqqa/elasticsearch/analysis/registry/BuiltinAnalyzers build ()Ljava/util/Map; 137 <appendix> argL0 ; # com/naqqa/elasticsearch/analysis/registry/BuiltinAnalyzers$$Lambda+0x000001f201005be0
instanceKlass  @bci com/naqqa/elasticsearch/analysis/registry/BuiltinAnalyzers build ()Ljava/util/Map; 123 <appendix> argL0 ; # com/naqqa/elasticsearch/analysis/registry/BuiltinAnalyzers$$Lambda+0x000001f2010059c8
instanceKlass  @bci com/naqqa/elasticsearch/analysis/registry/BuiltinAnalyzers build ()Ljava/util/Map; 109 <appendix> argL0 ; # com/naqqa/elasticsearch/analysis/registry/BuiltinAnalyzers$$Lambda+0x000001f2010057b0
instanceKlass  @bci com/naqqa/elasticsearch/analysis/registry/BuiltinAnalyzers build ()Ljava/util/Map; 95 <appendix> argL0 ; # com/naqqa/elasticsearch/analysis/registry/BuiltinAnalyzers$$Lambda+0x000001f201005598
instanceKlass  @bci com/naqqa/elasticsearch/analysis/registry/BuiltinAnalyzers build ()Ljava/util/Map; 81 <appendix> argL0 ; # com/naqqa/elasticsearch/analysis/registry/BuiltinAnalyzers$$Lambda+0x000001f201005380
instanceKlass  @bci com/naqqa/elasticsearch/analysis/registry/BuiltinAnalyzers build ()Ljava/util/Map; 67 <appendix> argL0 ; # com/naqqa/elasticsearch/analysis/registry/BuiltinAnalyzers$$Lambda+0x000001f201005168
instanceKlass  @bci com/naqqa/elasticsearch/analysis/registry/BuiltinAnalyzers build ()Ljava/util/Map; 53 <appendix> argL0 ; # com/naqqa/elasticsearch/analysis/registry/BuiltinAnalyzers$$Lambda+0x000001f201004f50
instanceKlass  @bci com/naqqa/elasticsearch/analysis/registry/BuiltinAnalyzers build ()Ljava/util/Map; 39 <appendix> argL0 ; # com/naqqa/elasticsearch/analysis/registry/BuiltinAnalyzers$$Lambda+0x000001f201004d38
instanceKlass  @bci com/naqqa/elasticsearch/analysis/registry/BuiltinAnalyzers build ()Ljava/util/Map; 25 <appendix> argL0 ; # com/naqqa/elasticsearch/analysis/registry/BuiltinAnalyzers$$Lambda+0x000001f201004b20
instanceKlass  @bci com/naqqa/elasticsearch/analysis/registry/BuiltinAnalyzers build ()Ljava/util/Map; 11 <appendix> argL0 ; # com/naqqa/elasticsearch/analysis/registry/BuiltinAnalyzers$$Lambda+0x000001f201004908
instanceKlass com/naqqa/elasticsearch/analysis/registry/BuiltinAnalyzers
instanceKlass java/util/Collections$EmptyIterator
instanceKlass com/naqqa/elasticsearch/analysis/AnalysisSettings
instanceKlass com/naqqa/elasticsearch/analysis/TokenizerFactory
instanceKlass com/naqqa/elasticsearch/analysis/Analyzer
instanceKlass com/naqqa/elasticsearch/analysis/TokenStream
instanceKlass com/naqqa/elasticsearch/analysis/registry/AnalysisRegistry$Builder
instanceKlass com/naqqa/elasticsearch/analysis/AnalysisContext
instanceKlass com/naqqa/elasticsearch/analysis/registry/AnalysisRegistry
instanceKlass com/naqqa/elasticsearch/store/Directory
instanceKlass com/naqqa/elasticsearch/index/engine/EngineTestSupport
instanceKlass sun/nio/fs/WindowsPath
instanceKlass java/net/URI$Parser
instanceKlass sun/nio/fs/WindowsPathParser$Result
instanceKlass sun/nio/fs/WindowsPathParser
instanceKlass java/nio/file/FileSystem
instanceKlass java/nio/file/OpenOption
instanceKlass java/nio/file/spi/FileSystemProvider
instanceKlass sun/nio/fs/DefaultFileSystemProvider
instanceKlass java/nio/file/FileSystems$DefaultFileSystemHolder$1
instanceKlass java/nio/file/FileSystems$DefaultFileSystemHolder
instanceKlass java/nio/file/FileSystems
instanceKlass java/nio/file/Paths
instanceKlass jdk/internal/misc/PreviewFeatures
instanceKlass jdk/internal/misc/MainMethodFinder
instanceKlass com/naqqa/elasticsearch/index/engine/IndexingMemoryOomHarness
instanceKlass sun/security/util/Debug
instanceKlass java/security/SecureClassLoader$DebugHolder
instanceKlass java/security/Permission
instanceKlass java/security/Guard
instanceKlass java/security/PermissionCollection
instanceKlass java/security/SecureClassLoader$1
instanceKlass java/io/FileInputStream$1
instanceKlass sun/nio/ByteBuffered
instanceKlass java/lang/Package$VersionInfo
instanceKlass java/lang/NamedPackage
instanceKlass jdk/internal/loader/Resource
instanceKlass jdk/internal/loader/URLClassPath$Loader
instanceKlass jdk/internal/loader/URLClassPath$3
instanceKlass java/security/PrivilegedExceptionAction
instanceKlass sun/net/util/URLUtil
instanceKlass sun/nio/cs/ArrayDecoder
instanceKlass java/nio/charset/CharsetDecoder
instanceKlass sun/launcher/LauncherHelper
instanceKlass jdk/internal/vm/PostVMInitHook$1
instanceKlass jdk/internal/util/EnvUtils
instanceKlass jdk/internal/vm/PostVMInitHook$2
instanceKlass jdk/internal/vm/PostVMInitHook
instanceKlass java/lang/invoke/StringConcatFactory
instanceKlass jdk/internal/module/ModuleBootstrap$SafeModuleFinder
instanceKlass java/nio/charset/CoderResult
instanceKlass java/lang/StringCoding
instanceKlass java/lang/Readable
instanceKlass java/lang/ModuleLayer$Controller
instanceKlass java/util/concurrent/CopyOnWriteArrayList
instanceKlass jdk/internal/module/ServicesCatalog$ServiceProvider
instanceKlass jdk/internal/loader/AbstractClassLoaderValue$Memoizer
instanceKlass jdk/internal/module/ModuleLoaderMap$Modules
instanceKlass jdk/internal/module/ModuleLoaderMap$Mapper
instanceKlass jdk/internal/module/ModuleLoaderMap
instanceKlass java/lang/module/ResolvedModule
instanceKlass java/util/Collections$UnmodifiableCollection$1
instanceKlass java/util/SequencedMap
instanceKlass java/util/SequencedSet
instanceKlass java/lang/ModuleLayer
instanceKlass java/util/ImmutableCollections$ListItr
instanceKlass java/util/ListIterator
instanceKlass java/lang/module/ModuleFinder$1
instanceKlass java/nio/file/Path
instanceKlass java/nio/file/Watchable
instanceKlass java/lang/module/Resolver
instanceKlass java/lang/module/Configuration
instanceKlass  @bci java/util/stream/FindOps$FindSink$OfRef <clinit> ()V 43 <appendix> argL0 ; # java/util/stream/FindOps$FindSink$OfRef$$Lambda+0x80000004d
instanceKlass  @bci java/util/stream/FindOps$FindSink$OfRef <clinit> ()V 38 <appendix> argL0 ; # java/util/stream/FindOps$FindSink$OfRef$$Lambda+0x80000004f
instanceKlass  @bci java/util/stream/FindOps$FindSink$OfRef <clinit> ()V 16 <appendix> argL0 ; # java/util/stream/FindOps$FindSink$OfRef$$Lambda+0x80000004e
instanceKlass  @bci java/util/stream/FindOps$FindSink$OfRef <clinit> ()V 11 <appendix> argL0 ; # java/util/stream/FindOps$FindSink$OfRef$$Lambda+0x800000050
instanceKlass java/util/stream/FindOps$FindOp
instanceKlass java/util/stream/FindOps$FindSink
instanceKlass java/util/stream/FindOps
instanceKlass  @bci jdk/internal/module/DefaultRoots exportsAPI (Ljava/lang/module/ModuleDescriptor;)Z 9 <appendix> argL0 ; # jdk/internal/module/DefaultRoots$$Lambda+0x800000056
instanceKlass java/util/stream/Sink$ChainedReference
instanceKlass java/util/stream/ReduceOps$AccumulatingSink
instanceKlass java/util/stream/TerminalSink
instanceKlass java/util/stream/Sink
instanceKlass java/util/function/Consumer
instanceKlass java/util/stream/ReduceOps$Box
instanceKlass java/util/stream/ReduceOps$ReduceOp
instanceKlass java/util/stream/TerminalOp
instanceKlass java/util/stream/ReduceOps
instanceKlass  @bci java/util/stream/Collectors castingIdentity ()Ljava/util/function/Function; 0 <appendix> argL0 ; # java/util/stream/Collectors$$Lambda+0x800000043
instanceKlass  @bci java/util/stream/Collectors toSet ()Ljava/util/stream/Collector; 14 <appendix> argL0 ; # java/util/stream/Collectors$$Lambda+0x800000041
instanceKlass java/util/function/BinaryOperator
instanceKlass  @bci java/util/stream/Collectors toSet ()Ljava/util/stream/Collector; 9 <appendix> argL0 ; # java/util/stream/Collectors$$Lambda+0x80000003a
instanceKlass java/util/function/BiConsumer
instanceKlass  @bci java/util/stream/Collectors toSet ()Ljava/util/stream/Collector; 4 <appendix> argL0 ; # java/util/stream/Collectors$$Lambda+0x800000046
instanceKlass java/util/stream/Collector
instanceKlass java/util/Collections$UnmodifiableCollection
instanceKlass java/util/stream/Collectors
instanceKlass  @bci jdk/internal/module/DefaultRoots compute (Ljava/lang/module/ModuleFinder;Ljava/lang/module/ModuleFinder;)Ljava/util/Set; 42 <appendix> argL0 ; # jdk/internal/module/DefaultRoots$$Lambda+0x800000053
instanceKlass  @bci jdk/internal/module/DefaultRoots compute (Ljava/lang/module/ModuleFinder;Ljava/lang/module/ModuleFinder;)Ljava/util/Set; 32 <appendix> member <vmtarget> ; # jdk/internal/module/DefaultRoots$$Lambda+0x800000057
instanceKlass  @bci jdk/internal/module/DefaultRoots compute (Ljava/lang/module/ModuleFinder;Ljava/lang/module/ModuleFinder;)Ljava/util/Set; 21 <appendix> argL0 ; # jdk/internal/module/DefaultRoots$$Lambda+0x800000054
instanceKlass java/util/concurrent/ForkJoinPool$ManagedBlocker
instanceKlass java/util/concurrent/locks/AbstractQueuedSynchronizer$Node
instanceKlass java/lang/ref/Cleaner$Cleanable
instanceKlass jdk/internal/ref/CleanerImpl
instanceKlass java/lang/ref/Cleaner$1
instanceKlass java/lang/ref/Cleaner
instanceKlass jdk/internal/ref/CleanerFactory$1
instanceKlass java/util/concurrent/ThreadFactory
instanceKlass jdk/internal/ref/CleanerFactory
instanceKlass  @bci com/naqqa/elasticsearch/codec/docvalues/SimpleTermDictionary lookupOrd ([[B[B)I 2 <appendix> form vmentry <vmtarget> ; # java/lang/invoke/LambdaForm$MH+0x000001f201000800
instanceKlass  @bci jdk/internal/module/DefaultRoots compute (Ljava/lang/module/ModuleFinder;Ljava/lang/module/ModuleFinder;)Ljava/util/Set; 11 <appendix> argL0 ; # jdk/internal/module/DefaultRoots$$Lambda+0x800000055
instanceKlass java/lang/invoke/LambdaProxyClassArchive
instanceKlass java/lang/invoke/InfoFromMemberName
instanceKlass java/lang/invoke/MethodHandleInfo
instanceKlass jdk/internal/org/objectweb/asm/ConstantDynamic
instanceKlass jdk/internal/org/objectweb/asm/Handle
instanceKlass sun/security/action/GetBooleanAction
instanceKlass java/lang/invoke/AbstractValidatingLambdaMetafactory
instanceKlass java/lang/invoke/BootstrapMethodInvoker
instanceKlass java/util/function/Predicate
instanceKlass java/lang/WeakPairMap$Pair$Lookup
instanceKlass java/lang/WeakPairMap$Pair
instanceKlass java/lang/WeakPairMap
instanceKlass java/lang/Module$ReflectionData
instanceKlass java/lang/invoke/LambdaMetafactory
# instanceKlass java/lang/invoke/LambdaForm$MH+0x000001f201000400
instanceKlass java/lang/invoke/MethodHandles$Lookup$ClassDefiner
instanceKlass java/lang/invoke/MethodHandles$Lookup$ClassFile
instanceKlass jdk/internal/org/objectweb/asm/Handler
instanceKlass jdk/internal/org/objectweb/asm/Attribute
instanceKlass jdk/internal/org/objectweb/asm/FieldVisitor
instanceKlass java/util/ArrayList$Itr
instanceKlass sun/invoke/empty/Empty
instanceKlass sun/invoke/util/VerifyType
instanceKlass java/lang/invoke/InvokerBytecodeGenerator$ClassData
instanceKlass jdk/internal/org/objectweb/asm/AnnotationVisitor
instanceKlass jdk/internal/org/objectweb/asm/Frame
instanceKlass jdk/internal/org/objectweb/asm/Label
instanceKlass jdk/internal/org/objectweb/asm/Type
instanceKlass jdk/internal/org/objectweb/asm/MethodVisitor
instanceKlass sun/invoke/util/BytecodeDescriptor
instanceKlass jdk/internal/org/objectweb/asm/ByteVector
instanceKlass jdk/internal/org/objectweb/asm/Symbol
instanceKlass jdk/internal/org/objectweb/asm/SymbolTable
instanceKlass jdk/internal/org/objectweb/asm/ClassVisitor
instanceKlass java/lang/invoke/LambdaFormBuffer
instanceKlass java/lang/invoke/LambdaFormEditor$TransformKey
instanceKlass java/lang/invoke/LambdaFormEditor
instanceKlass java/lang/invoke/Invokers$Holder
instanceKlass java/lang/invoke/DelegatingMethodHandle$Holder
instanceKlass java/lang/invoke/DirectMethodHandle$2
instanceKlass java/lang/invoke/ClassSpecializer$Factory
instanceKlass java/lang/invoke/ClassSpecializer$SpeciesData
instanceKlass java/lang/invoke/ClassSpecializer$1
instanceKlass java/lang/invoke/ClassSpecializer
instanceKlass java/lang/invoke/InvokerBytecodeGenerator$1
instanceKlass java/lang/invoke/InvokerBytecodeGenerator
instanceKlass java/lang/invoke/LambdaForm$Holder
instanceKlass java/lang/invoke/LambdaForm$Name
instanceKlass java/lang/reflect/Array
instanceKlass java/lang/invoke/Invokers
instanceKlass sun/invoke/util/ValueConversions
instanceKlass java/lang/invoke/DirectMethodHandle$Holder
instanceKlass java/lang/Void
instanceKlass sun/invoke/util/Wrapper$Format
instanceKlass java/lang/invoke/MethodHandleImpl$1
instanceKlass jdk/internal/access/JavaLangInvokeAccess
instanceKlass java/lang/invoke/LambdaForm$NamedFunction
instanceKlass java/lang/invoke/MethodHandleImpl
instanceKlass jdk/internal/reflect/MethodHandleAccessorFactory$LazyStaticHolder
instanceKlass java/lang/invoke/MethodTypeForm
instanceKlass java/lang/invoke/MethodType$ConcurrentWeakInternSet
instanceKlass sun/reflect/annotation/AnnotationParser
instanceKlass java/lang/Class$3
instanceKlass java/lang/PublicMethods$Key
instanceKlass java/lang/PublicMethods$MethodList
instanceKlass java/util/EnumMap$1
instanceKlass java/util/stream/StreamOpFlag$MaskBuilder
instanceKlass java/util/stream/Stream
instanceKlass java/util/stream/BaseStream
instanceKlass java/util/stream/PipelineHelper
instanceKlass java/util/stream/StreamSupport
instanceKlass java/util/Spliterators$IteratorSpliterator
instanceKlass java/util/Spliterator$OfDouble
instanceKlass java/util/Spliterator$OfLong
instanceKlass java/util/Spliterator$OfInt
instanceKlass java/util/Spliterator$OfPrimitive
instanceKlass java/util/Spliterator
instanceKlass java/util/Spliterators$EmptySpliterator
instanceKlass java/util/Spliterators
instanceKlass jdk/internal/module/DefaultRoots
instanceKlass jdk/internal/loader/BuiltinClassLoader$LoadedModule
instanceKlass jdk/internal/loader/AbstractClassLoaderValue
instanceKlass jdk/internal/module/ServicesCatalog
instanceKlass java/util/Deque
instanceKlass java/util/Queue
instanceKlass sun/net/util/IPAddressUtil$MASKS
instanceKlass sun/net/util/IPAddressUtil
instanceKlass java/net/URLStreamHandler
instanceKlass sun/net/www/ParseUtil
instanceKlass java/net/URL$3
instanceKlass jdk/internal/access/JavaNetURLAccess
instanceKlass java/net/URL$DefaultFactory
instanceKlass java/net/URLStreamHandlerFactory
instanceKlass jdk/internal/loader/URLClassPath
instanceKlass java/security/Principal
instanceKlass java/security/ProtectionDomain$Key
instanceKlass java/security/ProtectionDomain$JavaSecurityAccessImpl
instanceKlass jdk/internal/access/JavaSecurityAccess
instanceKlass java/lang/ClassLoader$ParallelLoaders
instanceKlass java/security/cert/Certificate
instanceKlass jdk/internal/loader/ArchivedClassLoaders
instanceKlass java/util/concurrent/ConcurrentHashMap$CollectionView
instanceKlass jdk/internal/loader/ClassLoaderHelper
instanceKlass jdk/internal/loader/NativeLibraries
instanceKlass java/lang/Module$EnableNativeAccess
instanceKlass jdk/internal/loader/BootLoader
instanceKlass java/util/Optional
instanceKlass jdk/internal/module/SystemModuleFinders$SystemModuleFinder
instanceKlass java/lang/module/ModuleFinder
instanceKlass jdk/internal/module/SystemModuleFinders$3
instanceKlass jdk/internal/module/ModuleHashes$HashSupplier
instanceKlass jdk/internal/module/SystemModuleFinders$2
instanceKlass java/util/function/Supplier
instanceKlass java/lang/module/ModuleReference
instanceKlass jdk/internal/module/ModuleResolution
instanceKlass java/util/Collections$UnmodifiableMap
instanceKlass jdk/internal/module/ModuleHashes$Builder
instanceKlass jdk/internal/module/ModuleHashes
instanceKlass jdk/internal/module/ModuleTarget
instanceKlass java/util/ImmutableCollections$Set12$1
instanceKlass java/lang/reflect/AccessFlag$18
instanceKlass java/lang/reflect/AccessFlag$17
instanceKlass java/lang/reflect/AccessFlag$16
instanceKlass java/lang/reflect/AccessFlag$15
instanceKlass java/lang/reflect/AccessFlag$14
instanceKlass java/lang/reflect/AccessFlag$13
instanceKlass java/lang/reflect/AccessFlag$12
instanceKlass java/lang/reflect/AccessFlag$11
instanceKlass java/lang/reflect/AccessFlag$10
instanceKlass java/lang/reflect/AccessFlag$9
instanceKlass java/lang/reflect/AccessFlag$8
instanceKlass java/lang/reflect/AccessFlag$7
instanceKlass java/lang/reflect/AccessFlag$6
instanceKlass java/lang/reflect/AccessFlag$5
instanceKlass java/lang/reflect/AccessFlag$4
instanceKlass java/lang/reflect/AccessFlag$3
instanceKlass java/lang/reflect/AccessFlag$2
instanceKlass java/lang/reflect/AccessFlag$1
instanceKlass java/lang/module/ModuleDescriptor$Version
instanceKlass java/lang/module/ModuleDescriptor$Provides
instanceKlass java/lang/module/ModuleDescriptor$Opens
instanceKlass java/util/ImmutableCollections$SetN$SetNIterator
instanceKlass java/lang/module/ModuleDescriptor$Exports
instanceKlass java/lang/module/ModuleDescriptor$Requires
instanceKlass jdk/internal/module/Builder
instanceKlass jdk/internal/module/SystemModules$all
instanceKlass jdk/internal/module/SystemModules
instanceKlass jdk/internal/module/SystemModulesMap
instanceKlass java/net/URI$1
instanceKlass jdk/internal/access/JavaNetUriAccess
instanceKlass java/net/URI
instanceKlass jdk/internal/module/SystemModuleFinders
instanceKlass jdk/internal/module/ArchivedModuleGraph
instanceKlass jdk/internal/module/ArchivedBootLayer
instanceKlass jdk/internal/module/ModuleBootstrap$Counters
instanceKlass jdk/internal/module/ModulePatcher
instanceKlass java/io/FileSystem
instanceKlass java/io/DefaultFileSystem
instanceKlass java/io/File
instanceKlass java/lang/module/ModuleDescriptor$1
instanceKlass jdk/internal/access/JavaLangModuleAccess
instanceKlass sun/invoke/util/VerifyAccess
instanceKlass java/util/KeyValueHolder
instanceKlass java/util/ImmutableCollections$MapN$MapNIterator
instanceKlass java/lang/StrictMath
instanceKlass java/lang/invoke/MethodHandles$Lookup
instanceKlass java/lang/invoke/MemberName$Factory
instanceKlass java/lang/invoke/MethodHandles
instanceKlass java/lang/module/ModuleDescriptor
instanceKlass jdk/internal/module/ModuleBootstrap
instanceKlass java/lang/Character$CharacterCache
instanceKlass java/util/HexFormat
instanceKlass jdk/internal/util/ClassFileDumper
instanceKlass sun/security/action/GetPropertyAction
instanceKlass java/lang/invoke/MethodHandleStatics
instanceKlass jdk/internal/misc/Blocker
instanceKlass java/util/concurrent/locks/AbstractQueuedSynchronizer$ConditionObject
instanceKlass java/util/concurrent/locks/Condition
instanceKlass java/util/Collections
instanceKlass java/lang/Thread$ThreadIdentifiers
instanceKlass sun/io/Win32ErrorMode
instanceKlass jdk/internal/misc/OSEnvironment
instanceKlass java/lang/Integer$IntegerCache
instanceKlass jdk/internal/misc/Signal$NativeHandler
instanceKlass java/util/Hashtable$Entry
instanceKlass jdk/internal/misc/Signal
instanceKlass java/lang/Terminator$1
instanceKlass jdk/internal/misc/Signal$Handler
instanceKlass java/lang/Terminator
instanceKlass java/nio/ByteOrder
instanceKlass java/nio/Buffer$2
instanceKlass jdk/internal/access/JavaNioAccess
instanceKlass java/nio/Buffer$1
instanceKlass jdk/internal/misc/ScopedMemoryAccess
instanceKlass java/nio/charset/CodingErrorAction
instanceKlass sun/nio/cs/SingleByte
instanceKlass java/lang/StringUTF16
instanceKlass sun/nio/cs/MS1252$Holder
instanceKlass sun/nio/cs/ArrayEncoder
instanceKlass java/nio/charset/CharsetEncoder
instanceKlass java/io/Writer
instanceKlass java/io/PrintStream$1
instanceKlass jdk/internal/access/JavaIOPrintStreamAccess
instanceKlass jdk/internal/misc/InternalLock
instanceKlass java/io/OutputStream
instanceKlass java/io/Flushable
instanceKlass java/io/FileDescriptor$1
instanceKlass jdk/internal/access/JavaIOFileDescriptorAccess
instanceKlass java/io/FileDescriptor
instanceKlass jdk/internal/util/StaticProperty
instanceKlass jdk/internal/reflect/MethodHandleAccessorFactory
instanceKlass java/lang/reflect/Modifier
instanceKlass java/lang/Class$1
instanceKlass java/lang/Class$Atomic
instanceKlass java/lang/Class$ReflectionData
instanceKlass java/nio/charset/StandardCharsets
instanceKlass sun/nio/cs/HistoricallyNamedCharset
instanceKlass java/nio/charset/spi/CharsetProvider
instanceKlass java/nio/charset/Charset
instanceKlass java/util/HashMap$HashIterator
instanceKlass java/util/concurrent/locks/LockSupport
instanceKlass java/util/concurrent/ConcurrentHashMap$Node
instanceKlass java/util/concurrent/ConcurrentHashMap$CounterCell
instanceKlass java/util/concurrent/locks/ReentrantLock
instanceKlass java/util/concurrent/locks/Lock
instanceKlass java/lang/CharacterData
instanceKlass java/util/Arrays
instanceKlass jdk/internal/util/Preconditions$3
instanceKlass jdk/internal/util/Preconditions$2
instanceKlass jdk/internal/util/Preconditions$4
instanceKlass java/util/function/BiFunction
instanceKlass jdk/internal/util/Preconditions$1
instanceKlass java/util/function/Function
instanceKlass jdk/internal/util/Preconditions
instanceKlass java/lang/Runtime
instanceKlass java/lang/VersionProps
instanceKlass java/lang/StringConcatHelper
instanceKlass java/util/HashMap$Node
instanceKlass java/util/Map$Entry
instanceKlass jdk/internal/util/ArraysSupport
instanceKlass jdk/internal/util/SystemProps$Raw
instanceKlass jdk/internal/util/SystemProps
instanceKlass java/lang/System$2
instanceKlass jdk/internal/access/JavaLangAccess
instanceKlass java/lang/ref/NativeReferenceQueue$Lock
instanceKlass java/lang/ref/ReferenceQueue
instanceKlass java/lang/ref/Reference$1
instanceKlass jdk/internal/access/JavaLangRefAccess
instanceKlass jdk/internal/reflect/ReflectionFactory
instanceKlass java/lang/Math
instanceKlass java/lang/StringLatin1
instanceKlass jdk/internal/reflect/Reflection
instanceKlass jdk/internal/reflect/ReflectionFactory$GetReflectionFactoryAction
instanceKlass java/security/PrivilegedAction
instanceKlass jdk/internal/access/SharedSecrets
instanceKlass java/lang/reflect/ReflectAccess
instanceKlass jdk/internal/access/JavaLangReflectAccess
instanceKlass java/util/ImmutableCollections
instanceKlass java/util/Objects
instanceKlass java/util/Set
instanceKlass jdk/internal/misc/CDS
instanceKlass java/lang/Module$ArchivedData
instanceKlass jdk/internal/misc/VM
instanceKlass java/lang/String$CaseInsensitiveComparator
instanceKlass java/util/Comparator
instanceKlass java/io/ObjectStreamField
instanceKlass jdk/internal/vm/FillerObject
instanceKlass jdk/internal/vm/vector/VectorSupport$VectorPayload
instanceKlass jdk/internal/vm/vector/VectorSupport
instanceKlass java/lang/reflect/RecordComponent
instanceKlass java/util/Iterator
instanceKlass java/lang/Number
instanceKlass java/lang/Character
instanceKlass java/lang/Boolean
instanceKlass java/util/concurrent/locks/AbstractOwnableSynchronizer
instanceKlass java/lang/LiveStackFrame
instanceKlass java/lang/StackFrameInfo
instanceKlass java/lang/StackWalker$StackFrame
instanceKlass java/lang/StackStreamFactory$AbstractStackWalker
instanceKlass java/lang/StackWalker
instanceKlass java/nio/Buffer
instanceKlass java/lang/StackTraceElement
instanceKlass java/util/RandomAccess
instanceKlass java/util/List
instanceKlass java/util/SequencedCollection
instanceKlass java/util/AbstractCollection
instanceKlass java/util/Collection
instanceKlass java/lang/Iterable
instanceKlass java/util/concurrent/ConcurrentMap
instanceKlass java/util/AbstractMap
instanceKlass java/security/CodeSource
instanceKlass jdk/internal/loader/ClassLoaders
instanceKlass java/util/jar/Manifest
instanceKlass java/lang/Enum
instanceKlass java/net/URL
instanceKlass java/io/InputStream
instanceKlass java/io/Closeable
instanceKlass java/lang/AutoCloseable
instanceKlass jdk/internal/module/Modules
instanceKlass jdk/internal/misc/Unsafe
instanceKlass jdk/internal/misc/UnsafeConstants
instanceKlass java/lang/AbstractStringBuilder
instanceKlass java/lang/Appendable
instanceKlass java/lang/AssertionStatusDirectives
instanceKlass java/lang/invoke/MethodHandleNatives$CallSiteContext
instanceKlass jdk/internal/foreign/abi/ABIDescriptor
instanceKlass jdk/internal/foreign/abi/NativeEntryPoint
instanceKlass java/lang/invoke/CallSite
instanceKlass java/lang/invoke/MethodType
instanceKlass java/lang/invoke/TypeDescriptor$OfMethod
instanceKlass java/lang/invoke/LambdaForm
instanceKlass java/lang/invoke/MethodHandleNatives
instanceKlass java/lang/invoke/ResolvedMethodName
instanceKlass java/lang/invoke/MemberName
instanceKlass java/lang/invoke/VarHandle
instanceKlass java/lang/invoke/MethodHandle
instanceKlass jdk/internal/reflect/CallerSensitive
instanceKlass java/lang/annotation/Annotation
instanceKlass jdk/internal/reflect/FieldAccessor
instanceKlass jdk/internal/reflect/ConstantPool
instanceKlass jdk/internal/reflect/ConstructorAccessor
instanceKlass jdk/internal/reflect/MethodAccessor
instanceKlass jdk/internal/reflect/MagicAccessorImpl
instanceKlass jdk/internal/vm/StackChunk
instanceKlass jdk/internal/vm/Continuation
instanceKlass jdk/internal/vm/ContinuationScope
instanceKlass java/lang/reflect/Parameter
instanceKlass java/lang/reflect/Member
instanceKlass java/lang/reflect/AccessibleObject
instanceKlass java/lang/Module
instanceKlass java/util/Map
instanceKlass java/util/Dictionary
instanceKlass java/lang/ThreadGroup
instanceKlass java/lang/Thread$UncaughtExceptionHandler
instanceKlass java/lang/Thread$Constants
instanceKlass java/lang/Thread$FieldHolder
instanceKlass java/lang/Thread
instanceKlass java/lang/Runnable
instanceKlass java/lang/ref/Reference
instanceKlass java/lang/Record
instanceKlass java/security/AccessController
instanceKlass java/security/AccessControlContext
instanceKlass java/security/ProtectionDomain
instanceKlass java/lang/SecurityManager
instanceKlass java/lang/Throwable
instanceKlass java/lang/System
instanceKlass java/lang/ClassLoader
instanceKlass java/lang/Cloneable
instanceKlass java/lang/Class
instanceKlass java/lang/invoke/TypeDescriptor$OfField
instanceKlass java/lang/invoke/TypeDescriptor
instanceKlass java/lang/reflect/Type
instanceKlass java/lang/reflect/GenericDeclaration
instanceKlass java/lang/reflect/AnnotatedElement
instanceKlass java/lang/String
instanceKlass java/lang/constant/ConstantDesc
instanceKlass java/lang/constant/Constable
instanceKlass java/lang/CharSequence
instanceKlass java/lang/Comparable
instanceKlass java/io/Serializable
ciInstanceKlass java/lang/Object 1 1 124 7 1 10 12 1 1 10 7 12 1 1 1 10 7 12 1 1 1 10 12 1 1 8 1 10 12 1 1 10 7 12 1 1 1 10 12 1 10 12 1 1 10 7 12 1 1 1 10 12 1 10 12 1 100 1 10 7 12 1 1 1 10 12 1 1 10 12 1 100 1 8 1 10 12 1 3 8 1 7 1 5 0 1 1 1 1 1 1 1 1 1 1 1 1 1 1 1 1 100 1 1 1 1 1 1 1 1 1 1 7 1 1 1 1 1 1 1 1 1 1 3 1 1
ciMethod java/lang/Object equals (Ljava/lang/Object;)Z 884 0 4836 0 -1
ciMethod java/lang/Object toString ()Ljava/lang/String; 0 0 1 0 -1
ciMethod java/lang/Object hashCode ()I 512 0 256 0 -1
ciMethod java/lang/Object clone ()Ljava/lang/Object; 512 0 256 0 -1
ciInstanceKlass java/io/Serializable 1 0 7 100 1 100 1 1 1
ciInstanceKlass java/lang/System 1 1 834 10 7 12 1 1 1 9 7 12 1 1 1 10 12 1 10 12 1 1 10 12 1 1 10 12 1 9 12 1 1 10 7 12 1 1 1 11 100 12 1 1 1 10 100 12 1 1 1 10 12 1 1 10 12 1 1 100 1 8 1 10 12 1 10 7 12 1 1 1 10 100 12 1 1 1 18 12 1 1 10 7 12 1 1 1 7 1 10 12 1 1 10 7 12 1 1 1 10 12 1 10 100 12 1 1 1 9 100 12 1 1 1 10 7 12 1 1 1 11 7 12 1 1 1 10 12 1 1 10 7 12 1 1 1 7 1 10 10 12 1 1 8 1 10 12 1 8 1 10 12 1 9 12 1 1 8 1 10 7 12 1 1 1 10 12 1 1 100 1 8 1 10 9 12 1 1 8 1 10 12 1 1 10 100 12 1 1 1 8 1 10 12 1 7 1 10 12 1 8 1 10 12 1 10 12 1 1 100 1 10 12 10 12 1 9 12 1 1 9 12 1 1 10 7 12 1 1 1 10 7 12 1 1 1 10 12 1 1 10 12 1 10 12 1 10 7 12 1 1 1 10 12 1 100 1 100 1 8 1 10 12 1 10 12 1 1 7 1 10 12 1 100 1 8 1 10 10 12 1 100 1 8 1 10 8 1 10 100 12 1 1 8 1 10 12 100 1 8 1 10 10 12 1 1 10 100 12 1 1 1 100 1 18 12 1 100 1 9 100 12 1 1 1 10 12 1 100 1 10 12 1 1 10 12 1 1 10 100 12 1 1 1 10 12 1 1 10 12 1 10 12 1 10 12 1 1 10 12 1 7 1 10 12 1 9 7 12 1 1 1 10 7 12 1 1 1 10 12 1 10 12 1 10 7 12 1 1 1 7 1 8 1 10 9 12 1 9 12 1 10 12 1 10 7 12 1 1 10 12 1 10 12 1 1 8 1 10 12 1 1 8 1 11 12 1 10 12 11 12 1 1 11 7 12 1 1 1 11 7 12 1 1 11 12 1 1 7 1 11 12 1 10 12 1 8 1 10 12 1 1 8 1 8 1 8 1 8 1 11 12 1 10 12 1 10 12 1 10 12 1 8 1 10 12 1 1 8 1 9 12 1 8 1 10 7 12 1 1 8 1 7 1 9 7 12 1 1 1 10 12 1 7 1 9 12 10 9 12 7 1 10 12 9 12 1 1 8 1 10 12 1 1 8 1 10 7 12 1 1 10 12 1 10 12 1 1 11 7 12 1 1 10 12 10 7 12 1 1 1 9 12 1 1 7 1 8 1 10 12 1 1 10 7 12 1 1 1 7 1 10 12 1 1 10 12 1 8 1 8 1 10 8 1 8 1 8 1 8 1 10 10 7 12 1 1 10 12 1 10 12 1 1 10 12 1 1 10 12 1 10 100 12 1 1 1 10 7 1 8 1 10 10 10 12 1 1 10 12 1 1 8 1 10 12 1 8 1 8 1 10 12 1 10 7 12 1 1 1 10 12 1 1 7 1 10 10 12 1 10 12 1 9 12 1 1 3 1 3 1 1 1 1 1 1 1 1 1 1 1 1 100 1 1 100 1 1 1 1 1 1 1 1 1 1 1 100 1 7 1 1 1 1 1 1 1 1 1 1 1 1 1 1 1 1 1 1 1 1 1 1 1 1 1 1 1 1 1 1 1 1 1 1 1 1 1 1 1 1 1 1 1 1 1 1 1 1 1 1 1 1 1 1 1 1 1 1 100 1 1 1 1 1 1 1 1 1 1 1 1 1 1 1 1 1 1 1 1 1 1 1 1 1 1 1 1 1 1 1 1 1 100 1 1 16 15 10 12 1 1 16 15 10 12 16 1 15 10 100 12 1 1 1 1 1 1 1 1 1 100 1 100 1 1
staticfield java/lang/System in Ljava/io/InputStream; java/io/BufferedInputStream
staticfield java/lang/System out Ljava/io/PrintStream; java/io/PrintStream
staticfield java/lang/System err Ljava/io/PrintStream; java/io/PrintStream
ciInstanceKlass java/lang/SecurityManager 0 0 576 10 7 12 1 1 1 9 7 12 1 1 1 10 7 12 1 1 1 100 1 8 1 10 12 1 10 12 1 1 10 7 12 1 1 1 10 7 1 10 100 1 10 9 100 12 1 1 1 10 7 12 1 1 1 10 12 1 1 10 7 12 1 1 100 1 8 1 10 9 12 1 1 9 12 1 8 1 9 12 1 7 1 10 8 1 10 12 1 1 10 12 1 10 12 1 1 100 1 10 10 12 1 1 100 1 8 1 10 12 1 8 1 8 1 8 1 8 1 8 1 8 1 10 12 1 8 1 8 1 8 1 8 1 8 1 10 7 12 1 1 1 10 12 1 1 8 1 100 1 8 1 10 8 1 8 1 8 1 8 1 8 1 10 100 12 1 1 8 1 100 1 8 1 8 1 10 8 1 10 12 1 100 1 8 1 10 10 12 1 1 10 12 1 10 12 1 10 12 1 10 100 12 1 1 1 10 12 1 10 100 12 1 1 11 100 12 1 1 1 18 12 1 1 11 100 12 1 1 1 18 12 1 1 11 12 1 1 18 18 11 12 1 18 12 1 11 12 1 1 9 12 1 1 9 12 1 9 12 1 9 12 1 100 1 10 100 12 1 1 10 12 1 10 12 1 18 12 1 18 10 100 12 1 1 1 18 12 1 10 12 1 18 18 8 1 10 12 1 9 12 1 1 11 7 12 1 1 1 8 1 100 1 10 12 1 10 12 1 1 10 12 1 1 9 12 1 1 10 12 1 10 12 1 1 8 1 100 1 10 9 12 1 8 1 10 12 1 8 1 100 1 10 10 100 12 1 1 10 100 1 9 7 12 1 1 1 11 12 1 1 10 12 1 11 12 1 10 12 1 7 1 10 10 12 1 1 10 12 1 1 1 1 1 1 1 1 1 1 1 7 1 1 1 1 1 1 1 1 1 1 1 1 1 1 1 1 1 1 1 1 1 1 1 1 1 1 1 1 1 1 1 1 1 1 1 1 1 1 1 1 1 1 1 1 1 1 1 1 1 1 1 1 1 1 1 1 3 1 1 1 1 1 1 1 1 1 1 100 1 1 1 1 1 1 1 1 1 1 1 1 1 1 1 1 1 1 1 1 1 1 1 1 1 1 1 1 1 1 1 1 1 1 1 1 1 1 16 15 10 7 12 1 1 1 16 1 16 15 10 12 16 1 15 10 12 16 15 11 7 1 16 1 16 1 15 10 12 16 15 10 12 16 15 10 12 1 16 1 15 11 12 1 15 10 12 16 15 10 16 1 15 10 100 12 1 1 1 1 1 1 100 1 100 1 1
ciInstanceKlass java/security/AccessController 1 1 295 10 7 12 1 1 1 10 7 12 1 1 1 10 7 12 1 1 1 10 12 1 1 10 12 1 1 10 7 12 1 1 1 10 12 1 1 10 12 1 10 12 1 1 10 12 1 100 1 8 1 10 12 1 10 12 1 10 12 1 1 10 12 1 7 1 7 1 10 12 1 1 10 12 1 10 12 1 10 12 1 1 10 7 12 1 1 1 10 12 1 1 9 100 12 1 1 1 10 7 12 1 1 1 10 12 1 10 12 1 9 100 12 1 1 1 10 12 1 10 12 1 1 9 12 1 1 10 100 1 10 11 7 12 1 1 1 10 7 12 1 1 11 7 1 100 1 10 12 1 10 12 1 10 12 1 8 1 10 12 1 1 8 1 10 100 12 1 1 1 8 1 7 1 10 10 12 1 1 10 12 1 10 7 12 1 1 1 10 12 1 8 1 10 7 12 1 1 8 1 8 1 10 12 1 8 1 10 12 1 10 12 1 1 10 12 1 1 1 1 1 1 1 1 1 1 1 1 1 1 1 1 1 1 1 1 1 1 1 1 1 1 1 1 100 1 1 1 1 1 1 1 1 1 1 1 1 1 1 1 1 1 1 1 1 1 1 1 1 1 1 1 1 1 1 1 1 1 1 100 1 100 1 1 1 1 1 1 1 1 1 3 1 1 1
staticfield java/security/AccessController $assertionsDisabled Z 1
ciInstanceKlass java/security/ProtectionDomain 1 1 348 10 7 12 1 1 1 9 7 12 1 1 1 7 1 10 9 12 1 1 9 12 1 1 9 12 1 1 10 7 12 1 1 7 1 9 12 1 9 12 1 1 7 1 9 12 1 1 9 12 1 10 100 12 1 1 10 100 12 1 1 1 10 12 1 1 10 12 1 9 12 1 9 100 12 1 1 10 12 1 1 10 100 1 10 12 1 1 8 1 7 1 8 1 10 12 1 10 11 10 7 12 1 1 1 10 12 1 1 8 1 11 8 1 10 12 1 8 1 8 1 10 12 1 1 10 12 1 10 12 1 1 10 12 1 8 1 10 12 1 8 1 8 1 10 7 12 1 1 1 9 100 12 1 1 1 10 12 1 1 9 100 12 1 1 1 10 7 12 1 1 1 100 1 18 12 1 1 10 7 12 1 1 1 10 7 1 10 12 1 10 12 1 1 11 100 12 1 1 11 12 1 100 1 11 7 12 1 1 1 10 12 1 10 11 12 1 1 11 12 1 1 10 12 1 10 7 12 1 1 10 100 12 1 1 11 12 1 10 12 10 12 1 8 1 8 1 10 7 12 1 1 1 7 1 10 10 7 12 1 1 1 1 1 1 1 1 1 1 7 1 1 7 1 1 1 1 1 1 1 1 1 1 1 1 1 1 1 1 1 1 1 1 1 1 1 1 1 1 1 1 1 1 1 1 1 1 1 1 1 1 1 1 1 1 1 1 7 1 1 1 1 1 1 100 1 1 16 15 10 12 16 15 10 100 12 1 1 1 1 1 1 1 100 1 100 1 1
staticfield java/security/ProtectionDomain filePermCompatInPD Z 0
ciInstanceKlass java/security/CodeSource 1 1 398 10 7 12 1 1 1 9 7 12 1 1 1 9 12 1 1 9 12 1 1 9 12 1 1 10 7 12 1 1 1 9 12 1 1 10 100 12 1 1 10 100 10 7 12 1 1 1 10 100 12 1 1 1 10 12 1 1 7 1 10 10 100 12 1 1 1 10 100 12 1 1 1 10 12 1 1 100 1 10 12 1 1 10 12 1 1 10 12 1 1 10 12 1 10 10 10 12 1 1 10 7 12 1 1 1 10 12 1 10 12 1 10 12 1 8 1 10 12 1 10 12 1 10 12 1 1 10 12 1 8 1 10 12 1 1 10 7 1 10 10 12 1 1 8 1 10 12 1 10 12 1 10 12 1 8 1 8 1 9 12 1 1 100 1 8 1 10 12 1 10 12 1 1 8 1 10 12 1 8 1 8 1 8 1 10 100 12 1 1 10 12 1 1 10 12 1 10 12 1 1 10 12 1 1 10 12 1 1 100 1 100 1 10 12 1 10 12 10 12 1 1 10 100 12 1 1 10 12 1 7 1 10 12 10 100 12 1 1 1 10 8 1 10 12 1 10 12 1 10 12 1 1 100 1 10 12 1 1 100 1 7 1 8 1 8 1 10 10 12 1 1 10 100 12 1 1 1 7 1 10 12 10 12 1 1 11 7 12 1 1 10 10 12 1 11 10 12 1 8 1 100 1 10 12 1 10 12 1 1 10 12 1 11 12 1 1 7 1 1 1 1 5 0 1 1 1 1 1 1 1 1 1 1 1 1 1 1 1 1 1 1 1 1 1 1 1 1 1 1 1 1 1 1 1 1 1 1 1 1 1 1 1 1 1 1 1 1 1 1 1 1 1 1 1 1 1 1 1 1 1 1 1 1 1 1 1 1 1 1 100 1 1 1 1 1 1 1
ciInstanceKlass java/lang/Boolean 1 1 152 10 7 12 1 1 1 9 7 12 1 1 1 10 12 1 1 10 12 1 8 1 10 7 12 1 1 9 12 1 1 9 12 1 10 12 1 1 10 12 1 1 10 12 1 1 10 7 12 1 1 1 100 1 100 1 10 12 1 1 9 100 12 1 1 9 12 10 100 12 1 1 1 10 12 1 1 8 1 10 7 12 1 1 1 9 12 1 1 7 1 7 1 7 1 1 1 1 1 1 5 0 1 1 1 1 1 1 1 1 1 1 3 1 1 1 1 1 1 1 1 1 1 1 1 1 1 1 1 1 1 7 1 1 1 1 1 1 1 1 1 1 100 1 1 1 1 1 1 1 1 1
staticfield java/lang/Boolean TRUE Ljava/lang/Boolean; java/lang/Boolean
staticfield java/lang/Boolean FALSE Ljava/lang/Boolean; java/lang/Boolean
staticfield java/lang/Boolean TYPE Ljava/lang/Class; java/lang/Class
ciInstanceKlass java/lang/Comparable 1 0 12 100 1 100 1 1 1 1 1 1 1 1
ciInstanceKlass java/lang/constant/Constable 1 0 11 100 1 100 1 1 1 1 1 1 1
ciInstanceKlass java/util/Map 1 1 263 11 7 12 1 1 1 11 12 1 1 10 100 12 1 1 11 12 1 1 11 100 12 1 1 1 11 100 12 1 1 1 11 12 1 1 7 1 11 12 1 11 12 1 100 1 100 1 10 12 1 1 11 100 12 1 1 1 11 100 12 1 1 1 11 12 1 11 12 1 10 12 1 1 11 12 1 11 100 12 1 9 7 12 1 1 1 7 1 10 12 7 1 7 1 10 12 1 7 1 10 100 1 11 12 1 11 12 1 1 11 12 1 1 100 1 11 12 1 1 1 1 1 1 1 1 1 1 1 1 1 1 1 1 1 1 1 1 1 1 1 1 1 1 1 1 1 1 1 1 1 1 1 1 1 1 1 1 1 1 1 1 1 1 1 1 1 1 1 1 1 1 1 1 1 1 1 1 1 1 1 1 1 1 1 1 1 1 1 1 1 1 1 1 1 1 1 1 1 1 1 1 1 1 1 1 1 1 1 1 1 1 1 1 1 1 1 1 1 1 1 1 1 1 1 1 1 1 1 1 1 1 1 1 1 1 1 1 1 1 1 1 1 1 100 1 1 1 1 1 1 1 1 1 1 1 1 1 1 1 1 1 1
ciInstanceKlass java/lang/Class 1 1 1698 10 7 12 1 1 1 9 7 12 1 1 1 9 12 1 1 10 12 1 1 8 1 10 12 1 8 1 8 1 10 12 1 1 10 7 12 1 1 1 10 12 1 7 1 10 10 12 1 10 12 1 1 10 12 1 1 10 12 1 1 10 100 12 1 1 10 12 1 10 12 1 10 12 1 8 1 10 12 1 8 1 10 12 1 8 1 8 1 10 12 1 1 10 100 12 1 1 1 18 12 1 1 11 100 12 1 1 1 8 1 8 1 8 1 10 100 12 1 1 1 11 12 1 1 8 1 10 12 1 10 11 100 12 1 1 1 11 7 12 1 1 1 11 8 1 18 8 1 10 12 1 10 7 12 1 1 10 12 1 1 10 7 12 1 1 1 10 12 1 1 10 12 1 1 10 7 12 1 1 1 10 12 9 100 12 1 1 1 10 7 12 1 1 1 10 12 1 10 7 12 1 1 1 10 12 1 1 18 12 1 1 10 7 12 1 1 1 10 7 12 1 10 12 1 1 10 100 1 7 1 10 12 1 1 9 12 1 1 100 1 8 1 10 12 1 10 12 1 1 10 12 1 1 10 7 12 1 1 1 7 1 10 12 1 100 1 100 1 10 10 12 1 1 10 12 1 1 100 1 10 7 12 1 1 1 10 12 1 1 10 12 1 1 9 12 1 1 10 12 1 10 12 1 1 9 12 1 1 9 12 1 1 10 12 1 1 10 100 1 10 12 1 10 12 1 10 12 1 1 10 9 12 1 10 12 1 8 1 10 12 1 1 10 12 1 1 10 12 1 10 12 1 1 10 12 1 1 10 12 1 1 9 7 12 1 1 1 10 100 12 1 1 10 12 10 12 1 10 12 1 10 12 1 10 12 1 9 100 12 1 1 1 9 12 1 10 12 1 10 100 12 1 1 1 10 12 1 1 10 100 12 1 1 10 12 1 10 12 1 1 10 100 12 1 1 1 10 12 1 10 12 1 1 10 12 1 10 12 1 10 12 1 1 10 7 1 10 10 10 12 1 1 10 12 1 1 10 12 10 10 12 1 1 7 1 8 1 10 10 12 1 1 10 12 1 100 1 11 12 1 10 100 12 1 1 10 12 1 10 12 1 10 100 12 1 1 10 10 12 1 1 8 1 10 12 1 10 12 1 1 8 1 10 12 1 9 12 1 10 12 1 10 12 1 10 12 1 10 12 7 1 9 12 1 10 12 1 9 12 1 10 12 1 10 12 1 10 12 1 10 10 12 1 10 12 1 10 7 12 1 1 10 12 1 10 12 1 10 12 1 1 10 12 1 10 12 1 10 12 1 100 1 10 12 1 10 12 1 1 10 12 1 1 10 12 1 1 10 12 1 1 10 12 1 1 10 12 1 1 100 1 10 10 12 1 1 10 12 1 1 10 12 1 1 10 10 12 1 10 12 1 1 10 12 1 1 10 12 1 1 10 12 1 1 7 1 10 10 12 11 7 12 1 1 10 12 1 10 12 1 10 100 12 1 1 1 10 12 1 1 10 10 12 1 1 7 1 10 10 12 1 1 10 7 12 1 1 1 100 1 100 1 10 12 1 1 10 12 1 10 10 12 1 1 10 12 1 10 12 1 10 12 1 10 100 12 1 1 1 11 100 12 1 1 10 12 1 10 12 1 9 12 1 10 12 1 1 10 12 1 9 12 1 1 100 1 10 9 12 1 1 10 12 7 1 10 12 1 9 12 1 10 100 12 1 1 1 10 12 1 10 12 1 10 100 12 1 1 1 10 12 1 10 12 10 12 1 1 100 1 10 8 1 10 12 1 11 11 12 1 1 11 7 12 1 1 11 12 1 8 1 10 12 1 10 12 1 1 9 12 1 9 12 1 1 10 7 12 1 1 9 12 1 10 12 1 1 10 10 12 1 10 7 12 1 1 1 10 100 12 1 1 10 100 12 1 1 9 12 1 1 10 12 1 9 12 1 10 12 1 10 12 1 1 9 12 1 1 9 12 1 10 12 1 10 12 1 1 9 12 1 100 1 10 10 12 1 1 7 1 10 12 1 1 100 11 7 1 9 12 1 1 9 12 1 7 1 10 12 1 9 12 1 1 9 12 1 10 12 1 10 12 1 1 9 12 1 100 1 10 10 12 1 1 10 10 12 1 10 12 10 10 12 1 9 12 1 10 12 1 1 10 7 12 1 1 1 10 12 1 1 10 12 1 8 10 100 8 1 18 8 1 8 1 10 12 1 9 12 1 9 12 1 1 10 12 1 7 1 7 1 10 12 1 9 12 1 1 7 1 10 10 12 1 10 7 1 9 12 1 8 1 10 12 1 7 1 10 12 1 10 12 1 1 100 1 7 1 9 12 1 100 1 8 1 10 10 100 12 1 1 1 10 12 11 7 12 1 1 1 10 12 1 10 12 1 1 10 8 1 8 1 10 12 1 1 9 100 12 1 1 11 12 7 1 11 7 12 1 1 9 12 1 10 100 12 1 1 1 10 100 12 1 1 10 12 1 1 9 12 1 9 10 12 1 1 10 12 1 1 10 12 1 1 10 12 1 1 10 12 1 1 11 12 1 100 1 11 12 1 10 100 12 1 1 1 10 12 1 11 12 1 10 100 12 1 1 1 10 12 1 10 100 12 1 1 1 11 12 1 11 12 1 1 10 12 1 10 12 1 1 9 12 1 1 9 100 12 1 1 10 12 1 10 100 12 1 1 1 10 12 1 1 10 12 1 10 12 1 10 12 1 10 7 12 1 1 1 10 12 1 8 1 10 12 1 10 12 1 10 12 1 100 1 10 12 10 100 12 1 1 1 11 100 12 1 1 1 10 12 1 1 10 12 1 18 12 1 1 11 12 1 1 18 11 12 1 18 12 1 11 12 1 10 12 1 1 10 12 1 10 12 1 10 12 1 10 12 1 10 12 10 12 1 8 1 10 12 1 7 1 9 12 1 1 7 1 7 1 7 1 7 1 1 1 3 1 3 1 3 1 1 1 1 1 1 1 5 0 1 1 1 1 1 1 1 1 1 1 1 1 1 1 1 1 1 1 1 1 1 1 1 1 100 1 1 1 1 1 1 1 100 1 1 1 1 1 7 1 1 1 1 1 1 1 1 1 1 1 1 1 1 1 1 1 1 1 1 1 1 1 1 1 1 1 1 1 1 1 1 1 1 1 1 1 1 1 1 1 1 100 1 1 1 1 1 1 1 1 1 1 1 1 1 1 1 1 1 1 1 1 1 1 1 1 1 1 1 1 1 1 1 100 1 1 1 1 1 1 1 1 1 1 1 1 1 1 1 1 1 1 1 1 3 1 1 1 1 1 1 1 1 1 1 1 1 1 1 1 1 1 1 1 1 1 1 1 1 1 1 1 1 1 1 1 1 1 1 1 7 1 7 1 1 1 1 1 1 1 1 1 1 1 1 1 1 1 1 1 1 1 1 1 1 1 1 1 1 1 1 1 1 1 1 1 1 1 1 1 1 1 1 1 1 1 1 1 1 1 1 1 1 1 1 1 1 1 1 1 1 1 1 1 1 1 1 1 1 1 1 1 1 1 1 1 1 1 1 1 1 1 1 1 1 1 1 1 1 1 1 1 1 1 1 1 1 1 1 1 1 1 1 1 1 1 1 1 1 1 1 1 1 1 1 1 1 1 1 1 1 1 1 1 1 1 1 1 1 1 1 1 1 1 1 16 15 10 12 16 15 11 12 16 1 16 15 16 15 10 12 16 16 15 10 12 16 15 16 1 15 10 12 16 15 10 100 12 1 1 1 1 1 1 1 1 1 1 1 1 7 1 1 100 1 100 1 1 100 1 100 1 1 100 1 100 1 1
staticfield java/lang/Class EMPTY_CLASS_ARRAY [Ljava/lang/Class; 0 [Ljava/lang/Class;
staticfield java/lang/Class serialPersistentFields [Ljava/io/ObjectStreamField; 0 [Ljava/io/ObjectStreamField;
ciInstanceKlass java/lang/reflect/AnnotatedElement 1 1 164 11 7 12 1 1 1 11 12 1 1 7 1 10 100 12 1 1 1 10 12 1 1 10 12 1 1 10 12 1 10 100 12 1 1 1 11 12 1 1 11 7 12 1 1 10 7 12 1 1 1 10 12 1 10 100 12 1 1 1 18 12 1 1 11 100 12 1 1 18 12 1 18 12 1 1 10 100 12 1 1 1 11 100 12 1 1 1 7 1 10 100 12 1 1 1 1 1 1 1 1 1 1 1 1 1 1 1 1 1 1 1 1 1 1 1 1 1 100 1 1 1 1 1 1 1 1 1 1 1 16 15 16 1 16 1 15 11 12 16 16 1 15 10 100 12 1 1 1 16 1 15 10 100 12 1 1 1 1 100 1 100 1 1
ciInstanceKlass java/lang/invoke/TypeDescriptor 1 0 17 100 1 100 1 1 1 1 1 1 100 1 100 1 1 1 1
ciInstanceKlass java/lang/reflect/GenericDeclaration 1 0 30 7 1 7 1 7 1 1 1 1 1 1 1 1 100 1 8 1 1 12 10 1 1 1 8 1 1 1 8 1
ciInstanceKlass java/lang/reflect/Type 1 1 17 11 100 12 1 1 1 100 1 1 1 1 1 1 1 1 1
ciInstanceKlass java/lang/invoke/TypeDescriptor$OfField 1 0 21 100 1 100 1 100 1 1 1 1 1 1 1 1 1 1 1 1 1 1 1
ciMethod java/lang/Class isArray ()Z 512 0 256 0 -1
ciMethod java/lang/Class isPrimitive ()Z 512 0 256 0 -1
ciInstanceKlass java/lang/StringBuilder 1 1 422 10 7 12 1 1 1 10 12 1 10 12 1 10 12 1 1 10 7 12 1 1 1 10 7 12 1 1 1 10 12 1 10 12 1 10 12 1 10 12 1 10 12 1 10 12 1 10 12 1 10 12 1 10 12 1 10 12 1 10 12 1 10 12 1 10 12 1 10 12 1 1 10 12 1 10 12 1 1 10 12 1 1 10 12 1 10 12 1 10 12 1 10 12 1 10 12 1 10 12 1 10 12 1 10 12 10 12 1 10 12 1 10 12 1 10 12 1 1 10 12 1 10 12 1 10 12 10 12 1 1 10 12 1 10 12 1 10 12 1 10 100 12 1 1 1 9 12 1 1 10 12 1 10 12 1 1 10 12 1 1 9 12 1 1 10 100 12 1 1 1 10 100 1 10 12 1 1 10 100 12 1 1 10 12 1 10 12 1 1 100 1 100 1 8 1 10 10 12 1 1 10 12 1 10 12 1 10 12 1 1 10 12 1 10 12 1 10 12 1 10 12 1 10 12 1 10 12 10 12 1 10 12 1 10 12 1 10 12 1 10 12 1 10 12 1 10 12 1 10 12 1 10 12 1 1 10 12 1 1 10 12 1 10 12 1 10 12 1 10 12 10 12 10 12 1 10 12 1 10 12 1 10 12 10 12 1 10 12 1 10 12 1 10 12 1 10 12 1 10 12 1 10 12 1 10 12 1 10 12 1 1 10 12 1 10 12 1 1 10 12 1 10 12 1 1 10 12 1 10 12 1 1 10 12 1 10 12 1 10 12 1 10 10 12 1 10 12 1 7 1 7 1 7 1 7 1 1 1 1 5 0 1 1 1 1 1 1 1 1 1 1 1 1 1 1 1 1 1 1 1 1 1 1 1 1 1 1 1 1 1 1 1 1 1 1 1 1 1 1 1 1 1 1 1 1 100 1 1 1 7 1 1 1 1 1 1 1 1 1 1 1
instanceKlass java/lang/StringBuilder
instanceKlass java/lang/StringBuffer
ciInstanceKlass java/lang/AbstractStringBuilder 1 1 605 7 1 10 7 12 1 1 1 9 7 12 1 1 1 9 12 1 9 12 1 1 9 12 1 1 10 100 12 1 1 1 10 12 1 1 7 1 3 3 10 12 1 10 12 1 1 11 7 1 100 1 7 1 10 8 1 10 12 1 10 12 1 10 12 1 1 10 12 1 10 12 1 9 12 1 10 12 1 9 12 1 1 10 12 1 1 10 7 12 1 1 1 10 10 12 1 10 12 1 10 12 1 1 10 12 1 1 10 7 12 1 1 1 10 7 12 1 1 1 7 1 8 1 10 10 12 1 1 100 1 10 12 10 12 1 1 10 10 12 1 1 10 12 1 1 10 12 1 1 10 12 1 1 10 10 7 12 1 1 1 10 12 1 100 1 10 10 7 12 1 1 1 9 12 1 1 9 12 1 10 12 1 1 10 10 12 1 1 10 12 10 12 1 10 12 1 1 10 12 1 1 10 12 1 1 10 12 1 10 12 1 1 10 12 1 1 10 12 1 10 12 1 1 8 1 10 12 1 1 10 12 1 10 12 1 10 12 1 10 12 1 10 12 1 10 12 1 10 7 12 1 1 10 12 1 10 12 1 10 100 12 1 1 1 100 1 100 1 10 12 1 10 100 12 1 1 10 12 1 10 12 1 10 12 1 10 12 1 1 10 12 1 10 12 1 1 10 12 1 1 10 10 7 12 1 1 1 10 12 1 10 12 1 10 12 1 1 10 12 1 10 12 1 10 12 1 10 12 1 10 12 1 10 12 1 10 12 1 10 12 1 10 12 1 1 10 12 1 10 12 1 10 12 10 12 1 1 18 12 1 1 100 1 10 100 12 1 1 1 18 10 12 1 1 10 12 1 10 12 1 1 11 12 1 1 10 12 1 10 12 10 12 1 10 10 10 12 1 10 5 0 10 10 12 1 1 100 1 8 1 10 10 12 1 1 10 100 12 1 1 1 10 12 1 10 12 1 1 100 1 10 12 100 1 10 100 1 10 7 1 1 1 1 1 1 1 1 1 1 1 100 1 1 1 1 1 1 1 1 1 1 1 1 1 1 1 1 1 1 1 1 1 1 1 1 1 1 1 1 1 1 1 1 1 1 1 1 1 1 1 1 1 1 1 1 1 1 1 1 1 1 1 1 1 1 1 1 1 1 1 1 1 1 1 1 1 1 1 1 1 1 1 1 1 1 1 1 1 1 1 1 1 1 1 1 1 1 1 1 1 1 1 1 1 1 1 1 1 1 1 1 100 1 1 1 1 1 1 1 1 1 1 1 1 1 1 1 1 1 100 1 1 1 1 1 1 7 1 1 16 1 15 10 12 16 15 10 12 15 10 100 12 1 1 1 1 1 1 1 100 1 100 1 1
staticfield java/lang/AbstractStringBuilder EMPTYVALUE [B 0
ciMethod java/lang/StringBuilder toString ()Ljava/lang/String; 12 0 3722 0 -1
ciMethod java/lang/StringBuilder length ()I 512 0 3751 0 -1
ciInstanceKlass java/lang/Appendable 1 0 14 100 1 100 1 1 1 1 100 1 1 1 1 1
ciInstanceKlass java/lang/CharSequence 1 1 131 11 7 12 1 1 1 18 12 1 1 100 1 10 100 12 1 1 1 18 10 100 12 1 1 1 11 12 1 1 11 7 1 11 12 1 1 10 100 12 1 1 1 11 12 1 1 100 1 10 12 1 1 10 100 12 1 1 1 100 1 10 10 12 1 1 7 1 1 1 1 1 1 1 1 1 1 1 1 1 1 1 1 1 1 1 1 1 1 1 1 1 1 1 1 1 1 1 1 1 16 1 15 11 12 16 15 11 12 15 10 100 12 1 1 1 1 1 100 1 100 1 1 100 1 1 100 1 100 1 1
instanceKlass sun/nio/ch/ChannelOutputStream
instanceKlass com/naqqa/elasticsearch/common/io/stream/StreamOutput
instanceKlass java/io/ByteArrayOutputStream
instanceKlass java/io/FilterOutputStream
instanceKlass java/io/FileOutputStream
ciInstanceKlass java/io/OutputStream 1 1 53 10 7 12 1 1 1 100 1 10 10 100 12 1 1 1 10 100 12 1 1 1 10 12 1 100 1 100 1 1 1 1 1 1 1 1 1 100 1 1 1 1 1 1 1 1 1 1 1 1 1 1 1
ciInstanceKlass java/lang/AutoCloseable 1 0 12 100 1 100 1 1 1 1 100 1 1 1
ciInstanceKlass java/io/Closeable 1 0 14 100 1 100 1 100 1 1 1 1 100 1 1 1
ciInstanceKlass java/io/Flushable 1 0 12 100 1 100 1 1 1 1 100 1 1 1
instanceKlass java/util/zip/DataFormatException
instanceKlass java/lang/CloneNotSupportedException
instanceKlass sun/nio/fs/WindowsException
instanceKlass java/lang/InterruptedException
instanceKlass java/io/IOException
instanceKlass java/lang/ReflectiveOperationException
instanceKlass java/lang/RuntimeException
ciInstanceKlass java/lang/Exception 1 1 40 10 7 12 1 1 1 10 12 1 10 12 1 10 12 1 10 12 1 100 1 1 1 1 5 0 1 1 1 1 1 1 1 1 1 1 1 1 1 1
instanceKlass java/lang/Exception
instanceKlass java/lang/Error
ciInstanceKlass java/lang/Throwable 1 1 404 10 7 12 1 1 1 9 7 12 1 1 1 9 12 1 1 9 12 1 9 12 1 1 9 12 1 10 12 1 1 9 12 1 1 10 12 1 1 10 12 1 100 1 7 1 10 8 1 10 12 1 1 8 1 10 100 12 1 1 10 10 12 1 100 1 8 1 10 10 12 1 1 10 7 12 1 1 10 12 1 8 1 9 7 12 1 1 1 10 12 1 1 100 1 10 12 10 12 1 10 100 12 1 1 1 100 1 10 12 10 12 1 10 12 1 100 1 10 10 7 12 1 1 1 11 100 12 1 1 1 10 12 1 1 10 12 1 1 8 1 10 12 1 10 12 1 1 8 1 8 1 10 12 1 1 10 12 1 8 1 8 1 9 12 1 1 10 12 1 1 100 1 10 11 12 1 8 1 8 1 10 7 12 1 1 8 1 10 12 1 8 1 100 1 10 12 1 9 12 1 1 10 12 1 10 100 12 1 9 12 1 1 10 12 1 1 100 1 8 1 10 12 1 10 100 12 1 1 10 12 1 1 7 1 10 100 12 1 1 1 10 12 1 11 7 12 1 1 1 11 7 12 1 1 11 12 1 8 1 10 12 1 1 8 1 10 10 9 100 12 1 1 1 8 1 10 12 1 1 11 10 100 1 8 1 10 11 12 1 1 8 1 9 12 1 10 100 12 1 1 11 9 12 1 1 11 12 1 1 100 10 12 1 10 12 1 1 7 1 1 1 1 5 0 1 1 1 1 1 1 1 1 1 1 1 1 1 7 1 1 1 1 1 1 1 1 1 1 1 1 1 1 1 1 1 1 1 1 1 1 1 1 1 1 1 1 1 1 1 1 1 1 1 1 1 1 1 1 1 1 1 1 100 1 7 1 1 1 1 1 1 1 1 1 1 1 1 1 1 1 1 1 1
staticfield java/lang/Throwable UNASSIGNED_STACK [Ljava/lang/StackTraceElement; 0 [Ljava/lang/StackTraceElement;
staticfield java/lang/Throwable SUPPRESSED_SENTINEL Ljava/util/List; java/util/Collections$EmptyList
staticfield java/lang/Throwable EMPTY_THROWABLE_ARRAY [Ljava/lang/Throwable; 0 [Ljava/lang/Throwable;
staticfield java/lang/Throwable $assertionsDisabled Z 1
ciMethod java/lang/Throwable fillInStackTrace ()Ljava/lang/Throwable; 32 0 16 0 -1
instanceKlass java/security/Provider
ciInstanceKlass java/util/Properties 1 1 690 10 7 12 1 1 1 100 1 10 7 12 1 1 7 1 10 12 1 9 12 1 1 9 12 1 1 9 12 1 1 10 7 12 1 1 1 10 12 1 1 8 1 10 7 12 1 1 1 7 1 10 12 1 10 12 1 1 8 1 10 12 1 7 1 10 12 10 12 1 1 9 12 1 1 10 12 1 1 7 1 10 12 1 10 12 1 10 12 1 1 100 1 8 1 10 12 1 10 12 1 10 12 1 1 10 12 1 7 1 3 10 10 100 12 1 1 1 10 12 1 10 12 1 1 8 1 10 12 1 10 12 1 1 8 1 10 100 12 1 1 10 12 1 1 10 12 1 10 12 1 1 100 1 10 12 1 10 12 1 1 100 1 9 100 12 1 1 1 10 12 1 10 12 1 1 10 12 1 1 10 12 1 1 100 1 9 12 1 1 7 1 7 1 10 12 1 7 1 11 7 12 1 1 1 11 12 1 1 11 7 12 1 1 1 11 7 12 1 1 1 11 12 1 1 11 12 1 11 12 1 10 12 1 1 8 1 10 12 1 10 100 12 1 1 10 12 1 100 1 10 10 12 1 10 12 1 100 1 10 10 12 1 1 10 7 12 1 1 9 100 12 1 1 10 12 1 1 10 100 12 1 1 1 100 1 100 1 100 1 10 8 1 8 1 10 12 1 10 12 1 10 12 1 1 10 10 12 1 1 10 12 1 1 7 1 10 10 12 1 11 7 12 1 1 10 7 12 1 1 1 8 1 10 100 12 1 1 11 11 7 1 8 1 10 100 1 11 10 12 1 10 10 12 1 10 12 1 1 10 12 1 1 10 12 1 1 10 12 1 10 12 1 10 10 12 1 10 12 1 10 12 1 10 10 12 1 1 10 12 1 1 10 10 12 1 10 12 1 10 12 1 10 12 1 10 12 1 1 10 12 1 1 10 12 1 10 12 1 10 12 1 1 10 12 10 12 1 1 10 12 1 1 10 12 1 10 12 1 1 10 12 1 1 10 12 10 11 12 1 4 11 10 12 1 1 10 100 12 1 1 11 12 1 10 12 1 1 10 100 12 1 1 10 12 1 100 1 8 1 10 12 1 10 10 100 12 1 1 1 100 1 6 0 10 12 1 1 11 100 12 1 1 1 10 12 1 10 12 1 1 1 1 1 5 0 1 1 1 1 1 1 1 1 1 1 1 1 1 1 1 1 1 1 1 1 1 1 1 1 1 1 1 1 1 1 1 1 1 1 1 1 1 1 1 100 1 1 1 1 1 1 1 1 1 1 1 1 1 1 1 1 1 1 1 1 100 1 1 1 1 1 1 1 1 1 1 1 1 7 1 7 1 1 1 1 1 100 1 1 1 1 1 1 1 1 1 1 1 1 1 1 1 1 1 1 1 1 1 1 1 1 1 1 1 1 1 1 1 1 1 1 1 1 1 1 1 1 1 1 1 1 1 1 1 1 1 1 1 1 1 1 1 1 1 1 1 1 1 1 1 1 1 1 1 1 1 1 1 1 1 1 1 1 1 7 1 1 1 1 1 1 1 1 1 1 1 100 1 1
staticfield java/util/Properties UNSAFE Ljdk/internal/misc/Unsafe; jdk/internal/misc/Unsafe
instanceKlass java/util/Hashtable
ciInstanceKlass java/util/Dictionary 1 1 36 10 7 12 1 1 1 100 1 1 1 1 1 1 1 1 1 1 1 1 1 1 1 1 1 1 1 1 1 1 1 1 1 1 1 1
instanceKlass java/util/Properties
ciInstanceKlass java/util/Hashtable 1 1 516 7 1 10 7 12 1 1 1 9 7 12 1 1 1 100 1 7 1 10 8 1 10 12 1 1 10 12 1 10 12 1 1 10 12 1 10 7 12 1 1 1 8 1 10 12 1 9 12 1 1 7 1 9 12 1 1 4 10 7 12 1 1 1 9 12 1 4 10 12 1 11 7 12 1 1 1 10 12 1 1 10 12 1 1 9 12 1 10 12 1 1 100 1 10 9 12 1 1 10 7 12 1 1 1 9 12 1 1 10 12 1 10 12 1 3 9 12 1 9 12 1 3 10 12 1 10 12 1 10 12 1 1 11 12 1 1 11 100 12 1 1 1 11 7 12 1 1 1 11 12 1 100 1 11 12 1 11 12 1 10 12 1 1 10 12 1 1 10 12 1 9 12 1 1 9 12 9 12 1 1 10 100 1 7 1 10 12 1 10 8 1 10 10 12 1 8 1 10 8 1 10 100 12 1 1 1 100 1 10 12 1 10 12 1 100 1 10 12 1 10 12 1 1 100 1 10 100 1 10 10 12 1 1 11 12 1 1 11 12 1 7 1 10 10 10 100 12 1 1 11 100 12 1 1 1 100 1 10 11 100 12 1 1 11 100 12 1 10 12 1 10 12 1 1 10 100 12 1 1 10 12 1 1 10 12 1 1 10 12 1 1 10 100 12 1 1 1 8 10 100 12 1 1 100 1 8 1 10 4 4 10 12 1 1 10 12 1 8 1 4 10 12 10 100 12 1 1 1 100 1 11 100 12 1 1 1 10 100 12 1 1 1 10 12 1 10 12 1 1 10 7 1 7 1 1 1 1 1 1 5 0 1 1 1 1 1 3 1 3 1 3 1 1 1 1 1 1 1 1 1 1 1 1 1 1 1 1 1 1 1 1 1 1 1 1 1 100 1 1 1 1 1 1 1 1 1 1 1 1 1 1 1 1 1 1 1 1 1 1 1 1 1 1 1 1 1 7 1 1 1 1 1 1 1 1 1 1 1 1 1 1 7 1 1 1 1 1 1 1 1 1 1 1 1 1 1 1 1 1 1 1 1 1 1 1 1 1 1 1 1 1 1 1 1 1 1 1 1 1 1 1 1 1 1 1 1 100 1 1 1 7 1 1 1 1 1 7 1 1 1 1 1 1 1 1 1 1 1 1 1 1 1 1 1 1
ciInstanceKlass java/lang/String 1 1 1443 10 7 12 1 1 1 8 1 9 7 12 1 1 1 9 12 1 1 9 12 1 1 9 12 1 1 10 12 1 10 12 1 1 10 12 1 1 9 12 1 10 7 12 1 1 1 10 7 1 10 7 12 1 1 1 10 12 1 1 10 12 1 1 10 12 1 10 12 1 1 10 12 1 10 7 12 1 1 1 7 1 9 7 12 1 1 1 10 7 12 1 1 1 10 7 12 1 1 1 10 12 1 1 10 12 1 1 10 12 1 1 10 12 1 1 9 7 12 1 1 10 12 9 7 12 1 1 10 12 1 1 3 10 12 1 1 7 1 11 12 1 1 11 12 1 11 12 1 1 10 100 12 1 1 1 10 12 1 1 9 100 12 1 1 1 10 12 1 1 10 12 1 11 12 1 1 10 12 1 1 10 12 10 12 1 1 10 7 12 1 1 1 10 12 1 1 10 12 1 1 100 1 7 1 10 12 1 10 12 1 10 12 1 1 100 1 10 12 1 1 100 1 10 12 1 1 10 12 1 1 10 12 1 10 10 12 1 100 1 100 1 100 1 10 12 1 10 12 1 1 10 12 1 1 10 12 1 10 12 1 1 10 12 1 1 10 100 12 1 1 100 1 11 10 7 12 1 1 11 12 1 11 12 1 10 12 1 1 10 12 1 10 12 10 12 1 1 10 10 100 12 1 1 1 10 100 12 1 1 10 12 1 1 10 100 12 1 1 10 12 1 10 12 1 1 10 12 1 1 10 12 1 10 12 1 10 12 1 1 100 1 10 12 1 1 10 12 10 12 1 10 12 1 1 10 12 1 1 10 7 12 1 1 1 10 12 1 10 12 1 1 10 12 1 10 12 1 3 3 10 12 1 1 10 12 1 10 12 1 1 10 12 1 1 10 12 1 1 10 12 1 10 12 1 1 10 12 1 1 10 12 1 10 12 1 10 12 1 10 12 1 1 10 12 1 10 12 1 10 12 1 10 12 1 10 12 1 10 12 1 10 7 1 10 8 1 10 12 1 1 10 12 1 8 1 10 12 1 1 10 12 10 12 1 8 1 10 10 12 1 1 10 12 1 1 10 12 1 1 10 7 1 10 10 12 1 10 12 1 10 12 1 10 10 12 1 10 12 1 10 12 1 10 12 1 10 12 1 10 12 1 10 12 1 1 10 12 1 1 10 12 1 1 10 10 12 1 1 10 10 12 1 100 1 10 10 12 1 1 10 12 1 1 10 7 1 10 12 1 10 12 1 10 7 12 1 1 1 10 12 1 10 12 1 1 10 12 1 11 7 1 11 12 10 12 1 10 12 1 1 10 12 1 1 10 10 12 1 10 12 1 9 12 1 1 11 100 12 1 1 1 10 12 10 10 12 1 10 12 1 1 10 10 12 1 10 12 1 10 12 1 1 10 12 1 1 10 10 12 1 1 10 12 1 10 10 12 1 10 12 10 10 12 10 10 12 1 10 12 1 10 10 12 10 7 12 1 1 1 10 12 10 10 12 10 12 1 10 12 10 12 10 10 12 1 10 12 1 1 10 12 1 1 10 10 12 1 10 7 12 1 1 1 10 12 1 1 10 10 100 12 1 1 1 11 10 12 1 10 12 1 1 10 12 1 1 10 100 12 1 1 1 10 12 1 10 12 1 10 12 1 10 12 1 10 12 1 10 12 1 100 1 7 1 8 1 10 10 10 12 1 10 12 1 1 8 1 10 12 1 3 3 10 12 1 10 12 1 1 10 12 7 1 10 10 12 1 1 10 12 1 10 12 1 10 12 1 1 10 12 1 1 11 7 12 1 1 1 7 1 10 12 1 10 12 1 1 8 1 10 12 1 1 10 12 1 11 7 12 1 1 1 11 7 12 1 1 11 12 1 10 12 1 10 12 1 1 10 10 100 12 1 1 1 10 12 1 10 12 1 10 10 12 10 12 1 1 10 10 12 1 10 10 12 1 10 10 12 1 10 10 12 1 10 12 1 1 10 10 12 1 8 1 10 12 1 1 18 12 1 1 11 100 12 1 1 1 7 1 3 18 12 1 18 12 1 8 1 10 100 12 1 1 1 11 12 1 1 10 12 10 10 12 1 10 11 12 1 1 10 12 1 1 11 12 1 18 3 11 10 12 1 11 11 10 12 1 10 12 1 1 8 1 10 12 1 10 12 1 10 12 1 1 10 10 12 1 11 100 12 1 100 1 100 1 10 12 100 1 10 10 100 12 1 1 1 100 1 10 100 1 10 10 12 1 10 10 12 1 8 1 10 10 12 1 8 1 8 1 10 12 1 10 12 1 10 10 12 10 7 12 1 1 10 7 12 1 1 10 7 12 1 1 8 1 10 12 1 10 12 1 10 9 12 1 10 12 9 7 12 1 1 1 10 12 1 10 12 1 10 12 1 10 12 1 10 12 1 8 1 10 100 12 1 1 1 10 12 10 12 1 1 10 12 10 10 12 10 12 7 1 9 12 1 1 7 1 10 7 1 7 1 7 1 7 1 1 1 1 1 1 5 0 1 1 1 1 1 3 1 3 1 1 1 1 1 1 1 1 1 1 1 1 1 1 1 100 1 1 1 1 1 1 1 1 1 1 1 1 1 1 1 1 1 1 1 1 1 1 1 1 1 1 1 1 1 1 1 100 1 1 1 1 1 1 1 1 1 1 7 1 1 1 1 1 1 1 1 1 1 1 1 1 1 1 1 1 1 1 1 1 1 1 1 1 1 1 1 1 1 1 1 1 1 1 1 1 1 1 1 1 1 1 1 1 1 1 1 1 1 1 1 1 1 1 1 1 1 1 1 1 1 1 1 1 1 1 1 1 1 1 1 1 1 1 1 1 1 1 1 1 1 1 1 1 1 1 1 1 1 1 1 1 1 1 1 1 1 1 1 1 1 1 1 1 1 1 1 1 1 1 1 1 1 1 1 1 1 1 1 1 1 1 1 1 1 1 1 1 1 1 1 1 1 1 1 1 1 1 1 1 1 1 1 1 1 1 1 1 1 1 1 1 1 1 1 1 1 1 1 1 1 1 1 1 1 1 1 1 1 1 1 1 1 1 100 1 1 1 1 1 1 1 1 1 1 1 1 1 1 1 1 1 1 1 1 1 1 1 100 1 1 1 1 1 1 1 1 1 1 1 1 1 1 1 7 1 1 1 1 1 1 1 1 1 1 1 1 1 1 1 16 15 10 12 16 15 10 12 15 10 12 15 10 12 15 10 100 12 1 1 1 1 1 1 1 100 1 100 1 1 1
staticfield java/lang/String COMPACT_STRINGS Z 1
staticfield java/lang/String serialPersistentFields [Ljava/io/ObjectStreamField; 0 [Ljava/io/ObjectStreamField;
staticfield java/lang/String CASE_INSENSITIVE_ORDER Ljava/util/Comparator; java/lang/String$CaseInsensitiveComparator
ciMethod java/lang/String equals (Ljava/lang/Object;)Z 796 0 7485 0 416
ciMethod java/lang/String hashCode ()I 1024 0 9138 0 184
ciMethod java/lang/String length ()I 1024 0 296478 0 112
ciMethod java/lang/String isEmpty ()Z 516 0 56172 0 -1
ciInstanceKlass java/lang/constant/ConstantDesc 1 0 37 100 1 100 1 1 1 1 100 1 1 1 1 100 1 100 1 100 1 100 1 100 1 100 1 100 1 100 1 100 1 1 100 1 100 1 1
instanceKlass sun/nio/cs/MS1252
instanceKlass sun/nio/cs/US_ASCII
instanceKlass sun/nio/cs/ISO_8859_1
instanceKlass sun/nio/cs/Unicode
ciInstanceKlass java/nio/charset/Charset 1 1 355 10 7 12 1 1 1 100 1 10 12 1 1 10 12 1 1 9 7 12 1 1 1 9 12 1 7 1 100 1 10 12 1 9 100 12 1 1 1 10 100 12 1 1 1 10 12 1 1 10 100 12 1 1 1 10 12 1 100 1 10 10 7 12 1 1 1 10 12 1 9 100 12 1 1 1 10 7 12 1 1 1 100 1 8 1 10 10 12 1 1 10 12 1 9 12 1 1 10 12 1 10 12 1 10 12 1 1 10 12 1 10 12 1 100 1 10 11 7 12 1 1 11 12 1 10 12 1 1 11 7 12 1 1 1 100 1 10 100 1 9 12 1 1 10 7 12 1 1 9 100 12 1 1 1 10 9 12 1 1 10 7 12 1 1 7 8 1 8 1 8 1 9 12 1 9 12 1 9 12 1 1 11 100 12 1 1 1 8 1 10 12 1 1 8 1 10 100 12 1 1 1 9 100 12 1 1 1 10 100 12 1 1 1 10 12 1 10 12 1 1 100 1 7 1 10 12 1 10 12 1 1 10 100 12 1 1 10 12 10 12 1 1 10 100 12 1 1 1 10 10 12 1 1 10 12 1 10 12 1 1 7 1 10 7 1 1 1 1 1 1 1 1 1 1 1 1 1 1 1 1 1 1 1 1 1 1 7 1 1 1 100 1 100 1 1 1 1 1 1 1 1 1 1 1 1 1 1 1 1 1 1 1 1 1 1 1 1 1 1 1 1 1 1 1 1 1 1 1 1 1 1 1 1 1 1 1 1 1 1 1 1 1 1 1 1 1 1 1 1 100 1 1 1 1
staticfield java/nio/charset/Charset standardProvider Ljava/nio/charset/spi/CharsetProvider; sun/nio/cs/StandardCharsets
staticfield java/nio/charset/Charset zeroAliases [Ljava/lang/String; 0 [Ljava/lang/String;
ciInstanceKlass java/lang/InternalError 0 0 34 10 100 12 1 1 1 10 12 1 10 12 1 10 12 1 100 1 1 1 1 5 0 1 1 1 1 1 1 1 1 1 1 1
instanceKlass java/lang/VirtualMachineError
instanceKlass java/lang/LinkageError
ciInstanceKlass java/lang/Error 1 1 40 10 7 12 1 1 1 10 12 1 10 12 1 10 12 1 10 12 1 100 1 1 1 1 5 0 1 1 1 1 1 1 1 1 1 1 1 1 1 1
instanceKlass java/lang/StackOverflowError
instanceKlass java/lang/OutOfMemoryError
instanceKlass java/lang/InternalError
ciInstanceKlass java/lang/VirtualMachineError 1 1 34 10 100 12 1 1 1 10 12 1 10 12 1 10 12 1 100 1 1 1 1 5 0 1 1 1 1 1 1 1 1 1 1 1
ciInstanceKlass java/util/Set 1 1 144 100 1 10 7 12 1 1 1 9 7 12 1 1 1 7 1 10 12 1 1 10 12 1 7 1 7 1 10 12 1 7 1 7 1 11 7 12 1 1 1 11 12 1 1 7 1 10 12 1 10 12 1 1 11 12 1 1 1 1 1 1 1 1 1 1 1 1 1 1 1 1 1 1 1 1 1 1 1 1 1 1 1 1 1 1 1 1 1 1 1 1 1 1 1 1 1 1 1 1 1 1 1 1 1 1 1 1 1 1 1 1 1 1 1 1 1 1 1 1 1 1 1 1 1 1 1 1 1 1 1 1 1 1 1 1 1 1 1 1 1 1 1 1
ciInstanceKlass java/util/Iterator 1 1 53 100 1 8 1 10 12 1 1 10 7 12 1 1 1 11 7 12 1 1 1 11 12 1 1 11 7 12 1 1 1 7 1 1 1 1 1 1 1 1 1 1 1 1 1 1 1 1 1 1 1 1 1
ciInstanceKlass java/util/Map$Entry 1 0 178 18 12 1 1 7 1 100 1 18 10 100 12 1 1 1 18 12 1 18 100 1 11 7 12 1 1 1 11 12 1 11 7 12 1 1 1 10 100 12 1 1 1 10 7 12 1 1 1 8 1 10 12 1 1 8 1 8 1 8 1 10 12 1 10 12 1 8 10 7 1 10 12 1 8 10 12 1 8 1 10 12 1 8 10 12 1 8 1 10 12 1 1 8 1 100 1 8 1 10 12 1 1 11 12 7 1 11 12 1 1 1 1 1 1 1 1 1 1 1 1 1 1 1 1 1 1 1 1 1 1 1 1 1 1 1 1 1 1 1 1 1 1 1 1 1 1 1 16 15 11 12 16 3 3 15 11 12 15 11 12 15 11 12 15 10 100 12 1 1 1 1 1 100 1 100 1 1
instanceKlass com/naqqa/elasticsearch/common/io/stream/StreamInput
instanceKlass java/io/FilterInputStream
instanceKlass java/io/FileInputStream
instanceKlass java/io/ByteArrayInputStream
ciInstanceKlass java/io/InputStream 1 1 195 7 1 10 7 12 1 1 1 100 1 10 10 7 12 1 1 1 10 100 12 1 1 1 10 12 1 100 1 3 10 12 1 1 100 1 8 1 10 12 1 10 100 12 1 1 1 3 7 1 8 1 10 10 100 12 1 1 1 7 1 10 11 7 12 1 1 1 10 12 1 1 11 12 1 1 11 7 12 1 1 1 11 12 1 1 100 1 10 7 12 1 1 1 5 0 10 12 1 10 12 1 1 100 1 10 8 1 10 8 1 8 1 10 12 1 1 10 100 12 1 1 1 7 1 5 0 10 12 1 100 1 7 1 1 1 1 3 1 3 1 1 1 1 1 1 1 1 1 1 1 1 1 1 1 1 1 1 1 1 1 1 1 1 1 1 1 1 1 1 1 1 1 1 1 1 1 1 1 1 1 1 1 1 1 1 1 1 1 1 1 1 1 1 1
ciInstanceKlass java/io/FileDescriptor 1 1 175 10 7 12 1 1 1 9 7 12 1 1 1 5 0 9 12 1 1 10 12 1 1 10 12 1 1 9 12 1 1 10 100 12 1 1 1 10 12 1 10 12 1 1 9 12 1 1 10 7 12 1 1 8 1 10 7 12 1 1 1 10 12 1 10 12 1 9 12 1 1 9 12 1 1 7 1 10 11 7 12 1 1 1 9 12 1 11 12 1 1 11 7 12 1 1 1 11 12 1 1 7 1 11 12 1 100 1 10 12 1 1 7 1 10 10 12 1 7 1 10 10 7 12 1 1 1 10 12 1 9 12 1 1 9 12 1 9 12 1 1 1 1 1 1 1 1 1 1 1 1 1 100 1 1 1 1 1 1 1 1 1 1 1 1 1 1 1 1 1 1 1 1 1 1
staticfield java/io/FileDescriptor in Ljava/io/FileDescriptor; java/io/FileDescriptor
staticfield java/io/FileDescriptor out Ljava/io/FileDescriptor; java/io/FileDescriptor
staticfield java/io/FileDescriptor err Ljava/io/FileDescriptor; java/io/FileDescriptor
ciInstanceKlass jdk/internal/misc/Unsafe 1 1 1287 10 7 12 1 1 1 9 7 12 1 1 1 9 12 1 1 10 12 1 1 10 7 12 1 1 1 10 12 1 1 10 12 1 1 10 12 1 1 10 12 1 1 10 12 1 1 10 12 1 1 10 12 1 1 10 12 1 1 10 12 1 1 10 12 1 1 10 12 1 1 10 12 1 1 10 12 1 1 10 12 1 10 12 1 100 1 10 10 12 1 1 10 12 1 1 5 0 10 12 1 1 10 12 1 1 10 7 12 1 1 1 10 12 1 1 10 12 1 10 12 1 10 12 1 1 10 12 1 1 10 12 1 10 12 1 7 1 7 1 10 8 1 10 12 1 1 10 12 1 8 1 10 12 1 1 10 12 1 10 12 1 10 12 1 1 10 12 1 10 12 1 1 10 12 1 1 10 12 1 10 12 1 10 12 1 10 12 1 1 10 12 1 10 12 1 10 12 1 1 10 12 1 5 0 5 0 5 0 10 12 1 10 12 1 10 12 1 10 12 1 10 12 1 10 12 1 10 12 1 10 12 1 10 12 1 1 10 12 1 10 12 1 7 1 8 1 10 100 1 10 10 12 1 1 10 12 1 1 10 12 1 10 12 1 1 10 12 1 1 10 12 1 10 12 1 1 10 12 1 9 7 12 1 1 9 12 1 100 1 10 10 12 1 1 8 1 10 8 1 8 1 10 12 1 1 9 7 12 1 1 1 9 7 1 9 7 1 9 7 1 9 9 7 1 9 7 1 9 7 1 10 12 1 1 10 12 1 1 10 12 1 1 10 12 1 1 5 0 5 0 9 12 1 1 10 12 1 10 12 1 10 12 1 1 10 12 1 1 10 12 1 8 1 3 10 12 1 1 10 12 1 1 10 12 1 10 12 1 1 10 12 1 1 10 12 1 10 12 1 10 12 1 10 12 1 10 12 1 10 12 1 1 10 12 1 1 10 12 1 10 12 1 10 12 1 10 12 1 10 12 1 10 12 1 1 10 12 1 1 10 12 1 10 12 1 10 12 1 10 12 1 10 12 1 10 12 1 1 10 12 1 1 10 12 1 1 10 12 1 1 10 12 1 10 12 1 10 12 1 10 12 1 10 12 1 10 12 1 10 12 1 1 10 12 1 1 10 12 1 10 12 1 10 12 1 10 12 1 10 12 1 10 12 1 10 12 1 1 10 12 1 1 10 12 1 10 12 1 10 12 1 10 12 1 10 12 1 10 12 1 10 12 1 10 12 1 1 10 12 1 10 12 1 10 12 1 10 12 1 10 12 1 1 10 12 1 10 12 1 10 12 1 10 12 1 10 12 1 10 12 1 10 12 1 10 12 1 1 10 12 1 10 12 1 10 12 1 10 12 1 10 12 1 10 12 1 1 10 12 1 10 12 1 10 12 1 1 10 12 1 10 12 1 10 12 1 10 12 1 10 12 1 10 12 1 10 12 1 10 12 1 10 12 1 10 12 1 10 12 1 10 12 1 10 12 1 10 12 1 10 12 1 10 12 1 10 12 1 10 12 1 10 12 1 10 12 1 10 12 1 10 12 1 10 12 1 100 1 10 100 1 10 9 12 1 5 0 10 12 1 1 5 0 10 12 1 5 0 10 12 1 10 12 1 10 12 1 1 10 12 1 1 10 12 1 10 12 1 10 12 1 10 12 1 1 10 12 1 10 12 1 10 12 1 10 12 1 10 12 1 1 10 12 1 10 12 1 10 12 1 10 12 1 1 10 12 1 10 12 1 10 12 1 1 10 12 1 10 12 1 10 12 1 10 12 1 1 10 12 1 10 10 12 1 1 10 12 1 10 12 1 1 10 12 1 10 12 5 0 5 0 5 0 10 12 1 1 10 12 1 10 12 1 10 12 10 100 12 1 1 8 1 100 1 11 12 1 1 8 1 11 12 1 1 10 100 12 1 1 10 12 1 10 12 1 10 12 1 10 12 1 10 12 1 1 10 12 1 10 12 1 10 12 1 10 12 1 10 12 1 10 12 1 10 7 1 10 12 1 9 12 1 7 1 9 12 1 7 1 9 12 1 7 1 9 12 1 7 1 9 12 1 7 1 9 12 1 7 1 9 12 1 7 1 9 12 1 7 1 9 12 1 10 12 1 9 12 1 9 12 1 9 12 1 9 12 1 9 12 1 9 12 1 9 12 1 9 12 1 9 12 1 9 12 1 1 1 3 1 1 1 1 1 1 1 1 1 1 1 1 1 1 1 1 1 1 1 1 1 1 1 1 1 1 1 1 1 1 1 1 1 1 1 1 1 1 1 1 1 1 1 1 1 1 1 1 1 1 1 1 1 1 1 1 1 1 1 1 1 1 1 1 1 1 1 1 1 1 1 1 1 1 1 1 1 1 1 1 1 1 1 1 1 1 1 1 1 100 1 1 1 1 1 1 1 1 1 1 1 1 1 1 1 1 1 1 1 1 1 1 1 1 1 1 1 1 1 1 1 1 1 1 1 1 1 1 1 1 1 1 1 1 1 1 1 1 1 1 1 1 1 1 1 1 1 1 1 1 1 1 1 1 1 1 1 1 1 1 1 1 1 1 1 1 1 1 1 1 1 1 1 1 1 1 1 1 1 1 1 1 1 1 1 1 1 1 1 1 1 1 1 1 1 1 1 1 1 1 1 1 1 1 1 1 1 1 1 1 1 1 1 1 1 1 1 1 1 1 1 1 1 1 1 1 1 1 1 1 1 1 1 1 1 1 1 1 1 1 1 1 1 1 1 1 1 1 1 1 1 1 1 1 1 1 1 1 1 1 1 1 1 1 1 1 1 1 1 1 1 1 1 1 1 1 1 1 1 1 1 1 1 1 1 1 1 1 1 1 1 1 1 1 1 1 3 1 1 1 1 1 1 1 1 1 1 1 1 1 1 1 1 1 1 1 1 1
staticfield jdk/internal/misc/Unsafe theUnsafe Ljdk/internal/misc/Unsafe; jdk/internal/misc/Unsafe
staticfield jdk/internal/misc/Unsafe ARRAY_BOOLEAN_BASE_OFFSET I 16
staticfield jdk/internal/misc/Unsafe ARRAY_BYTE_BASE_OFFSET I 16
staticfield jdk/internal/misc/Unsafe ARRAY_SHORT_BASE_OFFSET I 16
staticfield jdk/internal/misc/Unsafe ARRAY_CHAR_BASE_OFFSET I 16
staticfield jdk/internal/misc/Unsafe ARRAY_INT_BASE_OFFSET I 16
staticfield jdk/internal/misc/Unsafe ARRAY_LONG_BASE_OFFSET I 16
staticfield jdk/internal/misc/Unsafe ARRAY_FLOAT_BASE_OFFSET I 16
staticfield jdk/internal/misc/Unsafe ARRAY_DOUBLE_BASE_OFFSET I 16
staticfield jdk/internal/misc/Unsafe ARRAY_OBJECT_BASE_OFFSET I 16
staticfield jdk/internal/misc/Unsafe ARRAY_BOOLEAN_INDEX_SCALE I 1
staticfield jdk/internal/misc/Unsafe ARRAY_BYTE_INDEX_SCALE I 1
staticfield jdk/internal/misc/Unsafe ARRAY_SHORT_INDEX_SCALE I 2
staticfield jdk/internal/misc/Unsafe ARRAY_CHAR_INDEX_SCALE I 2
staticfield jdk/internal/misc/Unsafe ARRAY_INT_INDEX_SCALE I 4
staticfield jdk/internal/misc/Unsafe ARRAY_LONG_INDEX_SCALE I 8
staticfield jdk/internal/misc/Unsafe ARRAY_FLOAT_INDEX_SCALE I 4
staticfield jdk/internal/misc/Unsafe ARRAY_DOUBLE_INDEX_SCALE I 8
staticfield jdk/internal/misc/Unsafe ARRAY_OBJECT_INDEX_SCALE I 4
staticfield jdk/internal/misc/Unsafe ADDRESS_SIZE I 8
instanceKlass jdk/internal/reflect/DelegatingClassLoader
instanceKlass java/security/SecureClassLoader
ciInstanceKlass java/lang/ClassLoader 1 1 1108 9 7 12 1 1 1 10 7 12 1 1 1 9 12 1 1 10 7 12 1 1 1 7 1 10 12 1 1 10 12 1 1 9 12 1 1 10 12 1 1 100 1 10 12 1 10 12 1 1 10 7 12 1 1 1 100 1 8 1 10 12 1 10 7 12 1 1 1 10 7 12 1 10 7 1 10 7 1 7 1 7 1 10 12 1 10 12 1 9 12 1 1 10 10 7 12 1 1 1 9 12 1 1 9 12 1 9 12 1 1 9 12 1 9 12 1 1 9 12 1 1 7 1 10 12 1 9 12 1 1 10 12 1 1 10 7 12 1 1 1 9 12 1 9 12 1 1 9 12 1 10 12 1 1 9 12 10 12 1 1 7 1 10 8 1 10 12 1 1 10 12 1 10 7 1 7 1 10 12 1 1 10 7 12 1 1 1 8 1 10 12 1 10 12 1 10 12 1 1 10 12 1 1 10 12 1 1 10 12 1 1 10 12 1 1 10 12 1 7 1 10 12 1 10 100 12 1 1 1 10 12 1 1 10 12 1 10 12 1 10 12 1 10 12 1 10 12 1 1 10 10 12 1 10 12 1 10 100 12 1 1 10 12 1 1 10 12 1 1 10 12 1 100 1 10 12 1 7 1 10 12 1 10 7 12 1 1 1 10 10 12 1 1 10 12 1 1 7 1 8 1 10 8 1 10 12 1 10 12 1 100 1 8 1 10 12 1 1 10 12 1 1 10 10 12 1 1 10 12 1 1 10 12 1 1 10 7 1 10 12 1 1 10 12 1 1 10 12 1 1 10 12 1 1 10 12 1 1 10 12 1 1 10 12 1 10 100 12 1 1 1 10 12 1 10 12 1 10 12 1 1 10 12 1 10 12 1 10 12 1 10 12 1 1 10 12 1 10 12 1 1 8 1 9 12 1 10 12 1 1 8 1 8 1 10 7 12 1 1 100 1 10 10 12 10 12 1 10 12 1 10 12 1 10 12 1 1 10 7 12 1 1 10 12 1 10 7 1 100 1 10 12 1 1 10 12 1 10 100 1 10 12 1 100 1 18 12 1 10 100 12 1 1 1 10 100 12 1 1 1 10 7 12 1 1 10 12 1 10 12 1 100 1 10 12 1 8 1 10 10 12 1 1 10 12 1 10 12 1 1 100 1 10 12 1 10 12 1 1 10 7 12 1 1 10 12 1 8 1 100 1 10 10 12 1 9 12 1 10 7 12 1 1 10 12 1 7 1 8 1 10 12 1 10 8 1 8 1 10 12 1 1 10 12 1 1 10 12 1 1 10 7 12 1 1 7 1 100 1 10 12 1 1 7 1 7 1 10 7 12 1 1 10 12 1 10 12 1 1 10 12 1 10 12 1 1 10 12 1 1 9 100 12 1 1 1 10 12 1 1 10 12 1 10 12 1 10 12 1 1 10 12 1 8 1 7 1 18 12 1 1 10 12 1 1 10 12 1 10 12 1 10 12 1 8 1 10 12 1 10 12 1 18 12 1 11 100 12 1 1 1 100 1 10 12 1 1 10 12 1 10 11 12 1 1 10 18 10 12 1 1 11 7 12 1 18 12 1 11 12 1 1 10 12 10 12 1 1 10 12 1 1 100 1 8 1 10 10 12 1 8 1 8 1 10 100 12 1 1 10 12 1 100 1 10 10 12 1 8 1 8 1 8 1 10 12 1 10 12 1 1 10 12 1 10 7 12 1 1 1 11 7 12 1 1 100 1 10 11 10 12 1 10 12 1 10 12 1 1 9 7 12 1 1 9 12 1 1 9 12 9 12 1 9 12 1 9 12 1 8 10 12 1 1 10 7 12 1 1 1 10 12 1 1 10 12 1 1 10 12 1 10 10 12 1 11 12 1 1 10 100 12 1 1 1 100 1 10 12 1 10 12 1 10 12 1 1 1 1 1 1 1 1 1 1 1 1 1 1 1 1 1 1 1 1 1 1 1 1 1 1 1 1 100 1 1 1 1 1 1 1 1 1 1 1 1 1 1 1 1 1 1 1 1 1 100 1 1 1 1 1 1 1 1 1 1 100 1 1 1 1 1 1 1 1 1 1 1 1 1 1 1 1 1 1 1 1 1 1 1 1 1 1 1 1 1 1 1 1 1 1 1 1 1 1 1 1 1 100 1 1 1 1 1 1 1 1 1 1 1 1 1 1 1 1 1 1 1 7 1 1 1 1 1 1 1 1 1 1 1 1 1 1 1 1 1 1 1 1 1 1 1 1 1 1 1 1 1 1 1 1 1 1 1 1 1 1 1 1 1 1 1 1 1 1 1 1 1 1 100 1 1 1 1 1 1 1 1 1 1 1 1 1 1 1 1 1 1 1 1 1 1 1 1 1 1 1 1 1 1 1 1 1 1 1 1 1 1 1 1 1 1 1 1 1 1 16 1 15 10 12 16 1 16 15 10 12 16 1 16 1 15 10 12 16 15 10 12 16 15 10 12 16 15 10 100 12 1 1 1 1 1 100 1 100 1 1
staticfield java/lang/ClassLoader nocerts [Ljava/security/cert/Certificate; 0 [Ljava/security/cert/Certificate;
staticfield java/lang/ClassLoader $assertionsDisabled Z 1
ciInstanceKlass java/lang/reflect/Constructor 1 1 439 10 100 12 1 1 1 10 100 12 1 1 9 7 12 1 1 1 10 12 1 1 10 12 1 1 10 100 12 1 1 9 12 1 1 10 7 12 1 1 1 9 12 1 1 9 12 1 1 9 12 1 9 12 1 1 9 12 1 9 12 1 1 9 12 1 1 9 12 1 100 1 8 1 10 12 1 10 12 1 9 12 1 1 10 7 12 1 1 10 7 12 1 1 1 10 12 1 1 10 12 1 1 10 12 1 7 1 100 1 8 1 10 10 12 1 10 12 1 10 12 1 1 10 12 1 1 9 100 12 1 1 1 10 7 12 1 1 10 12 1 1 10 12 1 10 12 1 1 10 7 12 1 1 1 10 100 12 1 1 10 12 1 1 10 12 1 10 7 12 1 1 1 8 1 10 10 12 1 100 1 8 1 10 12 1 10 12 1 1 10 12 1 1 10 12 1 10 12 1 10 12 1 1 10 12 1 1 9 12 1 1 10 12 1 1 10 12 1 1 10 12 1 1 11 7 12 1 1 1 10 12 1 1 10 12 1 10 12 1 10 12 1 8 1 9 12 1 1 10 7 12 1 1 1 10 7 12 1 1 10 12 1 1 10 12 1 1 10 12 1 1 10 12 1 1 10 12 1 9 7 12 1 1 10 12 1 10 12 1 10 12 1 100 1 8 1 10 10 12 1 1 10 12 1 10 10 12 1 1 10 12 1 1 10 100 12 1 1 1 11 100 12 1 1 1 10 12 1 1 9 100 12 1 1 1 10 100 12 1 1 1 10 12 1 1 1 1 1 1 1 1 1 1 1 1 1 1 1 1 1 1 1 1 1 1 1 1 1 1 1 1 1 1 1 1 1 1 1 1 1 1 1 1 1 1 1 1 1 1 1 1 1 1 1 1 100 1 100 1 100 1 100 1 1 1 1 1 1 1 1 1 1 1 1 1 1 1 1 1 1 1 1 1 1 1 1 1 1 1 1 1 1 1 1 1 100 1 1
instanceKlass java/lang/reflect/Executable
instanceKlass java/lang/reflect/Field
ciInstanceKlass java/lang/reflect/AccessibleObject 1 1 400 10 7 12 1 1 1 9 100 12 1 1 1 10 7 12 1 1 1 10 7 12 1 1 10 7 12 1 1 1 10 100 12 1 1 1 10 12 1 1 10 12 1 1 9 12 1 1 7 1 10 7 12 1 1 1 11 12 1 7 1 10 12 1 7 1 100 1 10 12 1 10 12 1 1 10 12 1 1 10 12 1 1 10 12 1 1 7 1 10 7 12 1 1 1 10 12 1 1 11 10 7 12 1 1 1 10 12 1 1 10 12 1 10 12 1 10 12 1 1 10 12 1 8 1 7 1 7 1 10 10 12 1 1 8 1 10 12 1 10 12 1 8 1 8 1 8 1 8 1 8 1 8 1 8 1 8 1 8 1 100 1 10 12 1 10 12 1 9 12 1 1 10 12 1 1 10 12 1 10 7 1 100 1 8 1 10 8 1 10 12 1 8 1 10 12 1 10 12 1 1 10 100 1 8 1 10 11 7 12 1 1 1 10 12 1 1 10 12 1 1 10 12 1 1 9 12 1 1 100 1 10 12 1 7 1 10 12 1 10 12 1 1 10 100 1 10 12 1 10 12 10 12 1 10 12 1 10 12 1 1 10 12 1 9 12 1 10 100 12 1 1 8 1 10 100 12 1 1 1 8 1 10 7 12 1 1 1 9 12 1 7 1 10 7 1 10 10 7 12 1 1 1 7 1 10 10 7 12 1 1 1 7 1 9 12 1 1 1 1 1 1 1 1 1 1 1 1 1 1 1 1 1 1 1 1 1 1 1 1 1 1 1 1 1 1 1 1 1 1 1 1 1 1 1 1 1 1 1 1 1 1 1 1 1 1 1 1 1 1 1 1 1 1 1 1 1 1 1 1 1 1 1 1 1 1 1 1 1 1 1 1 1 1 1 1 1 1 1 1
staticfield java/lang/reflect/AccessibleObject reflectionFactory Ljdk/internal/reflect/ReflectionFactory; jdk/internal/reflect/ReflectionFactory
instanceKlass java/lang/reflect/Constructor
instanceKlass java/lang/reflect/Method
ciInstanceKlass java/lang/reflect/Executable 1 1 577 10 7 12 1 1 1 10 7 12 1 1 1 10 7 12 1 1 1 11 7 12 1 1 1 10 7 12 1 1 1 10 12 1 1 10 100 12 1 1 1 10 7 12 1 1 1 10 12 1 8 1 10 10 12 1 1 10 12 1 1 10 100 12 1 1 1 18 12 1 1 11 100 12 1 1 1 8 1 8 1 8 1 10 100 12 1 1 1 11 12 1 1 7 1 8 1 8 1 10 12 1 7 1 8 1 10 12 1 8 1 11 100 12 1 1 1 7 1 11 7 12 1 1 1 11 12 1 8 1 18 8 1 10 12 1 10 12 1 1 18 8 1 10 12 1 100 1 10 12 1 10 12 1 11 12 1 10 12 1 1 8 1 8 1 10 12 1 1 10 12 1 1 10 10 12 1 9 100 12 1 1 1 10 100 12 1 1 1 10 12 1 10 12 1 1 10 100 12 1 1 10 12 1 10 12 1 10 12 1 10 12 1 1 10 7 12 1 1 10 12 1 10 12 1 1 9 100 12 1 1 1 10 100 12 1 1 10 12 1 8 1 10 12 1 10 12 1 3 100 1 8 1 10 12 1 10 12 1 10 10 12 1 10 12 1 1 8 1 8 1 8 1 9 12 1 1 9 12 1 10 12 1 100 1 8 1 10 12 1 10 12 1 10 12 1 1 10 12 1 1 10 12 1 10 12 10 12 1 100 1 10 12 1 10 12 1 1 100 1 10 7 12 1 1 1 7 1 10 7 12 1 1 1 10 12 1 1 11 7 12 1 1 10 7 12 1 1 10 100 12 1 1 1 10 12 1 1 9 12 1 10 12 1 1 10 12 1 10 12 1 1 9 100 12 1 1 1 10 100 12 1 1 1 10 12 1 10 12 1 1 9 12 1 10 10 10 10 100 12 1 1 1 10 12 1 9 12 1 10 12 1 1 9 12 1 7 1 7 1 1 1 1 1 1 1 1 1 1 1 1 1 1 1 1 1 1 1 1 1 1 1 1 1 1 1 1 1 1 1 1 1 1 1 1 100 1 1 1 1 1 1 1 1 100 1 1 1 1 1 1 1 1 1 1 1 1 100 1 1 1 1 1 1 1 1 1 1 1 1 1 1 1 1 1 1 1 1 1 1 1 1 1 1 1 1 1 1 1 1 1 1 1 1 1 1 1 1 1 1 1 7 1 1 1 1 1 1 1 1 1 1 1 1 1 1 1 1 1 1 1 1 1 1 7 1 7 1 1 16 15 16 1 16 1 15 10 12 16 15 10 100 12 1 1 1 1 1 1 100 1 1 100 1 100 1 1
ciInstanceKlass java/lang/reflect/Member 1 1 37 100 1 10 12 1 1 100 1 100 1 1 1 1 3 1 3 1 1 1 1 1 1 1 1 1 1 1 1 1 1 1 1 1 1 1 1
instanceKlass java/util/concurrent/ForkJoinWorkerThread
instanceKlass jdk/internal/misc/InnocuousThread
instanceKlass java/lang/ref/Finalizer$FinalizerThread
instanceKlass java/lang/ref/Reference$ReferenceHandler
instanceKlass java/lang/BaseVirtualThread
ciInstanceKlass java/lang/Thread 1 1 870 10 7 12 1 1 1 9 12 1 1 10 7 12 1 1 10 12 1 10 100 12 1 1 100 1 8 1 10 12 1 1 9 12 1 9 12 1 1 9 12 1 1 7 1 10 12 1 1 10 12 1 10 100 12 1 1 1 10 12 9 12 1 1 10 12 1 7 1 10 12 1 100 1 8 1 10 9 100 12 1 1 1 10 12 1 1 10 12 1 1 10 12 1 1 10 12 1 10 12 1 1 3 8 1 7 1 5 0 10 7 12 1 1 1 9 12 1 10 12 1 1 10 7 12 1 1 1 10 7 12 1 1 1 10 12 1 1 10 12 1 1 9 12 1 1 10 7 1 8 1 10 7 1 10 12 1 9 12 1 1 10 7 12 1 1 1 10 10 12 1 1 9 100 12 1 1 1 10 12 1 1 10 12 1 1 10 7 12 1 1 10 12 1 10 12 1 10 7 12 1 1 9 12 1 10 7 12 1 1 1 10 12 1 1 9 12 1 1 9 12 1 1 10 7 12 1 1 1 9 12 1 1 10 100 12 1 1 10 100 12 1 1 1 10 12 1 10 12 1 10 7 12 1 1 9 12 1 8 1 9 7 12 1 1 9 12 1 1 5 0 100 1 10 100 1 10 100 1 10 7 1 10 8 1 10 12 1 1 10 100 12 1 10 12 1 10 12 1 100 1 8 1 10 10 12 1 10 12 1 1 10 100 12 1 1 1 10 100 12 1 1 1 10 12 1 7 1 9 12 1 1 100 1 10 10 12 1 9 12 1 1 10 12 1 1 10 12 1 1 10 12 1 10 12 1 9 12 1 1 10 10 12 1 1 10 12 1 1 11 7 12 1 1 10 7 12 1 1 9 12 1 9 12 1 1 9 12 1 1 10 100 12 1 1 10 12 1 1 9 100 12 1 1 1 10 100 12 1 1 10 12 1 10 12 1 100 1 10 10 12 9 12 1 1 10 12 1 11 100 12 1 1 10 12 1 10 12 1 10 12 1 9 12 1 10 10 12 1 10 12 1 1 9 12 1 9 12 10 12 1 8 1 10 12 1 10 12 1 10 12 1 10 12 1 10 12 1 1 10 12 1 10 12 1 1 10 12 1 10 12 1 10 12 1 10 12 1 10 12 1 1 9 7 12 1 1 1 8 1 10 9 12 1 10 12 1 7 1 8 1 10 10 12 1 8 1 10 12 1 1 9 12 10 12 8 1 10 10 12 1 10 12 1 8 1 10 12 1 10 8 1 10 100 12 1 1 10 12 1 1 100 1 8 1 10 9 12 1 9 12 1 1 10 12 1 1 10 10 12 1 10 12 1 100 10 7 12 1 1 1 9 12 1 10 12 1 1 10 12 1 1 10 100 12 1 1 1 11 7 12 1 1 1 9 100 12 1 1 1 10 100 12 1 1 1 7 1 10 12 1 100 1 10 12 1 10 12 1 1 10 12 1 1 8 1 9 12 1 10 12 1 10 12 1 1 11 7 12 1 1 1 10 12 1 1 1 1 3 1 3 1 3 1 3 1 1 1 1 1 1 1 1 1 1 1 1 1 1 1 1 1 1 1 1 1 7 1 1 1 1 1 1 1 1 1 1 1 1 1 1 1 1 1 1 1 1 1 1 100 1 1 1 1 1 1 1 1 1 1 1 1 1 1 1 1 7 1 7 1 1 1 1 1 1 1 1 1 1 1 1 1 1 1 1 1 1 1 1 1 1 1 1 1 1 1 1 1 1 1 1 1 1 1 1 1 1 1 1 1 1 1 1 1 1 1 1 1 1 1 1 1 1 1 1 1 1 1 1 1 1 1 1 1 1 1 1 1 1 1 1 1 1 1 1 100 100 1 1 1 1 1 1 1 1 1 1 1 1 1 1 1 1 1 1 1 1 1 1 1 1 1 1 100 1 100 1 100 1 100 1 100 1 1 100 1 1 1 1 1 1 1 1 1 1 1 1 1 1 1
staticfield java/lang/Thread NEW_THREAD_BINDINGS Ljava/lang/Object; java/lang/Class
staticfield java/lang/Thread EMPTY_STACK_TRACE [Ljava/lang/StackTraceElement; 0 [Ljava/lang/StackTraceElement;
ciInstanceKlass java/lang/Runnable 1 0 11 100 1 100 1 1 1 1 1 1 1
ciInstanceKlass java/net/URL 1 1 771 10 7 12 1 1 1 10 12 1 10 7 12 1 1 9 12 1 1 9 12 1 10 7 12 1 1 1 10 12 1 1 10 12 1 1 9 12 1 1 10 7 12 1 1 1 8 1 10 12 1 1 7 1 10 10 12 1 1 8 1 10 12 1 1 9 12 1 100 1 8 1 10 12 1 10 12 1 8 1 9 12 1 10 12 1 1 9 12 1 10 12 1 10 12 1 9 12 1 9 12 1 8 1 9 12 1 10 12 1 1 8 1 9 12 1 1 10 12 1 1 10 7 12 1 1 1 8 1 10 12 1 100 1 10 12 1 10 12 1 10 12 1 10 12 1 1 10 12 1 1 8 1 10 12 1 1 10 12 1 8 1 9 12 1 8 1 10 12 1 10 7 12 1 1 1 7 1 10 12 1 10 12 1 1 10 100 12 1 1 1 100 1 8 1 10 10 12 1 8 1 10 12 1 1 10 12 1 10 12 1 10 12 1 10 12 1 10 12 1 10 12 1 8 1 10 12 1 8 1 10 10 100 1 10 10 12 1 8 1 10 7 12 1 1 1 10 12 1 9 100 12 1 1 1 10 7 12 1 1 1 9 12 1 1 10 12 1 10 100 12 1 1 1 100 1 100 1 10 12 1 10 12 1 10 12 1 10 12 1 10 12 1 10 12 10 10 12 1 10 12 1 10 12 1 1 8 1 9 100 12 1 1 1 10 100 12 1 1 1 10 12 1 1 9 100 12 1 1 1 10 12 1 1 100 1 10 12 1 10 12 1 10 10 12 1 1 10 12 1 1 10 12 1 10 12 1 10 12 1 10 100 12 1 1 1 10 12 1 1 10 12 1 9 12 1 1 9 12 1 1 7 1 8 1 10 10 12 1 9 12 1 1 10 7 12 1 1 8 1 10 100 12 1 1 8 1 10 12 1 1 10 12 1 8 1 8 1 10 7 12 1 1 1 7 1 10 7 12 1 1 1 10 12 1 10 12 1 100 1 10 9 100 12 1 1 1 10 100 12 1 1 10 12 1 1 10 12 1 8 1 100 1 10 10 7 12 1 1 1 10 12 1 8 9 100 12 1 1 1 10 12 1 1 10 12 1 10 12 1 1 10 100 12 1 1 11 7 12 1 1 10 12 1 10 12 1 9 12 1 10 12 1 1 10 100 12 1 1 10 100 12 1 1 1 8 10 100 12 1 1 100 1 10 8 8 10 12 1 8 8 8 100 1 10 12 1 9 12 1 1 10 12 1 10 12 1 1 10 12 1 10 12 10 12 1 1 10 12 1 1 10 10 10 12 1 10 12 1 10 12 1 10 12 1 10 12 1 10 10 12 1 100 1 8 1 10 10 10 12 1 1 10 12 1 10 12 1 1 8 1 7 1 10 10 7 1 10 12 1 9 7 12 1 1 1 9 12 1 1 7 1 10 10 7 12 1 1 1 7 1 1 1 1 1 5 0 1 1 1 1 1 1 1 1 1 1 1 1 1 1 1 1 1 1 1 1 1 1 1 1 1 1 1 1 1 1 1 1 1 1 1 1 1 1 1 1 1 1 1 1 1 1 1 1 7 1 1 1 1 1 1 1 1 1 1 1 1 1 1 1 1 1 1 1 1 1 1 1 1 1 1 1 1 1 1 1 1 1 1 1 1 1 100 1 1 1 1 1 1 1 1 1 1 1 1 1 1 1 1 1 100 1 1 1 1 1 1 1 1 1 1 1 1 1 1 1 1 1 1 1
staticfield java/net/URL defaultFactory Ljava/net/URLStreamHandlerFactory; java/net/URL$DefaultFactory
staticfield java/net/URL streamHandlerLock Ljava/lang/Object; java/lang/Object
staticfield java/net/URL serialPersistentFields [Ljava/io/ObjectStreamField; 7 [Ljava/io/ObjectStreamField;
ciMethod java/lang/System arraycopy (Ljava/lang/Object;ILjava/lang/Object;II)V 512 0 256 0 -1
ciInstanceKlass java/lang/Module 1 1 1070 10 7 12 1 1 1 9 7 12 1 1 1 10 7 12 1 1 1 9 12 1 9 12 1 1 9 12 1 1 10 12 1 1 10 12 1 10 12 1 1 10 7 12 1 1 1 7 1 10 7 12 1 1 1 10 12 1 1 11 7 12 1 1 1 10 12 1 1 10 7 12 1 1 1 10 12 1 1 10 7 12 1 1 1 9 100 12 1 1 1 10 7 12 1 1 1 10 12 1 8 1 10 7 12 1 1 1 10 7 12 1 1 1 10 7 12 1 1 1 10 12 1 10 12 1 9 12 1 1 10 100 12 1 1 100 1 7 1 10 8 1 10 12 1 1 10 12 1 10 12 10 12 1 10 7 12 1 1 8 1 8 1 10 8 1 8 1 9 12 1 1 8 1 10 100 12 1 1 1 10 12 1 9 12 1 1 11 12 1 9 7 12 1 1 10 7 12 1 1 1 10 100 12 1 1 1 10 12 1 1 8 1 10 12 1 1 10 12 1 10 12 1 1 9 7 12 1 1 1 10 12 1 1 10 12 1 1 9 12 1 10 12 1 10 12 1 9 12 1 1 11 7 12 1 1 10 12 1 1 9 12 1 9 12 1 10 12 1 10 12 1 100 1 8 1 10 10 12 1 1 10 12 1 8 1 10 12 1 1 8 1 8 1 10 12 1 1 10 12 1 10 12 1 1 18 12 1 1 10 12 1 1 11 12 1 9 12 1 11 12 10 100 12 1 1 100 1 8 1 10 11 12 1 1 10 7 12 1 1 1 10 12 1 10 12 1 1 11 12 1 1 11 7 12 1 1 11 12 1 1 9 12 1 11 12 1 10 12 1 1 10 12 1 1 9 12 1 10 12 10 7 12 1 1 10 7 1 18 12 1 1 11 100 12 1 1 1 18 12 1 11 12 1 1 10 100 12 1 1 1 11 12 1 1 10 7 12 1 1 7 1 11 12 1 7 1 7 1 10 12 1 10 7 12 1 1 1 10 11 7 12 1 8 1 10 10 12 1 1 10 7 12 1 1 10 12 1 10 12 1 7 1 10 12 1 10 11 12 1 1 10 12 10 12 1 1 9 12 1 1 100 1 10 10 12 1 1 11 7 1 10 12 1 1 11 12 1 10 10 12 1 11 10 12 1 1 10 12 1 1 10 12 1 1 10 7 12 1 1 10 12 1 10 12 1 1 10 10 12 1 1 10 12 1 18 12 1 11 12 1 18 12 1 10 12 1 10 12 1 10 12 7 1 10 12 1 10 12 1 10 12 1 9 12 1 7 1 10 10 10 10 12 1 10 12 1 10 12 1 10 12 1 1 10 12 1 1 10 12 1 9 12 1 18 12 1 1 10 7 12 1 1 1 100 1 8 1 10 12 1 1 10 12 1 1 10 7 12 1 1 7 1 10 12 1 1 7 1 8 1 10 12 1 1 100 1 11 12 1 1 10 100 12 1 1 1 18 12 1 1 11 100 12 1 1 1 100 1 10 12 1 10 12 1 1 7 1 7 1 10 12 8 1 10 12 1 1 10 12 1 1 10 100 12 1 1 10 12 1 1 10 12 1 10 12 10 12 1 1 7 1 10 10 12 1 1 10 7 12 1 1 1 100 1 10 12 1 1 10 7 12 1 1 8 1 18 12 1 1 100 1 100 1 9 12 1 1 9 12 1 9 12 1 11 100 12 1 1 1 100 1 11 12 1 1 100 1 10 12 1 8 1 10 12 1 10 12 10 12 1 8 1 10 10 100 12 1 1 7 1 10 10 12 1 10 7 12 1 1 9 12 1 9 12 1 9 12 1 9 12 1 10 12 11 12 1 10 12 1 7 1 1 1 1 1 1 1 1 1 1 1 1 1 1 1 1 1 1 1 100 1 1 1 1 1 1 1 1 1 1 1 1 1 1 1 1 1 1 1 1 1 1 1 1 1 1 1 1 1 1 1 1 1 1 1 1 1 1 1 1 1 1 1 1 1 1 1 1 1 1 1 1 1 1 1 1 1 1 1 1 1 1 1 1 1 1 1 1 1 1 1 1 1 1 1 1 1 1 1 1 1 1 1 1 1 1 1 1 1 1 1 1 1 1 1 100 100 1 1 1 1 1 1 1 1 1 1 1 1 1 1 1 1 1 1 1 1 1 1 1 1 1 1 1 100 1 100 1 1 1 1 1 1 1 1 1 1 1 1 1 1 1 1 1 1 1 1 100 1 1 1 1 1 1 1 1 1 1 1 1 1 1 1 1 1 1 1 1 1 1 1 16 15 10 12 16 16 15 10 12 16 16 15 10 16 1 15 10 12 16 1 15 10 12 16 1 16 15 10 12 16 16 1 15 10 12 16 15 10 100 12 1 1 1 15 10 100 12 1 1 1 1 1 1 1 1 1 1 1 100 1 100 1 1 100 1 100 1 1
staticfield java/lang/Module ALL_UNNAMED_MODULE Ljava/lang/Module; java/lang/Module
staticfield java/lang/Module ALL_UNNAMED_MODULE_SET Ljava/util/Set; java/util/ImmutableCollections$Set12
staticfield java/lang/Module EVERYONE_MODULE Ljava/lang/Module; java/lang/Module
staticfield java/lang/Module EVERYONE_SET Ljava/util/Set; java/util/ImmutableCollections$Set12
staticfield java/lang/Module $assertionsDisabled Z 1
ciInstanceKlass java/lang/StringLatin1 1 1 392 7 1 10 7 12 1 1 1 10 12 1 1 10 7 12 1 1 1 10 100 12 1 1 1 10 12 1 10 7 12 1 1 1 10 12 1 1 10 7 12 1 1 1 10 7 12 1 1 1 10 12 1 1 10 12 1 1 10 10 12 1 10 12 1 10 9 7 12 1 1 1 10 12 1 1 10 7 12 1 1 1 10 12 10 12 1 1 10 12 1 1 10 12 1 10 12 1 1 10 12 1 1 10 7 12 1 1 1 10 12 1 10 12 1 1 9 12 1 1 100 1 10 10 12 1 1 10 7 12 1 1 1 10 12 1 10 12 1 100 1 7 1 8 1 10 12 1 8 1 10 12 1 1 100 1 10 10 12 10 7 12 1 1 1 8 1 8 1 8 1 10 12 1 1 10 100 12 1 1 10 12 1 10 12 1 1 10 12 1 1 10 12 1 1 10 12 1 10 12 10 12 10 12 1 10 12 10 10 12 1 10 12 1 10 12 1 10 100 12 1 1 1 10 100 12 1 1 1 10 12 1 1 10 12 1 1 10 10 7 12 1 1 1 1 1 1 1 1 1 1 1 1 1 1 1 1 1 1 1 1 1 1 1 1 1 1 1 1 1 1 1 1 1 1 1 1 1 1 1 1 1 1 1 1 1 1 1 1 1 1 1 1 100 1 1 1 1 1 1 1 1 1 1 1 1 1 1 1 1 1 1 1 1 1 1 1 1 1 1 1 1 1 1 1 1 1 1 1 1 1 1 1 1 1 1 100 1 1 1 1 1 1 1 1 1 1 1 1 1 1 1 1 1 1 1 1 1 1 1 100 1 1 1 1 1 1 1 1 1 1 1 1 1 1 1 1 1 1 1 1 1 1 1 1 1 1 100 1 1 1 1
staticfield java/lang/StringLatin1 $assertionsDisabled Z 1
ciInstanceKlass java/lang/Math 1 1 460 7 1 10 7 12 1 1 1 10 7 12 1 1 1 10 12 1 10 12 1 10 12 1 10 12 1 10 12 1 6 0 6 0 10 12 1 10 12 1 10 12 1 10 12 1 10 12 1 10 12 1 1 10 12 1 10 12 1 10 12 1 10 12 1 10 12 1 10 7 12 1 1 1 100 1 3 3 3 10 7 12 1 1 1 100 1 5 0 5 0 5 0 5 0 5 0 9 100 12 1 1 1 10 100 12 1 1 1 100 1 8 1 10 12 1 8 1 10 12 1 1 10 12 1 1 7 1 5 0 5 0 7 1 3 5 0 3 5 0 10 12 1 10 12 1 10 12 1 10 12 1 10 12 1 8 1 10 12 1 8 1 10 12 1 1 10 12 1 1 9 12 1 1 9 12 1 100 1 7 1 10 10 12 1 1 8 1 10 12 1 10 12 1 1 10 10 12 1 10 12 1 10 12 1 10 12 1 1 8 1 8 1 10 12 1 1 10 12 1 10 12 10 12 10 12 1 10 12 1 10 12 1 10 12 1 10 12 6 0 10 12 1 9 12 1 1 100 1 10 10 12 1 100 1 10 12 1 10 12 1 1 10 12 1 10 12 1 10 12 10 12 1 1 10 12 1 1 10 12 1 1 10 12 6 0 10 12 1 1 10 12 10 12 1 4 10 12 1 10 12 1 10 12 10 12 1 10 12 1 10 12 1 10 12 1 10 12 1 10 12 1 5 0 6 0 4 6 0 4 6 0 4 10 12 1 9 12 1 1 10 12 9 12 1 10 7 12 1 1 1 4 6 0 1 1 6 0 1 6 0 1 6 0 1 1 1 1 1 1 1 1 1 1 1 1 1 1 1 1 1 1 1 1 1 1 1 1 1 1 1 1 1 1 1 1 1 1 1 1 1 1 1 1 1 1 1 1 1 1 1 1 1 1 1 1 1 1 1 1 1 1 1 1 1 1 1 1 1 1 1 1 1 1 1 1 1 1 1 1 1 1 1 1 1 1 1 1 1 1 1 1 1 1 1 1 1 1 1 1
staticfield java/lang/Math negativeZeroFloatBits J -2147483648
staticfield java/lang/Math negativeZeroDoubleBits J -9223372036854775808
staticfield java/lang/Math $assertionsDisabled Z 1
ciInstanceKlass jdk/internal/util/ArraysSupport 1 1 378 7 1 7 1 8 1 10 12 1 1 10 12 1 1 10 7 12 1 1 9 7 12 1 1 1 9 12 1 1 10 7 12 1 1 1 9 12 1 1 10 7 12 1 1 1 9 12 1 10 12 9 12 1 10 12 1 1 10 12 7 1 10 12 1 1 10 12 1 100 1 10 12 1 1 10 12 100 1 10 12 1 100 1 10 12 1 100 1 7 1 10 8 1 10 12 1 1 10 12 1 10 12 1 1 10 9 12 1 1 11 100 12 1 1 1 9 12 1 9 12 1 10 12 1 1 9 12 1 9 12 1 9 12 1 9 12 1 9 12 1 9 12 1 9 12 1 10 12 1 1 10 7 12 1 1 1 9 12 1 9 12 1 10 12 1 1 10 12 1 9 12 1 10 12 1 10 7 12 1 1 1 9 12 1 9 12 1 10 12 1 10 12 1 10 7 12 1 1 1 3 10 12 1 7 1 8 1 8 1 8 1 10 10 100 12 1 1 1 11 7 12 1 1 1 10 12 1 10 7 12 1 1 1 10 12 1 1 10 12 1 1 9 12 1 10 12 1 9 12 1 9 12 1 9 12 1 9 12 1 9 12 1 9 12 1 9 12 1 7 1 10 7 12 1 1 1 1 1 3 1 3 1 3 1 3 1 3 1 3 1 3 1 3 1 1 1 1 1 1 1 1 1 1 1 1 1 1 1 1 1 1 1 1 1 1 1 1 1 1 1 1 1 1 1 1 1 1 1 1 1 1 1 1 1 1 1 1 1 1 1 1 1 1 1 1 1 1 1 1 1 1 1 1 1 1 1 1 1 1 1 1 1 1 1 1 1 1 1 1 1 1 1 100 1 1 1 1
staticfield jdk/internal/util/ArraysSupport U Ljdk/internal/misc/Unsafe; jdk/internal/misc/Unsafe
staticfield jdk/internal/util/ArraysSupport BIG_ENDIAN Z 0
staticfield jdk/internal/util/ArraysSupport LOG2_ARRAY_BOOLEAN_INDEX_SCALE I 0
staticfield jdk/internal/util/ArraysSupport LOG2_ARRAY_BYTE_INDEX_SCALE I 0
staticfield jdk/internal/util/ArraysSupport LOG2_ARRAY_CHAR_INDEX_SCALE I 1
staticfield jdk/internal/util/ArraysSupport LOG2_ARRAY_SHORT_INDEX_SCALE I 1
staticfield jdk/internal/util/ArraysSupport LOG2_ARRAY_INT_INDEX_SCALE I 2
staticfield jdk/internal/util/ArraysSupport LOG2_ARRAY_LONG_INDEX_SCALE I 3
staticfield jdk/internal/util/ArraysSupport LOG2_ARRAY_FLOAT_INDEX_SCALE I 2
staticfield jdk/internal/util/ArraysSupport LOG2_ARRAY_DOUBLE_INDEX_SCALE I 3
staticfield jdk/internal/util/ArraysSupport LOG2_BYTE_BIT_SIZE I 3
staticfield jdk/internal/util/ArraysSupport JLA Ljdk/internal/access/JavaLangAccess; java/lang/System$2
ciInstanceKlass java/lang/Character 1 1 604 7 1 7 1 100 1 9 12 1 1 8 1 9 12 1 1 7 1 9 12 1 1 10 7 12 1 1 1 10 100 12 1 1 1 10 100 12 1 1 1 10 7 12 1 1 1 9 7 12 1 1 1 10 12 1 10 12 1 1 10 12 1 1 10 7 12 1 1 10 12 1 1 3 3 3 3 3 10 12 1 1 10 12 1 3 11 7 12 1 1 1 11 12 1 1 10 12 1 1 10 12 1 1 100 1 10 10 12 1 3 10 12 1 1 10 12 1 10 12 1 1 100 1 8 1 10 12 1 1 10 12 1 10 12 1 10 12 1 10 100 12 1 1 1 10 12 1 10 12 1 10 12 1 1 10 12 1 10 7 12 1 1 10 10 12 1 10 10 12 1 10 12 1 1 10 12 1 10 10 12 1 10 12 1 10 12 1 10 12 1 10 12 1 10 12 1 10 12 1 10 12 10 10 12 10 10 12 1 10 10 12 1 10 10 12 1 10 10 12 1 10 12 1 10 12 1 10 12 1 10 12 1 10 12 1 10 12 1 10 10 12 1 10 10 12 1 10 10 12 1 1 10 10 12 1 10 5 0 10 12 1 10 12 1 10 10 12 1 10 10 12 1 1 10 10 12 1 10 10 12 1 9 12 1 1 100 1 10 10 12 1 10 12 1 1 3 10 100 12 1 1 1 10 12 1 10 100 12 1 1 7 1 10 10 12 1 1 10 12 1 1 10 12 1 1 8 1 10 12 1 9 100 12 1 1 1 10 12 1 10 10 12 1 10 12 1 1 10 12 1 10 10 12 1 1 10 10 12 1 1 7 1 8 1 10 12 1 1 10 7 12 1 1 1 8 1 10 12 1 1 9 12 1 1 7 1 7 1 7 1 1 1 1 3 1 3 1 3 1 3 1 1 1 1 1 3 1 1 3 1 3 1 3 1 3 1 3 1 3 1 3 1 3 1 3 1 3 1 3 1 3 1 3 1 3 1 3 1 3 1 3 1 3 1 3 1 3 1 3 1 3 1 3 1 3 1 3 1 3 1 3 1 3 1 1 1 1 1 1 1 1 1 1 1 1 1 1 1 1 1 1 1 3 1 1 1 1 1 1 1 3 1 1 3 1 1 1 1 1 3 1 1 5 0 1 1 1 1 1 1 1 1 1 1 1 1 1 1 1 1 1 1 1 1 1 1 1 1 1 1 1 1 1 1 1 1 1 1 1 1 1 1 1 1 1 1 1 1 1 1 1 1 1 1 1 1 1 1 1 1 1 1 1 1 1 1 1 1 1 1 1 1 1 1 1 1 1 1 1 1 1 1 1 1 1 1 1 1 1 1 1 1 1 1 100 1 100 1 1 1 1 1 1
staticfield java/lang/Character TYPE Ljava/lang/Class; java/lang/Class
staticfield java/lang/Character $assertionsDisabled Z 1
ciInstanceKlass java/lang/StringConcatHelper 1 1 313 7 1 10 7 12 1 1 1 10 100 12 1 1 1 7 1 5 0 7 1 8 1 10 12 1 10 12 1 1 10 12 1 1 10 7 12 1 1 1 10 7 12 1 1 10 12 1 1 10 12 1 11 100 12 1 1 10 100 12 1 1 1 10 12 1 1 10 12 1 10 12 1 10 12 1 1 10 10 12 1 10 12 1 10 10 12 1 10 12 1 1 11 12 1 7 1 7 1 100 1 8 1 10 12 1 10 12 1 10 12 1 7 1 7 1 10 8 1 10 12 1 1 10 12 1 8 1 10 12 1 1 10 10 12 1 1 10 12 1 1 10 10 12 1 1 10 12 1 10 12 1 1 10 12 1 1 10 8 1 9 12 1 1 9 7 12 1 1 1 10 7 12 1 1 1 7 1 9 12 1 1 10 12 1 1 9 100 12 1 1 1 9 12 1 9 12 1 9 12 1 10 7 12 1 1 1 10 7 12 1 1 1 100 1 100 1 10 12 1 10 12 1 1 1 1 1 5 0 1 1 1 1 1 1 1 1 1 1 1 1 1 1 1 1 1 1 1 1 1 1 1 1 1 1 1 1 1 1 1 1 1 1 1 1 1 1 1 1 1 1 1 1 1 1 1 1 1 1 1 1 1 1 1 1 1 1 1 1 7 1 1 1 1 1 1 1 1 1 7 1 1 1 1 1 1 1 1 100 1 100 1 1
staticfield java/lang/StringConcatHelper UNSAFE Ljdk/internal/misc/Unsafe; jdk/internal/misc/Unsafe
ciInstanceKlass java/util/Arrays 1 1 1029 10 7 12 1 1 1 10 7 12 1 1 1 10 7 12 1 1 1 10 12 1 10 12 1 10 12 1 10 12 1 10 12 1 10 12 1 10 100 12 1 1 1 100 1 7 1 10 8 1 10 12 1 1 10 12 1 8 1 8 1 10 12 1 1 10 12 1 100 1 10 12 1 9 100 12 1 1 1 10 7 12 1 1 100 1 10 12 1 1 10 7 12 1 1 10 7 12 1 1 1 100 1 10 12 1 10 12 1 1 7 1 9 7 12 1 1 1 10 12 1 1 10 7 12 1 1 10 12 1 10 12 1 1 10 12 1 10 12 1 1 7 1 11 12 1 1 10 12 1 10 7 12 1 1 1 10 12 10 12 1 10 12 1 10 12 10 12 1 11 7 12 1 1 1 10 7 12 1 1 1 100 1 10 12 1 10 100 1 10 12 1 10 100 1 10 12 1 10 100 1 10 12 1 10 10 12 1 1 10 12 1 10 12 1 10 12 1 10 12 1 10 12 1 10 7 12 1 1 1 10 12 1 10 7 12 1 1 1 10 12 1 10 12 1 10 100 12 1 1 1 10 12 1 10 12 1 10 12 1 10 12 1 10 12 1 10 12 1 10 12 1 10 12 1 10 12 1 10 12 1 10 12 1 10 12 1 10 12 1 10 12 1 10 12 1 10 12 1 1 10 12 1 1 10 7 12 1 1 1 10 7 1 10 100 1 10 7 1 10 100 1 10 100 1 10 100 1 10 100 1 10 100 1 10 12 1 8 1 10 12 1 1 10 12 1 1 10 12 1 1 10 12 1 1 10 12 1 1 10 12 1 1 10 12 1 1 10 12 1 1 10 12 1 1 7 1 10 12 10 12 1 1 10 12 1 10 12 1 1 10 12 1 1 9 7 12 1 1 1 10 12 1 9 7 1 10 12 1 9 7 1 10 12 1 9 7 1 10 12 1 9 7 1 10 12 1 9 7 1 10 12 1 9 10 12 1 10 12 1 10 12 1 9 12 1 100 1 10 10 12 1 1 10 12 1 10 12 1 10 12 1 10 12 1 10 12 1 10 12 1 10 12 1 10 12 1 10 12 1 8 1 8 1 10 12 1 10 12 1 8 1 10 12 1 10 12 1 10 12 1 10 7 12 1 1 1 3 10 100 1 10 10 12 1 1 11 100 12 1 1 10 12 1 1 10 12 1 10 12 1 10 12 1 10 12 1 10 12 1 10 12 1 10 12 1 10 12 1 11 12 1 8 1 10 11 12 1 11 100 12 1 1 1 11 100 12 1 1 1 11 12 1 1 18 12 1 1 11 12 1 1 11 100 12 1 1 1 18 12 1 11 100 12 1 1 1 18 12 1 11 100 12 1 1 1 18 12 1 100 1 10 100 12 1 1 1 10 12 1 10 12 1 10 12 1 10 12 1 10 12 1 10 12 1 10 12 1 10 12 1 1 10 12 1 10 100 12 1 1 10 12 1 10 12 1 10 12 1 1 10 12 1 10 12 1 10 12 1 1 10 12 1 10 12 1 10 12 1 1 10 12 1 10 12 1 10 12 1 10 12 1 10 12 10 12 1 10 12 10 12 10 12 1 10 12 10 12 1 10 12 1 10 12 1 1 1 1 3 1 3 1 1 1 1 1 1 1 1 1 1 1 1 1 1 1 1 1 1 1 1 1 1 1 1 1 1 1 1 1 1 1 1 1 1 1 1 1 1 1 1 1 1 1 1 1 1 1 1 1 1 1 1 1 1 1 1 1 1 1 1 1 1 1 1 1 1 1 1 1 1 1 1 1 1 1 1 1 1 1 1 1 1 1 1 1 1 1 1 1 1 1 1 1 1 1 1 1 1 1 1 1 1 1 1 1 1 1 1 1 1 1 1 1 1 1 1 1 1 1 1 1 1 1 1 1 1 1 1 1 1 1 1 1 1 1 1 1 1 1 1 1 1 1 1 1 1 1 1 1 1 1 1 1 1 1 1 1 1 1 1 1 1 1 1 1 1 1 1 1 1 1 1 1 1 1 1 1 1 1 1 1 1 1 1 1 1 1 1 1 1 1 1 1 1 1 1 1 1 1 1 1 1 1 1 1 1 1 1 1 1 1 1 1 1 1 1 1 1 1 1 1 1 1 1 1 1 1 1 1 1 1 1 1 1 1 1 1 1 1 1 1 1 1 1 1 1 1 1 1 1 1 1 1 1 100 1 1 16 15 10 12 15 10 12 15 10 12 15 10 12 15 10 100 12 1 1 1 1 1 100 1 100 1 1 1 1 100 1 1 1 1 1 1 100 1 1 100 1 1 100 1 1 1 100 1 100 1 1
staticfield java/util/Arrays $assertionsDisabled Z 1
ciInstanceKlass java/lang/OutOfMemoryError 1 1 26 10 100 12 1 1 1 10 12 1 100 1 1 1 1 5 0 1 1 1 1 1 1 1 1 1
ciMethod java/lang/StringLatin1 equals ([B[B)Z 864 630 6681 0 -1
ciMethod java/lang/StringLatin1 hashCode ([B)I 556 0 6428 0 624
ciMethod java/lang/StringLatin1 inflate ([BI[BII)V 0 0 1 0 -1
ciInstanceKlass java/lang/StringUTF16 1 1 604 7 1 7 1 10 7 12 1 1 1 100 1 10 7 1 3 7 1 7 1 10 8 1 10 12 1 1 10 12 1 8 1 10 12 1 1 10 12 1 9 12 1 1 10 12 1 1 100 1 8 1 10 12 1 9 12 1 1 9 12 1 10 10 12 1 1 10 12 1 1 10 7 12 1 1 1 10 12 1 10 12 1 1 10 12 1 1 10 12 1 1 10 12 1 1 10 12 1 10 12 1 1 10 12 1 1 10 12 1 1 10 12 1 1 10 12 1 10 12 1 10 12 1 1 10 12 1 100 1 10 12 1 10 10 12 1 1 10 12 1 10 12 1 1 10 12 1 10 7 12 1 1 1 10 100 12 1 1 1 10 12 10 12 1 1 10 12 1 10 12 1 1 10 12 1 1 10 12 1 10 12 1 10 12 1 100 1 10 12 1 1 10 12 1 3 10 12 1 1 10 12 1 10 12 1 10 12 1 10 12 1 10 12 1 10 12 1 1 9 12 1 10 12 1 10 12 1 10 12 1 10 12 1 10 12 1 10 10 12 10 12 10 10 12 1 1 10 7 12 1 1 1 10 12 1 10 12 1 100 1 8 1 8 1 10 12 1 1 100 1 10 10 7 12 1 1 1 10 100 12 1 1 8 1 8 1 8 1 10 12 1 1 10 12 1 1 10 12 10 12 1 10 100 12 1 1 10 12 1 1 10 12 1 1 10 12 1 10 12 10 12 10 12 1 10 12 10 12 1 10 12 1 10 12 1 10 12 1 10 12 1 10 100 12 1 1 1 10 100 12 1 1 1 10 12 1 1 10 12 1 1 11 7 12 1 1 10 12 1 10 12 1 10 12 1 1 9 12 1 1 9 12 1 5 0 5 0 10 12 1 10 12 10 12 10 7 12 1 1 1 10 12 1 1 1 1 1 1 1 1 1 1 1 1 1 1 1 1 1 1 1 1 1 1 1 1 1 1 1 1 1 1 1 100 1 1 1 1 1 1 1 1 1 1 1 1 1 1 1 1 1 1 1 1 1 1 1 1 1 1 1 1 1 1 1 1 1 1 1 1 1 1 1 1 1 1 1 1 1 1 1 1 1 1 1 1 1 1 1 1 1 1 1 1 1 1 1 1 1 1 1 1 1 1 1 1 1 1 1 1 1 1 1 1 1 100 1 1 1 1 1 1 1 1 1 1 1 1 1 1 1 1 1 100 1 1 1 1 1 1 1 1 1 1 1 1 1 1 1 1 1 1 1 1 1 1 1 1 1 1 1 1 1 1 1 1 1 1 1 1 1 1 1 1 1 1 1 1 1 1 1 1 1 1 1 1 1 1 1 1 1 1 1 1 1 100 1 100 1 1 1 1 1
staticfield java/lang/StringUTF16 HI_BYTE_SHIFT I 0
staticfield java/lang/StringUTF16 LO_BYTE_SHIFT I 8
staticfield java/lang/StringUTF16 $assertionsDisabled Z 1
ciInstanceKlass java/lang/Integer 1 1 453 7 1 7 1 7 1 7 1 10 12 1 1 9 12 1 1 9 12 1 1 10 100 12 1 1 1 10 12 1 1 10 100 12 1 1 1 10 10 12 1 1 10 7 12 1 1 1 10 12 1 10 12 1 1 10 7 12 1 1 1 10 12 1 1 10 12 1 1 10 12 1 10 12 1 10 12 1 1 10 10 12 1 9 12 1 1 9 12 1 100 1 8 1 10 12 1 7 1 10 12 1 8 1 10 12 1 1 10 12 1 8 1 10 12 1 8 1 10 12 1 1 3 10 12 1 1 3 10 12 1 1 10 12 1 1 10 100 12 1 1 1 11 7 1 10 12 1 1 11 10 12 1 1 8 1 10 12 1 1 8 1 7 1 10 12 1 1 10 12 1 1 5 0 8 1 10 12 1 10 12 1 10 12 1 10 12 1 1 7 1 9 12 1 1 9 12 1 1 10 12 1 10 7 1 9 12 1 10 12 1 10 12 1 10 12 1 1 10 7 12 1 1 1 100 1 100 1 10 12 1 1 10 12 1 1 8 1 8 1 10 12 1 1 8 1 8 1 8 1 8 1 8 1 8 1 10 12 1 10 12 1 5 0 3 3 3 3 10 12 1 10 12 1 3 10 12 1 10 100 12 1 1 1 10 12 1 1 10 12 1 1 8 1 10 7 12 1 1 1 9 12 1 1 7 1 7 1 7 1 1 1 1 3 1 1 1 3 1 3 1 1 5 0 1 1 1 1 1 1 1 1 1 100 1 1 1 1 1 1 1 1 1 1 1 1 1 1 1 1 1 1 1 1 1 1 1 1 1 1 1 1 1 1 1 1 1 1 1 1 1 1 1 1 3 1 1 1 1 1 1 1 1 1 1 1 1 1 1 1 1 7 1 1 1 1 1 1 1 1 1 1 1 1 1 1 1 1 1 1 1 1 1 1 1 1 1 1 1 1 1 1 1 1 1 1 1 1 1 1 1 1 1 1 1 1 1 1 7 1 1 1 1 1 1 1 1 1 100 1 100 1 1
staticfield java/lang/Integer TYPE Ljava/lang/Class; java/lang/Class
staticfield java/lang/Integer digits [C 36
staticfield java/lang/Integer DigitTens [B 100
staticfield java/lang/Integer DigitOnes [B 100
instanceKlass java/util/concurrent/atomic/Striped64
instanceKlass java/util/concurrent/atomic/AtomicLong
instanceKlass java/math/BigInteger
instanceKlass java/util/concurrent/atomic/AtomicInteger
instanceKlass java/lang/Long
instanceKlass java/lang/Integer
instanceKlass java/lang/Short
instanceKlass java/lang/Byte
instanceKlass java/lang/Double
instanceKlass java/lang/Float
ciInstanceKlass java/lang/Number 1 1 37 10 7 12 1 1 1 10 100 12 1 1 1 100 1 1 1 1 5 0 1 1 1 1 1 1 1 1 1 1 1 1 1 1 1 1 1
ciMethod java/lang/Integer intValue ()I 270 0 135 0 -1
ciMethod java/lang/StringUTF16 length ([B)I 2 0 8325 0 -1
ciMethod java/lang/StringUTF16 hashCode ([B)I 0 0 1 0 -1
ciMethod java/lang/StringUTF16 inflate ([BI[BII)V 0 0 1 0 -1
ciMethod java/lang/StringUTF16 putChar ([BII)V 0 0 1 0 -1
ciMethod java/lang/StringUTF16 checkBoundsOffCount (II[B)V 542 0 4163 0 -1
ciInstanceKlass java/lang/Thread$FieldHolder 1 1 48 10 7 12 1 1 1 9 7 12 1 1 1 9 12 1 1 9 12 1 1 9 12 1 1 9 12 1 1 1 1 1 1 1 1 1 1 100 1 100 1 1 1 1 100 1 1 1
ciInstanceKlass java/lang/Thread$Constants 0 0 59 7 1 10 7 12 1 1 1 100 1 10 10 7 12 1 1 1 7 1 8 1 10 12 1 9 7 12 1 1 1 7 1 7 1 10 12 1 10 12 1 9 12 1 1 1 1 1 1 1 1 1 1 1 1 1 1 1 1
ciInstanceKlass java/lang/ThreadGroup 1 1 411 10 7 12 1 1 1 9 7 12 1 1 1 8 1 9 12 1 1 7 1 9 12 1 1 9 12 1 1 10 7 12 1 1 1 10 12 1 1 10 12 1 10 12 1 10 12 1 10 12 1 1 10 12 1 1 10 12 1 10 12 1 1 10 12 1 10 12 1 10 100 12 1 1 1 10 12 1 1 18 12 1 1 11 7 12 1 1 1 10 7 12 1 1 1 10 7 12 1 10 12 1 1 10 12 1 1 10 12 1 1 10 100 12 1 1 1 10 12 1 11 12 1 1 11 7 12 1 1 11 12 1 1 10 12 1 1 10 12 1 10 12 1 11 12 1 11 12 1 1 100 1 10 10 12 1 100 1 10 18 12 1 1 11 7 12 1 1 1 11 12 1 1 9 12 1 1 10 12 1 1 8 1 10 7 12 1 1 1 10 100 12 1 1 1 10 12 1 1 11 12 10 12 1 1 10 12 1 1 11 7 1 9 12 1 7 1 10 8 1 10 12 1 1 10 12 1 1 8 1 10 12 1 10 7 12 1 1 1 10 12 1 1 10 7 1 8 1 10 8 1 10 12 1 10 12 1 8 1 9 12 1 1 9 12 1 10 100 12 1 1 1 100 9 12 1 1 7 1 9 12 1 10 12 10 12 1 1 100 10 12 9 12 1 10 12 1 100 1 10 11 12 1 1 7 1 10 10 12 1 10 12 1 1 1 1 1 1 1 1 1 1 1 1 1 1 1 1 1 1 3 1 1 1 1 1 1 1 1 1 1 1 1 100 1 1 1 1 1 1 1 1 1 1 1 1 1 1 1 1 1 1 1 1 1 1 1 1 1 1 1 1 1 1 1 1 1 1 1 1 1 1 1 1 1 1 1 16 15 10 12 16 16 15 10 12 16 15 10 100 12 1 1 1 1 1 100 1 100 1 1
staticfield java/lang/ThreadGroup $assertionsDisabled Z 1
ciInstanceKlass java/lang/Thread$UncaughtExceptionHandler 1 0 16 100 1 100 1 1 1 1 1 1 1 1 100 1 1 1
ciInstanceKlass java/security/AccessControlContext 1 1 374 9 7 12 1 1 1 9 12 1 1 10 100 12 1 1 1 8 1 10 100 12 1 1 1 10 7 12 1 1 1 9 12 1 9 12 1 1 9 12 1 1 10 7 12 1 1 7 1 10 12 1 11 7 12 1 1 1 11 12 1 11 12 1 11 12 1 1 7 1 11 12 1 1 10 12 1 10 7 12 1 1 1 9 100 12 1 1 1 10 7 12 1 1 1 11 100 12 1 1 1 10 100 1 100 1 8 1 10 12 1 10 12 1 1 100 1 10 100 12 1 1 1 9 12 1 9 12 1 9 12 1 9 12 1 1 9 12 1 1 9 12 1 9 12 1 10 7 12 1 1 1 9 12 1 10 12 1 1 10 12 1 1 8 1 10 12 1 1 10 12 1 1 10 7 12 1 1 1 7 1 10 10 12 1 1 10 7 12 1 1 1 10 8 1 10 7 12 1 1 8 1 10 7 12 1 1 8 1 8 1 10 12 1 8 1 10 12 1 8 1 10 12 1 10 12 1 10 12 1 1 8 1 8 1 100 1 10 12 1 10 12 1 1 100 1 10 12 1 8 1 10 12 1 10 12 1 10 8 1 10 12 1 1 10 12 1 1 10 12 1 1 10 12 1 1 10 12 1 10 12 1 11 10 12 1 10 12 1 1 10 10 10 12 1 1 1 1 1 1 1 1 1 1 1 1 1 1 1 1 1 1 1 1 1 1 1 1 100 1 1 1 1 1 1 1 1 1 1 1 1 1 1 1 1 1 1 1 1 1 1 1 1 1 1 1 1 1 1 1 1 1 1 1 1 1 1 1 1 1 1 1 1 1 1 1 1 1 1 1 1 3 1 1
instanceKlass java/lang/ThreadBuilders$BoundVirtualThread
instanceKlass java/lang/VirtualThread
ciInstanceKlass java/lang/BaseVirtualThread 0 0 36 10 100 12 1 1 1 100 1 1 1 1 1 1 1 1 1 1 1 1 1 1 1 1 1 1 1 1 100 1 100 1 1 100 1 1
ciInstanceKlass java/lang/VirtualThread 0 0 890 7 1 9 12 1 1 10 7 12 1 1 1 10 100 12 1 1 1 10 7 12 1 1 1 9 12 1 1 9 12 1 1 100 1 10 12 1 9 12 1 1 18 12 1 1 9 12 1 1 10 12 1 1 100 1 10 12 1 10 12 1 1 10 12 1 1 10 12 1 1 10 12 1 10 7 12 1 10 12 1 10 12 1 10 12 1 11 100 12 1 1 1 100 1 10 12 1 1 10 100 12 1 1 1 10 100 12 1 1 1 10 12 1 100 1 10 10 12 1 10 12 1 1 9 12 1 1 10 12 1 1 9 12 1 1 10 12 1 9 12 1 1 9 12 1 100 1 10 10 12 1 10 12 1 10 100 12 1 1 10 9 10 10 12 1 1 10 12 1 1 10 100 12 1 1 10 100 1 10 9 10 10 12 1 10 12 1 10 12 1 1 7 1 10 12 1 1 10 12 1 10 12 1 1 9 12 1 10 12 1 10 12 1 9 12 1 1 10 12 1 10 12 1 9 12 1 1 10 12 1 10 12 1 11 100 12 1 1 10 12 1 1 10 12 1 10 12 1 1 9 12 1 10 100 1 10 12 1 1 10 12 1 1 10 12 1 10 12 1 10 12 1 10 12 1 9 12 1 1 10 100 12 1 1 10 12 1 10 12 1 1 10 100 12 1 1 10 12 1 100 1 8 1 10 12 1 10 12 1 1 10 12 1 10 12 1 10 100 12 1 1 10 12 1 10 12 1 1 10 12 1 10 12 1 1 10 7 12 1 1 18 10 12 1 1 10 12 1 1 100 1 10 10 12 1 7 1 9 12 1 1 10 7 12 1 1 10 9 12 1 1 9 100 12 1 1 1 11 100 12 1 1 1 11 100 1 11 12 10 12 1 10 12 1 1 10 12 1 100 1 10 10 12 1 10 12 1 1 10 12 1 1 10 12 1 10 12 1 10 12 1 9 12 1 1 11 100 12 1 1 10 12 9 100 12 1 1 1 9 12 1 10 12 1 1 9 12 1 9 12 1 7 1 10 10 12 1 1 10 12 1 10 12 10 12 1 7 1 7 1 8 1 10 10 12 1 1 10 12 1 10 7 12 1 1 8 1 10 12 1 8 1 10 12 1 9 100 12 1 1 1 10 12 1 1 10 12 1 10 10 10 10 12 9 12 1 10 12 1 1 9 12 1 10 12 1 1 9 12 1 10 12 1 1 18 12 1 1 18 12 1 10 7 12 1 1 1 8 1 10 100 12 1 1 1 10 7 12 1 1 1 18 12 1 10 100 12 1 1 1 100 1 10 12 1 8 1 10 12 1 8 1 10 12 1 1 8 1 8 1 10 100 12 1 1 8 1 10 12 1 8 1 8 1 10 100 12 1 1 1 10 12 1 10 12 1 1 10 12 1 18 12 1 1 18 12 1 1 5 0 9 12 1 10 12 1 18 12 1 100 1 10 12 10 7 12 1 1 10 12 1 1 7 1 8 1 10 10 12 1 10 12 1 1 10 12 1 9 12 1 8 10 12 1 1 8 8 9 12 1 8 10 12 1 1 3 1 3 3 1 3 1 3 1 3 1 3 1 3 3 1 3 1 3 1 3 1 1 1 1 1 1 1 1 1 1 1 1 1 1 7 1 1 1 1 1 1 1 1 1 1 1 1 7 1 1 1 1 1 1 1 1 1 1 1 1 1 7 1 1 1 1 1 1 1 1 1 1 1 1 1 1 1 1 1 1 1 1 1 1 1 1 1 1 1 1 1 1 1 1 1 1 1 1 1 1 100 1 1 1 1 1 1 1 1 1 1 1 1 1 1 1 1 1 1 1 1 1 1 1 1 1 1 1 1 1 1 1 1 1 100 1 1 1 1 1 1 1 1 1 1 1 1 1 1 100 1 1 16 15 10 12 15 16 15 10 12 16 15 10 12 16 16 15 10 12 16 15 10 12 16 15 10 12 16 15 10 12 16 1 15 10 100 12 1 1 1 1 1 1 1 7 1 1 100 1 100 1 1
ciInstanceKlass java/lang/ThreadBuilders$BoundVirtualThread 0 0 132 10 7 12 1 1 1 9 7 12 1 1 1 10 7 12 1 1 1 9 12 1 1 10 12 1 1 10 12 1 1 9 12 1 1 10 7 12 1 1 1 10 12 1 1 7 1 8 1 10 12 1 10 12 1 1 10 12 1 1 10 12 1 1 10 7 12 1 1 1 8 1 10 12 1 8 1 10 12 1 1 10 100 12 1 1 9 100 12 1 1 1 10 12 1 1 10 10 12 1 1 1 1 1 1 1 1 1 1 1 1 1 1 1 1 1 1 1 1 1 1 1 1 1 1 1 1 100 1 1 1 1
ciInstanceKlass jdk/internal/vm/ContinuationScope 0 0 50 10 100 12 1 1 1 10 100 12 1 1 1 100 1 9 100 12 1 1 1 10 12 1 1 10 100 12 1 1 1 10 12 1 1 10 12 1 1 1 1 1 1 1 1 1 1 1 1 1
ciInstanceKlass jdk/internal/vm/StackChunk 0 0 34 10 100 12 1 1 1 9 100 12 1 1 1 9 12 1 1 9 12 1 9 12 1 1 1 1 1 1 1 1 1 1 1 1
ciInstanceKlass java/lang/Float 1 1 279 7 1 7 1 10 100 12 1 1 1 10 100 12 1 1 1 4 7 1 10 12 1 1 10 12 1 1 8 1 8 1 10 7 12 1 1 1 10 12 1 1 10 12 1 1 10 100 1 4 10 7 12 1 1 9 12 1 1 10 12 1 1 10 12 1 10 10 12 1 1 10 12 1 10 12 1 3 3 100 1 4 4 4 3 10 12 1 1 9 12 1 1 100 1 10 3 3 4 4 10 12 1 3 3 3 10 12 1 1 10 12 1 1 10 12 1 10 100 12 1 1 1 10 12 1 1 10 12 1 1 10 7 12 1 1 1 8 1 10 12 1 1 9 12 1 1 7 1 7 1 7 1 1 1 1 4 1 4 1 1 1 4 1 1 3 1 3 1 3 1 3 1 3 1 1 1 1 5 0 1 1 1 1 1 1 1 1 1 1 100 1 1 1 1 1 1 1 1 1 1 1 1 1 3 1 1 1 1 1 1 1 1 1 1 1 1 1 1 1 1 1 1 1 1 1 1 1 1 1 1 1 1 1 1 1 1 1 1 1 1 1 1 1 1 1 1 1 1 1 1 1 1 1 1 1 1 1 1 1 1 1 1 1 1 1 7 1 1 1 1 1 1 1 100 1 100 1 1
staticfield java/lang/Float TYPE Ljava/lang/Class; java/lang/Class
staticfield java/lang/Float $assertionsDisabled Z 1
ciInstanceKlass java/lang/Double 1 1 290 7 1 7 1 10 100 12 1 1 1 10 12 1 1 10 7 1 10 12 1 1 10 100 12 1 1 1 6 0 8 1 10 12 1 1 8 1 10 12 1 1 8 1 6 0 10 12 1 1 100 1 5 0 5 0 8 1 8 1 10 7 12 1 1 1 10 7 12 1 1 1 8 1 10 12 1 1 8 1 8 1 8 1 10 12 1 1 10 12 1 10 12 1 1 10 12 1 10 12 1 10 12 1 1 10 12 1 10 7 1 6 0 10 7 12 1 1 9 12 1 1 10 12 1 10 12 1 10 12 1 10 12 1 10 12 1 5 0 10 12 1 1 10 12 1 10 12 1 10 100 12 1 1 1 10 12 1 1 10 12 1 1 8 1 10 7 12 1 1 1 9 12 1 1 7 1 7 1 7 1 1 1 6 0 1 6 0 1 6 0 1 1 1 6 0 1 1 3 1 3 1 3 1 3 1 3 1 1 1 1 5 0 1 1 1 1 1 1 1 1 1 1 1 1 1 1 1 1 100 1 1 1 1 1 1 1 1 1 1 1 1 3 1 1 1 1 1 1 1 1 1 1 1 1 1 1 1 1 1 1 1 1 1 1 1 1 1 1 1 1 1 1 1 1 1 1 7 1 1 1 1 1 1 1 100 1 100 1 1
staticfield java/lang/Double TYPE Ljava/lang/Class; java/lang/Class
ciInstanceKlass java/lang/Byte 1 1 213 7 1 100 1 10 7 12 1 1 1 9 12 1 1 8 1 9 12 1 1 7 1 10 12 1 1 10 12 1 1 10 100 12 1 1 1 10 100 12 1 1 1 9 100 12 1 1 1 10 12 1 1 100 1 7 1 10 12 1 1 8 1 10 12 1 1 8 1 10 12 1 10 12 1 10 12 1 10 12 1 1 10 12 1 10 12 1 10 12 1 1 10 8 1 8 1 10 7 1 9 12 1 1 10 12 1 1 10 12 1 1 10 12 1 1 10 12 1 5 0 10 12 1 1 8 1 10 7 12 1 1 1 9 12 1 1 7 1 7 1 1 1 3 1 3 1 1 1 1 3 1 3 1 1 5 0 1 1 1 1 1 1 1 1 1 1 1 1 1 1 1 1 1 1 1 1 1 1 1 1 1 1 1 1 1 1 1 1 1 1 1 1 1 1 1 1 1 1 1 1 1 1 1 1 1 1 1 1 1 1 1 1
staticfield java/lang/Byte TYPE Ljava/lang/Class; java/lang/Class
ciInstanceKlass java/lang/Short 1 1 222 7 1 7 1 100 1 10 7 12 1 1 1 10 12 1 1 100 1 7 1 10 12 1 1 8 1 10 12 1 1 8 1 10 12 1 10 12 1 10 12 1 10 12 1 1 10 12 1 1 10 12 1 9 12 1 1 8 1 9 12 1 1 7 1 10 12 1 1 10 12 1 10 100 12 1 1 1 10 100 12 1 1 1 9 100 12 1 1 1 10 12 1 10 12 1 1 10 8 1 8 1 10 7 1 9 12 1 1 10 12 1 1 10 12 1 1 10 12 1 1 10 12 1 3 3 5 0 10 12 1 1 8 1 10 7 12 1 1 1 9 12 1 1 7 1 7 1 1 1 3 1 3 1 1 1 1 3 1 3 1 1 5 0 1 1 1 1 1 1 1 1 1 1 1 1 1 1 1 1 1 1 1 1 1 1 1 1 1 1 1 3 1 1 1 1 1 1 1 1 1 1 1 1 1 1 1 1 1 1 1 1 1 1 1 1 1 1 1 1 1 1
staticfield java/lang/Short TYPE Ljava/lang/Class; java/lang/Class
ciInstanceKlass java/lang/Integer$IntegerCache 1 1 95 10 7 12 1 1 1 7 1 10 7 12 1 1 1 9 7 12 1 1 1 8 1 10 7 12 1 1 1 10 12 1 1 10 100 12 1 1 1 3 10 12 1 100 1 9 12 1 1 10 7 12 1 1 1 9 12 1 1 10 12 1 9 12 1 100 1 10 1 1 3 1 1 1 1 1 1 1 1 1 1 1 1 1 1 1 1 7 1 100 1 1 1 1 1
staticfield java/lang/Integer$IntegerCache high I 127
staticfield java/lang/Integer$IntegerCache cache [Ljava/lang/Integer; 256 [Ljava/lang/Integer;
staticfield java/lang/Integer$IntegerCache $assertionsDisabled Z 1
ciInstanceKlass java/lang/Long 1 1 524 7 1 7 1 7 1 7 1 10 12 1 1 9 12 1 1 9 7 12 1 1 1 10 7 12 1 1 1 10 12 1 1 10 100 12 1 1 1 10 10 12 10 12 1 10 12 1 10 12 1 5 0 5 0 7 1 10 12 1 1 10 12 1 1 10 12 1 10 12 1 10 12 1 10 12 1 1 10 100 12 1 1 10 12 1 10 12 1 1 10 12 1 1 10 12 1 1 10 12 1 1 10 100 12 1 1 1 10 12 1 1 10 12 1 10 12 1 10 12 1 10 12 1 1 10 10 12 1 5 0 5 0 9 12 1 1 9 12 1 5 0 100 1 8 1 10 12 1 8 1 10 12 1 8 1 8 1 10 12 1 1 5 0 10 12 1 1 5 0 10 12 1 1 10 12 1 1 10 100 12 1 1 1 11 7 1 10 12 1 1 11 10 12 1 1 8 1 10 12 1 1 8 1 7 1 10 12 1 1 10 12 1 8 1 8 1 11 12 1 1 10 12 1 10 12 1 10 12 1 5 0 5 0 9 7 12 1 1 1 10 12 1 10 12 1 1 8 1 8 1 10 12 1 1 8 1 8 1 8 1 8 1 8 1 8 1 10 12 1 10 7 1 9 12 1 1 10 12 1 10 12 1 1 10 12 1 1 10 7 12 1 1 1 100 1 100 1 10 12 1 1 10 12 1 1 5 0 10 12 1 10 12 1 5 0 5 0 5 0 10 12 1 1 10 12 1 5 0 5 0 10 12 1 10 12 1 10 100 12 1 1 1 10 12 1 1 10 12 1 1 8 1 10 7 12 1 1 1 9 12 1 1 7 1 7 1 7 1 1 1 1 5 0 1 1 1 1 3 1 3 1 5 0 1 1 1 1 1 1 1 1 1 100 1 1 1 1 1 1 1 1 1 1 1 1 1 1 1 1 1 1 1 1 1 1 1 1 1 1 1 1 1 1 1 1 1 1 1 1 1 1 1 1 1 1 1 1 1 1 1 1 1 1 1 1 1 1 1 3 1 1 1 1 1 1 1 1 1 1 1 1 1 1 1 7 1 1 1 1 1 1 1 1 1 1 1 1 1 1 1 1 1 1 1 1 1 1 1 1 1 1 1 1 1 1 1 1 1 1 1 1 1 1 1 1 1 1 1 7 1 1 1 1 1 1 1 1 1 100 1 100 1 1
staticfield java/lang/Long TYPE Ljava/lang/Class; java/lang/Class
ciMethod java/lang/Long longValue ()J 260 0 130 0 -1
ciMethod java/lang/Long numberOfLeadingZeros (J)I 0 0 4 0 -1
ciMethod java/lang/Long toString (JI)Ljava/lang/String; 2 0 6 0 -1
ciMethod java/lang/Long valueOf (J)Ljava/lang/Long; 11200 0 223049 0 -1
ciInstanceKlass jdk/internal/vm/vector/VectorSupport 1 1 573 7 1 10 100 12 1 1 1 9 12 1 1 10 12 1 1 100 1 10 12 1 11 100 12 1 1 1 11 100 12 1 1 1 11 100 12 1 1 11 100 12 1 1 11 100 12 1 1 1 11 100 12 1 1 11 100 12 1 1 11 100 12 1 1 11 100 12 1 1 11 100 12 1 1 11 100 12 1 1 11 100 12 1 1 1 11 100 12 1 1 11 100 12 1 1 1 11 100 12 1 1 1 11 100 12 1 1 11 100 12 1 1 1 11 100 12 1 1 100 1 10 12 1 1 11 100 12 1 1 11 100 12 1 1 11 100 12 1 1 11 100 12 1 1 11 100 12 1 1 11 100 12 1 1 9 12 1 1 10 7 12 1 1 11 100 12 1 1 10 12 1 1 10 7 12 1 1 1 10 12 1 10 12 1 1 10 12 1 1 1 1 1 3 1 3 1 3 1 3 1 3 1 3 1 3 1 3 1 3 1 3 1 3 1 3 1 3 1 3 1 3 1 3 1 3 1 3 1 3 1 3 1 3 1 3 1 3 1 3 1 3 1 3 1 3 1 3 1 3 1 3 1 3 1 3 1 3 1 3 1 3 1 3 1 3 1 3 1 3 1 3 1 3 1 3 1 3 1 3 1 3 1 3 1 3 1 3 1 3 1 3 1 3 1 3 1 3 1 1 1 1 1 1 1 1 1 1 1 1 1 1 1 1 1 1 1 1 1 1 1 1 1 1 1 1 1 1 1 1 1 1 1 1 1 1 1 1 1 1 1 1 1 1 1 1 1 1 1 1 1 1 1 1 1 1 1 1 1 1 1 1 1 1 1 1 1 1 1 1 1 1 1 1 1 1 1 1 1 1 1 1 1 1 1 1 1 1 1 1 1 1 1 1 1 1 1 1 1 1 1 1 1 1 1 1 1 1 1 1 1 1 1 1 1 1 1 1 1 1 1 1 1 1 1 1 1 1 1 1 1 1 1 1 1 1 1 1 1 1 1 1 1 1 1 1 1 1 1 1 1 1 1 1 1 1 1 1 1 1 1 1 1 1 1 1 1 1 1 1 1 1 1 1 1 1 1 1 1 1 1 1 1 1 1 1 1 1 1 1 1 1 1 1 1 1 1 1 1 1 1 1 1 1 1 1 1 1 1 1 1 1 1 1 1 1 1 1 1 1 1 1 1 1 1 1 1 1 1 1 1 1 1 100 1 100 1 100 1 100 1 100 1 1 1 1 1 1 1 1 1 1 1 1 1 1 1 1 1 1 1 1 1 1 1 1 1 1 1 1 1 1 1
staticfield jdk/internal/vm/vector/VectorSupport U Ljdk/internal/misc/Unsafe; jdk/internal/misc/Unsafe
staticfield jdk/internal/vm/vector/VectorSupport $assertionsDisabled Z 1
instanceKlass jdk/internal/vm/vector/VectorSupport$VectorShuffle
instanceKlass jdk/internal/vm/vector/VectorSupport$VectorMask
instanceKlass jdk/internal/vm/vector/VectorSupport$Vector
ciInstanceKlass jdk/internal/vm/vector/VectorSupport$VectorPayload 1 1 32 10 100 12 1 1 1 9 100 12 1 1 1 10 100 12 1 1 1 1 1 1 1 1 1 1 1 1 1 1 1 1
instanceKlass jdk/incubator/vector/Vector
ciInstanceKlass jdk/internal/vm/vector/VectorSupport$Vector 1 1 28 10 100 12 1 1 1 100 1 1 1 1 1 1 1 1 1 1 1 1 1 1 1 100 1 1 1 1
instanceKlass jdk/incubator/vector/VectorMask
ciInstanceKlass jdk/internal/vm/vector/VectorSupport$VectorMask 0 0 28 10 100 12 1 1 1 100 1 1 1 1 1 1 1 1 1 1 1 1 1 1 1 100 1 1 1 1
ciInstanceKlass jdk/internal/vm/vector/VectorSupport$VectorShuffle 0 0 28 10 100 12 1 1 1 100 1 1 1 1 1 1 1 1 1 1 1 1 1 1 1 100 1 1 1 1
ciInstanceKlass jdk/internal/vm/FillerObject 0 0 16 10 100 12 1 1 1 100 1 1 1 1 1 1 1 1
instanceKlass java/lang/ref/PhantomReference
instanceKlass java/lang/ref/FinalReference
instanceKlass java/lang/ref/WeakReference
instanceKlass java/lang/ref/SoftReference
ciInstanceKlass java/lang/ref/Reference 1 1 190 9 7 12 1 1 1 9 7 12 1 1 10 12 1 1 10 12 1 1 9 12 1 1 10 12 1 1 9 12 1 1 9 12 1 1 7 1 10 12 1 10 7 12 1 1 10 12 1 10 12 1 1 10 12 1 7 1 8 1 10 12 1 1 7 1 10 12 1 1 10 12 1 1 10 12 1 9 12 1 10 12 1 1 10 12 1 10 12 1 9 12 1 7 1 100 1 10 12 9 12 1 9 12 1 100 1 10 10 12 1 10 10 7 12 1 1 7 1 10 10 7 12 1 1 1 1 1 1 1 1 1 1 1 1 1 1 1 1 1 1 1 7 1 1 1 100 1 1 1 1 1 1 1 1 1 1 1 1 1 1 1 1 1 1 1 1 1 1 1 1 1 1 1 1 1 1 1 1 1 1 1 7 1 7 1 7 1 1 1
staticfield java/lang/ref/Reference processPendingLock Ljava/lang/Object; java/lang/Object
staticfield java/lang/ref/Reference $assertionsDisabled Z 1
instanceKlass java/lang/invoke/LambdaFormEditor$Transform
ciInstanceKlass java/lang/ref/SoftReference 1 1 47 10 7 12 1 1 1 9 7 12 1 1 1 9 12 1 10 12 1 10 12 1 1 1 1 1 1 1 1 1 1 1 1 1 1 1 1 1 1 1 1 100 1 1 1 1 1
instanceKlass java/lang/ClassValue$Entry
instanceKlass sun/nio/ch/FileLockTable$FileLockReference
instanceKlass java/lang/ThreadLocal$ThreadLocalMap$Entry
instanceKlass java/lang/invoke/MethodType$ConcurrentWeakInternSet$WeakEntry
instanceKlass java/util/WeakHashMap$Entry
ciInstanceKlass java/lang/ref/WeakReference 1 1 31 10 7 12 1 1 1 10 12 1 100 1 1 1 1 1 1 1 1 1 1 1 1 1 1 1 1 1 1 1 1
instanceKlass java/lang/ref/Finalizer
ciInstanceKlass java/lang/ref/FinalReference 1 1 50 10 7 12 1 1 1 10 7 12 1 1 1 10 12 1 1 7 1 8 1 10 12 1 1 1 1 1 1 1 1 1 1 1 1 1 1 1 1 1 1 1 1 1 1 1 1 1 7 1
instanceKlass jdk/internal/ref/PhantomCleanable
instanceKlass jdk/internal/ref/Cleaner
ciInstanceKlass java/lang/ref/PhantomReference 1 1 39 10 100 12 1 1 1 10 7 12 1 1 1 1 1 1 1 1 1 1 1 1 1 1 1 1 1 1 1 1 1 1 1 1 1 1 1 1 1
ciInstanceKlass java/lang/ref/Finalizer 1 1 155 9 7 12 1 1 1 10 7 12 1 1 1 9 12 1 1 9 12 1 1 9 12 1 9 12 1 9 12 1 1 10 12 1 7 1 8 1 10 12 1 10 12 1 1 9 12 1 100 1 10 12 1 7 1 11 100 12 1 1 10 12 1 7 1 10 12 1 100 1 10 12 1 10 7 12 1 1 1 10 100 12 1 1 1 100 1 10 10 12 1 7 1 10 12 1 7 1 10 12 1 1 10 12 1 1 10 12 1 10 7 12 1 1 1 7 1 10 7 1 10 10 12 1 1 1 1 1 1 1 1 1 1 1 1 1 1 1 1 1 1 1 1 1 1 1 1 1 1 1 1 1 1 1 1
staticfield java/lang/ref/Finalizer lock Ljava/lang/Object; java/lang/Object
staticfield java/lang/ref/Finalizer ENABLED Z 1
staticfield java/lang/ref/Finalizer $assertionsDisabled Z 1
instanceKlass com/naqqa/elasticsearch/codec/terms/SeekStatus
instanceKlass jdk/incubator/vector/LaneType
instanceKlass jdk/incubator/vector/VectorShape
instanceKlass com/naqqa/elasticsearch/codec/fieldinfos/DocValuesType
instanceKlass com/naqqa/elasticsearch/store/IOContext$Context
instanceKlass com/naqqa/elasticsearch/index/translog/Operation$Type
instanceKlass com/naqqa/elasticsearch/common/json/JsonGenerator$Ctx
instanceKlass java/lang/Character$UnicodeScript
instanceKlass com/naqqa/elasticsearch/analysis/filter/LowerCaseFilter$Variant
instanceKlass com/naqqa/elasticsearch/index/mapper/IndexableField$Kind
instanceKlass com/naqqa/elasticsearch/index/translog/VersionType
instanceKlass java/security/DrbgParameters$Capability
instanceKlass sun/security/util/KnownOIDs
instanceKlass com/naqqa/elasticsearch/index/translog/Durability
instanceKlass com/naqqa/elasticsearch/common/unit/ByteSizeUnit
instanceKlass java/nio/file/LinkOption
instanceKlass java/time/format/TextStyle
instanceKlass java/time/format/DateTimeFormatterBuilder$SettingsParser
instanceKlass java/util/Locale$Category
instanceKlass java/time/format/ResolverStyle
instanceKlass java/time/format/SignStyle
instanceKlass java/time/temporal/JulianFields$Field
instanceKlass java/time/temporal/IsoFields$Unit
instanceKlass java/time/temporal/IsoFields$Field
instanceKlass java/time/temporal/ChronoUnit
instanceKlass java/time/temporal/ChronoField
instanceKlass java/util/regex/Pattern$Qtype
instanceKlass com/naqqa/elasticsearch/index/mapper/Dynamic
instanceKlass com/naqqa/elasticsearch/index/mapper/RangeFieldMapper$RangeType
instanceKlass com/naqqa/elasticsearch/index/mapper/NumberFieldMapper$NumberType
instanceKlass com/naqqa/elasticsearch/analysis/Analyzer$ReuseStrategy
instanceKlass sun/nio/fs/WindowsPathType
instanceKlass java/nio/file/StandardOpenOption
instanceKlass java/util/stream/Collector$Characteristics
instanceKlass java/util/concurrent/TimeUnit
instanceKlass java/util/stream/StreamShape
instanceKlass java/lang/invoke/MethodHandles$Lookup$ClassOption
instanceKlass java/lang/invoke/VarHandle$AccessType
instanceKlass java/lang/invoke/VarHandle$AccessMode
instanceKlass java/lang/invoke/MethodHandleImpl$Intrinsic
instanceKlass java/lang/invoke/LambdaForm$BasicType
instanceKlass java/lang/invoke/LambdaForm$Kind
instanceKlass sun/invoke/util/Wrapper
instanceKlass java/util/stream/StreamOpFlag$Type
instanceKlass java/util/stream/StreamOpFlag
instanceKlass java/io/File$PathStatus
instanceKlass java/lang/module/ModuleDescriptor$Requires$Modifier
instanceKlass java/lang/reflect/AccessFlag$Location
instanceKlass java/lang/reflect/AccessFlag
instanceKlass java/lang/module/ModuleDescriptor$Modifier
instanceKlass java/lang/reflect/ClassFileFormatVersion
instanceKlass java/lang/Thread$State
ciInstanceKlass java/lang/Enum 1 1 204 9 7 12 1 1 1 9 12 1 1 10 7 12 1 1 1 9 12 1 10 7 12 1 1 1 100 1 10 10 12 1 1 10 12 1 7 1 10 10 7 12 1 1 10 12 1 1 18 12 1 1 10 100 12 1 1 1 10 12 1 1 11 7 12 1 1 1 100 1 8 1 10 12 1 100 1 7 1 10 8 1 10 12 1 1 10 12 1 1 8 1 10 12 1 10 100 1 8 1 10 10 12 1 1 10 100 12 1 1 1 7 1 7 1 7 1 1 1 1 1 1 1 1 1 1 1 1 1 1 1 1 1 1 1 1 1 1 1 1 1 1 1 1 1 1 1 1 1 1 1 1 1 1 1 1 1 1 1 1 1 1 1 3 1 1 1 1 100 1 7 1 1 100 1 1 1 1 1 1 1 1 1 1 1 16 15 10 12 16 15 10 100 12 1 1 1 1 1 100 1 100 1 1
ciInstanceKlass java/lang/reflect/Method 1 1 472 9 7 12 1 1 1 10 100 12 1 1 1 10 100 12 1 1 9 12 1 1 10 12 1 1 10 12 1 1 10 100 12 1 1 10 7 12 1 1 1 9 12 1 1 9 12 1 9 12 1 1 9 12 1 9 12 1 9 12 1 1 9 12 1 9 12 1 1 9 12 1 9 12 1 9 12 1 1 100 1 8 1 10 12 1 10 12 1 9 12 1 1 8 1 10 7 12 1 1 10 7 12 1 1 1 10 12 1 1 10 12 1 1 10 12 1 10 12 1 1 10 12 1 1 9 100 12 1 1 1 10 12 1 1 10 12 10 7 12 1 1 10 12 1 1 10 12 1 10 12 1 10 12 1 10 7 12 1 1 1 10 12 1 1 10 7 1 10 7 12 1 1 1 10 100 12 1 1 10 12 1 1 10 12 1 1 10 12 1 10 7 12 1 1 1 10 12 1 10 8 1 10 12 1 10 12 1 100 1 8 1 8 1 8 1 10 12 1 10 12 1 1 10 12 1 1 10 10 12 1 1 10 12 1 11 7 1 10 12 1 9 12 1 1 10 12 1 1 10 12 1 10 12 1 1 10 12 1 1 11 7 12 1 1 1 11 12 1 9 12 1 1 10 12 1 10 12 1 10 12 1 10 12 1 10 12 1 10 12 1 9 12 1 1 10 7 12 1 1 1 10 7 12 1 1 10 12 1 1 10 100 12 1 1 1 10 100 12 1 1 1 10 100 12 1 1 1 11 100 12 1 1 1 10 100 12 1 1 1 100 1 100 1 100 1 10 12 1 10 12 1 1 10 12 1 100 1 8 1 10 12 1 10 10 12 1 1 10 12 1 1 10 12 1 1 10 12 1 1 8 1 10 12 1 1 1 1 1 1 1 1 1 1 1 1 1 1 1 1 1 1 1 1 1 1 1 1 1 1 1 1 1 1 1 1 1 1 1 1 1 1 1 1 1 1 1 1 1 1 1 1 1 1 1 1 1 100 1 100 1 100 1 1 1 1 1 1 1 1 1 1 1 1 1 1 1 1 1 1 1 1 1 1 1 1 1 1 1 1 1 1
ciInstanceKlass java/lang/reflect/Field 1 1 457 9 7 12 1 1 1 10 12 1 1 10 100 12 1 1 1 10 100 12 1 1 9 12 1 1 10 12 1 1 10 12 1 1 10 100 12 1 1 10 7 12 1 1 1 9 12 1 1 9 12 1 9 12 1 9 12 1 1 9 12 1 1 9 12 1 9 12 1 1 9 12 1 1 100 1 8 1 10 12 1 10 12 1 9 12 1 1 9 12 1 10 12 1 10 100 12 1 1 10 12 1 1 10 12 1 1 10 12 1 10 12 1 1 9 100 12 1 1 1 10 100 12 1 1 1 100 1 10 12 1 1 10 12 1 1 10 12 1 1 10 12 1 10 12 1 10 7 1 10 7 12 1 1 7 1 10 8 1 10 12 1 1 10 12 1 1 8 1 10 12 10 12 1 8 1 8 1 10 11 7 1 9 12 1 10 12 1 1 10 12 1 1 11 7 12 1 1 1 10 12 1 11 12 1 1 11 12 1 1 11 12 1 1 11 12 1 1 11 12 1 1 11 12 1 1 11 12 1 1 11 12 1 1 11 12 1 1 11 12 1 1 11 12 1 1 11 12 1 1 11 12 1 1 11 12 1 1 11 12 1 1 11 12 1 1 11 12 1 1 10 12 1 10 7 12 1 1 10 12 1 10 12 1 10 12 1 9 12 1 1 10 100 12 1 1 1 10 12 1 1 10 12 1 10 100 12 1 1 10 12 1 1 11 7 1 10 12 1 7 1 10 100 12 1 1 1 10 100 12 1 1 1 9 12 1 10 100 12 1 1 1 11 100 12 1 1 1 10 12 1 1 10 12 1 1 9 100 12 1 1 10 100 12 1 1 1 10 12 1 1 7 1 1 1 1 1 1 1 1 1 1 1 1 1 1 1 1 1 1 1 1 1 1 1 1 1 1 1 1 1 1 1 1 1 1 1 1 1 1 1 100 1 1 1 1 1 1 1 1 1 1 1 1 1 1 1 1 1 1 1 1 1 1 1 1 1 1 1 1 1 1 1 1 7 1 1 1 1 1 1 1 1 1 100 1 1
ciInstanceKlass java/lang/reflect/Parameter 0 0 243 10 7 12 1 1 1 9 7 12 1 1 1 9 12 1 1 9 12 1 1 9 12 1 10 12 1 1 10 12 1 1 10 7 12 1 1 1 7 1 10 10 12 1 1 11 7 12 1 1 1 10 12 1 10 100 12 1 1 1 10 12 1 1 10 12 1 10 12 1 8 1 8 1 10 7 12 1 1 1 10 12 1 10 12 9 100 12 1 1 1 10 100 12 1 1 1 10 12 1 8 1 10 12 1 9 12 1 1 10 12 1 1 9 12 1 1 10 12 1 1 10 12 1 1 10 12 1 1 10 12 1 10 10 12 1 10 100 12 1 1 1 10 12 1 1 11 7 12 1 1 10 7 12 1 1 7 1 10 100 12 1 1 1 10 12 1 1 10 12 1 1 10 12 1 1 10 12 1 1 9 12 1 100 1 10 11 12 1 1 11 12 1 1 7 1 1 1 1 1 1 1 1 1 1 1 1 1 1 1 1 1 1 1 1 1 1 1 1 1 1 1 1 1 1 1 1 1 1 1 1 1 1 1 1 1 100 1 1 1 1 1 1
ciInstanceKlass java/lang/reflect/Array 1 1 83 10 100 12 1 1 1 10 7 12 1 1 1 10 12 1 1 1 1 1 1 1 1 1 1 1 1 1 1 1 100 1 1 1 1 1 100 1 1 1 1 1 1 1 1 100 1 1 1 1 1 1 1 1 1 1 1 1 1 1 1 1 1 1 1 1 1 1 1 1 1 1 1 1 1 1 1 1 1 1 1 1 1
ciMethod java/lang/reflect/Array newArray (Ljava/lang/Class;I)Ljava/lang/Object; 514 0 257 0 -1
ciMethod java/lang/reflect/Array newInstance (Ljava/lang/Class;I)Ljava/lang/Object; 20 0 79206 0 0
ciInstanceKlass java/lang/reflect/RecordComponent 0 0 196 10 7 12 1 1 1 9 7 12 1 1 1 9 12 1 1 9 12 1 10 12 1 1 10 12 1 1 10 100 12 1 1 1 10 12 1 1 9 12 1 1 10 12 1 1 10 12 1 1 10 12 1 10 100 12 1 1 10 100 12 1 1 9 12 1 1 10 100 12 1 1 1 11 100 12 1 1 1 10 9 100 12 1 1 1 10 100 12 1 1 1 9 12 1 1 10 100 12 1 1 1 10 12 1 1 11 7 12 1 1 10 7 12 1 1 7 1 9 12 1 9 12 1 1 9 12 1 10 100 12 1 1 1 10 12 1 1 10 12 1 1 7 1 10 10 12 1 10 12 1 1 8 1 10 12 1 10 12 1 9 12 1 7 1 1 1 1 1 1 1 1 1 1 1 1 1 1 1 1 1 1 1 1 1 1 7 1 1 1 1 1 1 100 1 1
ciInstanceKlass java/lang/StringBuffer 1 1 483 10 7 12 1 1 1 10 12 1 10 12 1 10 12 1 1 9 7 12 1 1 1 10 12 1 1 10 12 1 10 12 1 1 9 12 1 1 10 12 1 10 12 1 1 10 12 1 1 10 12 1 10 12 1 1 10 12 1 10 12 1 1 10 12 1 1 10 7 12 1 1 1 10 12 1 1 10 12 1 10 12 1 10 12 1 10 12 1 10 12 1 10 12 1 10 12 1 10 12 1 10 12 1 10 12 1 10 12 1 10 12 1 10 12 1 10 12 1 1 10 12 1 10 12 1 1 10 12 1 1 10 10 12 1 1 10 12 1 10 12 1 10 12 1 10 12 1 10 12 1 10 12 1 10 12 10 12 1 10 12 1 10 12 1 10 12 1 1 10 12 1 10 12 1 10 10 12 1 1 10 12 1 10 12 1 10 12 1 10 10 100 12 1 1 1 10 10 12 1 1 9 12 1 1 10 100 12 1 1 10 100 1 8 10 100 12 1 1 1 8 10 12 1 8 1 10 12 1 10 12 1 10 100 12 1 1 1 10 100 12 1 1 1 7 1 10 12 100 1 8 1 10 10 12 1 1 10 12 1 1 10 12 1 10 12 1 10 12 1 1 10 12 1 10 12 1 10 12 1 10 12 1 10 12 1 10 12 10 12 1 10 12 1 10 12 1 10 12 1 10 12 1 10 12 1 10 12 1 10 12 1 10 12 1 10 12 1 10 12 10 12 10 12 1 10 12 1 10 12 1 10 12 10 12 1 10 12 1 10 12 1 10 12 1 10 12 1 10 12 1 10 12 1 10 12 1 10 12 1 10 12 1 10 12 1 7 1 10 12 1 9 7 12 1 1 1 9 7 1 9 12 1 1 7 1 7 1 7 1 7 1 1 1 1 5 0 1 1 1 1 1 1 1 1 1 1 1 1 1 1 1 1 1 1 1 1 1 1 1 1 1 1 1 1 1 1 1 1 1 1 1 1 1 1 1 1 1 1 1 1 1 1 1 1 1 1 1 1 1 1 1 1 1 1 1 1 1 100 1 1 1 1 1 7 1 1 1 1 1 1 1 1 1 1 1 1 1 1 1 1 1 1
staticfield java/lang/StringBuffer serialPersistentFields [Ljava/io/ObjectStreamField; 3 [Ljava/io/ObjectStreamField;
instanceKlass jdk/internal/loader/BuiltinClassLoader
instanceKlass java/net/URLClassLoader
ciInstanceKlass java/security/SecureClassLoader 1 1 102 10 7 12 1 1 1 7 1 10 12 1 9 7 12 1 1 1 10 12 1 10 12 1 10 12 1 1 10 12 1 1 10 12 1 7 1 10 7 1 10 12 1 7 1 10 12 1 11 7 12 1 1 1 7 1 11 12 1 10 12 1 1 1 1 1 1 1 1 1 1 1 1 1 1 1 1 1 1 1 1 1 1 1 1 1 1 1 1 1 1 1 1 1 1 1 1 100 1 1 1 1
ciInstanceKlass java/net/URLClassLoader 0 0 600 10 7 12 1 1 1 100 1 10 12 1 9 7 12 1 1 1 10 7 12 1 1 1 9 12 1 1 100 1 10 12 1 9 12 1 1 10 12 1 10 10 12 1 10 100 12 1 1 1 10 12 1 1 10 7 12 1 1 1 10 100 12 1 1 1 100 1 10 12 1 1 10 12 1 1 10 12 1 1 100 1 100 1 10 7 12 1 1 1 100 1 8 1 10 12 1 10 7 12 1 1 1 10 12 1 1 10 12 1 1 11 100 12 1 1 1 11 7 12 1 1 1 11 12 1 1 7 1 11 12 1 11 7 12 1 1 10 12 1 11 12 1 11 12 1 1 11 10 12 1 1 10 12 1 1 10 12 1 1 100 1 10 12 1 10 12 1 1 7 1 100 1 10 12 1 1 7 1 10 10 12 1 1 10 100 12 1 1 10 12 1 100 1 7 1 10 8 1 10 12 1 1 8 1 10 12 1 1 10 10 12 1 8 1 8 1 10 12 1 1 10 7 12 1 1 1 10 100 12 1 1 1 10 12 1 1 10 12 1 1 10 12 1 1 10 12 1 10 12 1 100 1 100 1 8 1 10 12 1 10 12 1 1 10 12 1 1 7 1 10 12 1 10 100 12 1 1 1 10 12 1 1 10 12 1 1 10 12 1 1 10 12 1 10 100 12 1 1 1 10 12 1 1 8 1 10 12 1 1 11 100 12 1 1 1 9 100 12 1 1 1 10 100 12 1 1 1 9 12 1 9 12 1 9 12 1 9 12 1 9 12 1 9 12 1 10 7 12 1 1 1 8 1 10 12 1 1 100 1 10 10 12 1 10 12 1 1 10 12 1 1 100 1 10 12 1 10 12 1 1 10 12 1 10 12 1 1 100 1 10 100 12 1 1 9 100 12 1 1 1 10 12 1 8 1 100 1 8 1 10 12 1 10 12 1 8 1 10 12 1 10 12 1 9 12 1 1 10 100 12 1 1 10 12 1 10 12 1 10 100 1 8 1 10 100 1 10 12 1 10 100 12 1 100 1 10 12 1 10 12 1 100 1 10 10 7 12 1 1 1 1 1 1 1 1 1 1 1 1 1 1 1 1 1 1 1 1 1 1 1 1 1 1 1 1 1 1 1 1 1 1 1 1 1 7 1 100 1 7 1 7 1 1 1 1 1 1 1 1 1 1 1 1 1 1 1 1 1 1 1 1 1 1 1 1 1 1 1 1 1 1 1 1 1 1 1 1 1 1 1 1 1 1 1 1 1 1 100 1 1 1 1 1 1 1 1 1 1 1 1 1 1 1 1 1 1 1 1 1 1 1 1 1 1 1 1 1 1 1 1 1 1 1 1 1 100 1 1 1
ciInstanceKlass java/util/jar/Manifest 0 0 339 10 7 12 1 1 1 100 1 10 9 7 12 1 1 1 100 1 10 9 12 1 1 9 12 1 1 10 12 1 10 12 1 1 10 12 1 1 10 12 1 1 10 12 1 1 11 7 1 11 12 1 1 10 12 1 1 10 100 12 1 1 1 100 1 7 1 10 8 1 10 12 1 1 10 12 1 1 10 12 1 10 12 1 11 100 1 10 12 1 10 12 1 1 11 12 1 1 10 12 1 11 12 1 1 11 100 12 1 1 1 11 7 12 1 1 11 12 1 1 100 1 10 12 1 8 1 11 12 1 7 1 10 12 1 1 11 12 1 10 12 1 10 12 1 10 7 12 1 1 1 8 1 10 12 1 1 10 9 100 12 1 1 1 10 12 1 1 10 100 12 1 10 12 1 10 12 1 9 100 12 1 1 1 8 1 10 12 1 8 1 8 1 100 1 10 12 1 10 12 1 10 12 1 1 100 1 8 1 10 12 1 1 8 1 10 10 12 1 1 8 1 10 12 1 1 10 7 12 1 1 1 10 12 1 10 11 12 1 1 10 12 1 10 100 12 1 1 1 10 12 1 1 10 12 1 10 12 1 1 11 10 12 1 11 10 12 1 7 1 1 1 1 1 1 1 1 1 1 1 1 1 1 1 1 1 1 1 1 1 1 1 1 1 1 1 1 1 1 1 1 1 1 1 1 1 1 1 1 1 1 1 100 1 1 1 1 1 1 1 1 1 1 1 1 1 1 7 1 1 1 1 1 1 1 1 1 1 1
ciInstanceKlass java/io/ByteArrayInputStream 0 0 117 10 7 12 1 1 1 9 7 12 1 1 1 9 12 1 1 9 12 1 9 12 1 10 100 12 1 1 1 10 100 12 1 1 1 10 7 12 1 1 1 10 100 12 1 1 1 10 12 1 1 3 10 100 1 10 100 12 1 1 1 9 12 1 1 100 1 10 10 7 12 1 1 1 1 1 1 1 1 1 1 1 1 1 1 1 1 1 1 1 1 1 1 1 1 1 1 1 1 1 1 1 100 1 1 1 1 1 1 1 1 1 1 1 1 1 1
instanceKlass java/nio/CharBuffer
instanceKlass java/nio/ByteBuffer
ciInstanceKlass java/nio/Buffer 1 1 256 100 1 10 7 12 1 1 1 9 7 12 1 1 1 9 12 1 9 12 1 1 9 12 1 9 12 1 1 10 12 1 1 10 12 1 1 10 12 100 1 7 1 10 8 1 10 12 1 1 10 12 1 8 1 8 1 10 12 1 1 10 12 1 8 1 9 12 1 1 100 1 8 1 10 12 1 8 1 8 1 9 12 10 12 1 8 1 8 1 8 1 10 12 1 8 1 8 1 8 1 100 1 10 100 1 10 100 1 10 9 12 1 1 10 7 12 1 1 1 100 1 10 12 1 1 10 12 1 10 100 12 1 1 10 7 12 1 1 1 10 7 12 1 1 1 9 12 1 1 10 7 12 1 1 1 9 12 1 1 7 1 10 10 12 1 1 7 1 10 10 7 12 1 1 1 1 1 3 1 1 1 1 1 1 1 1 1 1 1 1 1 1 100 1 1 1 1 1 1 1 7 1 1 1 1 1 1 1 1 1 1 1 1 1 1 1 1 1 1 1 1 1 1 1 1 1 1 1 1 1 1 1 1 1 1 1 1 1 1 1 100 1 100 1 100 1 100 1 100 1 100 1 100 1 1
staticfield java/nio/Buffer UNSAFE Ljdk/internal/misc/Unsafe; jdk/internal/misc/Unsafe
staticfield java/nio/Buffer SCOPED_MEMORY_ACCESS Ljdk/internal/misc/ScopedMemoryAccess; jdk/internal/misc/ScopedMemoryAccess
staticfield java/nio/Buffer IOOBE_FORMATTER Ljava/util/function/BiFunction; jdk/internal/util/Preconditions$4
staticfield java/nio/Buffer $assertionsDisabled Z 1
ciInstanceKlass java/util/Objects 1 1 184 10 7 12 1 1 1 100 1 8 1 10 12 1 10 12 1 1 10 7 12 1 1 1 10 12 1 1 10 12 1 10 7 12 1 1 1 10 12 1 1 10 7 12 1 1 1 7 1 10 10 12 1 1 10 7 12 1 1 10 12 1 1 8 1 10 7 12 1 1 1 10 7 12 1 1 1 10 11 100 12 1 1 1 100 1 10 10 12 1 8 1 10 12 1 8 1 100 1 11 12 1 1 8 1 10 7 12 1 1 1 10 12 1 1 10 12 1 10 12 1 10 12 1 10 12 1 1 1 1 1 1 1 1 1 1 1 1 1 1 1 1 1 1 1 1 1 1 1 1 1 1 1 1 1 1 1 1 1 1 1 1 1 1 1 1 1 1 1 1 1 1 1 1 1 1 1 1 1 1 1 1 1 1
ciInstanceKlass jdk/internal/util/Preconditions 1 1 194 10 7 12 1 1 1 11 7 12 1 1 1 11 100 12 1 1 1 7 1 100 1 10 7 12 1 1 1 10 12 1 8 1 7 1 10 7 12 1 1 1 10 12 1 1 8 1 8 1 10 7 12 1 1 7 1 10 12 1 8 1 10 7 12 1 1 1 8 1 10 12 1 1 10 12 1 1 11 12 1 8 1 8 1 11 12 1 1 8 1 8 1 8 1 10 12 1 1 10 12 1 1 10 12 1 10 12 1 10 12 1 10 12 7 1 10 10 12 1 1 9 12 1 1 7 1 10 9 12 1 7 1 10 9 12 1 1 1 1 1 1 1 1 1 1 1 1 1 1 1 1 1 1 1 1 1 1 1 1 1 1 1 1 1 1 1 1 1 1 1 1 1 1 1 1 1 1 1 1 1 1 1 1 1 1 1 1 1 1 1 1 1 1
staticfield jdk/internal/util/Preconditions SIOOBE_FORMATTER Ljava/util/function/BiFunction; jdk/internal/util/Preconditions$4
staticfield jdk/internal/util/Preconditions AIOOBE_FORMATTER Ljava/util/function/BiFunction; jdk/internal/util/Preconditions$4
staticfield jdk/internal/util/Preconditions IOOBE_FORMATTER Ljava/util/function/BiFunction; jdk/internal/util/Preconditions$4
ciMethod java/util/Objects equals (Ljava/lang/Object;Ljava/lang/Object;)Z 690 0 3314 0 -1
ciMethod java/util/Objects checkIndex (II)I 512 0 84872 0 -1
ciMethod java/util/Objects requireNonNull (Ljava/lang/Object;Ljava/lang/String;)Ljava/lang/Object; 512 0 2035 0 -1
ciMethod java/util/Objects requireNonNull (Ljava/lang/Object;)Ljava/lang/Object; 1024 0 603894 0 -1
instanceKlass java/util/Arrays$ArrayList
instanceKlass sun/security/jca/ProviderList$3
instanceKlass java/util/ArrayList$SubList
instanceKlass java/util/Collections$EmptyList
instanceKlass java/util/ArrayList
ciInstanceKlass java/util/AbstractList 1 1 218 10 7 12 1 1 1 9 7 12 1 1 1 10 12 1 1 10 12 1 1 100 1 10 10 12 1 1 11 100 12 1 1 1 11 12 1 1 11 12 1 10 7 12 1 1 1 10 12 1 11 12 1 11 12 1 11 12 1 10 12 1 1 10 12 1 1 11 7 12 1 1 1 11 7 1 11 7 1 10 12 1 100 1 10 12 1 10 12 1 1 7 1 100 1 10 12 1 100 1 10 100 1 7 1 10 8 1 10 12 1 1 10 12 1 10 12 1 1 10 12 1 8 1 100 1 8 1 8 1 8 1 10 7 1 11 10 10 12 1 11 12 1 10 12 1 1 8 1 8 1 1 1 1 1 1 1 1 1 1 1 1 1 1 1 1 1 1 1 1 1 1 1 1 1 1 1 1 1 1 1 1 1 1 1 1 1 1 1 1 1 1 1 1 1 1 1 1 1 1 1 1 1 1 1 1 1 1 100 1 100 1 1 1 1 1 1 1
ciInstanceKlass java/lang/Iterable 1 1 62 10 100 12 1 1 1 11 7 12 1 1 1 11 7 12 1 1 1 11 12 1 1 11 100 12 1 1 1 10 100 12 1 1 1 100 1 1 1 1 1 1 1 1 1 1 1 1 1 1 1 1 1 1 1 1 1 1 1 1 1 1
ciInstanceKlass java/util/Collection 1 1 115 11 100 12 1 1 1 100 1 11 7 12 1 1 1 10 100 12 1 1 1 11 12 1 1 11 100 12 1 1 1 11 12 1 1 11 100 12 1 1 1 11 12 1 1 10 100 12 1 1 1 11 12 1 10 7 12 1 1 1 100 1 100 1 1 1 1 1 1 1 1 1 1 1 1 1 1 1 1 1 1 1 1 1 1 1 1 1 1 1 1 1 1 1 1 1 1 1 1 1 1 1 1 1 1 1 1 1 1 1 1 1 1 1 1
ciMethod java/util/Collection size ()I 0 0 1 0 -1
ciMethod java/util/Collection iterator ()Ljava/util/Iterator; 0 0 1 0 -1
ciInstanceKlass java/util/SequencedCollection 1 1 109 100 1 10 12 1 1 11 7 12 1 1 1 11 7 12 1 1 1 11 12 1 1 11 12 1 7 1 7 1 1 1 1 1 1 1 1 1 1 1 1 1 1 1 1 1 1 1 1 1 1 1 1 1 1 1 1 1 100 1 8 1 1 12 10 1 1 1 8 1 1 1 8 1 1 1 8 1 1 1 8 1 1 8 1 1 1 8 1 1 8 1 1 1 8 1 1 8 1 1 1 8 1 1 8 1 1 8 1
ciInstanceKlass java/util/List 1 1 251 10 100 12 1 1 1 11 100 12 1 1 1 11 100 12 1 1 1 11 12 1 1 11 100 12 1 1 11 12 1 1 11 12 1 1 10 100 12 1 1 1 100 1 100 1 10 12 1 1 100 1 10 100 12 1 1 1 11 12 1 1 11 12 1 11 12 1 100 1 10 12 1 11 12 1 1 11 12 1 1 11 12 1 10 100 12 1 1 1 9 7 12 1 1 1 7 1 10 12 10 12 1 7 1 10 12 1 1 10 12 1 10 12 1 1 11 12 1 1 100 1 1 1 1 1 1 1 1 1 1 1 1 1 1 1 1 1 1 1 1 1 1 1 1 1 1 1 1 1 1 1 1 1 1 1 1 1 1 1 1 1 1 1 1 100 1 100 1 1 1 1 1 1 1 1 1 1 1 1 1 1 1 1 1 1 1 1 1 1 1 1 1 1 1 1 1 1 1 1 1 1 1 1 1 1 1 1 1 1 1 1 1 1 1 1 1 1 1 1 1 1 1 1 1 1 1 1 1 1 1 1 1 1 1 1 1 1 1 1 1 1 1 1 100 1 1 100 1 1 1
ciMethod java/util/List size ()I 0 0 1 0 -1
ciMethod java/util/List get (I)Ljava/lang/Object; 0 0 1 0 -1
ciMethod java/util/List clear ()V 0 0 1 0 -1
ciMethod java/util/List isEmpty ()Z 0 0 1 0 -1
ciMethod java/util/List add (Ljava/lang/Object;)Z 0 0 1 0 -1
ciMethod java/util/List toArray ([Ljava/lang/Object;)[Ljava/lang/Object; 0 0 1 0 -1
ciMethod java/util/List iterator ()Ljava/util/Iterator; 0 0 1 0 -1
ciMethod java/util/List of ()Ljava/util/List; 132 0 27489 0 -1
ciMethod java/util/List sort (Ljava/util/Comparator;)V 0 0 1 0 -1
instanceKlass java/util/LinkedHashMap$LinkedValues
instanceKlass java/util/TreeMap$Values
instanceKlass java/util/AbstractQueue
instanceKlass java/util/HashMap$Values
instanceKlass java/util/ArrayDeque
instanceKlass java/util/AbstractSet
instanceKlass java/util/ImmutableCollections$AbstractImmutableCollection
instanceKlass java/util/AbstractList
ciInstanceKlass java/util/AbstractCollection 1 1 160 10 7 12 1 1 1 10 7 12 1 1 1 10 12 1 1 11 7 12 1 1 1 11 12 1 1 10 12 1 1 10 100 12 1 1 1 10 12 1 1 10 12 1 1 10 7 12 1 1 10 7 12 1 1 1 7 1 10 7 12 1 1 1 10 100 12 1 1 1 100 1 10 11 12 1 11 7 1 10 12 1 10 12 1 10 100 12 1 1 1 11 8 1 7 1 10 10 12 1 1 8 1 10 12 1 10 12 1 1 1 1 1 1 1 1 1 1 1 1 1 1 1 1 1 1 1 1 1 1 1 1 1 1 1 1 1 1 1 1 1 1 1 1 1 1 1 1 1 1 1 1 1 1 1 1 1 1 1 1
ciMethod java/util/AbstractCollection size ()I 0 0 1 0 -1
ciMethod java/util/AbstractCollection add (Ljava/lang/Object;)Z 0 0 1 0 -1
ciMethod java/util/AbstractCollection addAll (Ljava/util/Collection;)Z 186 678 93 0 0
ciMethod java/util/AbstractCollection <init> ()V 888 0 829509 0 0
ciMethod java/util/AbstractList <init> ()V 252 0 282212 0 0
ciInstanceKlass java/lang/AssertionStatusDirectives 0 0 24 10 100 12 1 1 1 100 1 1 1 1 1 1 1 1 1 1 1 1 1 1 1 1
instanceKlass java/lang/IndexOutOfBoundsException
instanceKlass java/util/concurrent/RejectedExecutionException
instanceKlass java/lang/UnsupportedOperationException
instanceKlass java/io/UncheckedIOException
instanceKlass java/time/DateTimeException
instanceKlass java/lang/MatchException
instanceKlass com/naqqa/elasticsearch/common/exception/ElasticsearchException
instanceKlass java/lang/IllegalStateException
instanceKlass java/lang/IllegalArgumentException
instanceKlass java/lang/ArithmeticException
instanceKlass java/lang/NullPointerException
instanceKlass java/lang/IllegalMonitorStateException
instanceKlass java/lang/ArrayStoreException
instanceKlass java/lang/ClassCastException
ciInstanceKlass java/lang/RuntimeException 1 1 40 10 100 12 1 1 1 10 12 1 10 12 1 10 12 1 10 12 1 100 1 1 1 1 5 0 1 1 1 1 1 1 1 1 1 1 1 1 1 1
instanceKlass com/naqqa/elasticsearch/index/engine/RefreshResult
instanceKlass com/naqqa/elasticsearch/codec/segment/SegmentCommitInfo
instanceKlass com/naqqa/elasticsearch/codec/postings/TermStats
instanceKlass com/naqqa/elasticsearch/index/engine/segment/SegmentWriter$SortedTerm
instanceKlass com/naqqa/elasticsearch/store/IOContext
instanceKlass com/naqqa/elasticsearch/index/engine/segment/SegmentWriter$FlatDoc
instanceKlass com/naqqa/elasticsearch/index/engine/segment/StoredDocCodec$Decoded
instanceKlass com/naqqa/elasticsearch/index/engine/BufferedDoc
instanceKlass com/naqqa/elasticsearch/index/translog/Translog$Location
instanceKlass com/naqqa/elasticsearch/index/translog/Operation$Index
instanceKlass com/naqqa/elasticsearch/index/mapper/ParsedDocument
instanceKlass com/naqqa/elasticsearch/index/mapper/IndexedTerm
instanceKlass com/naqqa/elasticsearch/index/engine/InternalEngine$CurrentDocInfo
instanceKlass com/naqqa/elasticsearch/index/engine/IndexOperation
instanceKlass com/naqqa/elasticsearch/index/translog/TranslogScanner$ScanResult
instanceKlass java/nio/DirectByteBuffer$Deallocator
instanceKlass java/security/SecureClassLoader$CodeSourceKey
instanceKlass jdk/internal/module/ModuleReferenceImpl$CachedHash
instanceKlass java/util/stream/Collectors$CollectorImpl
instanceKlass jdk/internal/reflect/ReflectionFactory$Config
instanceKlass jdk/internal/foreign/abi/UpcallLinker$CallRegs
instanceKlass jdk/internal/foreign/abi/VMStorage
ciInstanceKlass java/lang/Record 1 1 22 10 7 12 1 1 1 100 1 1 1 1 1 1 1 1 1 1 1 1 1 1
ciMethod java/lang/Record <init> ()V 512 0 631419 0 80
ciInstanceKlass java/lang/invoke/MethodType 1 1 780 7 1 10 7 12 1 1 1 9 12 1 1 9 12 1 1 9 12 1 1 10 7 12 1 1 1 9 7 12 1 1 8 1 10 100 12 1 1 1 9 7 1 9 7 1 10 12 1 1 7 1 10 8 1 10 12 1 1 10 12 1 10 12 1 1 7 1 8 1 10 12 1 100 1 10 10 12 1 10 12 1 1 10 12 1 1 11 7 12 1 1 1 9 12 1 11 12 1 1 7 10 12 1 1 10 12 1 1 7 1 7 1 10 7 12 1 1 1 10 12 1 10 12 1 9 12 1 1 10 7 12 1 1 10 12 1 1 10 7 12 1 1 1 10 7 12 1 1 1 10 12 1 9 12 1 1 10 12 1 1 10 12 1 1 10 12 1 1 10 12 1 1 10 12 1 1 10 12 1 10 12 1 10 12 1 1 10 12 1 8 1 8 1 10 12 1 1 9 12 1 1 100 1 10 10 12 1 1 10 12 1 10 12 1 1 10 12 1 1 10 12 1 10 12 1 10 12 1 8 1 10 12 1 1 10 100 12 1 1 1 10 12 1 10 12 1 1 10 12 1 10 12 1 10 12 1 1 10 12 1 10 12 1 9 12 1 10 12 1 10 10 12 1 1 10 12 1 9 12 1 1 10 12 1 1 11 12 1 1 10 12 1 1 7 1 10 12 10 12 1 10 12 1 100 1 8 1 8 1 8 1 10 12 1 10 12 1 10 12 1 10 10 12 1 11 12 1 1 11 12 1 10 100 12 1 1 1 9 12 1 10 12 1 10 12 1 1 10 12 1 1 10 12 1 10 12 1 10 100 12 1 1 1 10 12 1 1 10 12 1 10 12 1 10 12 1 10 9 12 1 1 7 1 10 12 1 10 12 1 1 9 100 12 1 1 1 10 7 12 1 1 1 10 7 12 1 1 1 10 12 1 1 10 7 12 1 1 1 10 12 1 1 8 1 10 7 12 1 1 1 11 12 1 1 9 12 1 1 10 12 1 1 10 12 1 10 12 1 1 10 12 1 1 10 100 12 1 1 100 1 10 12 1 1 11 100 12 1 1 18 12 1 1 11 12 1 1 18 12 1 11 12 1 100 1 11 100 12 1 1 10 12 1 100 1 10 12 1 10 100 12 1 1 10 12 1 1 9 12 1 1 9 100 12 1 1 1 10 7 12 1 1 1 9 12 1 10 100 12 1 1 10 12 1 100 10 12 1 1 10 12 1 10 7 1 7 1 9 12 1 1 7 1 7 1 7 1 1 1 5 0 1 1 1 1 1 1 1 3 1 3 1 3 1 1 1 1 1 1 1 1 1 1 1 1 1 1 1 1 1 1 1 1 1 1 1 1 1 1 1 1 1 1 1 1 1 1 1 1 1 1 1 1 1 1 1 1 1 1 1 1 1 1 1 1 1 1 1 1 1 1 1 1 1 1 1 1 1 1 1 1 1 1 1 1 1 1 1 1 1 1 1 1 1 1 1 1 1 1 1 1 1 1 1 1 1 1 1 1 1 1 1 1 1 1 1 1 1 1 1 1 1 1 1 1 1 1 1 1 1 1 1 1 1 1 1 1 1 1 1 1 1 1 1 100 1 100 1 1 1 1 1 1 1 1 1 1 1 1 1 100 1 1 1 7 1 1 1 1 1 1 1 1 1 1 1 1 1 1 1 1 1 1 1 1 1 1 16 15 10 12 16 16 15 10 12 16 15 10 100 12 1 1 1 1 1 1 1 7 1 1 7 1 1 100 1 100 1 1
staticfield java/lang/invoke/MethodType internTable Ljava/lang/invoke/MethodType$ConcurrentWeakInternSet; java/lang/invoke/MethodType$ConcurrentWeakInternSet
staticfield java/lang/invoke/MethodType NO_PTYPES [Ljava/lang/Class; 0 [Ljava/lang/Class;
staticfield java/lang/invoke/MethodType objectOnlyTypes [Ljava/lang/invoke/MethodType; 20 [Ljava/lang/invoke/MethodType;
staticfield java/lang/invoke/MethodType METHOD_HANDLE_ARRAY [Ljava/lang/Class; 1 [Ljava/lang/Class;
staticfield java/lang/invoke/MethodType serialPersistentFields [Ljava/io/ObjectStreamField; 0 [Ljava/io/ObjectStreamField;
staticfield java/lang/invoke/MethodType $assertionsDisabled Z 1
ciInstanceKlass java/lang/invoke/TypeDescriptor$OfMethod 1 0 43 100 1 100 1 100 1 1 1 1 1 1 1 1 1 1 1 1 1 1 1 1 1 1 1 1 1 1 1 1 1 1 1 1 1 1 1 1 1 1 100 1 1
instanceKlass java/lang/NoSuchFieldException
instanceKlass java/lang/NoSuchMethodException
instanceKlass java/lang/ClassNotFoundException
ciInstanceKlass java/lang/ReflectiveOperationException 0 0 34 10 100 12 1 1 1 10 12 1 10 12 1 10 12 1 100 1 1 1 1 5 0 1 1 1 1 1 1 1 1 1 1 1
instanceKlass java/lang/invoke/DelegatingMethodHandle
instanceKlass java/lang/invoke/BoundMethodHandle
instanceKlass java/lang/invoke/DirectMethodHandle
ciInstanceKlass java/lang/invoke/MethodHandle 1 1 736 100 1 9 7 12 1 1 1 10 7 12 1 1 1 10 7 12 1 1 1 7 1 7 1 10 12 1 1 9 12 1 1 10 12 1 10 12 1 1 10 12 1 1 10 100 12 1 1 1 10 12 1 1 10 12 1 1 11 7 12 1 1 1 10 12 1 1 10 12 1 10 12 1 10 12 1 1 9 12 1 1 9 12 1 1 10 7 12 1 1 1 10 12 1 1 10 12 1 10 12 1 100 1 7 1 10 8 1 10 12 1 1 10 12 1 8 1 10 12 1 1 10 12 1 10 7 12 1 1 1 10 12 1 1 10 12 1 1 10 12 1 1 10 7 12 1 1 1 10 12 1 1 10 12 1 1 10 12 1 10 12 1 1 10 7 12 1 1 10 7 12 1 1 10 12 1 10 12 1 10 12 1 1 10 12 1 1 10 12 1 1 10 12 1 1 10 7 12 1 1 1 10 100 12 1 1 1 10 12 1 1 10 12 1 1 10 12 1 1 8 1 10 7 12 1 1 1 8 1 10 12 1 10 12 1 1 10 12 1 1 10 12 1 8 1 10 12 1 1 8 1 10 12 1 8 1 10 7 12 1 1 1 9 12 1 1 100 1 10 9 7 12 1 1 1 9 7 1 8 1 10 12 1 1 10 12 1 10 12 1 1 10 12 1 10 12 1 1 10 12 1 10 12 1 1 10 12 1 10 12 1 1 10 12 1 1 8 1 10 12 1 1 8 1 10 12 1 10 12 1 1 10 12 1 10 12 1 10 12 1 1 9 100 12 1 1 1 10 12 1 1 11 12 1 10 12 1 10 12 1 1 10 100 12 1 1 100 1 11 12 1 10 100 1 11 12 1 7 1 10 12 1 11 12 1 9 100 12 1 1 1 11 12 1 1 11 100 12 1 1 1 10 12 1 1 9 12 1 11 12 1 9 12 1 9 12 1 9 12 1 11 12 1 1 9 12 1 9 12 1 9 12 1 9 12 1 9 12 1 9 12 1 9 12 1 8 1 10 12 1 10 12 1 8 1 10 12 1 10 12 1 10 12 1 1 10 10 10 7 12 1 1 10 12 1 1 100 1 100 1 8 1 8 1 10 10 12 1 1 10 12 1 10 12 1 7 1 10 100 12 1 1 1 10 9 7 12 1 1 1 10 12 1 1 10 12 1 1 8 1 8 1 10 7 12 1 1 9 12 1 9 12 1 1 9 12 1 1 10 12 1 7 1 10 12 1 10 12 1 1 9 12 1 1 9 12 1 1 10 7 12 1 1 1 11 7 12 1 1 9 12 1 10 12 1 1 10 12 1 9 12 1 10 12 1 8 10 12 1 1 8 1 1 1 1 1 1 1 1 7 1 1 1 1 1 1 1 1 1 1 1 1 1 1 1 1 1 1 1 1 1 1 1 1 1 1 1 1 1 1 100 1 1 1 1 1 1 1 1 1 1 1 1 1 1 1 1 1 1 1 1 1 1 1 1 1 1 1 1 1 1 1 1 1 1 1 1 1 1 1 1 1 1 1 1 1 1 1 1 1 1 1 1 1 1 1 1 1 1 1 1 1 1 1 1 1 1 1 1 1 1 1 1 1 1 1 1 1 1 1 1 1 1 1 1 1 1 100 1 1 100 1 7 1 100 1 1 100 1 1 100 1 1 1 1
staticfield java/lang/invoke/MethodHandle FORM_OFFSET J 20
staticfield java/lang/invoke/MethodHandle UPDATE_OFFSET J 13
staticfield java/lang/invoke/MethodHandle $assertionsDisabled Z 1
ciInstanceKlass java/util/concurrent/ConcurrentHashMap 1 1 1210 7 1 7 1 3 10 12 1 1 3 7 1 10 7 12 1 1 1 7 1 10 7 12 1 1 1 100 1 11 12 1 1 11 12 1 11 12 1 1 9 12 1 1 9 12 1 1 9 12 1 10 7 12 1 1 1 7 1 10 12 1 1 10 12 1 1 10 7 12 1 1 1 4 10 12 1 9 12 1 10 12 1 1 100 1 10 5 0 10 12 1 10 12 1 1 5 0 10 12 1 1 10 12 1 9 12 1 1 10 12 1 1 9 12 1 9 12 1 1 10 12 1 1 9 12 1 10 12 1 1 9 12 1 1 10 12 1 1 100 1 10 100 1 10 12 1 10 12 1 1 10 12 1 1 10 12 1 1 10 12 1 10 12 1 1 10 12 1 1 100 1 10 12 1 1 7 1 100 1 8 1 10 12 1 10 12 1 1 10 12 1 1 11 7 12 1 1 10 12 1 1 11 12 1 1 11 7 12 1 1 1 11 7 12 1 1 1 11 12 1 7 1 11 12 1 11 12 1 10 12 1 1 10 12 1 1 9 12 1 1 10 100 12 1 1 1 9 10 12 1 1 9 12 1 10 12 1 1 5 0 9 12 1 1 7 1 10 12 1 9 12 1 1 7 1 10 12 1 9 12 1 7 1 10 7 1 10 10 12 1 1 8 1 10 12 1 10 12 1 1 11 100 1 10 12 1 10 100 12 1 1 1 8 1 10 100 12 1 1 1 8 1 10 12 1 8 1 10 12 1 10 12 1 1 10 100 12 1 1 10 12 1 10 12 1 10 12 1 9 12 1 9 10 12 1 9 12 1 1 11 100 12 1 1 1 11 7 12 1 1 1 100 1 10 12 11 100 12 1 1 10 11 7 12 1 10 12 1 100 1 10 12 1 100 1 10 10 9 7 12 1 1 1 10 12 3 10 7 12 1 1 9 12 1 10 12 1 1 9 12 1 1 9 12 1 10 12 1 1 10 100 12 1 1 9 12 1 9 7 12 1 1 10 12 1 1 10 12 1 3 9 12 1 9 12 1 10 12 1 1 7 1 9 3 9 12 1 7 1 10 12 1 9 12 1 10 12 1 9 12 1 10 12 1 9 12 1 10 100 12 1 1 1 100 10 12 1 7 1 5 0 10 100 12 1 1 100 1 10 12 1 1 10 12 1 10 12 1 100 1 10 12 1 10 100 1 100 1 10 10 12 1 10 100 1 10 12 1 10 100 1 10 12 1 10 7 1 10 12 1 1 100 1 10 12 1 10 10 12 1 100 1 10 12 1 10 10 12 1 100 1 10 12 1 10 100 1 10 12 1 10 100 1 10 12 1 10 100 1 10 12 1 10 100 1 10 12 1 10 100 1 10 12 1 10 100 1 10 12 1 10 100 1 10 12 1 10 100 1 10 10 100 1 10 10 100 1 10 10 100 1 10 12 1 10 100 1 10 12 1 10 100 1 10 12 1 10 100 1 10 12 1 10 100 1 10 12 1 10 100 1 10 10 100 1 10 10 100 1 10 10 100 1 10 12 1 10 100 1 10 12 1 10 100 1 10 12 1 10 100 1 10 12 1 10 100 1 10 12 1 10 10 12 1 10 7 12 1 1 1 10 12 1 7 1 7 1 10 12 1 9 12 1 1 9 12 1 1 10 12 1 1 8 10 12 1 1 8 8 8 8 7 10 12 1 1 10 12 1 100 1 8 1 10 7 1 7 1 7 1 1 1 5 0 1 1 3 1 3 1 1 1 1 3 1 3 1 3 1 1 1 1 1 3 1 3 1 3 1 1 1 1 1 1 1 1 1 1 1 1 1 1 1 1 1 1 1 1 1 1 1 1 1 100 1 1 1 1 1 1 1 1 1 1 1 1 1 1 1 1 1 1 1 1 1 1 1 1 1 1 1 1 1 1 1 1 1 1 1 1 1 1 1 1 1 1 1 1 1 1 1 1 1 1 1 1 1 1 1 1 1 1 1 1 1 1 1 1 1 1 1 1 1 1 1 1 1 1 1 1 1 1 1 1 1 1 1 1 100 1 1 1 1 1 1 1 1 1 1 1 7 1 1 1 1 1 1 1 1 1 1 1 1 1 1 1 1 1 1 1 1 1 1 1 1 1 1 1 1 1 1 1 1 1 1 1 1 1 1 1 1 1 1 1 1 1 1 1 1 1 1 1 1 1 1 1 1 1 1 1 1 1 1 1 1 1 1 1 1 1 1 1 1 1 1 1 1 1 1 1 1 1 1 1 1 1 1 1 1 1 1 1 1 1 1 1 1 1 1 1 1 1 1 1 1 1 1 1 1 1 1 1 1 1 1 1 1 1 1 1 1 1 1 1 1 1 1 1 1 1 1 1 1 1 1 1 1 1 1 1 1 1 1 1 1 1 1 1 1 1 1 1 1 1 1 1 1 1 1 1 1 1 1 1 1 1 1 1 1 1 1 1 1 1 1 1 1 1 1 1 1 1 1 1 1 1 1 1 1 1 1 1 1 1 1 1 1 1 1 1 1 1 1 1 1 1 1 1 1 1 1 1 1 1 1 1 1 1 1 1 1 1 1 1 100 1 100 1 100 1 100 1 100 1 100 1 100 1 100 1 100 1 1 1 1 1 1 1 1 1 1 1 1 1 1 1 1 1 1 1 1 1 1 1 1 1 1 1 1 1 1 1 1 1 1 1 1 1 1 1 1 1 1 1 1 1 1 1 1 1 1 1 1 1 1 1 1 1 1
staticfield java/util/concurrent/ConcurrentHashMap NCPU I 16
staticfield java/util/concurrent/ConcurrentHashMap serialPersistentFields [Ljava/io/ObjectStreamField; 3 [Ljava/io/ObjectStreamField;
staticfield java/util/concurrent/ConcurrentHashMap U Ljdk/internal/misc/Unsafe; jdk/internal/misc/Unsafe
staticfield java/util/concurrent/ConcurrentHashMap SIZECTL J 20
staticfield java/util/concurrent/ConcurrentHashMap TRANSFERINDEX J 32
staticfield java/util/concurrent/ConcurrentHashMap BASECOUNT J 24
staticfield java/util/concurrent/ConcurrentHashMap CELLSBUSY J 36
staticfield java/util/concurrent/ConcurrentHashMap CELLVALUE J 144
staticfield java/util/concurrent/ConcurrentHashMap ABASE I 16
staticfield java/util/concurrent/ConcurrentHashMap ASHIFT I 2
ciInstanceKlass java/util/concurrent/ConcurrentMap 1 1 208 11 7 12 1 1 1 10 100 12 1 1 11 12 1 1 11 100 12 1 1 1 11 7 12 1 1 1 11 12 1 1 100 1 11 12 1 11 12 1 100 1 11 100 12 1 1 1 18 12 1 11 12 1 1 11 100 12 1 1 11 12 1 1 11 100 12 1 11 12 1 1 11 12 1 1 7 1 7 1 1 1 1 1 1 1 1 1 1 1 1 1 1 1 1 1 1 1 1 1 1 1 1 1 1 1 1 1 1 1 1 1 1 1 1 1 1 1 1 1 1 1 1 1 1 1 1 1 1 1 1 1 1 1 1 1 1 1 1 16 15 11 12 15 10 100 12 1 1 1 1 1 100 1 100 1 1 1 100 1 8 1 1 12 10 1 1 1 8 1 1 1 8 1 1 8 1 1 1 8 1 1 1 8 1 1 1 8 1 1 1 8 1 1 1 8 1 1 1 8 1 1 1 8 1 1 8 1
instanceKlass java/util/concurrent/ConcurrentSkipListMap
instanceKlass java/util/TreeMap
instanceKlass java/util/IdentityHashMap
instanceKlass java/util/Collections$SingletonMap
instanceKlass java/util/EnumMap
instanceKlass java/util/WeakHashMap
instanceKlass java/util/Collections$EmptyMap
instanceKlass sun/util/PreHashedMap
instanceKlass java/util/HashMap
instanceKlass java/util/ImmutableCollections$AbstractImmutableMap
instanceKlass java/util/concurrent/ConcurrentHashMap
ciInstanceKlass java/util/AbstractMap 1 1 196 10 7 12 1 1 1 10 7 12 1 1 1 11 7 12 1 1 1 10 11 12 1 1 11 7 12 1 1 1 11 12 1 1 100 1 11 12 1 10 12 1 1 11 12 1 100 1 10 11 12 1 11 7 1 10 12 1 1 11 12 1 9 12 1 1 100 1 10 12 1 9 12 1 1 100 1 10 11 11 12 1 1 11 12 1 7 1 100 1 11 12 1 8 1 7 1 10 10 12 1 1 8 1 10 12 1 10 12 1 1 10 12 1 1 1 1 1 1 1 1 1 1 1 1 1 1 1 1 1 1 1 1 1 1 1 1 1 1 1 1 1 1 1 1 1 1 1 1 1 1 1 1 7 1 1 1 1 1 1 1 7 1 1 1 1 1 1 1 1 1 100 1 1 1 1 1 1 1 1 1 100 1 100 1 100 1 100 1 100 1 1 1 1 1 1
ciInstanceKlass jdk/internal/loader/ClassLoaders 1 1 183 10 7 12 1 1 1 10 7 12 1 1 1 10 12 1 1 10 100 12 1 1 1 9 7 12 1 1 1 9 12 1 1 9 12 1 1 7 1 11 100 12 1 1 1 100 1 11 12 1 1 11 12 1 1 10 100 12 1 1 1 10 100 12 1 1 1 100 1 100 1 10 7 12 1 1 1 9 12 1 1 10 12 1 1 7 1 10 12 1 1 10 12 1 7 1 8 1 10 7 12 1 1 1 10 12 1 1 7 1 10 12 1 10 12 1 10 12 1 8 1 10 7 12 1 1 8 1 8 1 10 12 1 7 1 10 12 1 10 12 1 10 12 1 1 1 1 1 1 1 1 1 1 1 1 1 1 1 1 1 1 1 1 7 1 1 1 1 1 1 1 1 1 1 1 1 1 1 1 1 1 1 1
staticfield jdk/internal/loader/ClassLoaders JLA Ljdk/internal/access/JavaLangAccess; java/lang/System$2
staticfield jdk/internal/loader/ClassLoaders BOOT_LOADER Ljdk/internal/loader/ClassLoaders$BootClassLoader; jdk/internal/loader/ClassLoaders$BootClassLoader
staticfield jdk/internal/loader/ClassLoaders PLATFORM_LOADER Ljdk/internal/loader/ClassLoaders$PlatformClassLoader; jdk/internal/loader/ClassLoaders$PlatformClassLoader
staticfield jdk/internal/loader/ClassLoaders APP_LOADER Ljdk/internal/loader/ClassLoaders$AppClassLoader; jdk/internal/loader/ClassLoaders$AppClassLoader
instanceKlass jdk/internal/loader/ClassLoaders$BootClassLoader
instanceKlass jdk/internal/loader/ClassLoaders$PlatformClassLoader
instanceKlass jdk/internal/loader/ClassLoaders$AppClassLoader
ciInstanceKlass jdk/internal/loader/BuiltinClassLoader 1 1 737 9 7 12 1 1 1 10 7 12 1 1 1 10 7 12 1 1 1 9 12 1 1 9 12 1 1 7 1 10 12 1 9 12 1 10 12 1 9 12 1 10 7 12 1 1 1 10 7 12 1 1 1 10 7 12 1 1 1 11 7 12 1 1 1 7 1 7 1 10 10 12 1 1 8 1 10 12 1 10 12 7 1 10 12 1 10 12 1 1 11 7 12 1 1 1 11 7 12 1 1 1 11 12 1 1 7 1 8 1 8 1 10 9 12 1 1 10 7 12 1 1 11 12 1 1 10 12 1 1 10 12 1 1 10 12 1 1 10 7 12 1 1 1 10 12 1 10 7 12 1 1 1 10 12 1 1 11 100 12 1 1 1 10 100 12 1 1 7 1 10 100 12 1 1 1 10 12 1 100 1 8 1 10 12 1 1 10 8 1 10 12 1 1 10 12 1 1 10 12 1 1 11 7 12 1 1 11 12 1 7 1 10 11 12 1 1 11 10 12 1 1 100 1 10 12 1 10 7 12 1 10 12 1 100 1 10 12 1 10 7 12 1 1 1 100 1 10 12 1 1 11 12 1 100 1 100 1 10 12 1 10 12 1 1 100 1 100 1 10 12 1 10 12 1 18 12 1 1 10 12 1 10 12 1 1 18 100 1 10 100 12 1 1 1 7 1 10 10 12 1 1 10 12 1 1 10 12 1 1 10 12 1 9 12 1 1 100 1 10 10 12 1 1 10 12 1 1 10 12 1 10 12 10 12 1 1 10 12 1 1 10 12 1 1 10 12 1 10 12 1 1 18 12 1 7 1 10 12 1 1 10 12 1 10 12 1 1 10 12 1 100 1 10 12 1 100 1 10 12 1 10 7 12 1 1 1 10 12 1 11 12 1 100 1 10 12 1 7 1 100 1 10 12 1 10 12 1 11 12 1 1 10 12 1 1 10 12 1 1 10 12 1 1 10 12 1 1 10 12 1 10 12 1 10 12 1 10 12 1 8 1 10 12 1 1 10 7 12 1 1 10 12 1 100 1 8 1 8 1 10 10 12 1 8 1 8 1 10 100 12 1 1 1 11 100 12 1 1 1 9 100 12 1 1 1 10 100 12 1 1 1 9 12 1 9 12 1 9 12 1 9 12 1 9 12 1 9 12 1 10 7 12 1 1 1 8 1 10 12 1 7 1 10 12 1 1 10 12 1 100 1 10 11 12 1 1 10 12 10 12 1 10 12 1 100 1 10 12 1 10 12 1 10 10 12 1 10 7 12 1 1 8 1 10 7 12 1 1 10 12 1 1 1 1 1 1 1 1 1 1 1 1 1 1 1 1 1 1 1 1 1 1 1 1 1 1 1 1 1 1 1 1 1 1 1 1 1 1 1 1 1 1 1 1 1 1 1 1 1 1 1 1 1 1 1 1 7 1 1 1 1 1 1 1 1 1 1 1 1 1 1 1 1 1 1 7 1 7 1 1 1 1 1 1 1 1 1 1 1 1 1 1 1 1 1 1 1 1 1 1 1 1 1 1 1 1 1 1 1 1 1 1 1 1 1 1 1 1 1 1 1 1 1 1 1 1 1 1 1 100 1 1 16 15 10 12 16 15 10 12 16 15 10 12 16 1 15 10 100 12 1 1 1 1 1 100 1 1 1 1 1 100 1 100 1 1
staticfield jdk/internal/loader/BuiltinClassLoader packageToModule Ljava/util/Map; java/util/concurrent/ConcurrentHashMap
staticfield jdk/internal/loader/BuiltinClassLoader $assertionsDisabled Z 1
ciInstanceKlass jdk/internal/loader/ClassLoaders$AppClassLoader 1 1 119 8 1 10 7 12 1 1 1 10 7 12 1 1 1 10 7 12 1 1 1 10 12 1 1 10 7 12 1 1 1 10 12 1 1 10 12 1 1 7 1 8 1 10 12 10 7 12 1 1 1 10 7 12 1 1 10 12 1 1 10 12 1 1 10 7 12 1 1 1 7 1 10 12 1 1 1 1 1 1 1 1 1 1 1 1 1 1 1 1 1 1 1 1 1 7 1 1 1 1 1 1 1 1 1 1 1 1 1 1 1 1 1 1 1 7 1 1 1
ciInstanceKlass jdk/internal/loader/ClassLoaders$PlatformClassLoader 1 1 42 8 1 10 7 12 1 1 1 10 7 12 1 1 1 7 1 10 12 1 7 1 1 1 1 1 1 1 1 1 1 1 1 1 1 7 1 1 1 100 1 1
ciInstanceKlass java/lang/ArithmeticException 1 1 26 10 100 12 1 1 1 10 12 1 100 1 1 1 1 5 0 1 1 1 1 1 1 1 1 1
ciInstanceKlass java/lang/ArrayStoreException 1 1 26 10 100 12 1 1 1 10 12 1 100 1 1 1 1 5 0 1 1 1 1 1 1 1 1 1
ciInstanceKlass java/lang/ClassCastException 1 1 26 10 100 12 1 1 1 10 12 1 100 1 1 1 1 5 0 1 1 1 1 1 1 1 1 1
ciInstanceKlass java/lang/ClassNotFoundException 0 0 96 7 1 10 7 12 1 1 1 10 12 1 10 12 1 1 10 100 12 1 1 1 8 1 10 100 12 1 1 1 10 7 12 1 1 10 100 12 1 1 1 10 100 12 1 1 1 10 12 1 1 100 1 10 12 1 9 12 1 1 1 1 1 5 0 1 1 1 1 1 1 1 1 1 1 1 1 1 1 1 1 1 1 100 1 1 1 1 1 1 1 1 1 1 1 1
instanceKlass java/lang/NumberFormatException
ciInstanceKlass java/lang/IllegalArgumentException 1 1 35 10 100 12 1 1 1 10 12 1 10 12 1 10 12 1 100 1 1 1 1 5 0 1 1 1 1 1 1 1 1 1 1 1 1
ciMethod java/lang/IllegalArgumentException <init> (Ljava/lang/String;Ljava/lang/Throwable;)V 0 0 1 0 -1
ciMethod java/lang/IllegalArgumentException <init> (Ljava/lang/String;)V 0 0 1 0 -1
ciInstanceKlass java/lang/IllegalMonitorStateException 1 1 26 10 100 12 1 1 1 10 12 1 100 1 1 1 1 5 0 1 1 1 1 1 1 1 1 1
ciInstanceKlass java/lang/BootstrapMethodError 0 0 45 10 100 12 1 1 1 10 12 1 10 12 1 10 100 12 1 1 1 10 100 12 1 1 1 1 1 1 5 0 1 1 1 1 1 1 1 1 1 1 1 100 1 1 1
instanceKlass java/lang/IncompatibleClassChangeError
instanceKlass java/lang/BootstrapMethodError
instanceKlass java/lang/NoClassDefFoundError
ciInstanceKlass java/lang/LinkageError 1 1 31 10 7 12 1 1 1 10 12 1 10 12 1 100 1 1 1 1 5 0 1 1 1 1 1 1 1 1 1 1 1
ciInstanceKlass java/lang/NullPointerException 1 1 52 10 100 12 1 1 1 10 12 1 9 100 12 1 1 1 10 12 1 1 9 12 1 1 10 12 1 1 10 12 1 1 1 1 5 0 1 1 1 1 1 1 1 1 100 1 100 1 100 1 1 1
ciMethod java/lang/NullPointerException <init> ()V 0 0 1 0 -1
ciMethod java/lang/NullPointerException <init> (Ljava/lang/String;)V 0 0 1 0 -1
ciInstanceKlass java/lang/NoClassDefFoundError 0 0 26 10 100 12 1 1 1 10 12 1 100 1 1 1 1 5 0 1 1 1 1 1 1 1 1 1
ciInstanceKlass java/lang/StackOverflowError 1 1 26 10 100 12 1 1 1 10 12 1 100 1 1 1 1 5 0 1 1 1 1 1 1 1 1 1
ciInstanceKlass java/lang/StackTraceElement 0 0 235 10 7 12 1 1 1 10 7 12 1 1 9 12 1 1 9 12 1 1 9 12 1 9 12 1 8 1 10 100 12 1 1 1 7 1 9 12 1 8 1 9 12 1 9 12 1 9 12 1 1 10 12 1 1 10 12 1 8 1 10 100 12 1 1 1 7 1 10 12 1 10 12 1 1 10 12 1 10 12 1 1 10 12 1 10 12 1 10 10 12 1 8 1 10 12 1 10 12 1 1 10 12 1 1 10 12 1 10 12 1 10 12 1 9 12 1 1 10 7 12 1 1 1 10 12 1 1 7 1 10 12 1 1 10 100 12 1 1 10 100 12 1 1 1 10 7 12 1 1 10 100 12 1 1 10 10 12 1 1 10 12 1 1 10 12 1 1 10 12 1 7 1 1 1 1 1 1 1 3 1 3 1 1 5 0 1 1 1 1 1 1 1 1 1 1 1 1 1 1 1 1 1 1 1 1 1 1 1 1 1 1 1 1 1 7 1 7 1 1 1 1 1 1 1 100 1 1 1 1 1 1 1 1 1
instanceKlass java/util/concurrent/locks/AbstractQueuedSynchronizer
ciInstanceKlass java/util/concurrent/locks/AbstractOwnableSynchronizer 1 1 32 10 7 12 1 1 1 9 7 12 1 1 1 100 1 1 1 1 5 0 1 1 1 1 1 1 1 1 1 1 1 1
ciInstanceKlass java/util/zip/Checksum 1 1 86 11 7 12 1 1 1 10 100 12 1 1 1 10 12 1 9 7 12 1 1 1 100 1 10 12 1 1 10 12 1 1 10 12 1 1 10 12 1 10 12 1 10 100 12 1 1 1 10 12 1 10 12 1 1 10 12 1 100 1 1 1 1 1 1 1 1 1 1 1 1 1 1 1 1 1 1 100 1 1 1 1 1 1 1 1
ciInstanceKlass jdk/internal/vm/Continuation 0 0 549 9 100 12 1 1 1 9 12 1 9 12 1 100 1 7 1 10 12 1 1 8 1 10 12 1 1 10 12 1 10 12 1 1 10 12 1 9 7 12 1 1 1 11 100 12 1 1 1 10 7 1 9 12 1 1 9 12 1 1 10 8 1 10 12 1 9 12 1 1 10 11 12 1 1 100 1 10 100 12 1 1 1 10 12 1 1 10 12 1 10 12 1 1 11 12 1 1 9 12 1 1 10 12 1 1 18 12 1 1 10 7 12 1 1 1 100 1 10 12 1 11 100 12 1 1 1 10 12 1 9 12 1 10 12 1 1 100 1 8 1 10 12 1 10 12 1 1 9 12 1 1 11 12 1 1 9 12 1 1 8 1 10 11 12 1 1 11 12 1 1 10 12 1 1 10 12 1 1 9 12 1 10 12 1 10 10 12 1 8 1 10 12 1 8 1 8 1 10 7 12 1 1 1 10 7 12 1 1 1 10 12 1 9 12 1 11 12 1 7 1 10 12 1 10 12 1 1 9 12 1 1 7 1 10 12 1 1 9 12 1 1 10 12 1 10 12 1 11 7 12 1 1 10 7 1 10 12 1 8 1 9 12 1 10 12 1 1 9 12 1 1 10 7 12 1 1 8 1 8 1 8 1 8 1 10 12 1 1 10 12 1 10 12 1 10 12 1 10 12 1 1 10 12 1 1 8 1 10 12 1 1 9 12 1 1 10 12 1 1 9 12 1 8 1 10 7 12 1 1 1 10 12 1 8 1 100 1 8 1 10 9 12 1 1 8 1 10 7 12 1 1 10 100 12 1 1 8 1 8 1 10 12 10 100 12 1 1 1 10 7 1 10 7 12 1 1 1 18 11 100 12 1 1 1 18 12 1 11 12 1 1 7 1 10 7 12 1 1 10 12 1 1 8 10 12 1 1 10 100 12 1 1 1 10 100 12 1 1 10 12 1 8 1 10 12 1 7 1 7 1 10 12 1 1 1 1 1 1 1 1 1 1 1 1 1 1 1 1 1 1 1 1 1 1 1 1 1 1 1 1 1 1 1 1 1 1 1 1 1 1 1 1 1 1 1 1 1 1 1 1 1 1 1 1 1 1 1 1 1 1 1 1 1 1 1 1 1 1 1 1 1 1 1 1 1 1 1 100 1 1 16 1 15 10 12 16 15 11 7 12 1 1 1 16 1 16 1 15 10 12 16 15 10 100 12 1 1 1 1 1 1 1 1 100 1 100 1 1
ciInstanceKlass jdk/internal/misc/UnsafeConstants 1 1 34 10 100 12 1 1 1 9 7 12 1 1 1 9 12 1 9 12 1 1 9 12 1 9 12 1 1 1 1 1 1 1 1 1
staticfield jdk/internal/misc/UnsafeConstants ADDRESS_SIZE0 I 8
staticfield jdk/internal/misc/UnsafeConstants PAGE_SIZE I 4096
staticfield jdk/internal/misc/UnsafeConstants BIG_ENDIAN Z 0
staticfield jdk/internal/misc/UnsafeConstants UNALIGNED_ACCESS Z 1
staticfield jdk/internal/misc/UnsafeConstants DATA_CACHE_LINE_FLUSH_SIZE I 0
ciInstanceKlass java/lang/invoke/MethodHandleStatics 1 1 320 10 7 12 1 1 1 9 7 12 1 1 1 9 12 1 1 10 7 12 1 1 1 9 12 1 9 12 1 9 12 1 9 12 1 9 7 12 1 1 1 7 1 10 8 1 10 12 1 1 10 7 12 1 1 1 8 1 10 7 12 1 1 1 10 12 1 1 8 1 8 1 10 12 1 10 100 12 1 1 1 10 7 12 1 1 8 1 10 12 1 1 8 1 8 1 8 1 8 1 10 12 1 1 7 1 10 12 10 12 1 10 12 1 100 1 10 10 12 1 1 100 1 10 10 12 1 7 1 7 1 8 1 8 1 10 12 1 8 1 10 7 12 1 1 1 9 12 1 1 10 7 12 1 1 1 10 12 1 1 9 12 1 1 10 7 12 1 1 1 8 1 10 7 12 1 1 10 7 12 1 1 1 8 1 8 1 8 1 8 1 8 1 10 12 1 10 7 12 1 1 1 9 12 1 8 1 8 1 8 1 8 1 9 12 1 8 1 9 12 1 8 1 8 1 9 12 1 8 1 8 1 9 12 1 8 1 9 12 1 8 1 9 12 1 8 1 8 1 9 12 1 8 1 8 1 10 12 1 1 8 1 10 12 1 1 1 1 1 1 1 1 1 1 1 1 1 1 1 1 1 1 1 1 1 1 1 7 1 7 1 7 1 1 1 1 1 1 1 1 1 1 1 1 1 1 1 1 1 1 1 1 1 1 1 1 1 1 1 1
staticfield java/lang/invoke/MethodHandleStatics UNSAFE Ljdk/internal/misc/Unsafe; jdk/internal/misc/Unsafe
staticfield java/lang/invoke/MethodHandleStatics CLASSFILE_VERSION I 65
staticfield java/lang/invoke/MethodHandleStatics DEBUG_METHOD_HANDLE_NAMES Z 0
staticfield java/lang/invoke/MethodHandleStatics TRACE_INTERPRETER Z 0
staticfield java/lang/invoke/MethodHandleStatics TRACE_METHOD_LINKAGE Z 0
staticfield java/lang/invoke/MethodHandleStatics TRACE_RESOLVE Z 0
staticfield java/lang/invoke/MethodHandleStatics COMPILE_THRESHOLD I 0
staticfield java/lang/invoke/MethodHandleStatics LOG_LF_COMPILATION_FAILURE Z 0
staticfield java/lang/invoke/MethodHandleStatics DONT_INLINE_THRESHOLD I 30
staticfield java/lang/invoke/MethodHandleStatics PROFILE_LEVEL I 0
staticfield java/lang/invoke/MethodHandleStatics PROFILE_GWT Z 1
staticfield java/lang/invoke/MethodHandleStatics CUSTOMIZE_THRESHOLD I 127
staticfield java/lang/invoke/MethodHandleStatics VAR_HANDLE_GUARDS Z 1
staticfield java/lang/invoke/MethodHandleStatics MAX_ARITY I 255
staticfield java/lang/invoke/MethodHandleStatics VAR_HANDLE_IDENTITY_ADAPT Z 0
staticfield java/lang/invoke/MethodHandleStatics DUMP_CLASS_FILES Ljdk/internal/util/ClassFileDumper; jdk/internal/util/ClassFileDumper
instanceKlass java/util/LinkedHashMap
ciInstanceKlass java/util/HashMap 1 1 629 10 7 12 1 1 1 7 1 10 12 1 1 7 1 10 7 12 1 1 1 100 1 11 12 1 1 11 12 1 11 12 1 1 10 7 12 1 1 1 7 1 3 10 7 12 1 1 1 100 1 7 1 10 8 1 10 12 1 1 10 12 1 10 12 1 1 10 12 1 10 7 12 1 1 1 8 1 10 12 1 9 12 1 1 10 12 1 9 12 1 1 4 10 12 1 10 12 1 1 11 7 12 1 1 9 12 1 1 10 7 12 1 1 1 6 0 10 12 1 1 11 12 1 1 11 7 12 1 1 1 11 7 12 1 1 1 11 12 1 1 7 1 11 12 1 11 12 1 10 12 1 10 12 1 1 9 12 10 12 1 1 9 7 12 1 1 1 9 12 9 12 1 10 12 1 1 9 12 1 7 1 10 12 1 1 10 12 1 1 10 12 1 1 10 12 1 1 10 12 1 1 9 12 1 10 12 1 1 3 4 10 12 1 1 10 12 1 1 9 12 1 1 9 10 12 1 1 10 12 1 1 10 12 1 1 10 12 1 9 12 1 1 7 1 10 12 1 10 12 1 10 100 12 1 1 1 100 1 9 12 1 1 7 1 10 9 12 7 1 10 100 1 10 11 7 12 1 1 1 100 1 10 11 100 12 1 1 11 100 12 1 1 1 10 12 1 100 1 7 1 10 12 1 10 12 1 10 12 1 10 100 12 1 1 10 12 1 1 10 12 1 1 10 100 12 1 1 1 8 10 100 12 1 1 1 100 1 10 4 4 10 12 1 1 10 100 12 1 1 1 10 12 1 8 1 6 0 10 100 12 1 1 1 100 1 11 100 12 1 1 1 10 12 1 10 12 1 10 10 12 1 1 6 0 8 1 10 12 1 10 12 7 1 7 1 1 1 1 5 0 1 3 1 1 1 3 1 3 1 3 1 1 1 1 1 1 1 1 1 1 1 1 1 1 1 1 1 1 1 1 1 1 100 1 1 1 1 1 1 1 1 1 1 1 1 1 1 1 1 1 1 1 1 1 1 1 1 1 1 1 1 1 1 1 1 1 100 1 1 1 1 1 1 1 1 1 1 1 1 1 1 1 1 1 1 1 1 1 1 1 1 1 1 1 1 1 1 1 1 1 1 1 1 1 1 1 1 1 1 1 1 1 1 1 1 1 1 1 7 1 1 1 1 1 1 1 1 1 1 1 1 1 1 1 1 1 1 1 1 1 1 1 1 1 1 1 1 1 1 1 1 1 1 1 1 1 1 1 1 1 1 1 1 1 1 1 1 100 1 1 1 1 1 1 1 1 7 1 1 1 1 1 1 1 1 1 1 1 1 1 1 1 1 1 1 100 1 100 1 100 1 100 1 100 1 100 1 100 1 100 1 1 1 1 1 1 1 1 1 1 1 1 1 1 1 1 1 1
ciMethod java/util/HashMap get (Ljava/lang/Object;)Ljava/lang/Object; 1024 0 167823 0 760
ciMethod java/util/HashMap put (Ljava/lang/Object;Ljava/lang/Object;)Ljava/lang/Object; 1024 0 7844 0 4576
ciMethod java/util/HashMap containsKey (Ljava/lang/Object;)Z 854 0 634 0 0
ciMethod java/util/HashMap computeIfAbsent (Ljava/lang/Object;Ljava/util/function/Function;)Ljava/lang/Object; 610 66 850546 0 -1
ciMethod java/util/HashMap getOrDefault (Ljava/lang/Object;Ljava/lang/Object;)Ljava/lang/Object; 6 0 5 0 0
ciMethod java/util/HashMap newNode (ILjava/lang/Object;Ljava/lang/Object;Ljava/util/HashMap$Node;)Ljava/util/HashMap$Node; 584 0 7410 0 -1
ciMethod java/util/HashMap afterNodeAccess (Ljava/util/HashMap$Node;)V 0 0 141924 0 -1
ciMethod java/util/HashMap afterNodeInsertion (Z)V 624 0 2346 0 -1
ciInstanceKlass java/lang/invoke/LambdaForm 1 1 1059 7 1 100 1 10 7 12 1 1 1 9 12 1 1 9 12 1 9 12 1 9 12 1 1 9 12 1 1 9 12 1 1 9 12 1 1 9 12 1 1 9 12 1 10 7 12 1 1 9 12 1 10 12 1 1 100 1 10 10 12 1 1 10 12 1 10 12 1 10 12 1 1 10 12 1 9 12 1 9 12 1 10 12 1 1 10 7 12 1 1 1 10 12 1 1 9 100 12 1 1 1 10 12 1 1 9 7 12 1 1 10 12 1 10 12 1 1 10 12 1 1 10 12 1 1 7 1 10 7 12 1 1 1 10 12 1 1 10 12 1 10 12 1 1 9 12 1 1 9 12 1 9 12 1 1 10 12 1 9 12 1 10 100 12 1 1 1 10 12 1 1 7 1 10 12 1 9 12 1 1 10 7 12 1 1 1 10 12 1 10 12 1 7 1 10 12 1 10 12 1 10 12 1 1 10 12 1 1 10 12 1 10 12 1 10 12 1 10 12 1 1 8 1 10 12 1 10 12 1 10 10 12 1 8 1 8 1 9 12 1 9 12 1 1 10 12 1 1 10 12 1 9 12 1 10 12 1 1 10 7 12 1 1 1 10 12 1 1 10 12 1 10 12 1 10 100 12 1 1 1 9 12 1 10 12 1 8 1 8 1 8 1 8 1 8 1 8 1 8 1 8 1 10 12 1 9 12 1 7 1 10 12 1 1 9 12 1 10 12 1 10 12 1 1 10 12 10 12 1 10 12 1 1 10 12 1 1 10 10 12 1 1 10 12 1 1 7 1 8 1 10 12 1 1 10 12 1 10 12 1 1 10 8 1 10 12 1 1 8 1 8 1 8 1 10 12 1 10 12 1 10 12 1 1 100 1 10 12 1 1 10 12 1 1 10 7 12 1 1 1 10 12 1 1 9 12 1 1 8 1 10 100 12 1 1 1 10 7 12 1 1 10 12 10 12 1 1 10 12 1 1 9 12 1 8 10 12 1 1 100 1 10 12 1 1 10 12 1 9 7 12 1 1 9 7 12 1 1 1 8 1 10 100 12 1 1 10 12 1 1 7 1 7 1 10 10 12 1 1 10 12 1 1 8 1 8 1 7 1 8 1 10 12 10 12 1 10 12 1 10 12 1 1 8 1 8 1 10 12 1 10 12 1 1 8 1 8 1 8 1 7 1 8 1 7 1 8 1 7 1 8 1 10 12 1 8 1 9 10 7 12 1 1 1 10 12 1 9 12 1 1 10 12 1 10 10 12 1 10 12 1 10 12 1 10 12 1 1 10 12 1 10 12 1 1 10 12 1 1 10 12 1 1 10 12 1 1 8 1 100 10 12 1 10 12 1 9 12 1 1 10 7 12 1 1 8 1 8 1 7 1 8 1 8 1 8 1 8 1 8 1 8 1 8 1 8 1 10 12 1 1 10 12 1 1 10 12 1 10 12 1 10 12 1 10 12 1 8 1 8 1 8 1 10 12 1 8 1 10 12 1 8 1 8 1 8 1 8 1 8 1 10 12 1 10 12 1 10 12 1 1 10 7 12 1 1 1 10 12 1 10 12 1 10 12 1 10 12 1 10 12 1 10 12 1 10 12 1 9 12 1 1 8 1 10 12 1 1 9 12 1 1 10 12 1 1 9 12 1 9 12 1 1 9 12 1 9 12 1 1 7 1 10 7 12 1 1 1 9 12 1 10 12 1 10 12 1 8 1 10 12 1 9 12 1 1 7 1 10 7 12 1 1 1 8 1 100 1 10 12 1 9 12 1 9 12 1 10 12 1 10 12 1 10 7 12 1 1 1 10 12 1 9 7 12 1 1 10 12 1 1 10 12 1 10 12 1 10 12 1 9 12 10 12 1 10 10 12 1 9 12 1 9 9 12 1 7 9 12 1 1 10 12 1 1 9 12 1 10 12 1 10 7 1 9 1 1 1 1 3 1 3 1 1 3 1 3 1 1 1 1 1 1 1 1 1 1 1 1 1 1 1 1 1 1 1 1 1 1 1 1 1 1 1 1 1 1 1 1 1 1 1 1 1 1 1 1 1 1 1 1 1 1 1 1 1 1 1 100 1 1 1 1 1 1 1 1 1 1 1 1 1 1 1 1 1 1 1 1 1 1 1 1 1 1 1 1 1 1 1 1 1 1 1 1 1 1 1 1 1 1 1 1 1 1 1 1 1 1 1 1 1 1 1 1 1 1 1 1 1 1 100 1 1 1 1 1 1 1 1 1 1 1 1 1 1 1 1 1 1 1 1 1 1 1 1 1 1 1 1 1 1 1 1 1 1 7 1 1 1 1 1 1 1 1 1 1 1 1 1 1 1 1 1 1 1 1 1 1 100 1 1 1 100 1 1 7 1 1 1 1 1 1 1 1 1 1 1
staticfield java/lang/invoke/LambdaForm DEFAULT_CUSTOMIZED Ljava/lang/invoke/MethodHandle; null
staticfield java/lang/invoke/LambdaForm DEFAULT_KIND Ljava/lang/invoke/LambdaForm$Kind; java/lang/invoke/LambdaForm$Kind
staticfield java/lang/invoke/LambdaForm COMPILE_THRESHOLD I 0
staticfield java/lang/invoke/LambdaForm INTERNED_ARGUMENTS [[Ljava/lang/invoke/LambdaForm$Name; 5 [[Ljava/lang/invoke/LambdaForm$Name;
staticfield java/lang/invoke/LambdaForm IMPL_NAMES Ljava/lang/invoke/MemberName$Factory; java/lang/invoke/MemberName$Factory
staticfield java/lang/invoke/LambdaForm LF_identity [Ljava/lang/invoke/LambdaForm; 6 [Ljava/lang/invoke/LambdaForm;
staticfield java/lang/invoke/LambdaForm LF_zero [Ljava/lang/invoke/LambdaForm; 6 [Ljava/lang/invoke/LambdaForm;
staticfield java/lang/invoke/LambdaForm NF_identity [Ljava/lang/invoke/LambdaForm$NamedFunction; 6 [Ljava/lang/invoke/LambdaForm$NamedFunction;
staticfield java/lang/invoke/LambdaForm NF_zero [Ljava/lang/invoke/LambdaForm$NamedFunction; 6 [Ljava/lang/invoke/LambdaForm$NamedFunction;
staticfield java/lang/invoke/LambdaForm createFormsLock Ljava/lang/Object; java/lang/Object
staticfield java/lang/invoke/LambdaForm DEBUG_NAME_COUNTERS Ljava/util/HashMap; null
staticfield java/lang/invoke/LambdaForm DEBUG_NAMES Ljava/util/HashMap; null
staticfield java/lang/invoke/LambdaForm TRACE_INTERPRETER Z 0
staticfield java/lang/invoke/LambdaForm $assertionsDisabled Z 1
ciInstanceKlass java/lang/invoke/MemberName 1 1 724 7 1 7 1 100 1 9 12 1 1 10 7 12 1 1 1 9 12 1 1 10 12 1 1 10 12 1 1 10 12 1 1 10 12 1 10 12 1 1 10 7 12 1 1 1 10 12 1 9 7 12 1 1 10 12 1 7 1 7 1 10 12 1 8 1 10 12 1 1 10 12 1 10 12 1 1 10 12 1 9 12 1 1 8 1 10 100 12 1 1 1 7 1 10 10 12 1 1 100 1 100 1 10 12 1 9 12 1 1 100 1 8 1 10 12 1 10 12 1 10 12 1 10 12 1 10 12 1 1 10 12 1 10 12 1 10 12 1 1 8 1 8 1 10 12 1 8 1 9 12 1 1 3 10 12 1 10 12 1 10 12 1 10 10 7 12 1 1 1 10 12 1 10 12 1 10 12 1 10 12 1 7 1 8 10 12 1 1 10 12 1 1 8 1 9 7 1 8 9 7 1 10 12 1 1 10 12 1 10 12 1 8 1 10 12 1 1 10 12 1 10 12 1 10 12 1 10 12 1 1 7 1 10 12 1 1 10 12 1 8 1 10 12 1 10 12 1 8 1 10 12 1 1 10 12 1 1 7 1 10 12 1 1 10 12 8 1 8 1 7 1 10 12 1 10 100 12 1 1 1 100 1 10 12 10 12 1 10 12 1 10 12 1 10 12 1 10 10 12 1 10 12 1 10 12 1 3 10 12 1 3 10 12 1 3 3 3 3 3 3 10 12 1 3 9 12 1 10 12 1 1 3 10 12 1 10 10 7 12 1 1 1 10 12 1 1 10 7 12 1 1 10 10 12 1 10 12 1 1 10 12 1 10 10 12 1 1 10 12 1 10 12 1 10 12 1 7 1 10 10 10 12 100 1 10 10 10 12 1 1 10 12 1 1 10 10 12 1 8 10 7 1 10 12 1 10 7 1 10 12 1 10 12 1 10 12 1 10 10 12 1 10 12 1 1 10 12 1 1 10 12 1 10 12 1 10 12 1 100 1 10 12 1 1 100 1 8 1 10 7 1 10 12 1 10 12 10 12 1 1 10 12 1 10 12 1 8 1 8 1 8 1 8 1 10 12 1 10 12 1 10 7 12 1 1 1 8 1 8 1 10 12 1 8 1 10 10 10 12 1 10 12 1 8 1 8 1 10 10 12 1 8 1 10 100 12 1 1 1 8 1 100 1 10 12 1 10 12 1 1 10 12 1 8 1 8 1 8 1 8 1 100 1 10 8 1 8 1 8 1 8 1 10 12 1 100 1 100 1 100 1 10 100 1 10 7 1 10 7 12 1 1 1 9 7 12 1 1 1 7 1 7 1 1 1 1 1 1 1 3 1 3 1 3 1 3 1 3 1 3 1 1 1 1 1 1 1 1 3 1 3 1 1 1 1 1 1 1 1 1 1 1 1 1 1 1 1 1 1 1 1 1 1 1 1 1 1 1 1 1 1 1 1 1 1 1 1 1 1 1 1 1 1 1 1 1 1 1 1 1 1 1 1 1 1 1 1 1 1 1 1 1 1 1 1 1 1 1 1 1 1 1 1 1 1 1 1 1 1 1 1 1 1 1 1 1 1 1 1 1 1 1 1 1 1 1 1 7 1 1 1 1 1 1 1 1 1 1 1 1 1 1 1
staticfield java/lang/invoke/MemberName $assertionsDisabled Z 1
instanceKlass java/lang/invoke/VarHandleByteArrayAsShorts$ByteArrayViewVarHandle
instanceKlass java/lang/invoke/VarHandleInts$FieldInstanceReadOnly
instanceKlass java/lang/invoke/VarHandleBooleans$FieldInstanceReadOnly
instanceKlass java/lang/invoke/VarHandleByteArrayAsLongs$ByteArrayViewVarHandle
instanceKlass java/lang/invoke/VarHandleByteArrayAsInts$ByteArrayViewVarHandle
instanceKlass java/lang/invoke/VarHandleReferences$FieldInstanceReadOnly
ciInstanceKlass java/lang/invoke/VarHandle 1 1 473 10 7 12 1 1 1 10 7 12 1 1 9 12 1 1 9 12 1 1 100 1 10 8 1 10 12 1 1 10 7 12 1 1 1 10 12 1 1 10 7 12 1 1 1 9 100 12 1 1 1 10 12 1 1 10 7 12 1 1 1 10 12 1 1 9 12 1 10 12 1 9 12 1 1 10 7 12 1 1 10 12 1 9 7 12 1 1 1 9 12 1 1 10 12 1 1 100 1 7 1 10 8 1 10 12 1 1 10 12 1 8 1 10 12 1 10 12 1 9 12 1 1 9 12 1 10 12 1 10 12 1 1 10 12 1 10 10 100 12 1 1 1 10 12 1 1 10 12 1 1 10 7 12 1 1 1 10 100 12 1 1 1 10 100 12 1 1 1 9 12 1 1 9 10 12 1 10 12 1 10 12 1 1 10 12 1 10 7 12 1 1 1 9 12 1 1 10 12 1 1 9 12 1 10 12 1 10 12 1 10 7 12 1 1 100 1 10 9 7 12 1 1 1 9 12 1 1 10 7 12 1 1 1 10 12 1 10 12 1 10 12 1 10 12 1 10 12 1 10 12 1 1 8 10 12 1 1 7 1 10 12 1 1 7 1 1 1 1 1 1 1 1 1 1 1 1 1 1 1 1 1 1 1 1 1 1 1 1 1 1 1 1 1 1 1 1 1 1 1 1 1 1 1 1 1 1 1 1 1 1 1 1 1 1 1 1 1 1 1 1 1 1 1 1 1 1 1 1 1 1 1 1 100 1 1 1 1 1 1 1 1 100 1 1 1 1 1 1 1 1 1 1 1 1 100 1 100 1 1 100 1 100 1 100 1 100 1 100 1 100 1 100 1 100 1 100 1 100 1 100 1 100 1 100 1 100 1 100 1 100 1 100 1 100 1 100 1 100 1 100 1 100 1 100 1 100 1 100 1 100 1 100 1 100 1 100 1 100 1 100 1 100 1 100 1 100 1 100 1 1 1 1 1 1 100 1 1 1 100 1 1 100 1 100 1 100 1 100 1 100 1 100 1 1 1 1 100 1 100 1 100 1 100 1 100 1 100 1 100 1 100 1
staticfield java/lang/invoke/VarHandle VFORM_OFFSET J 16
staticfield java/lang/invoke/VarHandle $assertionsDisabled Z 1
instanceKlass jdk/internal/reflect/FieldAccessorImpl
instanceKlass jdk/internal/reflect/ConstructorAccessorImpl
instanceKlass jdk/internal/reflect/MethodAccessorImpl
ciInstanceKlass jdk/internal/reflect/MagicAccessorImpl 1 1 16 10 7 12 1 1 1 100 1 1 1 1 1 1 1 1
instanceKlass jdk/internal/reflect/DirectMethodHandleAccessor
ciInstanceKlass jdk/internal/reflect/MethodAccessorImpl 1 1 38 10 7 12 1 1 1 10 100 12 1 1 1 100 1 1 1 1 1 1 1 100 1 100 1 1 1 1 1 1 1 1 1 1 1 1 1 1
ciInstanceKlass jdk/internal/reflect/MethodAccessor 1 0 17 100 1 100 1 1 1 1 100 1 100 1 1 1 1 1 1
instanceKlass jdk/internal/reflect/DirectConstructorHandleAccessor$NativeAccessor
instanceKlass jdk/internal/reflect/DirectConstructorHandleAccessor
instanceKlass jdk/internal/reflect/NativeConstructorAccessorImpl
ciInstanceKlass jdk/internal/reflect/ConstructorAccessorImpl 1 1 27 10 7 12 1 1 1 100 1 100 1 1 1 1 1 1 1 1 1 100 1 100 1 100 1 1 1
ciInstanceKlass jdk/internal/reflect/ConstructorAccessor 1 0 16 100 1 100 1 1 1 1 100 1 100 1 100 1 1 1
ciInstanceKlass jdk/internal/reflect/DelegatingClassLoader 0 0 18 10 100 12 1 1 1 100 1 1 1 1 1 1 1 1 1 1
ciInstanceKlass jdk/internal/reflect/CallerSensitive 0 0 17 100 1 100 1 100 1 1 1 1 1 1 1 1 1 1 1
ciInstanceKlass jdk/internal/reflect/NativeConstructorAccessorImpl 0 0 125 10 7 12 1 1 1 9 7 12 1 1 1 100 1 10 12 1 9 12 1 1 9 12 1 1 10 100 12 1 1 1 10 7 12 1 1 1 10 7 12 1 1 1 9 12 1 9 12 1 1 9 12 1 1 10 7 12 1 1 1 100 1 10 10 12 1 1 10 12 1 10 12 1 1 10 12 1 7 1 10 12 1 1 10 12 1 1 8 10 12 1 1 1 1 1 1 1 1 1 1 1 1 1 1 1 1 1 1 1 1 1 1 100 1 100 1 100 1 1 1 1 1 1 1
ciInstanceKlass jdk/internal/reflect/ConstantPool 1 1 142 10 7 12 1 1 1 9 7 12 1 1 1 10 12 1 1 10 12 1 1 10 12 1 10 12 1 1 10 12 1 1 10 12 1 10 12 1 1 10 12 1 10 12 1 1 10 12 1 10 12 1 10 12 1 10 12 1 1 10 12 1 1 10 12 1 1 10 12 1 1 10 12 1 10 12 1 1 10 100 12 1 1 1 8 11 7 12 1 1 1 10 7 12 1 1 1 1 1 1 1 1 1 1 1 1 1 1 1 1 1 1 1 1 1 1 1 1 1 1 1 1 1 1 1 1 1 1 1 1 1 1 1 1 1 1 1 1 1 1 1 1
ciInstanceKlass jdk/internal/reflect/UnsafeStaticFieldAccessorImpl 0 0 47 10 7 12 1 1 1 9 7 12 1 1 1 10 7 12 1 1 1 9 12 1 1 8 11 100 12 1 1 1 10 100 12 1 1 1 1 1 1 1 1 1 1 1 1 1 1
ciInstanceKlass jdk/internal/reflect/FieldAccessor 0 0 48 100 1 100 1 1 1 1 100 1 1 1 1 1 1 1 1 1 1 1 1 1 1 1 1 1 1 1 100 1 1 1 1 1 1 1 1 1 1 1 1 1 1 1 1 1 1 1
instanceKlass jdk/internal/reflect/UnsafeFieldAccessorImpl
ciInstanceKlass jdk/internal/reflect/FieldAccessorImpl 0 0 269 10 7 12 1 1 1 9 7 12 1 1 1 10 7 12 1 1 1 10 7 12 1 1 10 7 12 1 1 1 10 12 1 1 7 1 10 10 12 1 1 10 12 1 1 8 1 10 10 12 1 100 1 8 1 10 12 1 8 1 10 12 1 8 1 10 12 1 100 1 10 12 1 1 10 8 1 10 12 1 1 8 1 10 7 12 1 1 8 1 10 7 12 1 1 8 1 10 7 12 1 1 8 1 10 7 12 1 1 8 1 10 7 12 1 1 8 1 10 7 12 1 1 8 1 10 7 12 1 1 8 1 10 7 12 1 1 10 12 1 1 8 1 10 12 1 1 10 100 12 1 1 1 8 1 10 12 1 8 1 8 1 8 1 8 1 10 7 12 1 1 1 8 1 8 1 8 1 10 12 7 1 1 1 1 1 1 1 1 1 1 1 1 1 1 1 1 1 1 1 1 1 1 1 1 1 1 1 1 1 1 1 1 1 1 1 1 1 1 1 1 1 1 1 1 1 1 1 1 1 1 1 1 1 1 1 1 1 1 1 1 1 1 1 1 1 1 1 1 1 1 1 1 1 1 1 1 1 1 1 1 1 1 1 1 1 1 1 1
instanceKlass jdk/internal/reflect/UnsafeStaticFieldAccessorImpl
ciInstanceKlass jdk/internal/reflect/UnsafeFieldAccessorImpl 0 0 62 10 100 12 1 1 1 10 100 12 1 1 1 10 100 12 1 1 1 9 100 12 1 1 10 12 1 9 12 1 1 10 100 12 1 1 1 9 12 1 1 10 12 1 10 12 1 1 1 1 1 1 1 1 1 1 1 1 1 1 1 1
instanceKlass java/lang/invoke/VolatileCallSite
instanceKlass java/lang/invoke/MutableCallSite
instanceKlass java/lang/invoke/ConstantCallSite
ciInstanceKlass java/lang/invoke/CallSite 1 1 307 10 7 12 1 1 1 10 7 12 1 1 1 9 7 12 1 1 1 10 12 1 1 9 12 1 1 10 7 12 1 1 1 10 12 1 7 1 10 12 1 1 10 12 1 1 9 100 12 1 1 1 10 7 12 1 1 10 12 1 1 100 1 7 1 10 10 7 12 1 1 1 10 12 1 1 8 1 10 12 1 10 12 1 1 10 12 1 10 12 1 1 10 12 1 1 10 10 100 12 1 1 10 12 1 1 9 12 1 9 100 12 1 1 1 8 1 10 7 12 1 1 1 10 12 1 1 7 1 10 12 1 1 9 12 1 8 1 100 1 10 12 1 10 12 1 100 1 8 1 10 10 12 1 10 12 1 1 100 1 10 12 1 1 10 12 1 10 12 1 10 12 1 1 10 12 1 1 9 12 1 1 8 10 12 1 1 9 12 1 1 100 1 10 10 12 1 10 7 12 1 1 1 10 12 1 1 10 12 1 1 10 12 1 10 7 12 1 1 1 7 1 8 1 10 10 12 10 12 1 1 7 1 7 1 7 1 8 1 10 12 1 10 7 12 1 1 1 1 1 1 1 1 1 1 1 1 1 1 1 1 1 1 1 1 1 1 1 1 1 1 1 1 1 1 1 1 1 1 1 1 1 1 1 1 1 1 1 1 1 1 1 1 1 1 1 1 1 1 1 7 1 7 1 1 1 1
staticfield java/lang/invoke/CallSite $assertionsDisabled Z 1
ciInstanceKlass java/lang/invoke/ConstantCallSite 1 1 65 10 7 12 1 1 1 9 7 12 1 1 1 9 12 1 1 10 7 12 1 1 1 10 12 1 100 1 10 12 9 12 1 1 100 1 10 10 12 1 1 10 12 1 1 1 1 1 1 1 1 1 1 1 1 1 100 1 1 1 1 1 1 1 1
staticfield java/lang/invoke/ConstantCallSite UNSAFE Ljdk/internal/misc/Unsafe; jdk/internal/misc/Unsafe
instanceKlass java/lang/invoke/DirectMethodHandle$Interface
instanceKlass java/lang/invoke/DirectMethodHandle$Constructor
instanceKlass java/lang/invoke/DirectMethodHandle$Accessor
ciInstanceKlass java/lang/invoke/DirectMethodHandle 1 1 923 7 1 7 1 100 1 7 1 7 1 10 7 12 1 1 1 10 7 12 1 1 1 7 1 10 12 1 10 12 1 1 10 7 12 1 1 10 12 1 1 10 12 1 10 12 1 7 1 10 12 1 1 10 12 1 1 10 12 1 10 12 1 1 10 7 12 1 1 1 10 12 1 9 12 1 1 100 1 10 9 12 1 1 9 12 1 10 12 1 10 12 1 10 12 1 1 10 12 1 10 12 1 10 12 1 10 7 12 1 1 1 10 12 1 10 12 1 1 8 1 10 12 1 1 100 1 10 12 1 7 1 10 10 12 1 10 12 1 10 12 1 10 7 12 1 1 1 10 12 1 1 100 1 10 12 1 10 12 1 7 1 10 12 1 10 12 1 1 10 12 1 1 10 12 1 8 10 7 12 1 1 1 10 12 1 10 12 1 10 12 1 1 10 12 1 9 7 12 1 1 1 7 1 10 12 1 10 7 12 1 1 1 10 12 1 10 12 1 1 9 12 1 1 7 1 10 8 1 10 12 1 1 10 12 1 1 8 1 10 12 1 10 12 1 10 10 12 1 10 12 1 10 12 1 10 12 1 10 12 1 1 10 12 1 10 12 1 1 10 12 1 10 12 1 1 10 10 7 12 1 1 1 10 12 1 10 12 1 1 10 12 1 10 12 1 1 8 1 9 7 12 1 1 1 8 1 9 12 1 9 12 1 8 1 9 12 1 9 12 1 8 1 9 12 1 9 12 1 8 1 10 12 1 10 12 1 1 9 12 1 1 7 1 10 12 1 1 7 1 10 7 12 1 1 1 10 12 1 1 10 12 1 10 12 1 1 7 1 10 12 1 1 10 12 1 10 12 1 1 7 1 10 12 1 1 10 12 1 10 7 12 1 1 1 10 12 1 10 12 1 1 10 12 1 9 12 1 1 10 7 1 9 12 9 12 1 10 7 12 1 1 1 10 12 1 7 1 7 1 7 1 9 12 1 1 10 7 12 1 1 1 10 12 10 12 1 100 1 10 12 1 10 12 1 1 8 1 9 12 1 9 12 1 10 12 1 1 9 12 1 1 10 100 12 1 1 1 9 12 1 1 9 12 1 1 10 12 1 10 12 1 10 12 1 10 12 1 1 10 12 1 9 12 1 10 12 1 10 12 1 10 12 1 10 12 1 1 10 12 1 1 9 12 1 1 10 12 1 1 9 7 12 1 1 1 9 12 1 9 12 1 9 12 1 9 12 1 9 12 1 9 12 1 9 12 1 9 12 1 9 12 1 9 12 1 9 12 1 9 12 1 9 12 1 9 12 1 9 12 1 9 12 1 9 12 1 9 12 1 9 12 1 9 12 1 9 12 1 9 12 1 9 12 1 9 12 1 9 12 1 9 12 1 9 12 1 9 12 1 9 12 1 9 12 1 9 12 1 9 12 1 9 12 1 9 12 1 9 12 1 9 12 1 8 1 9 12 1 1 9 12 1 1 10 12 1 10 12 1 1 9 7 1 10 12 1 9 12 1 1 10 12 10 12 1 10 12 1 10 12 1 10 12 1 10 8 1 8 1 8 1 8 1 10 12 1 1 9 12 1 1 10 12 1 10 100 12 1 1 1 8 9 12 1 1 10 12 1 1 8 1 8 8 9 12 1 8 1 8 8 8 8 8 1 8 10 12 1 7 1 10 12 1 8 1 8 1 10 12 1 10 12 1 10 12 1 10 12 1 1 7 1 1 1 1 3 1 3 1 3 1 3 1 3 1 3 1 3 1 3 1 3 1 3 1 1 1 1 1 1 1 1 1 1 3 1 3 1 1 1 1 3 1 1 1 1 1 1 1 1 1 1 1 1 1 1 1 1 1 1 1 1 1 1 1 1 1 1 1 1 1 1 1 1 1 1 1 1 1 1 1 1 1 1 1 1 1 1 1 1 1 1 1 1 1 1 1 1 1 100 1 1 1 1 1 1 1 1 1 100 1 1 1 1 1 1 1 1 1 1 1 1 1 1 1 1 1 1 1 1 1 1 1 1 1 1 1 1 1 1 1 1 1 1 1 1 1 1 1 1 1 1 1 1 1 1 1 1 1 1 1 1
staticfield java/lang/invoke/DirectMethodHandle IMPL_NAMES Ljava/lang/invoke/MemberName$Factory; java/lang/invoke/MemberName$Factory
staticfield java/lang/invoke/DirectMethodHandle FT_UNCHECKED_REF I 8
staticfield java/lang/invoke/DirectMethodHandle ACCESSOR_FORMS [Ljava/lang/invoke/LambdaForm; 132 [Ljava/lang/invoke/LambdaForm;
staticfield java/lang/invoke/DirectMethodHandle ALL_WRAPPERS [Lsun/invoke/util/Wrapper; 10 [Lsun/invoke/util/Wrapper;
staticfield java/lang/invoke/DirectMethodHandle NFS [Ljava/lang/invoke/LambdaForm$NamedFunction; 12 [Ljava/lang/invoke/LambdaForm$NamedFunction;
staticfield java/lang/invoke/DirectMethodHandle OBJ_OBJ_TYPE Ljava/lang/invoke/MethodType; java/lang/invoke/MethodType
staticfield java/lang/invoke/DirectMethodHandle LONG_OBJ_TYPE Ljava/lang/invoke/MethodType; java/lang/invoke/MethodType
staticfield java/lang/invoke/DirectMethodHandle $assertionsDisabled Z 1
ciMethod java/lang/invoke/DirectMethodHandle allocateInstance (Ljava/lang/Object;)Ljava/lang/Object; 512 0 283824 0 0
ciMethod java/lang/invoke/DirectMethodHandle internalMemberName (Ljava/lang/Object;)Ljava/lang/Object; 516 0 190232 0 -1
ciMethod java/lang/invoke/DirectMethodHandle constructorMethod (Ljava/lang/Object;)Ljava/lang/Object; 512 0 283824 0 0
ciInstanceKlass java/lang/invoke/MutableCallSite 0 0 63 10 100 12 1 1 1 10 12 1 9 100 12 1 1 1 10 12 1 10 12 1 1 9 12 1 1 10 100 12 1 1 1 10 100 12 1 1 1 10 12 1 1 1 1 1 1 1 1 1 1 1 1 1 1 1 1 1 1 100 1 1 1
ciInstanceKlass java/lang/invoke/VolatileCallSite 0 0 37 10 100 12 1 1 1 10 12 1 10 100 12 1 1 1 10 12 1 10 12 1 1 1 1 1 1 1 1 1 1 1 1 1 1 1 1
ciInstanceKlass java/lang/invoke/ResolvedMethodName 1 1 16 10 100 12 1 1 1 100 1 1 1 1 1 1 1 1
ciInstanceKlass java/lang/invoke/MethodHandleNatives 1 1 690 100 1 10 7 12 1 1 1 9 7 12 1 1 1 10 12 1 1 100 1 10 10 12 1 1 10 12 1 10 12 1 8 1 8 1 8 1 8 1 8 1 8 1 8 1 8 1 8 1 8 1 10 12 1 1 7 1 10 7 12 1 1 1 10 7 12 1 1 1 7 1 10 10 12 1 1 8 1 10 12 1 8 1 10 12 1 1 8 1 10 12 1 1 9 7 12 1 1 1 8 1 10 100 12 1 1 1 7 1 10 12 100 1 100 1 8 1 7 1 10 10 12 1 7 1 9 7 12 1 1 10 12 1 1 10 12 1 10 7 12 1 1 1 10 12 1 1 9 12 1 8 1 10 12 1 1 10 12 1 8 1 10 12 1 1 7 1 10 12 1 10 7 12 1 1 1 10 12 1 10 12 1 1 10 12 1 1 8 1 10 12 1 1 8 1 10 12 1 8 1 8 1 8 1 7 1 10 12 1 8 1 10 7 12 1 1 1 10 12 1 1 10 7 12 1 1 10 10 12 1 1 10 12 1 10 100 12 1 1 1 100 1 8 1 10 100 12 1 1 1 7 1 8 1 10 12 1 8 1 8 1 8 1 8 1 8 1 10 12 1 1 10 12 1 1 10 12 1 10 12 1 1 10 12 1 1 7 1 10 12 1 7 1 7 1 10 12 1 10 12 1 8 1 8 1 10 10 12 1 1 10 12 1 1 8 1 10 7 12 1 1 8 1 8 1 10 12 1 1 10 7 12 1 1 1 100 1 10 12 1 1 7 1 9 12 1 1 10 7 12 1 1 1 10 10 12 1 9 12 1 10 12 1 9 12 1 9 12 1 10 12 1 1 10 12 1 10 12 1 1 7 1 7 1 10 12 1 1 10 12 1 10 12 1 1 10 7 12 1 1 1 10 12 1 8 1 10 12 1 10 12 1 10 12 1 1 10 12 1 10 7 12 1 1 1 10 12 1 1 100 1 8 1 10 9 7 12 1 1 1 10 12 1 1 10 12 1 1 7 1 10 12 1 1 10 12 1 1 100 1 100 1 10 10 100 1 100 1 10 100 1 10 10 12 1 1 10 7 1 10 12 1 10 12 1 1 10 12 1 1 10 12 1 1 10 12 1 10 12 1 1 10 8 1 10 12 1 10 12 1 10 12 1 10 12 1 10 12 1 1 10 12 1 10 12 1 10 12 1 10 10 7 12 1 1 10 12 1 1 1 1 1 1 1 1 1 1 1 1 1 7 1 1 1 1 1 1 1 1 1 1 1 1 1 1 1 1 1 1 1 1 1 1 1 1 1 1 1 1 1 1 1 1 1 1 1 1 1 1 1 1 1 1 1 1 1 1 1 1 1 1 1 1 1 1 1 1 1 1 1 1 1 1 1 1 1 100 1 1 1 1 1 1 1 1 1 1 1 1 1 1 1 1 1 1 1 1 1 1 1 1 1 1 1 1 1 1 1 1 1 100 1 1 1 1 1 1 1 1 1 1 1 1 1 1 1 1 1 1 1 1 1 1 1 1 1 1 7 1 1 1 1 1 1 1 100 1 1 1
staticfield java/lang/invoke/MethodHandleNatives $assertionsDisabled Z 1
ciInstanceKlass java/lang/invoke/MethodHandleNatives$CallSiteContext 1 1 49 10 7 12 1 1 1 7 1 10 10 7 12 1 1 1 10 7 12 1 1 1 10 7 12 1 1 1 100 1 1 1 1 1 1 1 1 1 1 1 1 1 1 1 1 1 100 1 1
ciInstanceKlass jdk/internal/foreign/abi/NativeEntryPoint 0 0 194 10 7 12 1 1 1 9 7 12 1 1 1 9 12 1 1 100 1 8 1 10 12 1 10 12 1 1 100 1 10 100 12 1 1 1 10 12 1 9 12 1 1 18 12 1 1 10 100 12 1 1 1 10 7 12 1 1 1 9 7 12 1 1 1 7 1 10 8 1 10 12 1 1 10 12 1 10 12 1 1 8 1 10 12 1 1 7 1 8 1 10 12 1 10 12 1 1 10 12 1 9 12 1 1 18 12 1 1 10 100 12 1 1 1 10 12 1 1 10 12 1 10 100 12 1 1 1 10 1 1 1 1 1 1 1 1 1 1 1 1 1 1 1 1 1 1 1 1 1 1 1 1 1 1 1 1 1 1 1 1 1 1 1 1 1 16 1 15 10 12 16 1 16 15 10 12 15 10 100 12 1 1 1 1 1 100 1 1 100 1 100 1 1
ciInstanceKlass jdk/internal/foreign/abi/ABIDescriptor 0 0 55 10 100 12 1 1 1 9 100 12 1 1 1 9 12 1 1 9 12 1 9 12 1 9 12 1 1 9 12 1 9 12 1 1 9 12 1 9 12 1 9 12 1 9 12 1 1 1 1 1 1 1 1 1 1
ciInstanceKlass jdk/internal/foreign/abi/VMStorage 0 0 91 10 7 12 1 1 1 9 7 12 1 1 1 9 12 1 1 9 12 1 1 9 12 1 1 7 1 10 8 1 10 12 1 1 10 12 1 10 12 1 1 10 12 1 18 12 1 18 12 1 1 18 12 1 1 1 1 1 1 1 1 1 1 1 1 1 1 1 1 1 1 1 8 1 15 15 15 15 15 10 100 12 1 1 1 1 100 1 100 1 1
ciInstanceKlass jdk/internal/foreign/abi/UpcallLinker$CallRegs 0 0 66 10 7 12 1 1 1 9 7 12 1 1 1 9 12 1 18 12 1 1 18 12 1 1 18 12 1 1 1 1 1 1 1 1 1 1 1 1 1 1 1 1 1 1 100 1 1 1 8 1 15 15 15 10 100 12 1 1 1 1 1 100 1 100 1 1
ciInstanceKlass java/lang/StackWalker 0 0 271 9 7 12 1 1 1 100 1 10 100 12 1 1 1 10 12 1 1 10 100 12 1 1 1 10 12 1 1 10 12 1 11 100 12 1 1 1 10 12 1 1 10 12 1 1 10 12 1 1 100 1 8 1 10 12 1 10 12 1 10 12 1 10 7 12 1 1 9 12 1 1 9 12 1 1 9 12 1 1 9 12 1 1 10 12 1 1 9 12 1 1 9 12 1 1 9 12 1 1 10 7 12 1 1 1 11 12 1 1 100 1 8 1 10 10 7 12 1 1 9 12 1 1 10 12 1 1 10 100 12 1 1 1 10 100 12 1 1 1 18 12 1 1 100 1 8 1 10 8 1 10 12 1 1 10 100 12 1 1 1 10 12 1 1 9 100 12 1 1 11 100 12 1 1 1 10 12 1 1 1 1 1 1 1 1 1 1 1 1 1 1 1 1 1 1 1 1 1 1 1 1 1 1 1 1 1 1 1 1 1 1 1 1 1 1 1 1 1 1 1 1 1 1 1 1 1 1 1 1 1 1 1 1 1 1 1 1 1 1 1 1 1 1 7 1 1 16 15 10 12 16 1 15 10 100 12 1 1 1 1 1 1 1 1 1 100 1 100 1 1
ciInstanceKlass java/lang/StackWalker$StackFrame 0 0 41 100 1 10 12 1 1 100 1 100 1 1 1 1 1 1 1 1 1 1 1 1 1 1 1 1 1 1 1 1 1 1 1 1 1 1 1 100 1 1 1
instanceKlass java/lang/LiveStackFrameInfo
ciInstanceKlass java/lang/StackFrameInfo 0 0 142 10 7 12 1 1 1 9 7 12 1 1 1 9 7 1 9 12 1 1 11 100 12 1 1 1 9 12 1 1 11 12 1 1 10 12 1 1 10 7 12 1 1 1 10 12 1 11 12 1 11 12 1 1 11 12 1 10 12 1 1 9 12 1 1 10 12 1 1 10 7 12 1 1 10 12 1 1 11 12 1 1 9 12 1 1 10 7 1 10 12 1 9 12 1 1 10 12 1 1 100 1 8 1 10 12 1 10 100 12 1 1 1 7 1 1 1 1 1 1 1 1 1 1 1 1 1 1 1 1 1 1 7 1 1 7 1 1 1 1 1 1
ciInstanceKlass java/lang/LiveStackFrameInfo 0 0 97 10 7 12 1 1 1 9 7 12 1 1 1 9 12 1 9 12 1 9 12 1 9 12 1 1 7 1 10 12 1 1 10 12 1 8 1 10 12 1 1 8 1 8 1 8 1 10 100 1 10 12 1 100 1 10 12 1 7 1 7 1 1 1 3 1 3 1 1 1 1 1 1 1 1 1 1 1 1 1 1 1 1 1 1 1 1 1 1 1 1 1 1 1 100 1 1
ciInstanceKlass java/lang/LiveStackFrame 0 0 135 100 1 10 100 12 1 1 1 11 7 12 1 1 1 11 12 1 10 7 12 1 1 1 100 1 8 1 10 12 1 1 10 7 12 1 1 1 9 100 12 1 1 1 10 7 12 1 1 1 10 7 12 1 1 1 11 12 1 10 12 1 7 1 7 1 1 1 1 1 1 1 1 1 1 1 1 1 1 1 1 1 1 1 1 1 1 1 1 1 1 1 1 100 1 1 1 1 1 1 1 100 1 8 1 1 12 10 1 1 1 8 1 1 1 8 1 1 1 8 1 1 1 8 1 1 8 1 1 1 8 1 1 8 1
ciInstanceKlass java/lang/StackStreamFactory$AbstractStackWalker 1 0 375 100 1 7 1 3 10 7 12 1 1 1 10 7 12 1 1 10 7 12 1 1 1 9 12 1 1 10 12 1 1 9 12 1 1 9 12 1 1 9 12 1 1 9 12 1 10 7 12 1 1 1 10 12 1 1 10 7 12 1 1 9 12 1 1 9 12 1 1 10 12 1 1 9 100 12 1 1 1 10 12 1 1 10 12 1 9 12 1 1 10 100 12 1 1 1 10 12 1 1 9 12 1 1 9 7 12 1 1 1 7 1 10 8 1 10 12 1 1 10 12 1 8 1 10 12 1 1 10 100 12 1 1 1 100 1 8 1 10 12 1 8 1 10 12 10 100 12 1 1 9 12 1 8 1 5 0 8 1 8 1 9 12 1 1 10 12 1 1 18 12 1 1 10 7 12 1 1 1 10 12 1 1 10 12 1 10 12 1 9 12 1 10 12 1 10 12 1 10 12 1 10 12 1 10 12 1 10 12 1 1 8 1 10 12 1 10 12 1 10 12 1 10 12 1 1 8 1 10 12 1 1 10 12 1 1 10 12 1 1 10 12 1 10 12 1 10 100 12 1 1 1 10 12 1 10 12 1 9 12 1 8 1 10 12 1 10 12 1 10 12 1 1 10 12 1 10 12 1 10 12 1 1 10 12 1 10 12 1 10 12 1 10 12 1 10 12 1 10 12 1 1 10 12 1 1 10 12 1 8 1 1 1 1 1 1 1 1 1 1 1 1 1 7 1 1 1 1 1 1 1 7 1 1 1 1 7 1 1 1 1 1 1 1 1 1 1 1 1 1 1 1 1 1 1 1 16 15 15 10 100 12 1 1 1 1 1 1 1 1 100 1 100 1 1
ciInstanceKlass jdk/internal/module/Modules 1 1 504 10 7 12 1 1 1 9 7 12 1 1 1 11 7 12 1 1 1 11 12 1 1 11 12 1 1 11 12 1 1 11 12 1 11 12 1 11 12 1 11 12 1 11 12 1 1 10 7 12 1 1 1 10 100 12 1 1 1 18 12 1 1 10 7 12 1 1 1 7 1 10 7 12 1 1 1 10 100 12 1 1 1 10 100 12 1 1 10 12 1 1 11 12 1 9 12 1 1 11 7 12 1 1 1 10 12 1 1 10 10 12 1 10 9 12 1 1 10 100 12 1 1 10 12 1 1 10 100 12 1 1 100 1 11 100 12 1 1 1 10 100 12 1 1 1 11 100 12 1 1 10 12 1 1 10 100 12 1 1 10 100 12 1 1 1 10 12 1 1 10 12 1 1 11 12 1 1 18 12 1 1 11 100 12 1 1 10 100 12 1 1 1 11 100 12 1 1 1 7 1 11 12 1 1 11 7 12 1 1 1 11 12 1 1 10 12 1 1 10 100 12 1 1 18 12 1 1 11 12 1 1 18 12 1 1 11 12 1 1 10 12 1 18 18 10 12 1 1 9 12 1 1 11 7 12 1 1 1 100 1 10 11 12 1 11 12 1 1 11 12 1 1 10 100 1 10 12 1 1 10 100 12 1 1 10 12 1 1 11 12 10 12 1 1 7 1 10 18 12 1 10 12 1 1 7 1 8 1 10 12 1 10 100 12 1 1 18 12 1 11 11 12 10 12 1 10 10 100 1 18 12 1 10 10 10 7 12 1 1 10 7 12 1 1 1 10 12 1 1 1 1 1 1 1 1 1 1 1 1 1 1 1 1 1 1 1 1 1 1 1 1 1 1 1 1 1 1 1 1 1 100 1 1 1 1 1 1 1 1 1 1 1 1 1 1 1 1 1 1 1 1 1 1 1 1 1 1 1 1 1 1 1 1 1 1 1 7 1 1 1 1 1 1 1 1 1 1 1 1 1 1 1 1 1 1 1 1 1 1 1 16 15 10 12 1 16 16 15 10 12 1 16 1 16 1 15 10 12 1 16 1 16 1 15 10 12 16 1 15 10 16 1 15 10 12 16 1 15 10 12 16 15 10 12 16 15 10 12 15 10 100 12 1 1 1 1 1 1 100 1 100 1 1
staticfield jdk/internal/module/Modules JLA Ljdk/internal/access/JavaLangAccess; java/lang/System$2
staticfield jdk/internal/module/Modules JLMA Ljdk/internal/access/JavaLangModuleAccess; java/lang/module/ModuleDescriptor$1
staticfield jdk/internal/module/Modules $assertionsDisabled Z 1
ciInstanceKlass java/lang/invoke/Invokers$Holder 1 1 128 1 100 1 100 1 1 1 1 1 1 1 7 1 7 1 7 1 1 12 10 1 1 12 10 1 1 12 10 1 1 100 1 1 12 9 1 1 1 12 10 1 1 1 12 10 1 1 12 10 1 1 12 10 1 12 10 1 1 1 12 10 1 1 100 1 1 12 10 1 12 10 1 1 12 10 1 12 10 1 1 12 10 1 1 12 10 1 12 10 1 1 12 10 1 1 12 10 1 1 12 10 1 12 10 12 10 12 10 12 10 12 10 1 1 12 10 1 1 12 10 1 1 12 10 1 1 1
ciMethod java/lang/invoke/Invokers$Holder linkToTargetMethod (Ljava/lang/Object;)Ljava/lang/Object; 512 0 543851 0 -1
ciMethod java/lang/invoke/Invokers$Holder linkToTargetMethod (ILjava/lang/Object;)Ljava/lang/Object; 512 0 330864 0 -1
ciMethod java/lang/invoke/Invokers$Holder linkToTargetMethod (Ljava/lang/Object;Ljava/lang/Object;)Ljava/lang/Object; 148 0 180 0 -1
ciMethod java/lang/invoke/Invokers$Holder linkToTargetMethod (Ljava/lang/Object;Ljava/lang/Object;Ljava/lang/Object;)Ljava/lang/Object; 2 0 20 0 -1
ciMethod java/lang/invoke/Invokers$Holder linkToTargetMethod (Ljava/lang/Object;Ljava/lang/Object;Ljava/lang/Object;Ljava/lang/Object;)Ljava/lang/Object; 120 0 60 0 -1
ciInstanceKlass java/lang/invoke/DirectMethodHandle$Holder 1 1 548 1 100 1 100 1 1 1 1 1 1 1 7 1 1 12 10 1 12 10 1 7 1 7 1 1 12 10 1 1 1 1 12 10 1 1 12 10 1 1 12 10 1 1 12 10 1 1 12 10 1 1 12 10 1 1 12 10 1 1 12 10 1 1 12 10 1 1 12 10 1 1 12 10 1 1 12 10 1 1 12 10 1 1 12 10 1 1 12 10 1 1 12 10 1 1 12 10 1 1 12 10 1 1 12 10 1 1 12 10 1 1 12 10 1 1 12 10 1 1 12 10 1 1 12 10 1 1 12 10 1 1 12 10 1 1 12 10 1 1 12 10 1 1 12 10 1 1 12 10 1 1 12 10 1 1 12 10 1 1 12 10 1 1 12 10 1 1 12 10 1 1 12 10 1 1 12 10 1 1 12 10 1 1 12 10 1 1 12 10 1 1 12 10 1 1 12 10 1 1 12 10 1 1 12 10 1 1 12 10 1 1 12 10 1 1 12 10 1 1 12 10 1 1 12 10 1 1 12 10 1 1 12 10 12 10 12 10 1 1 12 10 12 10 1 1 12 10 1 1 12 10 12 10 12 10 12 10 1 1 12 10 12 10 1 1 12 10 12 10 1 1 12 10 1 1 12 10 12 10 12 10 12 10 12 10 1 1 12 10 1 1 12 10 1 1 12 10 1 1 12 10 1 1 12 10 1 1 12 10 1 1 12 10 1 1 12 10 1 1 12 10 1 1 12 10 1 1 12 10 1 1 12 10 1 1 12 10 1 1 12 10 12 10 12 10 12 10 1 12 10 1 1 12 10 1 1 12 10 1 1 1 1 12 10 12 10 1 1 12 10 1 12 10 12 10 1 1 12 10 1 12 10 12 10 1 1 1 12 10 1 12 10 1 100 1 1 12 9 1 100 1 12 10 1 12 10 1 1 1 12 10 1 12 10 1 1 12 10 1 12 10 1 1 1 12 10 1 12 10 1 1 12 10 1 12 10 1 1 12 10 1 12 10 1 1 12 10 1 12 10 1 1 12 10 1 12 10 1 1 12 10 1 12 10 1 1 12 10 1 12 10 1 1 12 10 1 12 10 1 1 1 12 10 1 12 10 1 1 1 12 10 1 12 10 1 1 1 1 12 10 1 12 10 1 1 1 12 10 1 12 10 1 1 1 1 1 12 10 1 12 10 1 1 1 12 10 1 12 10 1 1 1 12 10 1 12 10 1 1 12 10 1 12 10 1 1 1
ciMethod java/lang/invoke/DirectMethodHandle$Holder invokeStatic (Ljava/lang/Object;Ljava/lang/Object;J)Ljava/lang/Object; 514 0 47348 0 -1
ciMethod java/lang/invoke/DirectMethodHandle$Holder invokeStatic (Ljava/lang/Object;JLjava/lang/Object;)J 126 0 324 0 -1
ciMethod java/lang/invoke/DirectMethodHandle$Holder invokeStatic (Ljava/lang/Object;Ljava/lang/Object;)Ljava/lang/Object; 130 0 324 0 -1
ciMethod java/lang/invoke/DirectMethodHandle$Holder invokeStatic (Ljava/lang/Object;JLjava/lang/Object;Ljava/lang/Object;Ljava/lang/Object;)J 126 0 324 0 -1
ciMethod java/lang/invoke/DirectMethodHandle$Holder newInvokeSpecial (Ljava/lang/Object;I)Ljava/lang/Object; 818 0 283531 0 -1
ciInstanceKlass java/util/ArrayList 1 1 509 10 7 12 1 1 1 7 1 9 7 12 1 1 1 9 12 1 100 1 7 1 10 8 1 10 12 1 1 10 12 1 10 12 1 1 10 12 1 9 12 1 11 7 12 1 1 1 9 12 1 1 11 12 1 1 7 10 7 12 1 1 1 9 12 1 10 12 1 10 12 1 1 10 7 12 1 1 1 10 7 12 1 1 1 10 12 1 1 10 12 1 1 10 12 1 1 10 12 1 10 12 1 1 100 1 7 1 10 12 1 10 10 7 12 1 1 1 10 7 12 1 1 10 12 1 100 1 10 10 12 10 12 1 1 10 12 1 1 10 12 1 10 12 10 12 1 1 7 1 10 12 1 1 10 12 1 1 10 12 1 100 1 10 11 12 1 1 11 7 12 1 1 1 11 12 1 10 12 1 10 12 1 10 12 1 1 100 1 10 12 1 1 10 10 12 1 1 10 12 1 8 1 8 1 8 1 8 1 10 12 1 1 10 12 1 1 11 12 1 7 1 10 100 12 1 1 10 12 1 10 12 1 1 10 100 12 1 1 10 12 1 10 100 12 1 1 1 11 100 12 1 1 1 10 12 1 100 1 8 1 10 100 1 10 12 1 7 1 10 12 1 10 12 1 1 7 1 10 12 1 10 12 1 1 11 100 12 1 1 100 1 10 12 1 10 12 1 1 11 100 12 1 1 10 12 1 1 10 12 1 1 10 12 1 1 10 12 1 1 11 100 12 1 1 10 12 1 1 7 1 7 1 7 1 1 1 1 5 0 1 3 1 1 1 1 1 1 1 1 1 1 1 1 1 1 1 1 1 1 1 1 1 1 1 1 1 1 1 1 1 1 1 1 1 1 1 1 1 1 1 1 1 1 1 1 1 1 1 1 1 1 1 1 1 1 1 1 1 1 1 1 1 1 1 1 1 1 1 1 1 1 1 1 1 1 1 1 1 1 1 1 1 1 1 1 1 1 1 1 1 1 1 1 1 1 1 1 1 1 1 1 1 1 1 1 100 1 1 1 1 7 1 1 1 1 1 1 1 1 1 1 1 1 1 1 1 1 1 1 1 1 1 1 1 1 1 1 1 1 1 100 1 1 1 1 1 1 1 1 1 1 1 1 1 1 1 1 1 1 100 1 100 1 1 1 1 1 1
staticfield java/util/ArrayList EMPTY_ELEMENTDATA [Ljava/lang/Object; 0 [Ljava/lang/Object;
staticfield java/util/ArrayList DEFAULTCAPACITY_EMPTY_ELEMENTDATA [Ljava/lang/Object; 0 [Ljava/lang/Object;
ciInstanceKlass java/util/RandomAccess 1 0 7 100 1 100 1 1 1
ciMethod java/util/ArrayList size ()I 256 0 128 0 0
ciMethod java/util/ArrayList add (Ljava/lang/Object;)Z 542 0 92448 0 480
ciMethod java/util/ArrayList toArray ([Ljava/lang/Object;)[Ljava/lang/Object; 6 0 86 0 0
ciMethod java/util/ArrayList iterator ()Ljava/util/Iterator; 512 0 50063 0 200
ciMethod java/util/ArrayList get (I)Ljava/lang/Object; 512 0 84868 0 192
ciMethod java/util/ArrayList elementData (I)Ljava/lang/Object; 512 0 84872 0 0
ciMethod java/util/ArrayList <init> (Ljava/util/Collection;)V 72 0 36 0 -1
ciMethod java/util/ArrayList <init> ()V 166 0 280630 0 272
ciMethod java/util/ArrayList <init> (I)V 64 0 34 0 -1
ciMethod java/util/ArrayList add (Ljava/lang/Object;[Ljava/lang/Object;I)V 542 0 92448 0 0
ciMethod java/util/ArrayList grow ()[Ljava/lang/Object; 72 0 27294 0 0
ciMethod java/util/ArrayList grow (I)[Ljava/lang/Object; 72 0 55156 0 1528
ciInstanceKlass java/util/Comparator 1 1 288 10 100 12 1 1 1 10 7 12 1 1 1 18 12 1 1 7 1 7 1 11 12 1 1 11 12 1 11 12 1 11 12 1 1 11 12 1 1 11 12 1 1 10 12 1 9 100 12 1 1 1 100 1 10 12 1 1 18 12 1 18 12 18 12 18 12 18 12 10 100 12 1 1 1 10 7 12 1 1 1 8 1 10 12 1 1 8 1 8 1 8 1 8 1 8 1 10 12 1 10 12 1 8 10 7 1 10 12 1 8 10 12 1 8 1 10 12 1 10 12 1 8 1 10 12 1 1 100 1 8 1 100 1 8 1 8 1 100 1 8 1 8 1 100 1 100 1 8 1 10 12 1 11 12 1 1 10 7 12 1 1 11 12 1 1 10 7 12 1 1 11 12 1 1 10 7 12 1 1 11 12 1 7 1 11 12 1 11 12 1 1 1 1 1 1 1 1 1 1 1 1 1 1 1 1 1 1 1 1 1 1 1 1 1 1 1 1 1 1 1 1 1 1 1 1 1 1 1 1 1 1 1 1 1 1 1 1 1 1 1 1 1 1 1 1 1 1 1 1 16 15 11 12 3 3 15 11 12 15 11 12 15 11 12 15 11 12 15 11 12 15 10 7 12 1 1 1 1 100 1 1 1 100 1 100 1 1
instanceKlass java/util/LinkedHashSet
ciInstanceKlass java/util/HashSet 1 1 303 10 7 12 1 1 1 7 1 10 9 7 12 1 1 1 11 7 12 1 1 1 10 7 12 1 1 1 10 12 1 1 10 12 1 1 10 12 1 10 12 1 7 1 10 10 12 1 1 11 7 12 1 1 1 10 10 12 1 1 10 12 1 1 9 12 1 1 10 12 1 1 10 12 1 1 10 12 1 10 7 12 1 1 1 10 100 1 7 1 10 12 1 10 100 12 1 1 10 12 1 10 12 1 10 12 1 1 10 12 1 1 11 7 12 1 1 11 12 1 10 12 1 1 10 100 12 1 1 1 10 12 1 100 1 7 1 10 8 1 10 12 1 1 10 12 1 10 12 1 1 10 12 1 10 12 1 10 7 12 1 1 1 8 1 10 12 1 4 4 10 12 1 1 8 1 10 12 1 1 4 10 100 12 1 1 1 100 1 10 12 1 1 11 100 12 1 1 1 100 1 10 12 1 100 1 10 12 1 10 12 1 1 10 12 1 100 1 8 1 10 10 12 1 10 10 7 1 7 1 1 1 1 5 0 1 1 1 1 1 1 1 1 1 1 1 1 1 1 1 1 1 1 1 1 1 1 1 1 1 1 1 1 1 1 1 1 1 1 100 1 1 1 1 7 1 1 1 1 1 1 1 1 1 1 1 1 1 1 1 1 1 1 1 100 1 1 100 1 7 1 1 1
staticfield java/util/HashSet PRESENT Ljava/lang/Object; java/lang/Object
instanceKlass java/util/TreeMap$KeySet
instanceKlass java/util/TreeSet
instanceKlass java/util/TreeMap$EntrySet
instanceKlass java/util/concurrent/ConcurrentSkipListSet
instanceKlass java/util/IdentityHashMap$KeySet
instanceKlass java/util/LinkedHashMap$LinkedEntrySet
instanceKlass java/util/Collections$SingletonSet
instanceKlass java/util/LinkedHashMap$LinkedKeySet
instanceKlass java/util/EnumSet
instanceKlass java/util/HashMap$KeySet
instanceKlass java/util/WeakHashMap$KeySet
instanceKlass java/util/Collections$SetFromMap
instanceKlass java/util/HashSet
instanceKlass java/util/ImmutableCollections$MapN$1
instanceKlass java/util/Collections$EmptySet
instanceKlass java/util/HashMap$EntrySet
ciInstanceKlass java/util/AbstractSet 1 1 96 10 7 12 1 1 1 100 1 100 1 11 12 1 1 10 100 1 10 12 1 1 100 1 100 1 10 12 1 1 11 100 12 1 1 1 11 12 1 1 10 100 12 1 1 10 100 12 1 1 1 11 10 12 1 1 11 12 1 11 12 1 1 1 1 1 1 1 1 1 1 1 1 1 1 1 1 100 1 1 1 1 1 1 1 1 1 1 1 1 1 1 1 1 1 1
ciMethod java/util/HashSet add (Ljava/lang/Object;)Z 1024 0 6681 0 152
ciInstanceKlass java/util/function/Function 1 1 77 10 100 12 1 1 1 18 12 1 1 18 18 12 1 11 7 12 1 7 1 1 1 1 1 1 1 1 1 1 1 1 1 1 1 1 1 1 1 1 1 1 1 1 1 1 1 1 1 1 1 1 1 1 16 15 11 12 15 11 12 15 11 12 15 10 100 12 1 1 1 1 100 1 100 1 1
ciMethod java/util/function/Function apply (Ljava/lang/Object;)Ljava/lang/Object; 0 0 1 0 -1
ciInstanceKlass java/lang/module/ModuleDescriptor 1 1 516 10 7 12 1 1 1 9 7 12 1 1 1 100 1 10 9 12 1 1 9 12 1 1 9 12 1 11 7 12 1 1 1 9 12 1 1 9 7 12 1 1 1 11 12 1 1 9 12 1 9 12 1 9 12 1 11 12 1 1 18 12 1 1 11 100 12 1 1 1 11 12 1 11 12 1 1 11 12 1 1 9 12 1 9 12 1 9 12 1 9 12 1 9 12 1 9 12 1 9 12 1 9 12 1 1 11 12 1 1 11 7 12 1 1 1 11 12 1 1 10 12 1 9 100 12 1 1 1 10 100 12 1 1 1 10 7 12 1 1 1 10 100 12 1 1 1 10 12 1 7 1 10 10 12 10 12 1 1 8 1 10 12 1 10 10 7 12 1 1 1 10 12 1 1 10 12 1 10 12 1 1 10 7 12 1 1 10 12 1 10 12 1 11 10 100 12 1 1 10 12 1 10 12 1 1 11 10 12 1 10 12 1 8 1 8 1 10 12 1 11 12 1 8 1 8 1 8 1 8 1 8 1 8 1 100 1 10 12 1 100 1 8 1 10 12 1 100 1 10 12 1 11 12 11 12 1 10 12 1 1 100 1 10 100 12 1 1 1 10 100 12 1 1 1 10 12 1 10 12 1 1 8 1 10 12 1 1 18 11 12 1 11 12 1 1 8 1 10 100 12 1 1 1 11 12 1 1 11 7 1 7 1 10 7 1 11 12 11 12 1 1 10 100 12 1 1 1 10 12 1 10 12 1 10 12 1 10 9 100 12 1 1 1 10 12 1 1 10 7 12 1 1 7 1 10 10 7 12 1 1 1 1 1 1 1 1 1 1 1 1 1 1 1 1 1 1 1 1 1 1 1 1 1 1 1 1 1 1 1 1 1 1 1 1 1 1 1 1 1 1 1 1 1 1 1 1 1 1 1 1 1 1 1 1 1 1 1 1 1 100 1 1 1 1 1 1 1 1 1 1 1 1 1 1 1 1 1 1 1 1 1 1 1 1 1 1 1 1 1 1 1 1 1 1 1 1 1 1 1 1 1 1 1 1 1 1 1 1 1 100 1 100 1 100 1 100 1 100 1 100 1 100 1 1 16 15 10 16 1 15 10 12 16 15 10 100 12 1 1 1 1 1 1 1 1 1 1 1 1 1 100 1 100 1 1
staticfield java/lang/module/ModuleDescriptor $assertionsDisabled Z 1
ciInstanceKlass java/util/SequencedSet 1 1 78 11 7 12 1 1 1 7 1 7 1 7 1 1 1 1 1 1 1 1 1 1 1 1 1 1 1 100 1 8 1 1 12 10 1 1 1 8 1 1 1 8 1 1 1 8 1 1 1 8 1 1 1 8 1 1 8 1 1 1 8 1 1 8 1 1 8 1 1 1 8 1 1 8 1 1 8 1
ciInstanceKlass java/lang/annotation/Annotation 0 0 17 100 1 100 1 1 1 1 1 1 1 1 1 1 1 1 1
ciInstanceKlass java/util/LinkedHashMap 1 1 386 9 7 12 1 1 1 9 12 1 1 9 12 1 9 7 12 1 1 9 12 1 10 7 12 1 1 1 10 12 1 1 10 12 1 1 9 12 1 9 12 1 1 9 12 1 10 12 1 1 100 1 10 10 12 1 1 10 12 1 10 12 1 1 9 12 1 1 9 12 1 10 12 1 1 10 100 12 1 1 1 10 12 1 10 12 1 10 12 10 12 1 1 10 7 12 1 1 1 10 12 1 1 10 12 1 1 9 7 1 10 12 1 10 12 1 1 9 12 1 1 7 1 10 12 1 7 1 100 1 10 10 12 1 1 10 12 1 1 9 12 1 1 7 1 10 7 1 10 12 1 9 12 1 7 1 10 100 1 10 11 100 12 1 1 1 100 1 10 11 100 12 1 1 100 1 7 1 10 8 1 10 12 1 1 10 12 1 10 12 1 1 10 12 1 10 12 1 1 10 100 1 10 12 1 7 1 1 1 1 5 0 1 1 1 3 1 3 1 3 1 1 1 1 1 1 1 1 1 1 1 1 1 1 1 1 1 1 1 1 1 1 1 1 1 1 1 1 1 1 1 1 1 1 1 1 1 1 1 1 1 1 1 1 1 1 1 7 1 1 1 1 1 1 1 1 100 1 1 1 1 1 1 1 1 1 1 1 1 1 1 1 1 1 1 1 1 1 1 1 1 1 1 1 1 100 1 1 1 1 1 1 1 1 1 1 1 1 1 1 100 1 1 1 1 1 1 1 1 1 7 1 1 1 1 1 1 1 1 1 1 1 1 1 1 1 1 1 1 1 1 1 1 1 1 1 1 1 1 1 1 1 100 1 100 1 100 1 100 1 1 1 1 1 100 1 7 1 1 1 1 1 1 1 1 1
ciInstanceKlass java/util/SequencedMap 1 1 157 11 7 12 1 1 1 11 100 12 1 1 1 11 7 12 1 1 1 100 1 11 12 1 1 100 1 10 12 1 1 11 12 1 1 11 12 1 1 100 1 10 12 100 1 10 12 1 100 1 10 100 1 10 7 1 7 1 1 1 1 1 1 1 1 1 1 1 1 1 1 1 1 1 1 1 1 1 1 1 1 1 1 1 1 1 1 1 1 1 1 1 1 1 1 1 1 1 1 1 1 1 1 1 1 1 1 100 1 8 1 1 12 10 1 1 1 8 1 1 1 8 1 1 8 1 1 1 8 1 1 1 8 1 1 1 8 1 1 1 8 1 1 1 8 1 1 1 8 1 1 1 8 1 1 8 1
ciMethod java/util/Map computeIfAbsent (Ljava/lang/Object;Ljava/util/function/Function;)Ljava/lang/Object; 0 0 1 0 -1
ciMethod java/util/Map getOrDefault (Ljava/lang/Object;Ljava/lang/Object;)Ljava/lang/Object; 0 0 1 0 -1
ciMethod java/util/LinkedHashMap get (Ljava/lang/Object;)Ljava/lang/Object; 512 0 80715 0 840
ciMethod java/util/LinkedHashMap entrySet ()Ljava/util/Set; 512 0 58207 0 424
ciMethod java/util/LinkedHashMap keySet ()Ljava/util/Set; 512 0 11958 0 0
ciMethod java/util/LinkedHashMap afterNodeAccess (Ljava/util/HashMap$Node;)V 144 0 59464 0 -1
ciMethod java/util/LinkedHashMap sequencedKeySet ()Ljava/util/SequencedSet; 512 0 11958 0 0
ciMethod java/util/LinkedHashMap sequencedEntrySet ()Ljava/util/SequencedSet; 512 0 58201 0 424
ciMethod java/util/LinkedHashMap <init> ()V 378 0 129171 0 96
ciInstanceKlass java/util/Collections$SynchronizedSet 1 1 67 10 7 12 1 1 1 10 12 1 9 100 12 1 1 1 9 12 1 1 11 100 12 1 1 1 11 12 1 1 100 1 1 1 1 5 0 1 1 1 1 1 1 1 1 1 1 1 1 1 1 1 1 1 100 1 100 1 1 1 1 1 100 1 1 1 1
ciInstanceKlass java/util/function/BiFunction 1 1 65 10 100 12 1 1 1 18 12 1 1 11 7 12 1 1 11 100 12 1 7 1 1 1 1 1 1 1 1 1 1 1 1 1 1 1 1 1 1 1 1 1 1 1 1 1 1 1 16 15 11 12 15 10 100 12 1 1 1 1 100 1 100 1 1
ciInstanceKlass java/util/ImmutableCollections 1 1 213 10 7 12 1 1 1 100 1 10 7 1 7 1 9 12 1 1 7 1 11 7 12 1 1 1 11 12 1 1 11 12 1 1 11 12 1 10 7 12 1 1 1 10 12 1 9 7 12 1 1 10 12 1 1 100 1 100 1 10 9 12 1 1 10 12 1 10 12 1 9 12 1 10 7 12 1 1 5 0 10 7 12 1 1 1 10 7 12 1 1 5 0 9 12 1 1 9 12 1 10 12 1 1 9 12 1 9 12 1 1 7 1 10 12 1 9 12 1 1 7 1 10 9 12 1 1 1 1 1 1 1 1 1 3 1 1 1 1 1 1 1 1 1 1 1 1 1 1 1 1 1 1 1 1 1 1 1 1 1 1 1 1 1 1 1 1 1 1 100 1 100 1 100 1 100 1 100 1 100 1 100 1 100 1 100 1 100 1 100 1 100 1 100 1 100 1 1 1 1 1 1 1 1 1 1 1 1 1 1 1 1 1
staticfield java/util/ImmutableCollections SALT32L J 84508783
staticfield java/util/ImmutableCollections REVERSE Z 0
staticfield java/util/ImmutableCollections EMPTY Ljava/lang/Object; java/lang/Object
staticfield java/util/ImmutableCollections EMPTY_LIST Ljava/util/ImmutableCollections$ListN; java/util/ImmutableCollections$ListN
staticfield java/util/ImmutableCollections EMPTY_LIST_NULLS Ljava/util/ImmutableCollections$ListN; java/util/ImmutableCollections$ListN
staticfield java/util/ImmutableCollections EMPTY_SET Ljava/util/ImmutableCollections$SetN; java/util/ImmutableCollections$SetN
staticfield java/util/ImmutableCollections EMPTY_MAP Ljava/util/ImmutableCollections$MapN; java/util/ImmutableCollections$MapN
staticfield java/util/ImmutableCollections $assertionsDisabled Z 1
ciInstanceKlass java/util/ImmutableCollections$List12 1 1 125 10 7 12 1 1 1 10 7 12 1 1 1 9 7 12 1 1 1 9 7 12 1 1 9 12 1 10 12 1 1 10 7 12 1 1 1 100 1 8 1 10 12 1 100 1 10 12 1 10 12 1 1 10 12 1 1 10 7 12 1 1 10 7 12 1 1 1 7 1 7 1 1 1 1 1 1 1 1 1 1 1 1 1 1 1 1 1 1 1 1 1 1 1 1 1 1 1 1 1 1 1 1 1 100 1 7 1 1 1 1 1 1 1 1 1 1 1 1 1 1 1 1 1 1
instanceKlass java/util/ImmutableCollections$List12
instanceKlass java/util/ImmutableCollections$ListN
ciInstanceKlass java/util/ImmutableCollections$AbstractImmutableList 1 1 213 10 7 12 1 1 1 10 100 12 1 1 1 10 7 12 1 1 1 10 12 1 1 10 100 12 1 1 1 100 1 7 1 10 8 1 10 12 1 1 10 12 1 10 12 1 1 10 12 1 8 1 100 1 8 1 8 1 8 1 10 7 1 10 12 1 10 12 1 1 10 12 1 1 10 12 1 7 1 11 12 1 1 11 7 12 1 1 1 10 12 1 1 11 12 1 1 10 7 12 1 1 1 10 12 1 1 10 12 1 10 100 12 1 1 1 8 1 8 1 10 12 1 1 7 1 1 1 1 1 1 1 1 1 1 1 1 1 1 1 1 1 1 1 1 1 1 1 1 1 1 1 1 1 1 1 1 1 1 1 1 1 1 1 1 1 1 1 1 1 1 1 1 1 1 1 1 1 1 1 1 1 1 1 1 1 1 1 1 1 1 1 1 1 1 1 1 100 1 8 1 1 12 10 1 1 1 8 1 1 1 8 1
ciMethod java/util/ImmutableCollections$List12 size ()I 526 0 208588 0 0
ciMethod java/util/ImmutableCollections$List12 toArray ([Ljava/lang/Object;)[Ljava/lang/Object; 774 0 47340 0 952
ciMethod java/util/ImmutableCollections$AbstractImmutableList iterator ()Ljava/util/Iterator; 516 0 5644 0 432
ciMethod java/util/ImmutableCollections$List12 get (I)Ljava/lang/Object; 520 0 14084 0 0
ciMethod java/util/ImmutableCollections$AbstractImmutableList outOfBounds (I)Ljava/lang/IndexOutOfBoundsException; 0 0 1 0 -1
ciInstanceKlass java/util/ImmutableCollections$ListN 1 1 119 10 7 12 1 1 1 9 7 12 1 1 1 9 12 1 1 100 1 8 1 10 12 1 100 1 10 12 1 10 7 12 1 1 1 10 7 12 1 1 1 10 12 1 10 7 12 1 1 1 100 1 10 10 100 12 1 1 1 7 1 1 1 1 1 1 1 1 1 1 1 1 1 1 1 1 1 1 1 1 1 1 1 1 1 1 1 1 1 100 1 7 1 1 1 1 1 1 1 1 1 1 1 1 1 1 1 100 1 1 1 1 1 1 7 1 1 1 1
ciMethod java/util/ImmutableCollections$ListN toArray ([Ljava/lang/Object;)[Ljava/lang/Object; 710 0 31508 0 0
ciMethod java/util/ImmutableCollections$ListN get (I)Ljava/lang/Object; 520 0 1526 0 136
ciInstanceKlass java/util/ImmutableCollections$MapN 1 1 149 100 1 10 7 12 1 1 1 7 1 8 1 10 12 1 9 7 12 1 1 1 7 1 9 12 1 1 10 7 12 1 1 1 10 12 1 1 100 1 7 1 10 8 1 10 12 1 1 10 12 1 10 12 1 1 10 10 12 1 1 10 12 1 1 7 1 10 12 1 10 7 12 1 1 1 100 1 8 1 10 100 1 10 12 1 1 1 1 1 1 1 1 1 1 1 1 1 1 1 1 1 1 1 1 1 1 100 1 1 1 1 1 1 1 1 1 1 1 1 1 1 1 1 1 1 1 100 1 7 1 1 1 1 1 1 1 1 1 1 1 100 1 1 100 1 7 1 1
ciInstanceKlass java/lang/invoke/DirectMethodHandle$Constructor 1 1 91 10 7 12 1 1 1 9 7 12 1 1 1 9 12 1 1 9 12 1 1 10 100 12 1 1 1 100 1 10 12 1 9 12 1 9 12 1 10 12 1 10 12 1 1 9 12 1 1 10 12 1 1 10 7 12 1 1 1 1 1 1 1 1 1 1 1 1 1 1 100 1 100 1 1 1 1 1 1 1 1 1 1 1 1 1 1 1 1 1 1
staticfield java/lang/invoke/DirectMethodHandle$Constructor $assertionsDisabled Z 1
ciInstanceKlass java/nio/file/Path 1 1 208 10 7 12 1 1 1 10 7 12 1 1 1 10 100 12 1 1 1 100 1 8 1 10 12 1 1 8 1 10 7 12 1 1 1 10 12 1 1 10 100 12 1 1 10 12 1 1 11 7 12 1 1 1 11 7 12 1 1 1 11 12 1 1 10 100 1 7 1 10 12 1 8 1 10 12 1 1 8 1 10 12 1 10 11 7 12 1 1 11 12 1 1 11 12 1 11 12 1 1 100 1 10 11 12 1 1 11 12 1 100 1 11 10 100 1 8 1 10 100 1 11 12 1 1 100 1 10 12 1 11 12 1 1 7 1 7 1 7 1 7 1 1 1 1 1 1 1 1 1 1 1 1 1 1 1 1 1 1 1 1 1 1 1 1 1 1 1 1 1 1 1 1 1 1 1 1 100 1 1 1 1 1 1 1 1 1 1 1 1 1 1 1 1 1 1 1 1 1 1 1 1 100 1 1 100 1 1
ciInstanceKlass java/nio/file/Watchable 1 0 25 100 1 100 1 1 1 1 100 1 1 1 1 1 1 1 1 100 1 100 1 1 100 1 1
ciMethod java/nio/file/Path resolve (Ljava/nio/file/Path;)Ljava/nio/file/Path; 0 0 1 0 -1
ciMethod java/nio/file/Path resolve (Ljava/lang/String;)Ljava/nio/file/Path; 160 0 80 0 0
ciMethod java/nio/file/Path getFileSystem ()Ljava/nio/file/FileSystem; 0 0 1 0 -1
ciInstanceKlass java/nio/file/OpenOption 1 0 7 100 1 100 1 1 1
ciInstanceKlass java/util/random/RandomGenerator 1 1 308 10 100 12 1 1 1 7 1 10 100 12 1 1 1 8 1 11 12 1 11 12 1 1 100 1 10 7 12 1 1 1 18 12 1 1 11 100 12 1 1 1 11 12 1 1 10 100 12 1 1 1 18 12 1 10 12 1 1 11 12 1 11 12 1 1 11 12 1 18 12 1 1 11 100 12 1 1 11 12 1 10 12 1 18 12 1 11 12 1 11 12 1 11 12 1 18 12 1 1 11 100 12 1 1 11 12 1 10 12 1 18 12 1 11 12 1 11 12 1 11 12 1 11 12 1 1 11 12 1 1 7 1 7 1 4 10 12 1 1 10 12 1 1 10 12 1 10 12 1 7 1 6 0 10 12 1 10 12 1 1 10 12 1 10 12 1 10 12 1 1 10 12 1 10 12 10 12 1 1 10 12 1 10 12 1 1 100 1 8 1 10 12 1 1 10 12 1 11 12 1 11 12 1 11 12 1 1 7 1 1 1 1 1 1 1 1 1 1 1 1 1 1 1 1 1 1 1 1 1 1 1 1 1 1 1 1 1 1 1 1 1 1 1 1 1 1 1 1 1 1 1 1 1 1 1 1 1 1 1 1 1 100 1 100 1 100 1 100 1 100 1 1 16 15 11 12 15 11 12 16 15 15 11 12 16 15 15 11 12 15 10 100 12 1 1 1 1 1 1 1 1 1 100 1 100 1 1
ciInstanceKlass java/util/ArrayList$Itr 1 1 104 9 7 12 1 1 1 10 7 12 1 1 1 9 12 1 1 9 7 12 1 1 9 12 1 9 12 1 9 12 1 10 12 1 100 1 10 9 12 1 1 100 1 10 100 1 10 10 12 1 1 100 1 10 100 12 1 1 1 10 12 1 1 11 100 12 1 1 1 100 1 1 1 1 1 1 1 1 1 1 1 1 1 1 1 1 100 1 1 1 1 1 1 1 1 1 1 1 1 1 1 1 1 1
ciMethod java/util/ArrayList$Itr hasNext ()Z 522 0 7058 0 112
ciMethod java/util/ArrayList$Itr next ()Ljava/lang/Object; 530 0 5424 0 256
ciMethod java/util/ArrayList$Itr <init> (Ljava/util/ArrayList;)V 512 0 50063 0 0
ciMethod java/util/ArrayList$Itr checkForComodification ()V 530 0 5424 0 0
ciInstanceKlass java/util/ListIterator 1 0 27 100 1 100 1 100 1 1 1 1 1 1 1 1 1 1 1 1 1 1 1 1 1 1 1 1 1
ciInstanceKlass java/util/ImmutableCollections$ListItr 1 1 86 10 7 12 1 1 1 9 7 12 1 1 1 9 12 1 1 9 12 1 9 12 1 1 11 7 12 1 1 1 100 1 100 1 10 10 100 12 1 1 1 100 1 1 1 1 1 1 1 1 1 1 1 1 1 1 1 1 1 1 1 1 1 1 1 1 1 1 1 1 1 1 1 1 1 1 1 1 1 1 1 1 1 1 1 1
ciMethod java/util/ImmutableCollections$ListItr <init> (Ljava/util/List;I)V 516 0 5644 0 0
ciMethod java/util/ImmutableCollections$ListItr hasNext ()Z 538 0 6429 0 96
ciMethod java/util/ImmutableCollections$ListItr next ()Ljava/lang/Object; 532 0 16601 0 0
instanceKlass java/util/LinkedHashMap$Entry
ciInstanceKlass java/util/HashMap$Node 1 1 95 10 7 12 1 1 1 9 7 12 1 1 1 9 12 1 1 9 12 1 9 12 1 1 7 1 10 10 12 1 1 8 1 10 12 1 10 12 1 1 10 100 12 1 1 1 7 1 11 12 1 1 10 12 1 1 11 12 1 1 1 1 1 1 1 1 1 1 1 1 1 1 1 1 1 1 1 1 1 1 1 1 1 1 1 1 1 1 100 1 1 1 7 1 1
ciMethod java/util/HashMap$Node getValue ()Ljava/lang/Object; 266 0 133 0 0
ciMethod java/util/HashMap$Node getKey ()Ljava/lang/Object; 256 0 128 0 0
ciInstanceKlass java/util/HashMap$TreeNode 1 1 250 7 1 10 7 12 1 1 1 9 7 12 1 1 1 9 12 1 1 9 12 1 9 12 1 1 9 12 1 1 10 12 1 1 100 1 10 12 1 9 12 1 9 12 1 9 12 1 1 10 100 12 1 1 1 10 12 1 1 10 12 1 1 10 12 1 1 10 12 1 1 10 12 1 1 10 7 12 1 1 1 10 100 12 1 1 1 10 100 12 1 1 1 9 12 1 10 12 1 1 10 12 1 1 10 12 1 1 10 12 1 1 9 7 1 10 12 1 1 10 12 1 1 10 12 1 10 12 1 1 10 12 1 10 12 1 10 12 1 1 1 1 1 1 1 1 1 1 1 1 1 1 1 1 1 1 1 1 1 1 1 1 1 1 100 1 1 1 1 1 1 1 1 1 1 1 1 1 1 1 1 1 1 1 1 1 1 1 1 1 1 1 1 1 1 1 1 1 1 1 1 1 1 1 1 1 1 1 1 1 1 1 1 1 1 1 1 1 1 1 1 1 1 1 1 1 1 1 1 1 1 1 1 1 1 1 1 1 1 1 1 1 1 1 1 100 1 1 1 1
staticfield java/util/HashMap$TreeNode $assertionsDisabled Z 1
instanceKlass java/util/HashMap$TreeNode
ciInstanceKlass java/util/LinkedHashMap$Entry 1 1 41 10 7 12 1 1 1 100 1 1 1 1 1 1 1 1 1 1 1 1 1 1 1 1 1 1 1 1 1 1 1 1 1 1 100 1 1 100 1 1 1
ciMethod java/util/HashMap$TreeNode putTreeVal (Ljava/util/HashMap;[Ljava/util/HashMap$Node;ILjava/lang/Object;Ljava/lang/Object;)Ljava/util/HashMap$TreeNode; 28 44 14 0 -1
ciMethod java/util/HashMap$TreeNode getTreeNode (ILjava/lang/Object;)Ljava/util/HashMap$TreeNode; 94 0 47 0 -1
ciInstanceKlass java/util/HashMap$EntrySet 1 1 134 9 7 12 1 1 1 10 7 12 1 1 1 9 100 12 1 1 1 10 12 1 7 1 10 12 1 100 1 11 12 1 1 10 12 1 1 10 100 12 1 1 1 11 12 1 10 12 1 1 10 12 1 1 100 1 10 12 1 100 1 10 9 12 1 1 9 12 1 11 100 12 1 1 1 9 12 1 1 100 1 10 1 1 1 1 1 1 1 1 1 1 1 1 1 1 1 1 1 1 1 1 1 1 1 100 1 1 1 1 1 1 1 1 1 1 1 1 1 1 100 1 1 1 1 1 1 1 1 100 1 1 1 1
ciInstanceKlass java/util/HashMap$EntryIterator 1 1 49 10 7 12 1 1 1 10 7 12 1 1 1 10 12 1 1 100 1 1 1 1 1 1 1 1 1 1 1 1 1 1 1 1 1 1 100 1 1 1 1 100 1 1 100 1 100 1 1
ciInstanceKlass java/util/SortedMap 1 1 113 100 1 10 12 1 1 10 100 12 1 1 1 11 7 12 1 1 1 7 1 7 1 1 1 1 1 1 1 1 1 1 1 1 1 1 1 1 1 1 1 1 1 1 1 1 1 1 1 1 1 1 1 1 1 1 1 1 1 1 1 1 1 1 1 1 1 1 100 1 7 1 1 1 100 1 8 1 1 12 10 1 1 1 8 1 1 1 8 1 1 8 1 1 1 8 1 1 1 8 1 1 1 8 1 1 1 8 1 1 1 8 1
ciInstanceKlass java/nio/charset/StandardCharsets 1 1 68 10 7 12 1 1 1 100 1 8 1 10 12 1 9 7 12 1 1 1 9 7 12 1 1 1 9 7 12 1 1 9 12 1 9 7 12 1 1 9 12 1 7 1 10 9 12 1 7 1 10 9 12 1 7 1 10 9 12 1 1 1 1 1 1 1 1 1
staticfield java/nio/charset/StandardCharsets US_ASCII Ljava/nio/charset/Charset; sun/nio/cs/US_ASCII
staticfield java/nio/charset/StandardCharsets ISO_8859_1 Ljava/nio/charset/Charset; sun/nio/cs/ISO_8859_1
staticfield java/nio/charset/StandardCharsets UTF_8 Ljava/nio/charset/Charset; sun/nio/cs/UTF_8
staticfield java/nio/charset/StandardCharsets UTF_16BE Ljava/nio/charset/Charset; sun/nio/cs/UTF_16BE
staticfield java/nio/charset/StandardCharsets UTF_16LE Ljava/nio/charset/Charset; sun/nio/cs/UTF_16LE
staticfield java/nio/charset/StandardCharsets UTF_16 Ljava/nio/charset/Charset; sun/nio/cs/UTF_16
ciInstanceKlass java/util/SortedSet 1 1 136 100 1 100 1 10 12 1 1 100 1 10 12 1 11 7 12 1 1 1 11 12 1 11 12 1 1 10 100 12 1 1 1 11 12 1 1 7 1 7 1 7 1 1 1 1 1 1 1 1 1 1 1 1 1 1 1 1 1 1 1 1 1 1 1 1 1 1 1 1 1 1 1 1 1 1 1 1 1 1 1 1 1 1 1 100 1 8 1 1 12 10 1 1 1 8 1 1 1 8 1 1 1 8 1 1 1 8 1 1 8 1 1 1 8 1 1 8 1 1 1 8 1 1 8 1 1 1 8 1 1 8 1 1 8 1
ciMethod java/util/SortedSet comparator ()Ljava/util/Comparator; 0 0 1 0 -1
ciInstanceKlass java/util/NavigableSet 1 1 130 11 7 12 1 1 1 100 1 10 12 1 1 11 12 1 1 11 12 1 11 12 1 1 11 12 1 7 1 7 1 1 1 1 1 1 1 1 1 1 1 1 1 1 1 1 1 1 1 1 1 1 1 1 1 1 1 1 1 1 1 1 1 1 1 1 1 1 1 1 1 1 100 1 8 1 1 12 10 1 1 1 8 1 1 8 1 1 1 8 1 1 1 8 1 1 1 8 1 1 1 8 1 1 1 8 1 1 8 1 1 1 8 1 1 8 1 1 8 1 1 1 8 1 1 8 1 1 8 1
ciMethod java/util/NavigableSet iterator ()Ljava/util/Iterator; 0 0 1 0 -1
ciInstanceKlass java/util/NavigableMap 1 1 129 11 7 12 1 1 1 11 12 1 7 1 7 1 1 1 1 1 1 1 1 1 1 1 1 1 1 1 1 1 1 1 1 1 1 1 1 1 1 1 1 1 1 1 1 1 1 1 1 1 1 1 1 1 1 1 1 1 1 1 1 1 100 1 7 1 1 1 100 1 8 1 1 12 10 1 1 1 8 1 1 1 8 1 1 8 1 1 1 8 1 1 1 8 1 1 8 1 1 1 8 1 1 1 8 1 1 8 1 1 1 8 1 1 1 8 1 1 1 8 1 1 1 8 1 1 1 8 1
ciMethod java/util/NavigableMap size ()I 0 0 1 0 -1
ciMethod java/util/NavigableMap navigableKeySet ()Ljava/util/NavigableSet; 0 0 1 0 -1
instanceKlass sun/nio/fs/WindowsFileSystem
ciInstanceKlass java/nio/file/FileSystem 1 1 46 10 7 12 1 1 1 100 1 100 1 1 1 1 1 1 1 1 1 1 100 1 1 1 1 1 1 1 1 1 1 1 1 1 1 1 1 1 1 1 1 1 1 1 1 1
ciMethod java/nio/file/FileSystem provider ()Ljava/nio/file/spi/FileSystemProvider; 0 0 1 0 -1
ciMethod java/nio/file/FileSystem getPath (Ljava/lang/String;[Ljava/lang/String;)Ljava/nio/file/Path; 0 0 1 0 -1
ciInstanceKlass java/nio/file/Files 1 1 1155 10 7 12 1 1 1 11 7 12 1 1 1 10 7 12 1 1 1 18 12 1 1 10 7 12 1 1 10 7 12 1 1 1 10 12 1 1 10 12 1 1 10 100 12 1 1 1 100 1 10 10 12 1 1 100 1 10 9 7 12 1 1 1 10 12 1 1 8 1 10 7 12 1 1 1 10 12 1 7 1 10 8 1 10 12 1 1 10 12 1 1 10 12 1 1 7 1 10 12 1 9 12 1 1 11 7 12 1 1 10 12 1 1 10 12 1 7 1 100 1 11 12 1 1 100 1 11 12 1 100 1 10 12 1 1 100 1 100 1 11 8 1 10 12 1 11 12 1 1 11 12 1 1 11 7 12 1 1 1 11 12 1 1 11 12 1 10 12 1 7 1 10 12 1 1 10 100 12 1 1 1 10 100 12 1 1 1 10 12 1 1 10 12 1 1 10 12 1 1 10 12 1 1 10 12 1 1 10 12 1 1 10 100 12 1 1 10 12 1 10 12 1 10 12 1 10 12 1 1 10 12 1 1 10 5 0 100 1 10 10 7 12 1 1 1 10 100 12 1 1 1 10 7 1 10 12 1 1 10 12 1 9 100 12 1 1 1 11 7 1 100 1 10 12 1 1 9 12 1 1 10 12 1 1 10 12 1 1 10 12 1 1 10 12 1 1 100 1 10 12 1 10 12 1 9 12 1 1 11 7 12 1 1 1 100 1 10 10 12 1 8 1 10 12 1 1 11 12 1 10 100 1 10 11 12 1 100 1 10 100 1 10 11 12 1 1 100 1 11 12 1 1 11 12 1 1 7 1 9 12 1 1 11 12 1 10 12 1 11 12 11 12 1 11 12 1 1 100 1 100 1 11 12 1 1 11 12 1 100 1 10 8 1 10 12 1 10 12 1 10 12 1 1 9 12 1 1 10 12 1 1 9 12 1 9 12 1 100 1 10 12 1 10 12 1 1 9 100 12 1 1 1 10 100 12 1 1 1 10 100 12 1 1 10 12 1 1 10 12 1 1 10 12 1 11 100 12 1 1 1 11 12 1 1 11 12 1 9 100 12 1 1 1 9 12 1 10 12 1 11 12 1 9 12 1 9 12 1 10 12 1 10 12 1 10 100 1 10 100 12 1 1 1 7 1 3 10 12 1 1 10 100 12 1 1 1 100 1 10 12 1 100 1 10 12 1 9 100 12 1 1 1 10 12 1 1 10 12 1 1 100 1 10 10 12 1 100 1 10 12 1 10 12 1 1 9 100 12 1 1 1 8 1 10 10 12 1 8 1 10 10 9 7 12 1 1 1 9 12 10 12 1 1 10 100 1 10 12 1 10 12 10 100 12 1 1 1 10 100 12 1 1 1 10 12 1 1 10 12 1 10 100 12 1 1 100 1 10 12 1 11 5 0 7 1 8 1 10 10 12 1 10 12 1 1 10 12 1 1 11 12 1 1 10 7 12 1 1 1 10 100 12 1 1 9 12 1 1 11 100 12 1 1 1 7 1 10 10 12 1 11 12 1 10 10 12 1 1 10 12 1 10 12 1 1 11 7 1 7 1 10 12 1 10 12 1 10 10 12 1 10 12 1 1 10 12 1 1 11 12 1 1 11 10 12 1 11 100 1 100 1 10 12 1 100 1 10 100 12 1 1 1 10 100 12 1 1 1 10 12 1 11 100 12 1 1 1 7 1 7 1 11 100 1 10 12 1 18 12 1 18 12 1 1 11 12 1 1 10 10 12 1 18 12 1 1 11 12 1 1 18 10 100 12 1 1 9 100 12 1 1 11 7 12 1 1 9 12 10 100 12 1 1 1 10 12 1 1 10 10 12 1 1 10 10 12 1 18 12 1 10 12 1 1 10 12 1 10 11 100 12 1 1 11 7 1 100 1 10 12 1 10 12 1 11 12 1 1 10 7 12 1 1 1 1 1 1 3 1 1 1 1 1 1 1 1 1 1 1 1 1 1 1 1 1 1 1 1 1 1 1 1 1 1 1 1 1 1 1 1 1 1 1 1 1 1 1 1 1 1 1 1 1 1 1 100 1 1 1 1 1 1 1 1 1 1 1 1 1 1 1 1 1 1 1 1 1 1 1 1 1 1 1 1 1 1 1 1 1 1 1 1 1 1 1 1 1 1 1 1 1 1 1 1 100 1 1 1 1 1 1 1 1 1 1 1 1 1 1 1 1 1 1 1 1 1 1 1 1 1 1 1 1 1 1 1 1 1 1 1 1 1 1 1 1 1 1 1 1 1 1 1 1 1 1 1 1 1 1 1 1 1 1 1 1 1 1 1 1 1 1 1 100 100 1 1 1 1 1 1 1 1 1 1 1 1 1 1 1 1 1 1 1 100 1 1 1 1 100 1 1 1 1 1 1 1 1 1 1 1 1 1 1 1 1 1 1 1 1 1 1 1 1 100 1 1 1 1 1 1 1 1 1 1 1 1 1 1 1 1 1 1 1 1 1 1 1 1 1 1 1 1 1 1 1 1 1 100 1 100 1 1 16 15 10 12 15 16 15 10 12 16 16 15 10 12 16 1 15 10 12 15 10 12 15 10 100 12 1 1 1 1 1 100 1 1 1 1 1 100 1 100 1 1
staticfield java/nio/file/Files DEFAULT_CREATE_OPTIONS Ljava/util/Set; java/util/ImmutableCollections$Set12
staticfield java/nio/file/Files JLA Ljdk/internal/access/JavaLangAccess; java/lang/System$2
staticfield java/nio/file/Files $assertionsDisabled Z 1
ciMethod java/nio/file/Files provider (Ljava/nio/file/Path;)Ljava/nio/file/spi/FileSystemProvider; 106 0 53 0 -1
ciMethod java/nio/file/Files delete (Ljava/nio/file/Path;)V 0 0 1 0 -1
ciMethod java/nio/file/Files newOutputStream (Ljava/nio/file/Path;[Ljava/nio/file/OpenOption;)Ljava/io/OutputStream; 76 0 38 0 0
ciInstanceKlass java/util/TreeMap 1 1 692 10 7 12 1 1 1 9 7 12 1 1 1 9 12 1 9 12 1 1 10 12 1 1 11 100 12 1 1 11 12 1 11 12 1 1 11 100 12 1 1 1 10 12 1 1 100 1 100 1 10 12 1 1 10 12 1 1 9 7 12 1 1 1 10 12 1 1 10 12 1 1 10 12 1 1 10 12 1 100 1 10 11 7 1 10 7 12 1 1 11 10 10 12 1 10 12 1 1 7 1 9 12 1 1 9 12 11 12 1 1 9 12 1 9 12 1 11 7 12 1 1 1 10 9 12 1 10 12 1 1 10 12 1 1 10 12 1 1 10 12 1 1 10 12 1 1 10 12 1 1 10 12 1 11 100 12 1 1 100 1 10 11 100 12 1 1 10 12 1 10 12 1 1 10 12 1 10 12 1 1 100 1 100 1 10 12 1 9 12 1 9 12 1 1 9 12 1 1 10 10 12 1 1 10 12 1 10 12 1 10 12 1 10 12 1 10 12 1 10 12 1 7 1 10 12 1 10 12 1 11 100 1 9 12 1 1 7 1 10 12 1 7 1 10 100 1 10 12 1 100 1 10 10 12 1 1 10 12 1 1 10 12 1 11 100 12 1 1 7 1 10 12 1 100 1 10 10 7 12 1 1 100 1 10 12 1 100 1 10 9 12 1 1 10 12 1 10 12 1 10 12 1 10 12 1 1 10 12 1 1 10 12 1 10 12 1 10 12 1 10 100 12 1 1 10 12 1 1 11 100 12 1 1 1 11 12 1 100 1 11 12 1 10 12 1 1 11 12 1 10 100 12 1 1 10 12 1 11 100 1 11 10 12 1 1 10 12 1 10 12 1 10 100 12 1 1 10 12 1 1 9 12 1 1 10 12 1 100 1 10 100 1 10 12 1 100 1 10 10 9 12 1 100 1 100 1 1 1 1 1 1 1 1 1 3 1 3 1 1 5 0 1 1 1 1 1 1 1 1 1 1 1 1 1 1 1 100 1 1 1 1 1 1 1 1 1 1 1 1 1 1 1 1 1 1 1 1 1 1 1 1 1 1 1 1 1 1 1 1 1 1 1 1 1 1 1 1 1 1 1 1 1 1 1 1 1 1 1 1 1 1 1 1 1 1 1 1 1 1 1 1 1 1 1 1 1 1 1 1 1 1 1 1 1 1 1 1 1 1 1 1 100 1 1 1 1 1 1 100 1 1 1 1 1 1 1 1 1 1 1 1 1 1 1 1 1 1 1 1 1 1 1 1 1 1 1 1 1 1 1 1 1 1 1 1 1 1 1 1 1 1 1 1 1 1 1 1 1 1 1 1 1 1 1 1 1 1 1 1 1 1 1 1 1 1 1 1 1 1 1 1 1 1 1 1 1 1 1 1 1 1 1 1 1 1 1 1 1 1 1 1 1 1 1 1 1 1 1 1 1 1 1 1 100 1 100 1 100 1 100 1 100 1 100 1 100 1 100 1 100 1 100 1 100 1 100 1 100 1 100 1 100 1 1 1 1 1 1 1 1 1 1 1 1 1 1 1 1 1 1 1 1 1 1 1 1 1 1 1 1 1
staticfield java/util/TreeMap UNBOUNDED Ljava/lang/Object; java/lang/Object
ciMethod java/util/TreeMap comparator ()Ljava/util/Comparator; 0 0 1 0 -1
ciMethod java/util/TreeMap addAllForTreeSet (Ljava/util/SortedSet;Ljava/lang/Object;)V 0 0 1 0 -1
ciMethod java/util/TreeMap <init> ()V 6 0 8 0 0
ciMethod java/util/TreeMap successor (Ljava/util/TreeMap$Entry;)Ljava/util/TreeMap$Entry; 530 454 265 0 -1
ciInstanceKlass java/lang/invoke/BoundMethodHandle$Species_LJ 1 1 74 1 7 1 7 1 1 1 1 1 1 1 1 1 12 9 1 1 1 12 10 12 9 12 9 1 1 12 10 1 1 1 100 1 100 1 1 12 10 1 100 1 1 12 10 1 1 1 12 10 1 1 1 12 10 1 1 1 12 10 1 1 1 12 10 1 1 1 12 10 1 1 1 1
ciInstanceKlass java/lang/invoke/BoundMethodHandle$Species_LL 1 1 73 1 7 1 7 1 1 1 1 1 1 1 1 12 9 1 1 1 12 10 12 9 12 9 1 1 12 10 1 1 1 100 1 7 1 1 12 10 1 7 1 1 12 10 1 1 1 12 10 1 1 1 12 10 1 1 1 12 10 1 1 1 12 10 1 1 1 12 10 1 1 1 1
ciInstanceKlass java/lang/invoke/BoundMethodHandle$Species_LLLL 1 1 79 1 7 1 7 1 1 1 1 1 1 1 1 1 1 12 9 1 1 1 12 10 12 9 12 9 12 9 12 9 1 1 12 10 1 1 1 100 1 7 1 1 12 10 1 7 1 1 12 10 1 1 1 12 10 1 1 1 12 10 1 1 1 12 10 1 1 1 12 10 1 1 1 12 10 1 1 1 1
ciInstanceKlass java/lang/invoke/BoundMethodHandle$Species_LLLLL 1 1 82 1 7 1 7 1 1 1 1 1 1 1 1 1 1 1 12 9 1 1 1 12 10 12 9 12 9 12 9 12 9 12 9 1 1 12 10 1 1 1 100 1 7 1 1 12 10 1 7 1 1 12 10 1 1 1 12 10 1 1 1 12 10 1 1 1 12 10 1 1 1 12 10 1 1 1 12 10 1 1 1 1
instanceKlass sun/nio/fs/AbstractFileSystemProvider
ciInstanceKlass java/nio/file/spi/FileSystemProvider 1 1 386 10 7 12 1 1 1 100 1 8 1 10 12 1 1 10 7 12 1 1 1 10 7 12 1 1 10 7 12 1 1 10 12 1 7 1 10 10 7 12 1 1 1 10 100 12 1 1 1 10 12 1 1 11 7 12 1 1 1 11 12 1 1 10 12 1 1 8 1 10 7 12 1 1 1 11 7 1 11 12 1 1 9 12 1 1 10 100 12 1 1 1 10 100 12 1 1 1 9 12 1 1 9 12 1 1 7 1 8 1 10 100 1 10 10 7 12 1 1 1 11 12 1 10 100 12 1 1 1 100 1 10 9 7 12 1 1 1 9 12 1 7 1 10 8 1 10 12 1 1 10 12 1 8 1 10 12 1 10 10 100 12 1 1 1 7 1 10 12 1 10 7 12 1 1 1 9 12 1 1 7 1 10 9 12 1 100 1 8 1 10 11 7 1 7 1 10 12 1 10 12 1 1 10 12 1 1 7 1 10 12 1 1 100 1 10 12 1 1 100 1 100 1 9 12 1 1 10 12 1 1 100 1 100 1 10 100 1 8 1 10 12 1 9 12 1 9 12 1 11 12 1 1 1 1 1 1 1 1 1 1 1 1 1 1 1 1 1 1 1 1 1 1 1 1 1 1 1 1 7 1 1 1 1 1 1 1 1 1 1 1 1 1 1 1 1 1 1 1 1 1 1 1 100 100 1 100 1 1 1 1 1 1 1 100 1 100 1 1 1 1 1 1 1 1 1 1 1 1 1 1 1 1 1 1 1 1 1 1 1 1 1 1 1 1 1 1 1 1 1 1 1 1 1 1 1 1 1 1 1 1 1 1 1 1 1 1 1 1 1 1 1 1 1 1 100 1 1 1 1 1 100 1 100 1 1
staticfield java/nio/file/spi/FileSystemProvider lock Ljava/lang/Object; java/lang/Object
staticfield java/nio/file/spi/FileSystemProvider DEFAULT_OPEN_OPTIONS Ljava/util/Set; java/util/ImmutableCollections$SetN
ciMethod java/nio/file/spi/FileSystemProvider newOutputStream (Ljava/nio/file/Path;[Ljava/nio/file/OpenOption;)Ljava/io/OutputStream; 76 152 38 0 -1
ciMethod java/nio/file/spi/FileSystemProvider newByteChannel (Ljava/nio/file/Path;Ljava/util/Set;[Ljava/nio/file/attribute/FileAttribute;)Ljava/nio/channels/SeekableByteChannel; 0 0 1 0 -1
ciInstanceKlass java/nio/file/StandardOpenOption 1 1 85 7 1 9 12 1 1 9 12 1 9 12 1 9 12 1 9 12 1 9 12 1 9 12 1 9 12 1 9 12 1 9 12 1 9 12 1 1 10 7 12 1 1 10 7 12 1 1 1 10 12 1 1 8 10 8 8 8 8 8 8 8 8 8 10 12 1 1 7 1 1 1 1 1 1 1 1 1 1 1 1 1 1 1 1
staticfield java/nio/file/StandardOpenOption READ Ljava/nio/file/StandardOpenOption; java/nio/file/StandardOpenOption
staticfield java/nio/file/StandardOpenOption WRITE Ljava/nio/file/StandardOpenOption; java/nio/file/StandardOpenOption
staticfield java/nio/file/StandardOpenOption APPEND Ljava/nio/file/StandardOpenOption; java/nio/file/StandardOpenOption
staticfield java/nio/file/StandardOpenOption TRUNCATE_EXISTING Ljava/nio/file/StandardOpenOption; java/nio/file/StandardOpenOption
staticfield java/nio/file/StandardOpenOption CREATE Ljava/nio/file/StandardOpenOption; java/nio/file/StandardOpenOption
staticfield java/nio/file/StandardOpenOption CREATE_NEW Ljava/nio/file/StandardOpenOption; java/nio/file/StandardOpenOption
staticfield java/nio/file/StandardOpenOption DELETE_ON_CLOSE Ljava/nio/file/StandardOpenOption; java/nio/file/StandardOpenOption
staticfield java/nio/file/StandardOpenOption SPARSE Ljava/nio/file/StandardOpenOption; java/nio/file/StandardOpenOption
staticfield java/nio/file/StandardOpenOption SYNC Ljava/nio/file/StandardOpenOption; java/nio/file/StandardOpenOption
staticfield java/nio/file/StandardOpenOption DSYNC Ljava/nio/file/StandardOpenOption; java/nio/file/StandardOpenOption
staticfield java/nio/file/StandardOpenOption $VALUES [Ljava/nio/file/StandardOpenOption; 10 [Ljava/nio/file/StandardOpenOption;
ciInstanceKlass java/util/LinkedHashMap$LinkedEntrySet 1 1 197 9 7 12 1 1 1 10 7 12 1 1 1 9 12 1 1 9 100 12 1 1 1 10 12 1 7 1 10 12 1 100 1 11 12 1 1 10 12 1 1 10 100 12 1 1 1 11 12 1 10 100 12 1 1 1 10 12 1 1 100 1 10 100 12 1 1 1 100 1 10 9 12 1 9 12 1 1 11 100 12 1 1 1 9 100 12 1 1 9 12 1 9 12 1 100 1 10 100 1 10 100 1 10 10 12 1 1 9 12 9 12 1 1 10 12 1 1 10 10 12 1 1 10 12 1 10 12 1 10 12 1 10 12 1 1 10 12 1 10 12 100 1 1 1 1 1 1 1 1 1 1 1 1 1 1 1 1 1 1 1 1 1 1 1 100 1 1 1 1 1 1 1 1 1 1 1 1 1 1 1 1 1 1 1 1 1 1 1 1 1 1 1 100 1 1 1
ciMethod java/util/LinkedHashMap$LinkedEntrySet iterator ()Ljava/util/Iterator; 512 0 58538 0 456
ciMethod java/util/LinkedHashMap$LinkedEntrySet <init> (Ljava/util/LinkedHashMap;Z)V 412 0 44213 0 0
ciInstanceKlass java/util/LinkedHashMap$LinkedEntryIterator 1 1 50 10 7 12 1 1 1 10 7 12 1 1 1 10 12 1 1 100 1 1 1 1 1 1 1 1 1 1 1 1 1 1 1 1 1 1 1 1 100 1 1 1 1 100 1 1 100 1 100 1
instanceKlass java/util/LinkedHashMap$LinkedValueIterator
instanceKlass java/util/LinkedHashMap$LinkedEntryIterator
instanceKlass java/util/LinkedHashMap$LinkedKeyIterator
ciInstanceKlass java/util/LinkedHashMap$LinkedHashIterator 1 1 100 9 7 12 1 1 1 10 7 12 1 1 1 9 12 1 1 9 7 12 1 1 1 9 12 1 9 12 1 9 12 1 1 9 12 1 9 12 1 100 1 10 100 1 10 9 7 12 1 1 9 12 1 100 1 10 9 100 12 1 1 9 12 1 1 10 12 1 1 1 1 1 1 1 1 1 1 1 1 1 1 1 1 1 1 1 1 1 1 1 1 1 1 1 1 1 1 100 1 1
ciMethod java/util/LinkedHashMap$LinkedHashIterator <init> (Ljava/util/LinkedHashMap;Z)V 518 0 33317 0 664
ciMethod java/util/LinkedHashMap$LinkedHashIterator hasNext ()Z 528 0 6441 0 88
ciMethod java/util/LinkedHashMap$LinkedHashIterator nextNode ()Ljava/util/LinkedHashMap$Entry; 512 0 6000 0 608
ciMethod java/util/LinkedHashMap$LinkedEntryIterator <init> (Ljava/util/LinkedHashMap;Z)V 512 0 58538 0 0
ciMethod java/util/LinkedHashMap$LinkedEntryIterator next ()Ljava/util/Map$Entry; 516 0 5763 0 0
ciMethod java/util/LinkedHashMap$LinkedEntryIterator next ()Ljava/lang/Object; 516 0 5763 0 608
ciInstanceKlass java/util/TreeMap$Entry 1 1 96 100 1 10 7 12 1 1 1 9 7 12 1 1 1 9 12 1 1 9 12 1 9 12 1 1 7 1 11 12 1 1 10 12 1 1 11 12 1 10 12 1 1 7 1 10 10 12 1 1 8 1 10 12 1 10 12 1 1 1 1 1 1 1 1 1 1 1 1 1 1 1 1 1 1 1 1 1 1 1 1 1 1 1 1 1 1 1 1 1 1 1 1 1 7 1
ciInstanceKlass java/util/TreeMap$KeyIterator 1 1 47 10 7 12 1 1 1 10 7 12 1 1 1 9 7 12 1 1 1 1 1 1 1 1 1 1 1 1 1 1 1 1 1 1 1 1 1 1 1 1 1 100 1 1 1 1 1
instanceKlass java/util/TreeMap$KeyIterator
instanceKlass java/util/TreeMap$EntryIterator
instanceKlass java/util/TreeMap$ValueIterator
ciInstanceKlass java/util/TreeMap$PrivateEntryIterator 1 1 98 9 7 12 1 1 1 10 7 12 1 1 1 9 7 12 1 1 1 9 12 1 9 12 1 1 9 12 1 100 1 10 100 1 10 10 12 1 1 10 12 1 100 1 10 9 100 12 1 1 9 12 1 10 12 1 1 7 1 1 1 1 1 1 1 1 1 1 1 1 1 1 1 1 1 1 1 1 1 1 1 1 1 1 1 1 1 1 1 100 1 8 1 1 12 10 1 1
ciMethod java/util/TreeMap$PrivateEntryIterator hasNext ()Z 584 0 292 0 0
ciMethod java/util/TreeMap$PrivateEntryIterator nextEntry ()Ljava/util/TreeMap$Entry; 530 0 265 0 0
ciMethod java/util/TreeMap$KeyIterator next ()Ljava/lang/Object; 520 0 260 0 0
ciInstanceKlass java/util/TreeSet 1 1 317 10 7 12 1 1 1 9 7 12 1 1 1 7 1 10 10 12 1 10 12 1 10 10 12 1 1 11 7 12 1 1 1 10 11 7 12 1 1 1 11 7 12 1 1 1 11 12 1 11 12 1 1 11 12 1 1 11 12 1 1 11 12 1 1 9 12 1 1 11 12 1 1 11 12 1 1 11 12 1 11 7 1 10 10 100 12 1 1 1 10 12 1 1 10 11 12 1 1 11 12 1 1 11 12 1 10 12 1 1 10 12 1 1 10 12 1 11 11 12 1 1 11 12 1 11 12 1 11 12 1 11 12 1 11 12 1 11 12 1 1 11 100 12 1 1 11 12 1 100 1 10 10 7 12 1 1 100 1 100 1 10 12 1 10 12 1 10 100 12 1 1 10 12 1 1 10 12 1 1 11 12 1 1 11 100 1 11 100 12 1 1 11 12 1 10 100 12 1 1 10 12 1 100 1 10 12 1 10 12 1 1 10 12 1 1 10 100 1 100 1 1 1 1 1 1 5 0 1 1 1 1 1 1 1 1 1 1 1 1 1 1 1 1 1 1 1 1 1 1 1 1 1 1 1 1 1 1 1 1 1 1 1 1 1 1 1 1 1 1 1 1 1 1 1 1 1 1 1 1 1 1 1 1 1 1 1 1 1 1 1 1 1 1 1 1 1 1 100 1 1 1 1 1 100 1 1 1 1 1 1 1 1 1 100 1 1
staticfield java/util/TreeSet PRESENT Ljava/lang/Object; java/lang/Object
ciMethod java/util/TreeSet iterator ()Ljava/util/Iterator; 16 0 8 0 0
ciMethod java/util/TreeSet addAll (Ljava/util/Collection;)Z 32 0 16 0 0
ciMethod java/util/TreeSet <init> ()V 4 0 7 0 0
ciMethod java/util/TreeSet <init> (Ljava/util/NavigableMap;)V 4 0 7 0 0
ciInstanceKlass sun/nio/fs/WindowsFileSystemProvider 1 1 649 100 1 10 7 12 1 1 1 7 1 10 7 12 1 1 1 10 12 1 9 7 12 1 1 1 8 1 10 7 12 1 1 10 10 7 12 1 1 1 100 1 8 1 10 12 1 10 12 1 8 1 10 12 1 8 1 8 1 10 12 1 1 8 1 10 12 1 8 1 10 12 1 8 1 10 12 1 1 100 1 10 10 100 12 1 1 1 100 1 10 7 1 100 1 10 10 7 12 1 1 1 10 12 1 10 12 1 10 12 1 1 10 7 12 1 1 1 10 12 1 7 1 10 12 1 1 10 100 12 1 1 1 10 12 1 1 10 12 1 1 10 7 12 1 1 1 7 1 10 7 12 1 1 1 100 1 10 12 1 1 100 1 100 1 10 12 1 100 1 100 1 10 12 1 100 1 100 1 10 100 1 7 1 100 1 100 1 10 10 12 1 1 11 12 1 1 8 1 8 1 8 1 8 1 8 1 10 12 1 10 100 12 1 1 1 10 12 1 1 10 12 1 10 7 12 1 1 10 12 1 10 12 1 1 100 1 10 12 1 10 10 100 12 1 1 1 10 12 1 10 100 12 1 1 1 10 12 1 1 10 100 1 3 3 3 3 10 100 12 1 1 1 10 12 1 7 1 10 12 1 1 10 100 12 1 1 1 10 100 1 10 12 1 1 7 1 10 12 1 10 100 1 10 12 9 100 12 1 1 1 10 100 12 1 1 100 1 8 1 10 12 1 10 12 1 10 12 1 10 12 1 10 7 12 1 1 1 10 7 12 1 1 10 12 1 1 100 1 8 1 10 12 1 10 12 1 8 1 10 100 12 1 1 1 10 8 1 10 10 12 1 1 10 12 1 10 12 1 1 10 12 1 1 10 12 1 100 1 8 1 10 10 12 1 1 10 12 1 1 100 1 10 12 1 10 8 1 10 100 1 8 1 10 10 12 1 1 9 100 12 1 1 1 8 1 10 9 12 1 10 12 1 1 10 12 1 10 12 1 1 10 12 1 1 10 12 1 8 1 10 12 1 1 10 12 1 1 100 1 100 1 8 1 10 12 10 12 1 1 10 12 1 1 10 12 1 9 12 1 1 9 100 12 1 1 1 10 12 1 1 1 1 1 1 1 1 1 1 1 1 1 1 1 1 1 1 1 1 1 1 1 1 1 1 1 1 1 1 1 1 1 1 1 1 100 1 100 1 100 1 1 1 1 1 1 100 1 100 1 1 1 1 1 1 1 1 1 1 1 1 7 1 1 1 1 1 1 1 1 1 1 1 1 1 1 1 1 1 1 1 1 1 1 1 1 1 1 1 1 1 1 1 1 1 1 1 1 1 1 100 1 1 1 1 1 1 1 1 1 1 1 1 1 1 1 1 1 1 1 1 1 1 1 1 1 1 1 1 1 1 1 1 1 1 1 1 1 1 1 1 1 100 1 1 1 1 1 100 1 1 100 1 1 100 1 100 1 1
staticfield sun/nio/fs/WindowsFileSystemProvider EMPTY_PATH [B 0
ciMethod sun/nio/fs/WindowsFileSystemProvider newByteChannel (Ljava/nio/file/Path;Ljava/util/Set;[Ljava/nio/file/attribute/FileAttribute;)Ljava/nio/channels/SeekableByteChannel; 78 0 39 0 -1
instanceKlass sun/nio/fs/WindowsPath$WindowsPathWithAttributes
ciInstanceKlass sun/nio/fs/WindowsPath 1 1 626 100 1 10 7 12 1 1 1 9 7 12 1 1 1 9 12 1 1 9 12 1 1 9 12 1 10 7 12 1 1 1 10 7 12 1 1 10 12 1 10 12 10 12 1 10 12 1 7 1 10 12 1 100 1 100 1 10 12 1 10 12 1 10 12 1 1 10 12 1 1 10 12 1 1 10 7 12 1 1 1 9 12 1 1 10 7 12 1 1 1 10 12 1 100 1 8 1 10 12 1 10 100 12 1 1 1 10 12 1 9 7 12 1 1 10 9 12 1 10 12 1 1 10 100 12 1 1 10 12 1 8 1 10 12 1 1 7 1 10 10 12 1 1 10 12 1 10 12 1 10 12 1 9 12 1 10 12 1 10 12 1 1 10 12 1 1 10 10 12 1 1 8 1 8 1 8 1 10 12 1 1 10 7 12 1 1 1 8 1 8 1 10 12 1 8 1 10 12 1 8 1 10 12 1 1 10 12 1 1 9 12 1 9 12 1 100 1 10 100 1 10 10 12 1 10 12 1 10 12 1 1 10 12 1 1 10 12 1 100 1 8 1 10 10 12 1 8 1 10 12 1 10 12 1 10 100 12 1 1 1 10 12 1 1 10 12 1 1 8 1 10 12 1 8 1 8 1 10 10 10 12 1 10 12 1 9 7 12 1 1 1 10 12 1 10 9 12 1 1 7 1 10 10 7 12 1 1 1 10 12 1 10 12 1 10 12 1 1 100 10 12 1 10 12 1 10 100 1 10 12 1 10 12 1 10 10 100 12 1 1 1 10 12 1 1 9 12 1 1 3 3 10 12 1 1 10 12 1 10 12 1 1 10 12 10 12 1 1 3 10 100 12 1 1 1 10 12 1 8 1 10 12 1 1 10 7 12 1 1 1 10 12 1 10 7 12 1 1 10 12 1 10 12 1 10 100 12 1 1 1 8 1 10 12 1 100 1 100 1 10 10 10 12 1 10 12 10 7 12 1 1 1 10 7 12 1 1 1 100 1 10 100 12 1 1 1 100 1 9 100 12 1 1 1 10 100 12 1 1 8 1 10 12 1 1 10 12 1 1 10 12 1 10 12 1 10 12 1 10 12 1 7 1 1 1 3 1 3 1 1 1 1 1 1 1 1 1 1 1 1 1 1 100 1 1 1 1 1 1 1 1 1 1 7 1 1 1 1 1 1 1 1 1 1 1 1 1 1 1 1 1 1 1 1 1 1 1 1 1 1 1 1 1 1 1 1 1 1 1 1 100 1 1 1 1 1 1 1 1 1 1 1 1 1 1 1 1 1 1 1 1 1 1 1 1 1 1 1 1 1 1 1 1 1 1 1 1 1 1 1 1 1 1 1 1 1 1 1 1 100 1 100 1 1 1 1 1 1 1 1 1 1 1 1 1 1 100 1 100 1 1 1 100 1 1
ciMethod sun/nio/fs/WindowsPath getPathForWin32Calls ()Ljava/lang/String; 188 0 94 0 -1
ciMethod sun/nio/fs/WindowsPath getPathForPermissionCheck ()Ljava/lang/String; 158 0 79 0 -1
ciMethod sun/nio/fs/WindowsPath getPathForExceptionMessage ()Ljava/lang/String; 4 0 2 0 -1
ciMethod sun/nio/fs/WindowsPath <init> (Lsun/nio/fs/WindowsFileSystem;Lsun/nio/fs/WindowsPathType;Ljava/lang/String;Ljava/lang/String;)V 512 0 2221 0 -1
ciMethod sun/nio/fs/WindowsPath parse (Lsun/nio/fs/WindowsFileSystem;Ljava/lang/String;)Lsun/nio/fs/WindowsPath; 164 0 82 0 -1
ciMethod sun/nio/fs/WindowsPath toWindowsPath (Ljava/nio/file/Path;)Lsun/nio/fs/WindowsPath; 268 0 134 0 -1
ciInstanceKlass sun/nio/fs/WindowsFileSystem 1 1 309 10 7 12 1 1 1 9 7 12 1 1 1 10 7 12 1 1 1 10 7 12 1 1 1 9 7 12 1 1 1 9 12 1 100 1 8 1 10 12 1 10 12 1 1 9 12 1 1 10 12 1 9 12 1 8 1 100 1 10 10 100 12 1 1 1 100 1 10 12 1 7 1 10 10 7 12 1 1 1 7 1 10 12 1 10 12 1 1 8 1 10 12 1 10 12 1 10 7 12 1 1 1 100 1 10 7 12 1 1 1 10 12 1 1 10 100 12 1 1 1 100 1 8 1 10 12 10 12 1 1 10 12 1 1 100 1 10 12 1 9 12 1 1 10 7 12 1 1 1 10 10 7 12 1 1 1 10 12 1 10 12 9 100 12 1 1 1 10 12 1 1 100 1 10 10 12 1 1 10 12 1 8 1 10 12 1 1 10 7 12 1 1 1 8 1 8 1 8 1 10 7 1 10 12 1 1 7 1 10 12 1 100 1 10 8 1 8 1 8 1 8 1 8 1 11 7 12 1 1 1 1 1 1 1 1 1 1 1 1 1 1 1 1 1 1 100 1 1 1 1 1 1 1 100 1 1 1 1 1 1 1 1 1 1 1 1 1 1 1 1 1 1 1 1 1 1 1 1 1 1 1 1 100 1 1 1 1 1 1 1 1 1 1 1 1 1 1 1 1 1 100 1 100 1 1 1 1 1
staticfield sun/nio/fs/WindowsFileSystem supportedFileAttributeViews Ljava/util/Set; java/util/ImmutableCollections$SetN
ciMethod sun/nio/fs/WindowsFileSystem getPath (Ljava/lang/String;[Ljava/lang/String;)Ljava/nio/file/Path; 164 0 82 0 -1
ciInstanceKlass sun/nio/fs/WindowsPathParser 1 1 182 10 7 12 1 1 1 10 7 12 1 1 1 8 1 10 7 12 1 1 1 8 1 10 12 1 9 7 12 1 1 1 7 1 10 8 1 10 12 1 1 10 12 1 1 10 12 1 1 9 12 1 8 1 10 12 1 1 10 12 1 1 10 12 1 1 10 12 1 1 10 12 1 100 1 8 1 10 12 1 10 12 1 8 1 8 1 10 12 1 10 12 1 9 12 1 9 12 1 9 12 1 8 1 8 1 10 12 1 7 1 10 12 1 1 10 12 1 8 1 8 1 10 12 1 10 12 1 10 12 1 8 1 8 1 8 1 8 1 10 12 1 1 1 1 1 1 1 1 1 1 1 1 1 1 1 1 1 1 1 1 1 1 1 1 1 1 1 1 1 1 1 1 1 1 1 1 1 1 1 1 1
ciMethod sun/nio/fs/WindowsPathParser parse (Ljava/lang/String;Z)Lsun/nio/fs/WindowsPathParser$Result; 516 0 1231 0 -1
ciMethod sun/nio/fs/WindowsPathParser parse (Ljava/lang/String;)Lsun/nio/fs/WindowsPathParser$Result; 166 0 83 0 -1
ciInstanceKlass sun/nio/fs/WindowsPathParser$Result 1 1 35 10 7 12 1 1 1 9 7 12 1 1 1 9 12 1 1 9 12 1 1 1 1 1 1 1 1 1 1 1 1 100 1 1 1
ciMethod sun/nio/fs/WindowsPathParser$Result type ()Lsun/nio/fs/WindowsPathType; 262 0 131 0 -1
ciMethod sun/nio/fs/WindowsPathParser$Result root ()Ljava/lang/String; 262 0 131 0 -1
ciMethod sun/nio/fs/WindowsPathParser$Result path ()Ljava/lang/String; 262 0 131 0 -1
ciInstanceKlass sun/nio/fs/WindowsPathType 1 1 63 7 1 9 12 1 1 9 12 1 9 12 1 9 12 1 9 12 1 9 12 1 1 10 7 12 1 1 10 7 12 1 1 1 10 12 1 1 8 10 8 8 8 8 10 12 1 1 1 1 1 1 1 1 1 1 1 1 1 1 1 1 1
staticfield sun/nio/fs/WindowsPathType ABSOLUTE Lsun/nio/fs/WindowsPathType; sun/nio/fs/WindowsPathType
staticfield sun/nio/fs/WindowsPathType UNC Lsun/nio/fs/WindowsPathType; sun/nio/fs/WindowsPathType
staticfield sun/nio/fs/WindowsPathType RELATIVE Lsun/nio/fs/WindowsPathType; sun/nio/fs/WindowsPathType
staticfield sun/nio/fs/WindowsPathType DIRECTORY_RELATIVE Lsun/nio/fs/WindowsPathType; sun/nio/fs/WindowsPathType
staticfield sun/nio/fs/WindowsPathType DRIVE_RELATIVE Lsun/nio/fs/WindowsPathType; sun/nio/fs/WindowsPathType
staticfield sun/nio/fs/WindowsPathType $VALUES [Lsun/nio/fs/WindowsPathType; 5 [Lsun/nio/fs/WindowsPathType;
ciMethod java/util/HashSet <init> ()V 532 0 32043 0 0
ciMethod java/util/Set add (Ljava/lang/Object;)Z 0 0 1 0 -1
ciMethod java/util/AbstractSet <init> ()V 670 0 126664 0 0
ciMethod java/util/HashMap getNode (Ljava/lang/Object;)Ljava/util/HashMap$Node; 802 64 5622 0 736
ciMethod java/util/HashMap resize ()[Ljava/util/HashMap$Node; 34 568 69727 0 -1
ciMethod java/util/HashMap treeifyBin ([Ljava/util/HashMap$Node;I)V 0 0 41 0 -1
ciMethod java/util/HashMap putVal (ILjava/lang/Object;Ljava/lang/Object;ZZ)Ljava/lang/Object; 544 94 11912 0 -1
ciMethod java/util/HashMap hash (Ljava/lang/Object;)I 548 0 444091 0 208
ciMethod java/util/HashMap <init> ()V 518 0 161453 0 0
ciMethod java/util/AbstractMap <init> ()V 522 0 219231 0 0
ciMethod java/lang/RuntimeException <init> (Ljava/lang/String;)V 0 0 1 0 -1
ciMethod jdk/internal/util/Preconditions checkIndex (IILjava/util/function/BiFunction;)I 548 0 5026 0 -1
ciMethod java/lang/Enum ordinal ()I 274 0 137 0 0
ciMethod java/lang/Integer valueOf (I)Ljava/lang/Integer; 132 0 94864 0 0
ciMethod java/lang/Integer <init> (I)V 528 0 94277 0 -1
ciMethod java/lang/OutOfMemoryError <init> (Ljava/lang/String;)V 0 0 1 0 -1
ciMethod java/util/Arrays sort ([III)V 0 0 15779 0 -1
ciMethod java/util/Arrays copyOf ([JI)[J 12 0 20 0 -1
ciMethod java/util/Arrays copyOf ([Ljava/lang/Object;I)[Ljava/lang/Object; 42 0 20586 0 0
ciMethod java/util/Arrays copyOf ([Ljava/lang/Object;ILjava/lang/Class;)[Ljava/lang/Object; 156 0 52638 0 -1
ciMethod java/lang/StringConcatHelper newArrayWithSuffix (Ljava/lang/String;J)[B 218 0 109 0 -1
ciMethod java/lang/StringConcatHelper stringOf (Ljava/lang/Object;)Ljava/lang/String; 512 0 1796 0 0
ciMethod java/lang/StringConcatHelper checkOverflow (J)J 512 0 49150 0 -1
ciMethod java/lang/StringConcatHelper prepend (J[BLjava/lang/String;Ljava/lang/String;)J 126 0 324 0 0
ciMethod java/lang/StringConcatHelper prepend (J[BLjava/lang/String;)J 512 0 48417 0 -1
ciMethod java/lang/StringConcatHelper mix (JLjava/lang/String;)J 512 0 1812 0 0
ciMethod java/lang/StringConcatHelper newString ([BJ)Ljava/lang/String; 512 0 47954 0 232
ciMethod java/lang/StringConcatHelper newArray (J)[B 412 0 48698 0 -1
ciMethod jdk/internal/util/ArraysSupport hugeLength (II)I 0 0 1 0 -1
ciMethod jdk/internal/util/ArraysSupport newLength (III)I 426 0 13715 0 0
ciMethod jdk/internal/util/ArraysSupport vectorizedHashCode (Ljava/lang/Object;IIII)I 776 0 5524 0 -1
ciMethod java/lang/Math max (II)I 526 0 429026 0 -1
ciMethod jdk/internal/misc/Unsafe allocateUninitializedArray (Ljava/lang/Class;I)Ljava/lang/Object; 412 0 49055 0 352
ciMethod jdk/internal/misc/Unsafe allocateUninitializedArray0 (Ljava/lang/Class;I)Ljava/lang/Object; 516 0 48857 0 -1
ciMethod jdk/internal/misc/Unsafe allocateInstance (Ljava/lang/Class;)Ljava/lang/Object; 512 0 256 0 -1
ciMethod java/util/Map$Entry getKey ()Ljava/lang/Object; 0 0 1 0 -1
ciMethod java/util/Map$Entry getValue ()Ljava/lang/Object; 0 0 1 0 -1
ciMethod java/util/Iterator next ()Ljava/lang/Object; 0 0 1 0 -1
ciMethod java/util/Iterator hasNext ()Z 0 0 1 0 -1
ciMethod java/util/Set addAll (Ljava/util/Collection;)Z 0 0 1 0 -1
ciMethod java/util/Set iterator ()Ljava/util/Iterator; 0 0 1 0 -1
ciMethod java/util/Set isEmpty ()Z 0 0 1 0 -1
ciMethod java/util/Set remove (Ljava/lang/Object;)Z 0 0 1 0 -1
ciMethod java/lang/InternalError <init> (Ljava/lang/String;)V 0 0 1 0 -1
ciMethod java/lang/String getBytes (Ljava/nio/charset/Charset;)[B 520 0 442633 0 -1
ciMethod java/lang/String getBytes ([BIB)V 516 0 5444 0 264
ciMethod java/lang/String isLatin1 ()Z 762 0 139328 0 88
ciMethod java/lang/String checkBoundsOffCount (III)I 614 0 36492 0 -1
ciMethod java/lang/String coder ()B 1024 0 763119 0 88
ciMethod java/lang/String valueOf (Ljava/lang/Object;)Ljava/lang/String; 2 0 44415 0 0
ciMethod java/lang/String <init> ([BB)V 512 0 57722 0 0
ciMethod java/lang/Exception <init> (Ljava/lang/String;)V 4 0 2 0 -1
ciMethod java/lang/Throwable <init> (Ljava/lang/String;)V 32 0 16 0 -1
ciMethod java/lang/Throwable addSuppressed (Ljava/lang/Throwable;)V 0 0 1 0 0
ciMethod java/io/OutputStream close ()V 0 0 1 0 -1
ciMethod java/lang/StringBuilder append (I)Ljava/lang/StringBuilder; 8 0 150 0 -1
ciMethod java/lang/StringBuilder append (C)Ljava/lang/StringBuilder; 612 0 2229 0 -1
ciMethod java/lang/StringBuilder append (Ljava/lang/String;)Ljava/lang/StringBuilder; 12 0 8571 0 -1
ciMethod java/lang/StringBuilder <init> ()V 10 0 3097 0 -1
ciMethod java/lang/Class getComponentType ()Ljava/lang/Class; 24 0 116351 0 0
ciMethod java/util/Map keySet ()Ljava/util/Set; 0 0 1 0 -1
ciMethod java/util/Map containsKey (Ljava/lang/Object;)Z 0 0 1 0 -1
ciMethod java/util/Map entrySet ()Ljava/util/Set; 0 0 1 0 -1
ciMethod java/util/Map of ()Ljava/util/Map; 192 0 100 0 0
ciMethod java/util/Map put (Ljava/lang/Object;Ljava/lang/Object;)Ljava/lang/Object; 0 0 1 0 -1
ciMethod java/util/Map get (Ljava/lang/Object;)Ljava/lang/Object; 0 0 1 0 -1
ciMethod java/util/Map size ()I 0 0 1 0 -1
ciMethod java/lang/Object getClass ()Ljava/lang/Class; 512 0 256 0 -1
ciMethod java/lang/Object <init> ()V 1024 0 3168710 0 80
instanceKlass com/naqqa/elasticsearch/store/BaseDirectory
ciInstanceKlass com/naqqa/elasticsearch/store/Directory 1 1 162 10 7 12 1 1 1 100 1 10 7 12 1 1 1 10 12 1 10 12 1 1 10 7 12 1 1 1 10 12 1 1 10 100 12 1 1 1 10 100 12 1 1 1 10 12 1 7 1 10 12 1 1 10 10 12 1 1 100 1 100 1 10 100 12 1 1 1 10 12 1 1 10 100 12 1 1 1 10 12 1 1 10 100 12 1 1 1 18 12 1 1 100 1 10 100 12 1 1 1 18 12 1 100 1 1 1 1 100 1 1 1 1 1 1 1 1 1 1 1 1 1 1 1 1 1 1 1 100 1 1 1 100 1 100 1 1 1 1 100 1 1 1 1 1 1 8 1 8 1 15 10 100 12 1 1 1 100 1 100 1 1
instanceKlass com/naqqa/elasticsearch/store/FSDirectory
ciInstanceKlass com/naqqa/elasticsearch/store/BaseDirectory 1 1 79 10 7 12 1 1 1 9 7 12 1 1 1 100 1 8 1 10 12 1 9 12 1 1 10 12 1 10 7 12 1 1 1 100 1 8 1 10 10 12 1 1 10 100 12 1 1 1 18 12 1 1 1 1 1 1 1 1 100 1 1 1 1 1 1 8 1 15 10 100 12 1 1 1 100 1 100 1 1
instanceKlass com/naqqa/elasticsearch/store/MMapDirectory
ciInstanceKlass com/naqqa/elasticsearch/store/FSDirectory 1 1 397 9 7 12 1 1 1 10 7 12 1 1 1 10 7 12 1 1 7 1 10 12 1 10 7 12 1 1 1 9 12 1 1 7 1 10 9 12 1 1 7 1 10 7 12 1 1 1 7 1 10 12 1 1 11 7 12 1 1 1 9 12 1 1 100 1 10 12 1 10 12 1 10 12 1 1 7 1 10 10 12 1 1 11 7 12 1 1 1 11 7 12 1 1 1 11 12 1 1 11 12 1 1 11 12 1 1 11 7 12 1 1 1 11 7 12 1 1 11 12 1 7 1 10 12 1 1 7 1 11 12 1 1 7 1 10 7 12 1 1 1 100 1 18 12 1 1 10 12 1 11 12 1 1 10 12 1 1 10 12 1 11 12 1 10 12 1 1 7 1 10 12 1 10 12 1 1 10 12 1 1 100 1 18 10 12 1 7 1 9 7 12 1 1 1 10 7 12 1 1 1 7 1 10 12 1 1 18 10 12 3 10 12 1 10 11 100 1 10 12 1 1 18 100 1 9 100 12 1 1 1 10 12 1 1 18 10 12 1 11 11 12 1 10 12 1 10 12 1 100 1 100 1 10 12 1 11 8 1 8 1 10 100 12 1 1 1 10 12 1 8 1 10 12 1 1 11 12 1 1 9 12 1 1 9 12 1 10 12 1 1 5 0 10 100 12 1 1 1 100 1 10 12 1 1 10 12 1 10 100 12 1 1 1 10 100 12 1 1 9 12 1 1 18 12 1 1 1 1 1 3 1 1 1 1 1 1 100 1 1 1 1 1 1 1 1 1 1 1 1 1 1 100 1 100 1 1 1 1 1 1 1 1 1 1 100 1 1 1 1 1 8 1 8 1 8 1 8 1 8 1 8 1 15 10 7 12 1 1 1 1 1 100 1 100 1 1
ciInstanceKlass com/naqqa/elasticsearch/analysis/TokenFilterFactory$2 1 1 49 9 7 12 1 1 1 9 12 1 1 9 12 1 1 10 7 12 1 1 1 11 7 12 1 1 1 7 1 100 1 1 1 1 1 1 1 1 1 1 1 1 1 1 12 1 1 1 1
ciInstanceKlass com/naqqa/elasticsearch/common/json/JsonObject 1 1 198 10 7 12 1 1 1 7 1 10 9 7 12 1 1 1 9 7 12 1 1 1 10 12 1 1 11 12 1 1 10 12 1 11 12 1 11 12 1 11 12 1 1 10 12 1 1 10 12 1 1 10 12 1 10 12 1 1 10 12 1 1 100 1 10 12 1 1 10 12 1 10 7 12 1 1 1 11 12 1 11 12 1 1 10 12 1 1 11 12 1 11 12 1 1 11 12 1 1 11 12 1 11 12 1 1 11 12 1 1 10 12 1 1 11 7 12 1 1 11 7 12 1 1 1 10 11 7 12 1 1 11 12 1 1 7 1 11 12 1 7 1 11 12 1 11 12 1 11 10 12 1 10 12 1 10 100 12 1 1 1 100 1 1 1 1 1 1 1 1 1 1 1 1 1 1 1 1 1 1 1 1 1 1 1 1 1 1 1 100 1 1 1 1 1 1 1 1
ciInstanceKlass com/naqqa/elasticsearch/store/AlreadyClosedException 0 0 16 10 100 12 1 1 1 10 12 1 100 1 1 1 1 1
instanceKlass com/naqqa/elasticsearch/store/BytesDataOutput
instanceKlass com/naqqa/elasticsearch/store/IndexOutput
ciInstanceKlass com/naqqa/elasticsearch/store/DataOutput 1 1 176 10 7 12 1 1 1 10 7 12 1 1 1 10 12 1 1 10 12 1 1 10 12 1 1 10 100 12 1 1 1 5 0 5 0 5 0 10 12 1 10 12 1 9 7 12 1 1 1 10 7 12 1 1 1 11 7 12 1 1 1 7 1 10 12 1 10 12 1 1 11 7 12 1 1 1 11 7 12 1 1 1 11 12 1 1 100 1 11 12 1 10 12 1 1 11 12 1 11 7 1 10 12 1 10 100 1 18 12 1 1 10 12 9 12 1 1 10 100 12 1 1 1 10 100 12 1 1 1 1 1 100 1 1 1 1 1 1 1 1 1 1 1 1 1 1 1 1 1 1 1 1 1 1 1 1 1 1 1 1 1 8 1 15 10 100 12 1 1 1 1 100 1 100 1 1
instanceKlass com/naqqa/elasticsearch/store/FSDirectory$FSIndexOutput
ciInstanceKlass com/naqqa/elasticsearch/store/IndexOutput 1 1 51 10 7 12 1 1 1 100 1 8 1 10 12 1 9 7 12 1 1 1 9 12 1 10 12 1 1 10 12 1 1 100 1 1 1 1 1 100 1 1 1 1 1 100 1 1 1 1 1 1 1
ciInstanceKlass com/naqqa/elasticsearch/store/FSDirectory$FSIndexOutput 1 1 138 100 1 10 7 12 1 1 1 18 12 1 1 10 7 12 1 1 1 7 1 10 12 1 9 7 12 1 1 1 9 12 1 1 7 1 9 7 12 1 1 1 9 12 1 10 7 12 1 1 1 9 12 1 1 9 12 1 1 10 12 1 1 10 7 12 1 1 9 12 1 1 10 12 1 10 7 12 1 1 1 10 7 12 1 1 10 12 1 1 10 12 1 1 9 12 1 1 10 12 1 1 1 1 1 100 1 1 1 1 1 1 1 1 1 1 1 100 1 1 1 1 1 8 1 15 10 7 12 1 1 1 1 100 1 100 1 1
instanceKlass com/naqqa/elasticsearch/store/IndexFormatTooNewException
instanceKlass com/naqqa/elasticsearch/store/IndexFormatTooOldException
instanceKlass com/naqqa/elasticsearch/store/CorruptIndexException
instanceKlass java/io/EOFException
instanceKlass com/naqqa/elasticsearch/store/LockObtainFailedException
instanceKlass java/nio/file/FileSystemException
ciInstanceKlass java/io/IOException 1 1 34 10 7 12 1 1 1 10 12 1 10 12 1 10 12 1 100 1 1 1 1 5 0 1 1 1 1 1 1 1 1 1 1 1
ciInstanceKlass java/util/LinkedHashMap$LinkedKeySet 1 1 177 9 7 12 1 1 1 10 7 12 1 1 1 9 12 1 1 9 7 12 1 1 1 10 12 1 7 1 10 12 1 10 12 1 1 10 100 12 1 1 1 10 12 1 1 100 1 10 100 12 1 1 1 100 1 10 12 1 1 10 12 1 1 100 1 10 9 12 1 9 12 1 1 9 100 12 1 1 1 11 100 12 1 1 1 9 12 1 9 12 1 9 12 1 100 1 10 100 1 10 10 12 1 1 9 100 1 9 12 10 12 1 1 10 10 12 100 1 1 1 1 1 1 1 1 1 1 1 1 1 1 1 1 1 1 1 1 1 1 1 1 1 1 1 1 1 1 1 1 1 1 1 1 1 1 1 1 1 1 1 1 1 1 1 1 1 1 1 1 1 1 1 1 1 1 1 1
ciInstanceKlass java/util/LinkedHashMap$LinkedKeyIterator 1 1 46 10 7 12 1 1 1 10 7 12 1 1 1 10 7 12 1 1 1 100 1 1 1 1 1 1 1 1 1 1 1 1 1 1 1 1 1 1 1 1 100 1 1 1 1 1
instanceKlass java/nio/channels/OverlappingFileLockException
instanceKlass com/naqqa/elasticsearch/store/AlreadyClosedException
ciInstanceKlass java/lang/IllegalStateException 0 0 35 10 100 12 1 1 1 10 12 1 10 12 1 10 12 1 100 1 1 1 1 5 0 1 1 1 1 1 1 1 1 1 1 1 1
instanceKlass java/nio/file/FileAlreadyExistsException
instanceKlass java/nio/file/NoSuchFileException
ciInstanceKlass java/nio/file/FileSystemException 1 1 60 100 1 10 7 12 1 1 1 9 7 12 1 1 1 9 12 1 10 12 1 1 10 12 1 100 1 10 12 1 10 12 1 1 8 1 8 1 10 12 1 1 1 1 5 0 1 1 1 1 1 1 1 1 1 1 1 1 1 1
ciInstanceKlass java/nio/file/NoSuchFileException 1 1 28 10 7 12 1 1 1 10 12 1 100 1 1 1 1 5 0 1 1 1 1 1 1 1 1 1 1 1
ciInstanceKlass java/nio/file/FileAlreadyExistsException 1 1 28 10 7 12 1 1 1 10 12 1 100 1 1 1 1 5 0 1 1 1 1 1 1 1 1 1 1 1
ciInstanceKlass sun/nio/fs/WindowsException 1 1 111 100 1 10 7 12 1 1 1 9 7 12 1 1 1 9 12 1 1 10 100 12 1 1 1 100 1 10 8 1 10 12 1 1 10 100 12 1 1 10 12 1 1 10 12 1 10 12 1 100 1 10 12 1 7 1 10 12 1 7 1 10 100 1 10 100 1 10 10 12 1 1 10 7 12 1 1 10 12 1 1 1 1 1 5 0 1 1 1 1 1 1 1 1 1 1 1 1 1 1 1 1 1 1 100 1 1 1 1 1 1
ciInstanceKlass java/nio/file/attribute/FileAttribute 0 0 14 100 1 100 1 1 1 1 1 1 1 1 1 1
ciInstanceKlass sun/nio/fs/WindowsSecurityDescriptor 1 1 467 100 1 10 7 12 1 1 1 9 7 12 1 1 1 9 12 1 1 9 12 1 100 1 10 12 1 11 100 12 1 1 1 10 12 1 11 12 1 1 11 100 12 1 1 1 11 12 1 1 100 1 10 12 1 1 100 1 100 1 10 10 12 1 1 10 100 12 1 1 1 10 100 12 1 1 1 11 12 1 1 10 12 1 1 10 100 12 1 1 1 100 1 100 1 100 1 10 8 1 10 12 1 1 11 100 12 1 1 8 1 10 12 1 10 12 1 10 12 1 10 100 12 1 1 1 10 100 12 1 1 1 10 12 1 1 11 12 1 1 10 12 1 10 12 1 1 8 1 10 12 1 1 10 12 1 1 10 12 1 10 12 1 10 10 12 1 9 12 1 1 10 7 12 1 1 1 9 100 12 1 1 1 9 12 1 100 1 10 100 12 1 1 1 9 12 1 1 11 100 1 9 12 1 9 12 1 9 12 1 5 0 10 12 1 100 1 9 12 1 1 9 12 1 9 12 1 9 12 1 9 12 1 9 12 1 9 12 1 9 12 1 9 12 1 3 9 12 1 3 9 12 1 3 9 12 1 3 9 12 1 3 9 12 1 5 0 10 100 12 1 1 1 10 12 1 1 10 100 12 1 1 1 10 12 1 1 10 12 1 1 10 12 1 10 12 1 1 10 12 1 1 10 12 1 1 11 12 1 10 12 1 10 12 1 1 10 12 1 10 12 1 9 12 1 1 100 1 10 11 100 12 1 1 8 1 10 100 12 1 1 11 12 1 100 1 8 1 8 1 10 10 12 1 1 10 12 1 1 10 100 12 1 1 10 12 1 1 10 12 1 1 10 10 12 1 1 10 1 1 1 3 1 3 1 1 3 1 3 1 3 1 3 1 1 1 1 1 1 1 1 1 1 1 1 1 1 1 1 1 1 1 1 1 1 1 1 100 1 1 1 1 1 1 1 1 1 1 1 1 1 1 1 1 1 1 1 1 1 1 1 1 1 1 1 1 1 1 1 100 1 1 1 1 1 1 1 1 1 1 1 1 1 1 1 1 1
staticfield sun/nio/fs/WindowsSecurityDescriptor unsafe Ljdk/internal/misc/Unsafe; jdk/internal/misc/Unsafe
staticfield sun/nio/fs/WindowsSecurityDescriptor NULL_DESCRIPTOR Lsun/nio/fs/WindowsSecurityDescriptor; sun/nio/fs/WindowsSecurityDescriptor
ciInstanceKlass java/io/UncheckedIOException 0 0 69 10 100 12 1 1 1 100 1 10 100 12 1 1 1 10 12 1 10 12 1 1 100 1 10 100 12 1 1 1 100 1 8 1 10 12 1 10 100 12 1 1 1 1 1 5 0 1 1 1 1 1 1 1 1 1 1 1 1 1 1 1 1 1 1 100 1 1 1
ciInstanceKlass java/lang/UnsupportedOperationException 0 0 34 10 100 12 1 1 1 10 12 1 10 12 1 10 12 1 100 1 1 1 1 5 0 1 1 1 1 1 1 1 1 1 1 1
ciInstanceKlass sun/nio/fs/WindowsChannelFactory 1 1 245 100 1 10 100 12 1 1 1 10 7 12 1 1 1 9 12 1 1 9 12 1 9 12 1 100 1 8 1 10 12 1 9 12 1 8 1 10 7 12 1 1 1 9 12 1 10 7 12 1 1 9 12 1 100 1 8 1 10 100 1 10 12 1 10 100 12 1 1 100 1 9 12 1 1 11 7 12 1 1 1 3 3 9 12 1 9 12 1 9 12 1 9 12 1 3 9 12 1 9 12 1 9 12 1 9 12 1 3 9 12 1 9 12 1 10 7 12 1 1 1 10 100 12 1 1 10 12 1 10 12 1 10 7 12 1 1 1 10 100 12 1 1 1 10 12 1 1 8 1 10 10 12 1 1 10 12 1 10 12 1 1 9 12 1 10 12 1 7 1 10 11 12 1 1 11 12 1 1 11 12 1 10 7 12 1 1 1 7 1 10 9 12 1 1 1 1 1 1 1 1 1 1 1 1 1 1 1 1 1 1 1 1 1 1 1 1 1 1 1 1 1 1 1 1 1 1 1 1 1 1 1 1 1 1 1 1 1 1 1 1 100 1 1 1
staticfield sun/nio/fs/WindowsChannelFactory fdAccess Ljdk/internal/access/JavaIOFileDescriptorAccess; java/io/FileDescriptor$1
staticfield sun/nio/fs/WindowsChannelFactory OPEN_REPARSE_POINT Ljava/nio/file/OpenOption; sun/nio/fs/WindowsChannelFactory$1
ciInstanceKlass sun/nio/fs/WindowsChannelFactory$Flags 1 1 151 10 7 12 1 1 1 9 7 12 1 1 1 9 12 1 9 12 1 10 11 7 12 1 1 1 11 7 12 1 1 1 11 12 1 1 7 1 7 1 9 7 12 1 1 1 10 12 1 1 9 12 1 9 12 1 9 12 1 9 12 1 9 12 1 9 12 1 9 12 1 9 12 1 9 12 1 9 12 1 100 1 10 9 100 12 1 1 1 9 12 1 9 100 12 1 1 1 9 12 1 9 100 12 1 1 1 10 100 12 1 1 1 9 12 1 9 12 1 9 12 1 9 12 1 100 1 10 1 1 1 1 1 1 1 1 1 1 1 1 1 1 1 1 1 1 1 1 1 1 1
ciInstanceKlass java/nio/channels/WritableByteChannel 1 0 14 100 1 100 1 100 1 1 1 1 100 1 1 1
ciInstanceKlass java/nio/channels/SeekableByteChannel 1 0 20 100 1 100 1 100 1 1 1 1 100 1 1 1 1 1 1 1 1 1
instanceKlass sun/nio/ch/FileChannelImpl
ciInstanceKlass java/nio/channels/FileChannel 1 1 153 10 7 12 1 1 1 11 7 12 1 1 1 10 7 12 1 1 1 10 7 12 1 1 1 10 7 12 1 1 1 7 1 10 10 12 1 1 9 7 12 1 1 1 10 12 1 10 12 1 1 10 12 1 100 1 10 100 1 5 0 10 12 1 1 10 12 1 10 12 1 1 10 12 1 7 1 100 1 100 1 100 1 1 1 1 1 1 1 1 1 1 1 1 1 1 1 1 1 100 1 1 1 1 1 1 1 100 1 1 1 1 1 1 1 1 1 1 1 1 1 1 1 1 1 1 1 1 1 1 1 1 1 1 1 1 1 1 1 1 1 1 1 1 100 1 1 1 100 1 100 1 1
staticfield java/nio/channels/FileChannel NO_ATTRIBUTES [Ljava/nio/file/attribute/FileAttribute; 0 [Ljava/nio/file/attribute/FileAttribute;
ciInstanceKlass sun/nio/ch/FileChannelImpl 1 1 838 10 7 12 1 1 1 7 1 10 12 1 9 7 12 1 1 1 7 1 10 9 12 1 1 9 12 1 1 9 12 1 1 9 12 1 1 9 12 1 9 12 1 9 12 1 1 9 12 1 100 1 10 9 12 1 1 10 7 12 1 1 1 9 12 1 1 10 7 12 1 1 1 7 1 10 12 1 10 7 12 1 1 1 9 12 1 1 10 12 1 10 12 1 1 100 1 10 9 12 1 10 12 1 10 12 1 1 10 7 12 1 1 9 12 1 1 10 7 12 1 1 1 11 100 12 1 1 1 11 100 12 1 1 11 12 1 1 100 1 10 12 1 10 12 1 1 10 12 1 10 12 1 1 7 1 10 12 1 10 12 1 11 100 12 1 1 11 7 12 1 1 100 1 10 12 1 1 10 12 1 100 1 10 10 10 100 12 1 1 1 10 12 1 10 12 1 1 10 12 1 10 12 1 10 7 12 1 1 1 10 7 12 1 5 0 10 7 12 1 1 1 10 12 1 10 12 1 1 10 100 12 1 1 1 10 12 1 10 12 1 5 0 10 12 1 100 1 10 10 12 1 10 12 9 12 1 1 11 100 12 1 1 1 10 12 1 10 12 1 1 100 1 10 8 1 10 12 1 10 12 1 1 10 12 1 1 10 12 1 10 100 12 1 1 1 10 12 1 1 5 0 100 1 9 12 1 9 12 1 5 0 9 12 1 100 1 100 1 10 12 1 1 11 12 1 1 10 12 1 1 10 12 1 1 10 12 1 5 0 10 12 1 5 0 10 100 12 1 1 1 9 100 12 1 1 1 10 12 1 1 11 100 12 1 1 10 12 1 1 100 1 11 10 100 1 10 12 1 1 100 1 5 0 10 100 12 1 1 1 10 12 1 10 12 1 10 12 1 1 10 12 1 10 10 12 1 10 12 1 1 10 12 1 1 10 12 1 10 12 1 1 9 12 1 10 12 1 1 10 12 11 100 12 1 11 10 12 1 1 10 12 1 10 12 1 1 100 1 10 8 1 10 12 1 10 12 1 10 12 1 100 1 11 12 1 10 100 1 100 1 5 0 8 1 8 1 10 12 1 1 10 12 1 1 10 12 1 1 10 12 1 1 10 10 12 1 1 10 12 1 10 100 12 1 1 10 12 1 10 12 1 10 12 8 1 10 100 12 1 1 1 10 12 1 8 1 8 1 100 1 10 12 1 100 1 10 12 1 10 12 1 1 10 8 1 10 12 1 1 10 12 1 8 1 10 10 12 1 10 12 1 100 1 10 100 12 1 1 5 0 10 12 1 100 1 10 12 1 1 10 12 1 8 1 10 12 1 10 12 1 1 10 12 1 100 1 10 12 1 100 1 10 10 100 12 1 1 9 100 12 1 1 9 12 1 9 12 1 9 12 1 100 1 10 10 100 12 1 1 100 1 10 100 1 10 10 12 1 100 1 5 0 10 12 1 10 12 1 10 12 1 10 12 1 10 12 100 1 10 10 12 1 1 10 12 1 1 10 10 10 12 10 7 12 1 1 10 7 12 1 1 1 7 1 10 1 1 1 1 1 3 1 3 1 3 1 3 1 3 1 1 1 1 1 1 100 1 1 1 1 1 1 100 1 1 1 1 1 1 1 1 1 1 1 1 1 1 1 1 100 1 1 1 1 1 1 1 1 1 1 1 1 1 1 1 1 1 1 1 1 1 1 1 1 1 1 1 1 1 1 1 100 1 1 1 1 1 1 1 1 1 1 1 1 1 1 1 1 1 1 1 1 1 1 1 1 1 1 1 1 1 100 1 1 1 1 1 1 1 1 1 1 1 1 1 1 1 1 1 1 1 1 1 1 1 1 1 1 1 1 1 1 1 1 1 1 100 1 1 100 1 1 1 1 100 1 1
staticfield sun/nio/ch/FileChannelImpl fdAccess Ljdk/internal/access/JavaIOFileDescriptorAccess; java/io/FileDescriptor$1
staticfield sun/nio/ch/FileChannelImpl nd Lsun/nio/ch/FileDispatcher; sun/nio/ch/FileDispatcherImpl
staticfield sun/nio/ch/FileChannelImpl $assertionsDisabled Z 1
ciInstanceKlass java/security/SecureRandom 1 1 436 10 7 12 1 1 1 9 7 12 1 1 1 9 12 1 1 9 12 1 1 10 12 1 1 10 12 1 1 9 12 1 1 9 12 1 1 7 1 10 12 1 8 1 10 12 1 1 8 1 10 12 1 1 8 1 10 7 12 1 1 1 10 7 12 1 1 1 10 7 12 1 1 1 10 7 12 1 1 1 10 7 12 1 1 1 11 7 12 1 1 1 11 7 12 1 1 11 12 1 1 10 12 1 8 1 10 7 12 1 1 1 9 7 12 1 1 8 1 10 12 1 1 10 12 1 1 10 7 12 1 1 8 1 100 1 10 10 12 1 1 10 12 1 7 1 10 12 1 100 1 100 1 10 12 1 10 12 1 1 10 7 12 1 1 1 10 12 1 9 12 1 9 12 1 1 8 1 10 12 1 10 7 12 1 1 1 8 1 8 1 10 12 1 10 100 12 1 1 1 9 100 12 1 1 1 9 10 12 1 10 12 1 100 1 8 1 10 12 10 12 1 10 12 1 10 12 1 8 1 10 12 1 10 10 12 1 1 10 12 1 1 10 12 1 10 12 1 10 12 1 10 12 1 9 12 1 1 10 10 12 1 1 8 1 10 12 1 18 12 1 1 10 100 12 1 1 1 10 12 1 8 1 10 9 100 12 1 1 1 10 100 12 1 1 1 10 100 12 1 1 10 12 1 1 10 12 1 10 12 1 100 1 8 1 10 12 1 1 8 1 10 100 12 1 1 8 8 1 10 12 1 8 1 10 12 1 8 1 1 1 1 5 0 1 1 1 1 1 1 1 1 1 1 1 1 1 1 1 1 1 1 1 1 1 1 1 1 1 1 1 1 1 100 100 1 1 100 1 1 1 1 1 1 1 1 1 1 1 1 1 1 1 1 1 1 100 1 1 1 1 1 1 1 1 1 1 3 1 1 16 15 10 12 16 15 10 100 12 1 1 1 1 1 1 1 100 1 100 1 1 100 1 100 1 1
staticfield java/security/SecureRandom pdebug Lsun/security/util/Debug; null
staticfield java/security/SecureRandom skipDebug Z 0
ciInstanceKlass java/security/Provider$UString 1 1 56 10 7 12 1 1 1 9 7 12 1 1 1 9 7 12 1 1 1 10 7 12 1 1 1 9 12 1 10 12 1 1 10 12 1 1 1 1 1 1 1 1 1 1 1 1 1 1 1 1 1 1 100 1 1 1
instanceKlass sun/security/provider/DRBG
ciInstanceKlass java/security/SecureRandomSpi 1 1 51 10 7 12 1 1 1 100 1 10 10 12 1 1 10 100 12 1 1 1 100 1 100 1 1 1 1 5 0 1 1 1 1 1 1 1 1 1 1 1 1 1 1 1 1 1 1 1 1 1 1
ciInstanceKlass sun/security/provider/DRBG 1 1 331 10 7 12 1 1 1 18 12 1 1 10 7 12 1 1 1 7 1 10 12 1 1 8 1 10 12 1 1 10 12 1 1 9 7 12 1 1 1 10 12 1 1 10 12 1 1 8 1 10 12 1 1 8 1 8 1 8 1 8 1 8 1 8 1 8 1 8 1 100 1 7 1 8 1 10 12 1 8 1 10 12 1 1 9 7 12 1 1 1 9 12 1 9 12 1 8 1 8 1 10 7 12 1 1 1 10 100 12 1 1 1 100 1 10 8 1 10 12 1 1 10 12 1 8 1 100 1 8 1 7 1 9 12 1 9 12 9 12 1 1 10 7 12 1 1 1 9 12 1 1 9 12 1 9 12 1 1 9 12 1 9 12 1 1 100 1 10 12 1 1 10 12 1 10 12 1 1 8 1 11 100 12 1 1 1 10 12 1 8 1 10 12 1 10 12 1 9 12 1 1 10 12 1 7 1 10 12 1 9 12 1 1 100 1 10 100 1 10 8 1 10 7 12 1 1 1 10 12 1 10 12 1 1 10 12 1 10 12 1 10 12 1 1 10 8 1 8 1 10 100 12 1 1 8 1 10 7 12 1 1 1 1 1 1 1 5 0 1 1 1 1 1 1 1 1 1 1 1 1 1 1 1 1 1 1 1 100 100 1 100 1 1 1 1 1 1 1 1 1 1 1 100 1 100 1 1 1 1 1 16 1 15 10 12 16 15 10 7 12 1 1 1 1 1 1 100 1 100 1 1
ciInstanceKlass java/lang/IndexOutOfBoundsException 0 0 49 10 100 12 1 1 1 10 12 1 100 1 10 8 1 10 12 1 1 10 12 1 10 12 1 1 10 12 1 100 1 1 1 1 5 0 1 1 1 1 1 1 1 1 1 1 1 1 1
ciInstanceKlass java/util/zip/CRC32C 1 1 266 10 7 12 1 1 1 9 7 12 1 1 1 9 12 1 1 100 1 10 9 7 12 1 1 1 10 12 1 1 10 12 1 1 10 100 12 1 1 1 10 12 1 9 12 1 1 100 1 10 10 12 1 1 9 100 12 1 1 1 11 100 12 1 1 1 100 1 11 12 1 1 10 12 1 1 11 12 1 10 12 1 10 12 1 1 10 12 1 10 12 1 10 100 12 1 1 1 10 12 1 10 12 1 1 10 12 1 1 10 12 1 5 0 9 7 12 1 1 9 12 1 10 7 12 1 1 1 9 12 1 1 10 7 12 1 1 1 100 1 9 12 1 9 12 1 1 10 12 1 1 5 0 10 12 1 1 9 12 1 9 12 1 9 12 1 9 12 1 9 12 1 9 12 1 9 12 1 9 12 1 9 12 1 5 0 10 12 1 1 10 12 1 10 7 12 1 1 3 10 12 1 9 12 1 10 12 1 1 7 1 9 12 1 100 1 10 100 12 1 1 1 100 1 1 1 1 1 1 1 1 1 1 1 1 1 1 1 1 1 1 1 1 100 1 100 1 1 1 1 1 1 1 1 1 1 1 1 1 1 1 1 1 100 1 1
staticfield java/util/zip/CRC32C REVERSED_CRC32C_POLY I -2097792136
staticfield java/util/zip/CRC32C UNSAFE Ljdk/internal/misc/Unsafe; jdk/internal/misc/Unsafe
staticfield java/util/zip/CRC32C byteTable [I 256
staticfield java/util/zip/CRC32C byteTables [[I 8 [[I
staticfield java/util/zip/CRC32C byteTable0 [I 256
staticfield java/util/zip/CRC32C byteTable1 [I 256
staticfield java/util/zip/CRC32C byteTable2 [I 256
staticfield java/util/zip/CRC32C byteTable3 [I 256
staticfield java/util/zip/CRC32C byteTable4 [I 256
staticfield java/util/zip/CRC32C byteTable5 [I 256
staticfield java/util/zip/CRC32C byteTable6 [I 256
staticfield java/util/zip/CRC32C byteTable7 [I 256
staticfield java/util/zip/CRC32C $assertionsDisabled Z 1
ciInstanceKlass java/nio/channels/Channels 1 1 151 10 100 12 1 1 1 100 1 8 1 10 12 1 8 1 10 7 12 1 1 1 10 7 12 1 1 1 10 12 1 100 1 10 12 1 100 1 10 8 1 10 12 1 1 100 1 10 12 1 1 100 1 10 12 1 8 1 100 1 10 100 1 10 12 1 10 100 12 1 1 1 10 100 12 1 1 1 8 1 10 100 12 1 1 1 10 12 1 10 100 12 1 1 1 8 1 10 100 12 1 1 10 100 12 1 1 1 10 12 1 10 12 1 1 1 1 1 1 1 1 1 1 1 1 1 1 1 1 1 1 1 1 1 1 1 1 1 1 1 1 1 1 1 1 1 1 1 1 1 1
ciInstanceKlass sun/nio/ch/ChannelOutputStream 1 1 119 10 7 12 1 1 1 9 7 12 1 1 1 10 7 12 1 1 1 11 7 12 1 1 1 100 1 8 1 10 12 1 9 12 1 1 10 12 1 10 7 12 1 1 1 9 12 1 9 12 1 1 10 12 1 1 10 12 1 10 7 12 1 1 1 10 12 1 1 10 12 1 7 1 10 12 1 1 10 12 1 1 100 1 10 10 12 1 1 11 12 1 1 1 1 1 1 1 1 1 1 1 1 1 100 1 1 1 1 1 1 1 1 100 1 100 1 1 1
ciInstanceKlass  @bci com/naqqa/elasticsearch/codec/Codec liveDocsFileName (Ljava/lang/String;J)Ljava/lang/String; 7 <appendix> argL2 form vmentry <vmtarget> ; 1 1 43 1 7 1 100 1 1 1 1 1 1 1 7 1 1 12 9 1 12 9 1 7 1 12 10 1 1 1 1 1 7 1 1 12 10 1 7 12 9 1 1 1 1
staticfield  @bci com/naqqa/elasticsearch/codec/Codec liveDocsFileName (Ljava/lang/String;J)Ljava/lang/String; 7 <appendix> argL2 form vmentry <vmtarget> ; _D_0 Ljava/lang/invoke/LambdaForm; java/lang/invoke/LambdaForm
ciInstanceKlass com/naqqa/elasticsearch/index/mapper/IndexedTerm 1 1 65 10 7 12 1 1 1 9 7 12 1 1 1 9 12 1 1 9 12 1 9 12 1 18 12 1 1 18 12 1 1 18 12 1 1 1 1 1 1 1 1 1 1 1 1 1 8 1 15 15 15 15 15 10 100 12 1 1 1 1 100 1 100 1 1
ciInstanceKlass com/naqqa/elasticsearch/index/mapper/IndexableField 1 1 178 10 7 12 1 1 1 9 7 12 1 1 1 9 12 1 1 9 12 1 1 9 12 1 9 12 1 9 12 1 9 12 1 9 12 1 1 9 12 1 9 12 1 1 9 12 1 1 9 12 1 1 9 12 1 1 9 12 1 9 12 1 9 12 1 1 9 12 1 9 7 12 1 1 11 7 12 1 1 1 10 12 1 10 12 1 1 9 12 1 9 12 1 9 12 1 9 12 1 9 12 1 9 12 1 9 12 1 10 100 12 1 1 1 18 12 1 1 1 1 1 1 1 3 1 3 1 3 1 1 1 1 1 1 1 1 1 1 1 1 1 1 1 1 1 1 1 1 1 1 1 1 1 1 1 1 1 1 1 1 1 1 1 8 1 15 10 100 12 1 1 1 1 100 1 100 1 1
ciInstanceKlass com/naqqa/elasticsearch/index/mapper/IndexableField$Kind 1 1 72 7 1 9 12 1 1 9 12 1 9 12 1 9 12 1 9 12 1 9 12 1 9 12 1 9 12 1 1 10 7 12 1 1 10 7 12 1 1 1 10 12 1 1 8 10 8 8 8 8 8 8 10 12 1 1 1 1 1 1 1 1 1 1 1 1 1 1 100 1 1 1
staticfield com/naqqa/elasticsearch/index/mapper/IndexableField$Kind INDEXED_TEXT Lcom/naqqa/elasticsearch/index/mapper/IndexableField$Kind; com/naqqa/elasticsearch/index/mapper/IndexableField$Kind
staticfield com/naqqa/elasticsearch/index/mapper/IndexableField$Kind SORTED_SET_DOC_VALUES Lcom/naqqa/elasticsearch/index/mapper/IndexableField$Kind; com/naqqa/elasticsearch/index/mapper/IndexableField$Kind
staticfield com/naqqa/elasticsearch/index/mapper/IndexableField$Kind NUMERIC_DOC_VALUES Lcom/naqqa/elasticsearch/index/mapper/IndexableField$Kind; com/naqqa/elasticsearch/index/mapper/IndexableField$Kind
staticfield com/naqqa/elasticsearch/index/mapper/IndexableField$Kind BINARY_DOC_VALUES Lcom/naqqa/elasticsearch/index/mapper/IndexableField$Kind; com/naqqa/elasticsearch/index/mapper/IndexableField$Kind
staticfield com/naqqa/elasticsearch/index/mapper/IndexableField$Kind POINT Lcom/naqqa/elasticsearch/index/mapper/IndexableField$Kind; com/naqqa/elasticsearch/index/mapper/IndexableField$Kind
staticfield com/naqqa/elasticsearch/index/mapper/IndexableField$Kind STORED Lcom/naqqa/elasticsearch/index/mapper/IndexableField$Kind; com/naqqa/elasticsearch/index/mapper/IndexableField$Kind
staticfield com/naqqa/elasticsearch/index/mapper/IndexableField$Kind VECTOR Lcom/naqqa/elasticsearch/index/mapper/IndexableField$Kind; com/naqqa/elasticsearch/index/mapper/IndexableField$Kind
staticfield com/naqqa/elasticsearch/index/mapper/IndexableField$Kind $VALUES [Lcom/naqqa/elasticsearch/index/mapper/IndexableField$Kind; 7 [Lcom/naqqa/elasticsearch/index/mapper/IndexableField$Kind;
ciInstanceKlass com/naqqa/elasticsearch/common/json/JsonWriter 1 1 61 10 100 12 1 1 1 7 1 10 10 7 12 1 1 1 10 12 1 1 7 1 10 12 1 7 1 11 12 1 1 10 12 1 1 10 12 1 10 12 1 1 9 7 12 1 1 1 10 7 12 1 1 1 1 1 1 1 1 1 1
ciInstanceKlass  @bci com/naqqa/elasticsearch/codec/Codec liveDocsFileName (Ljava/lang/String;J)Ljava/lang/String; 7 <appendix> argL1 argL0 form vmentry <vmtarget> ; 1 1 44 1 7 1 100 1 1 1 1 1 1 1 7 1 1 12 9 1 12 9 1 7 1 1 12 10 1 1 1 1 1 7 1 1 12 10 1 7 12 9 1 1 1 1
staticfield  @bci com/naqqa/elasticsearch/codec/Codec liveDocsFileName (Ljava/lang/String;J)Ljava/lang/String; 7 <appendix> argL1 argL0 form vmentry <vmtarget> ; _D_0 Ljava/lang/invoke/LambdaForm; java/lang/invoke/LambdaForm
ciInstanceKlass com/naqqa/elasticsearch/index/mapper/ParsedDocument 1 1 101 10 7 12 1 1 1 9 7 12 1 1 1 9 12 1 9 12 1 1 9 12 1 9 12 1 1 9 12 1 100 1 10 12 1 11 100 12 1 1 1 11 12 1 1 18 12 1 1 18 12 1 1 18 12 1 1 1 1 1 1 1 1 1 1 1 1 1 1 1 1 1 1 1 1 1 1 1 1 1 8 1 15 15 15 15 15 15 15 10 100 12 1 1 1 1 100 1 100 1 1
ciInstanceKlass com/naqqa/elasticsearch/index/engine/BufferedDoc 1 1 186 10 7 12 1 1 1 9 7 12 1 1 1 9 12 1 1 9 12 1 9 12 1 9 12 1 1 9 12 1 1 9 12 1 10 12 1 1 10 12 1 5 0 10 12 1 1 10 7 12 1 1 1 10 12 1 1 10 12 1 11 7 12 1 1 1 11 7 12 1 1 1 11 12 1 1 7 1 5 0 10 12 1 1 10 12 1 7 1 5 0 10 12 1 10 12 1 1 5 0 10 12 1 1 10 12 1 7 1 10 12 1 1 5 0 10 12 1 10 7 12 1 1 1 5 0 18 12 1 1 18 12 1 1 18 12 1 1 1 1 1 1 1 1 1 1 1 1 1 1 1 100 1 100 1 1 1 1 1 1 1 1 1 1 8 1 15 15 15 15 15 15 15 15 10 100 12 1 1 1 1 100 1 100 1 1
ciInstanceKlass com/naqqa/elasticsearch/index/engine/segment/SegmentWriter 1 1 952 100 1 10 100 12 1 1 1 10 7 12 1 1 1 11 7 12 1 1 1 7 1 10 7 1 10 7 1 10 7 12 1 1 1 9 7 12 1 1 1 10 7 12 1 1 1 10 12 1 11 12 1 1 7 1 10 12 1 1 10 12 1 1 8 1 7 1 10 7 12 1 1 1 10 7 12 1 1 10 12 1 10 12 1 1 10 12 1 1 10 12 1 1 7 1 10 10 12 1 1 11 12 1 1 11 7 12 1 1 11 12 1 1 7 1 9 7 12 1 1 1 10 12 1 1 10 7 12 1 1 10 12 1 10 12 1 10 12 1 11 7 12 1 1 1 18 12 1 1 11 7 12 1 1 1 7 10 12 1 18 100 1 9 12 1 1 10 12 1 10 12 1 1 18 12 1 11 12 1 1 18 100 1 18 100 1 10 12 1 1 18 7 1 10 12 1 1 18 7 1 10 12 1 7 1 11 12 1 1 10 12 1 1 10 12 1 8 1 10 12 1 11 12 1 1 11 12 1 1 11 7 1 11 12 1 11 12 1 9 12 1 1 11 12 1 10 12 1 1 10 12 1 10 12 1 10 12 1 10 7 12 1 1 1 10 12 1 1 10 12 1 7 1 10 11 12 1 11 7 1 10 7 1 9 12 1 9 7 12 1 1 1 11 12 1 9 12 1 9 12 1 9 12 1 100 1 10 7 12 1 1 1 100 1 9 12 1 9 12 1 9 12 1 100 1 8 1 9 12 1 1 10 100 12 1 1 8 1 9 12 1 1 10 100 1 8 1 9 12 1 10 12 1 1 8 1 7 1 10 12 1 11 10 12 1 7 1 10 7 12 1 1 1 10 7 1 7 1 10 12 1 1 10 12 1 10 12 1 1 10 12 1 7 1 10 12 1 7 1 10 12 1 9 12 1 1 10 12 1 1 7 1 10 12 1 10 12 1 1 10 7 12 1 1 1 10 7 12 1 1 1 10 12 1 1 10 12 1 10 12 1 10 12 1 10 12 1 1 10 12 1 1 10 12 1 10 12 1 10 11 12 1 10 12 1 10 7 12 1 1 10 12 1 10 100 12 1 1 10 100 12 1 1 10 7 12 1 1 10 12 1 9 12 1 1 10 100 12 1 1 10 12 1 9 12 1 1 10 100 12 1 1 1 9 100 12 1 1 10 100 12 1 1 10 12 1 10 100 12 1 1 10 7 12 1 1 1 10 12 1 1 10 7 12 1 1 9 12 1 1 10 7 12 1 1 1 7 1 8 1 11 12 1 10 12 1 10 12 1 10 7 12 1 1 10 7 12 1 1 9 12 1 1 10 12 1 10 100 12 1 1 1 8 1 10 12 1 1 10 12 1 10 12 1 10 12 1 10 12 1 9 12 1 8 1 10 12 1 1 10 12 1 11 12 1 10 12 1 1 10 12 1 10 12 1 1 8 1 10 12 1 18 12 1 10 12 1 1 8 1 10 12 1 1 18 12 1 10 100 12 1 1 1 10 12 1 10 12 1 8 1 10 12 1 1 9 12 1 9 12 1 10 12 1 8 1 10 12 1 9 12 1 10 12 1 1 10 12 1 18 12 1 9 12 1 10 100 12 1 1 10 100 12 1 1 1 10 10 12 1 1 100 1 18 12 1 1 10 12 1 10 12 1 18 10 10 100 1 10 100 1 18 11 12 1 9 7 12 1 1 1 10 12 1 1 10 12 1 18 18 18 10 12 1 1 10 12 1 11 10 12 1 18 10 10 12 10 12 1 10 12 1 10 10 1 1 1 1 1 1 1 1 1 1 1 1 1 100 1 1 1 1 1 1 1 1 1 100 1 1 1 1 1 1 1 1 1 1 1 1 1 1 1 1 1 1 1 1 1 1 1 1 1 1 1 1 1 1 1 1 1 1 1 1 1 1 1 1 16 15 10 12 16 1 15 10 12 16 1 15 10 12 16 15 10 12 16 1 15 10 12 16 1 15 10 12 16 1 15 10 12 16 1 8 1 15 10 12 16 1 15 10 12 16 1 16 1 15 10 12 16 15 10 12 15 10 12 16 15 10 12 16 15 10 12 16 15 10 12 16 15 10 12 16 15 10 7 12 1 1 1 15 10 100 12 1 1 1 1 1 1 1 1 1 1 1 100 1 100 1 1
staticfield com/naqqa/elasticsearch/index/engine/segment/SegmentWriter RANDOM Ljava/security/SecureRandom; java/security/SecureRandom
ciInstanceKlass com/naqqa/elasticsearch/index/engine/segment/SegmentWriter$FlatDoc 1 1 73 10 7 12 1 1 1 9 7 12 1 1 1 9 12 1 1 9 12 1 1 18 12 1 1 18 12 1 1 18 12 1 1 1 1 1 1 1 1 1 1 1 1 1 1 1 1 1 1 1 7 1 1 1 8 1 15 15 15 15 10 100 12 1 1 1 1 1 100 1 100 1 1
ciInstanceKlass com/naqqa/elasticsearch/codec/storedfields/StoredFieldsWriter 1 1 244 10 7 12 1 1 1 7 1 10 9 7 12 1 1 1 9 12 1 9 12 1 9 12 1 1 9 12 1 1 8 1 10 7 12 1 1 1 10 7 12 1 1 1 11 7 12 1 1 1 9 12 1 1 9 12 1 11 12 1 1 3 10 12 1 11 12 1 1 10 12 1 1 7 1 10 12 1 10 12 1 11 12 1 1 11 7 12 1 1 11 12 1 1 7 1 10 12 1 1 10 12 1 1 10 12 1 1 10 10 7 12 1 1 1 10 7 12 1 1 11 12 1 10 7 12 1 1 1 10 12 1 10 12 1 100 1 18 12 1 1 10 12 1 100 1 10 12 1 10 12 1 1 10 12 1 10 100 12 1 1 1 10 12 1 10 12 1 10 12 1 9 12 1 11 12 1 1 10 12 1 10 12 1 1 10 12 1 10 12 1 10 12 1 1 10 10 12 1 100 1 1 1 1 1 3 1 1 3 1 1 3 1 3 1 1 1 1 1 1 1 1 1 100 1 1 1 1 1 1 8 1 15 10 100 12 1 1 1 100 1 100 1 1
ciInstanceKlass com/naqqa/elasticsearch/codec/Codec 1 1 105 10 100 12 1 1 1 18 12 1 1 18 12 1 7 1 8 1 10 12 1 8 1 8 1 10 12 1 8 1 8 1 8 1 8 1 100 1 10 7 12 1 1 1 18 8 1 8 1 8 1 1 1 1 8 1 1 1 1 1 1 1 1 1 8 1 1 1 1 1 1 1 1 1 1 1 1 1 1 1 1 1 1 1 1 1 1 8 1 8 1 8 1 15 10 7 12 1 1 1 100 1 100 1 1
ciInstanceKlass com/naqqa/elasticsearch/store/IOContext 1 1 108 10 7 12 1 1 1 9 7 12 1 1 1 9 12 1 1 9 12 1 9 12 1 1 9 7 12 1 1 10 12 1 9 12 1 18 12 1 1 18 12 1 1 18 12 1 1 9 12 1 9 12 1 9 12 1 9 12 9 12 1 9 12 1 9 12 9 12 1 1 1 1 1 1 1 1 1 1 1 1 1 1 1 1 1 1 1 1 8 1 15 15 15 15 15 10 100 12 1 1 1 1 1 100 1 100 1 1
staticfield com/naqqa/elasticsearch/store/IOContext DEFAULT Lcom/naqqa/elasticsearch/store/IOContext; com/naqqa/elasticsearch/store/IOContext
staticfield com/naqqa/elasticsearch/store/IOContext READ Lcom/naqqa/elasticsearch/store/IOContext; com/naqqa/elasticsearch/store/IOContext
staticfield com/naqqa/elasticsearch/store/IOContext READ_NO_VERIFY Lcom/naqqa/elasticsearch/store/IOContext; com/naqqa/elasticsearch/store/IOContext
staticfield com/naqqa/elasticsearch/store/IOContext READONCE Lcom/naqqa/elasticsearch/store/IOContext; com/naqqa/elasticsearch/store/IOContext
staticfield com/naqqa/elasticsearch/store/IOContext FLUSH Lcom/naqqa/elasticsearch/store/IOContext; com/naqqa/elasticsearch/store/IOContext
staticfield com/naqqa/elasticsearch/store/IOContext MERGE Lcom/naqqa/elasticsearch/store/IOContext; com/naqqa/elasticsearch/store/IOContext
ciInstanceKlass com/naqqa/elasticsearch/store/CodecUtil 1 1 353 7 1 10 100 12 1 1 1 9 7 12 1 1 1 10 7 12 1 1 1 10 12 1 1 100 1 18 12 1 1 10 12 1 3 10 7 12 1 1 1 10 12 1 10 12 1 1 18 10 12 1 1 10 12 1 1 18 10 12 1 1 10 12 1 1 10 7 12 1 1 100 1 18 12 1 10 12 1 10 12 1 1 10 12 1 1 100 1 8 1 10 12 1 10 12 1 1 18 12 1 100 1 10 12 1 100 1 10 10 12 1 10 12 1 1 10 12 1 1 10 12 1 10 12 1 1 100 1 10 12 1 10 12 1 10 100 12 1 1 18 18 3 10 7 1 10 12 1 1 10 12 1 1 10 7 12 1 1 1 10 12 1 1 10 100 12 1 1 1 18 10 12 1 1 10 12 10 12 1 10 12 1 18 12 10 100 12 1 1 1 10 12 1 1 18 8 1 100 1 100 1 10 12 10 7 1 18 12 1 10 12 1 8 1 18 12 1 18 10 12 1 10 12 1 1 7 1 10 12 10 10 18 12 1 18 10 18 18 10 5 0 100 1 10 12 1 1 18 12 1 10 10 12 1 10 12 1 18 8 1 10 100 12 1 1 1 10 12 1 1 1 1 1 1 3 1 3 1 1 1 100 1 1 1 1 1 1 1 1 1 1 1 1 100 1 1 1 1 1 1 1 8 1 8 1 8 1 8 1 8 1 8 1 8 1 8 1 8 1 8 1 8 1 8 1 8 1 8 1 8 1 8 1 8 1 8 1 8 1 15 10 100 12 1 1 1 1 100 1 100 1 1
ciInstanceKlass  @bci com/naqqa/elasticsearch/store/FSDirectory$FSIndexOutput <init> (Ljava/lang/String;Ljava/nio/file/Path;)V 5 <appendix> argL3 form vmentry <vmtarget> ; 1 1 45 1 7 1 100 1 1 1 1 1 1 1 7 1 1 12 9 1 1 12 9 1 7 1 1 12 10 1 1 1 1 1 7 1 1 12 10 1 7 12 9 1 1 1 1
staticfield  @bci com/naqqa/elasticsearch/store/FSDirectory$FSIndexOutput <init> (Ljava/lang/String;Ljava/nio/file/Path;)V 5 <appendix> argL3 form vmentry <vmtarget> ; _D_0 Ljava/lang/invoke/LambdaForm; java/lang/invoke/LambdaForm
ciInstanceKlass  @bci com/naqqa/elasticsearch/store/FSDirectory$FSIndexOutput <init> (Ljava/lang/String;Ljava/nio/file/Path;)V 5 <appendix> form vmentry <vmtarget> ; 1 1 65 1 7 1 100 1 1 1 1 1 1 1 7 1 1 12 9 1 7 1 1 12 10 1 12 9 1 12 10 1 12 9 1 12 10 1 12 9 1 12 10 1 12 9 1 12 10 1 1 1 1 1 7 1 1 12 10 1 7 12 9 1 1 1 1
staticfield  @bci com/naqqa/elasticsearch/store/FSDirectory$FSIndexOutput <init> (Ljava/lang/String;Ljava/nio/file/Path;)V 5 <appendix> form vmentry <vmtarget> ; _D_0 Ljava/lang/invoke/LambdaForm; java/lang/invoke/LambdaForm
ciInstanceKlass com/naqqa/elasticsearch/index/engine/segment/SegmentWriter$FieldBuild 1 1 29 10 7 12 1 1 1 7 1 10 9 7 12 1 1 1 1 1 1 1 1 1 1 1 1 7 1 1 1
ciInstanceKlass  @bci com/naqqa/elasticsearch/index/engine/segment/SegmentWriter addTerm (Ljava/util/Map;Ljava/lang/String;ILcom/naqqa/elasticsearch/index/mapper/IndexedTerm;Z)V 2 <appendix> argL0 ; 1 1 23 1 7 1 7 1 100 1 1 12 10 1 1 1 7 1 7 1 1 12 10 1 1
ciInstanceKlass  @bci com/naqqa/elasticsearch/index/engine/segment/SegmentWriter addTerm (Ljava/util/Map;Ljava/lang/String;ILcom/naqqa/elasticsearch/index/mapper/IndexedTerm;Z)V 37 <appendix> argL0 ; 1 1 23 1 7 1 7 1 100 1 1 12 10 1 1 1 7 1 7 1 1 12 10 1 1
ciInstanceKlass  @bci com/naqqa/elasticsearch/index/engine/segment/SegmentWriter addTerm (Ljava/util/Map;Ljava/lang/String;ILcom/naqqa/elasticsearch/index/mapper/IndexedTerm;Z)V 58 <appendix> argL0 ; 1 1 23 1 7 1 7 1 100 1 1 12 10 1 1 1 7 1 7 1 1 12 10 1 1
ciInstanceKlass com/naqqa/elasticsearch/index/engine/segment/SegmentWriter$1 1 1 58 10 7 12 1 1 1 9 7 12 1 1 1 9 12 1 1 10 12 1 1 100 1 9 12 1 9 12 1 9 12 1 9 12 1 9 12 1 9 12 1 100 1 1 1 1 1 1 1 1 1 100 1 1 1 100 1 1
staticfield com/naqqa/elasticsearch/index/engine/segment/SegmentWriter$1 $SwitchMap$com$naqqa$elasticsearch$index$mapper$IndexableField$Kind [I 7
ciInstanceKlass  @bci com/naqqa/elasticsearch/index/engine/segment/SegmentWriter write (Lcom/naqqa/elasticsearch/store/Directory;Ljava/lang/String;Ljava/util/List;)Lcom/naqqa/elasticsearch/codec/segment/SegmentInfo; 404 <appendix> member <vmtarget> ; 1 1 28 1 7 1 7 1 100 1 1 1 1 1 12 10 12 9 1 1 1 7 1 7 1 1 12 10 1 1
ciInstanceKlass  @bci com/naqqa/elasticsearch/index/engine/segment/SegmentWriter write (Lcom/naqqa/elasticsearch/store/Directory;Ljava/lang/String;Ljava/util/List;)Lcom/naqqa/elasticsearch/codec/segment/SegmentInfo; 627 <appendix> member <vmtarget> ; 1 1 28 1 7 1 7 1 100 1 1 1 1 1 12 10 12 9 1 1 1 7 1 7 1 1 12 10 1 1
ciInstanceKlass com/naqqa/elasticsearch/index/engine/segment/StoredDocCodec 1 1 132 10 100 12 1 1 1 7 1 10 12 1 9 7 12 1 1 1 10 7 12 1 1 1 10 12 1 10 12 1 1 10 12 1 1 11 7 12 1 1 1 11 12 1 1 11 7 12 1 1 1 11 7 12 1 1 1 11 12 1 1 7 1 11 12 1 11 12 1 7 1 10 12 1 1 100 1 100 1 10 12 1 100 1 10 12 1 10 12 1 10 12 1 10 12 1 10 12 1 1 100 1 10 10 12 1 11 12 1 1 100 1 10 12 1 100 1 1 1 1 1 1 1 1 1 1 1 1 1 1 1 1
ciInstanceKlass com/naqqa/elasticsearch/store/BytesDataOutput 1 1 119 10 7 12 1 1 1 10 7 12 1 1 10 7 12 1 1 1 9 12 1 1 9 12 1 1 100 1 8 1 10 12 1 100 1 3 10 7 12 1 1 1 10 12 1 10 7 12 1 1 1 10 7 12 1 1 1 10 12 1 1 10 12 1 1 100 1 18 12 1 1 10 10 12 1 100 1 10 12 1 1 1 1 1 1 1 1 1 1 1 1 1 1 1 1 1 1 1 100 1 1 1 1 1 1 8 1 15 10 100 12 1 1 1 100 1 100 1 1
ciInstanceKlass com/naqqa/elasticsearch/codec/segment/SegmentInfo 1 1 54 10 7 12 1 1 1 9 7 12 1 1 1 9 12 1 1 9 12 1 1 9 12 1 9 12 1 1 9 12 1 1 9 12 1 9 12 1 1 1 1 1 1 1 1 1 1 1 1 1 1 1 1 1
ciInstanceKlass com/naqqa/elasticsearch/codec/fieldinfos/DocValuesType 1 1 63 7 1 9 12 1 1 9 12 1 9 12 1 9 12 1 9 12 1 9 12 1 9 12 1 1 10 7 12 1 1 10 7 12 1 1 1 10 12 1 1 8 10 8 8 8 8 8 10 12 1 1 1 1 1 1 1 1 1 1 1 1 1
staticfield com/naqqa/elasticsearch/codec/fieldinfos/DocValuesType NONE Lcom/naqqa/elasticsearch/codec/fieldinfos/DocValuesType; com/naqqa/elasticsearch/codec/fieldinfos/DocValuesType
staticfield com/naqqa/elasticsearch/codec/fieldinfos/DocValuesType NUMERIC Lcom/naqqa/elasticsearch/codec/fieldinfos/DocValuesType; com/naqqa/elasticsearch/codec/fieldinfos/DocValuesType
staticfield com/naqqa/elasticsearch/codec/fieldinfos/DocValuesType BINARY Lcom/naqqa/elasticsearch/codec/fieldinfos/DocValuesType; com/naqqa/elasticsearch/codec/fieldinfos/DocValuesType
staticfield com/naqqa/elasticsearch/codec/fieldinfos/DocValuesType SORTED Lcom/naqqa/elasticsearch/codec/fieldinfos/DocValuesType; com/naqqa/elasticsearch/codec/fieldinfos/DocValuesType
staticfield com/naqqa/elasticsearch/codec/fieldinfos/DocValuesType SORTED_SET Lcom/naqqa/elasticsearch/codec/fieldinfos/DocValuesType; com/naqqa/elasticsearch/codec/fieldinfos/DocValuesType
staticfield com/naqqa/elasticsearch/codec/fieldinfos/DocValuesType SORTED_NUMERIC Lcom/naqqa/elasticsearch/codec/fieldinfos/DocValuesType; com/naqqa/elasticsearch/codec/fieldinfos/DocValuesType
staticfield com/naqqa/elasticsearch/codec/fieldinfos/DocValuesType $VALUES [Lcom/naqqa/elasticsearch/codec/fieldinfos/DocValuesType; 6 [Lcom/naqqa/elasticsearch/codec/fieldinfos/DocValuesType;
ciInstanceKlass com/naqqa/elasticsearch/codec/fieldinfos/FieldInfo 1 1 61 10 7 12 1 1 1 9 7 12 1 1 1 9 12 1 1 9 12 1 1 9 12 1 9 12 1 9 12 1 9 12 1 9 12 1 1 9 12 1 9 12 1 9 12 1 1 1 1 1 1 1 1 1 1 1 1 1 1 1 1
ciInstanceKlass com/naqqa/elasticsearch/codec/fieldinfos/FieldInfosFormat 1 1 143 10 100 12 1 1 1 100 1 8 1 10 7 12 1 1 1 10 7 12 1 1 1 10 7 12 1 1 1 10 12 1 1 10 12 1 1 10 12 1 1 10 12 1 10 12 1 10 12 1 10 12 1 1 10 12 1 10 12 1 1 10 7 12 1 1 10 12 1 10 12 1 10 12 1 1 10 12 1 1 10 12 1 1 10 12 1 1 10 12 1 1 10 7 12 1 1 10 12 1 10 12 1 1 10 12 1 1 7 1 10 12 1 10 12 10 12 1 1 1 1 1 1 3 1 1 1 1 1 1 100 1 1 100 1 1 1 100 1 100 1 1 1
ciInstanceKlass com/naqqa/elasticsearch/codec/terms/BlockTermDictWriter 1 1 199 10 7 12 1 1 1 7 1 10 9 7 12 1 1 1 9 12 1 9 12 1 9 12 1 9 12 1 1 8 1 10 7 12 1 1 1 9 12 1 1 10 12 1 1 100 1 8 1 10 12 1 10 7 12 1 1 11 7 12 1 1 1 9 12 1 1 9 12 1 10 7 12 1 1 1 9 12 1 10 12 1 1 11 12 1 10 12 1 10 7 12 1 1 1 11 12 1 1 10 7 12 1 1 11 12 1 1 10 7 12 1 1 1 10 12 1 1 10 12 1 10 12 1 1 10 12 1 1 10 12 1 11 12 1 9 12 1 1 7 1 10 10 12 1 10 12 1 10 12 1 1 10 7 12 1 1 1 10 12 1 10 12 1 10 12 1 1 10 12 1 10 12 1 100 1 1 1 1 1 1 3 1 1 3 1 1 1 1 1 1 1 100 1 1 1 1 1 1
ciInstanceKlass com/naqqa/elasticsearch/codec/postings/PostingsWriter 1 1 264 10 7 12 1 1 1 9 7 12 1 1 1 9 12 1 7 1 10 9 12 1 1 9 12 1 1 9 12 1 1 9 12 1 1 9 12 1 10 12 1 10 7 12 1 1 1 9 12 1 9 12 1 1 9 12 1 9 12 1 9 12 1 10 12 1 10 12 1 1 10 12 1 10 12 1 10 12 1 1 9 12 1 10 12 1 9 12 1 1 10 7 12 1 1 1 10 100 12 1 1 1 10 7 12 1 1 1 10 10 12 1 1 7 1 7 1 10 10 12 1 1 100 1 7 1 10 12 1 11 7 12 1 1 1 10 12 1 1 10 12 1 1 11 12 1 1 11 10 12 1 10 7 12 1 1 1 10 12 1 11 12 1 1 11 7 12 1 1 1 11 12 1 1 9 12 1 10 12 1 1 100 1 8 1 10 12 1 10 10 12 1 1 10 12 1 7 1 10 12 1 10 12 1 11 12 1 1 9 12 1 9 12 1 9 12 1 9 12 1 10 12 1 1 10 12 1 10 12 1 10 10 12 1 1 10 1 1 3 1 3 1 1 1 1 1 1 1 100 1 1 1 1 1 100 100 1 1 1 1 1 1 1 1
ciInstanceKlass com/naqqa/elasticsearch/index/engine/segment/SegmentWriter$SortedTerm 1 1 67 10 7 12 1 1 1 9 7 12 1 1 1 9 12 1 1 18 12 1 1 18 12 1 1 18 12 1 1 1 1 1 1 1 1 1 1 1 1 1 1 1 1 1 1 7 1 1 1 8 1 15 15 15 10 100 12 1 1 1 1 1 100 1 100 1 1
ciInstanceKlass  @bci com/naqqa/elasticsearch/index/engine/segment/SegmentWriter sortTerms (Ljava/util/Map;)Ljava/util/List; 87 <appendix> argL0 ; 1 1 23 1 7 1 7 1 100 1 1 12 10 1 1 1 7 1 7 1 1 12 10 1 1
ciInstanceKlass com/naqqa/elasticsearch/codec/SmallFloat 1 1 88 10 100 12 1 1 1 100 1 18 12 1 1 10 12 1 5 0 10 100 12 1 1 1 5 0 5 0 10 100 12 1 1 1 10 12 1 1 18 12 1 4 10 12 1 1 10 100 12 1 1 1 10 12 1 1 1 1 1 1 1 1 1 1 1 1 1 1 1 1 1 1 8 1 8 1 15 10 100 12 1 1 1 100 1 100 1 1
ciInstanceKlass com/naqqa/elasticsearch/codec/postings/PostingsFlags 1 1 33 100 1 10 100 12 1 1 1 1 1 1 3 1 3 1 3 1 3 1 3 1 3 1 1 1 1 1 1 1 1 1 1
ciInstanceKlass com/naqqa/elasticsearch/codec/postings/TermStats 1 1 62 10 7 12 1 1 1 9 7 12 1 1 1 9 12 1 1 9 12 1 18 12 1 1 18 12 1 1 18 12 1 1 1 1 1 1 1 1 1 1 1 1 1 1 8 1 15 15 15 15 10 100 12 1 1 1 1 100 1 100 1 1
ciInstanceKlass com/naqqa/elasticsearch/codec/postings/PostingsWriter$SkipEntry 1 1 37 10 7 12 1 1 1 9 7 12 1 1 1 9 12 1 1 9 12 1 9 12 1 9 12 1 1 1 1 1 1 1 1 100 1 1 1
ciInstanceKlass com/naqqa/elasticsearch/codec/ForUtil 1 1 116 10 100 12 1 1 1 10 7 12 1 1 1 7 1 7 1 100 1 8 1 10 12 1 100 1 5 0 8 1 10 12 1 1 5 0 10 7 12 1 1 1 10 12 1 1 10 12 1 1 10 7 12 1 1 1 10 100 12 1 1 1 10 12 1 1 10 12 1 1 10 12 1 1 9 12 1 1 100 1 5 0 5 0 10 12 1 1 10 12 1 1 1 1 3 1 1 1 1 1 100 1 100 1 1 100 1 1 1 1 1 1 1 1 1 1
staticfield com/naqqa/elasticsearch/codec/ForUtil VECTOR_SUPPORTED Z 1
ciInstanceKlass com/naqqa/elasticsearch/codec/norms/NormsWriter 1 1 54 10 100 12 1 1 1 100 1 8 1 10 7 12 1 1 1 10 7 12 1 1 1 10 7 12 1 1 1 10 12 1 1 10 12 1 1 1 1 1 1 1 3 1 1 1 1 1 1 1 100 1 1 1
ciInstanceKlass com/naqqa/elasticsearch/codec/docvalues/SortedSetDocValuesWriter 1 1 122 10 100 12 1 1 1 7 1 8 1 10 7 12 1 1 1 7 1 10 12 1 1 10 7 12 1 1 1 10 12 1 1 10 7 12 1 1 1 10 7 12 1 1 1 10 12 1 1 10 7 12 1 1 1 10 12 1 1 10 12 1 1 10 7 12 1 1 1 18 12 1 1 10 12 1 10 12 1 10 12 1 1 1 1 1 1 3 1 1 1 1 1 100 1 100 1 100 1 1 100 1 1 1 1 16 1 15 16 15 10 7 12 1 1 1 1 100 1 100 1 1
ciInstanceKlass com/naqqa/elasticsearch/codec/docvalues/SimpleTermDictionary 1 1 92 10 100 12 1 1 1 10 7 12 1 1 1 10 7 12 1 1 1 10 12 1 1 10 7 12 1 1 1 7 1 10 7 12 1 1 1 10 12 1 10 7 12 1 1 1 18 12 1 1 10 7 12 1 1 1 1 1 1 1 1 100 1 1 100 1 1 1 1 1 1 1 1 16 1 15 10 12 16 15 10 7 12 1 1 1 1 100 1 100 1 1
ciInstanceKlass com/naqqa/elasticsearch/codec/docvalues/NumericBlockCodec 1 1 170 10 100 12 1 1 1 7 1 10 7 12 1 1 1 10 7 12 1 1 1 10 12 1 10 12 1 1 7 1 10 10 7 12 1 1 1 10 12 1 1 10 12 1 1 10 12 1 1 10 12 1 1 10 12 1 1 7 1 10 12 1 1 10 12 1 1 10 12 1 10 7 12 1 1 1 10 12 1 10 7 12 1 1 1 10 12 10 12 1 10 12 1 10 7 12 1 1 1 10 12 1 10 12 1 1 10 12 1 10 12 1 7 1 10 12 1 10 12 1 100 1 18 12 1 1 10 12 1 1 1 1 3 1 3 1 3 1 3 1 1 1 1 1 100 1 1 1 1 1 1 1 1 1 1 8 1 15 10 100 12 1 1 1 1 100 1 100 1 1
ciInstanceKlass com/naqqa/elasticsearch/codec/livedocs/FixedBitSet 1 1 48 10 7 12 1 1 1 9 7 12 1 1 1 9 12 1 1 5 0 10 100 12 1 1 1 10 12 1 10 12 1 1 1 1 1 1 1 1 1 1 1 1 1 100 1 1 1 1
ciInstanceKlass com/naqqa/elasticsearch/codec/livedocs/LiveDocsFormat 1 1 96 10 100 12 1 1 1 100 1 8 1 10 7 12 1 1 1 10 7 12 1 1 1 10 7 12 1 1 1 10 12 1 1 10 12 1 1 10 12 1 10 12 1 1 10 12 1 1 10 12 1 1 10 7 12 1 1 1 10 12 1 10 12 1 10 12 1 10 12 1 1 10 12 1 1 1 1 1 1 3 1 1 1 1 1 1 100 1 1 100 1 1 1 1 1 1
ciInstanceKlass com/naqqa/elasticsearch/codec/segment/SegmentInfoFormat 1 1 158 10 100 12 1 1 1 100 1 8 1 10 7 12 1 1 1 8 1 10 7 12 1 1 1 10 12 1 1 10 7 12 1 1 1 10 12 1 1 10 12 1 1 10 12 1 10 12 1 1 10 12 1 1 10 12 1 1 10 12 1 1 10 12 1 10 12 1 10 12 1 1 10 12 1 1 10 12 1 1 10 7 12 1 1 10 12 1 7 1 10 12 1 10 12 1 7 1 10 12 1 10 12 10 7 12 1 1 1 100 1 18 12 1 1 10 12 10 12 1 1 10 12 1 1 1 1 1 1 3 1 1 1 1 1 1 1 1 1 100 1 1 1 1 8 1 15 10 100 12 1 1 1 100 1 100 1 1
ciMethodData java/lang/Object <init> ()V 2 3168198 orig 80 0 0 0 0 0 0 0 0 0 0 0 0 0 0 0 0 0 0 0 0 0 0 0 0 0 0 0 0 0 0 0 0 0 0 0 0 0 0 0 0 0 0 0 0 0 0 0 0 0 0 0 0 0 0 0 0 0 0 0 0 0 0 0 0 0 0 0 0 0 0 0 0 0 0 0 0 0 0 0 0 data 4 0x0 0x9 0x1 0x0 oops 0 methods 0
ciMethodData java/lang/String isLatin1 ()Z 2 138947 orig 80 0 0 0 0 0 0 0 0 0 0 0 0 242 1 0 0 0 0 0 0 0 0 0 0 0 0 0 0 0 0 0 0 0 0 0 0 0 0 0 0 0 0 0 0 0 0 0 0 0 0 0 0 0 0 0 0 0 0 0 0 0 0 0 0 0 0 0 0 0 0 0 0 0 0 0 0 0 0 0 0 data 18 0x30007 0x0 0x58 0x21ec3 0xa0007 0x2080 0x38 0x1fe43 0xe0003 0x1fe43 0x18 0x0 0x0 0x0 0x0 0x9 0x1 0x0 oops 0 methods 0
ciMethodData java/lang/StringUTF16 length ([B)I 2 8324 orig 80 0 0 0 0 0 0 0 0 0 0 0 0 242 1 0 0 0 0 0 0 0 0 0 0 0 0 0 0 0 0 0 0 0 0 0 0 0 0 0 0 0 0 0 0 0 0 0 0 0 0 0 0 0 0 0 0 0 0 0 0 0 0 0 0 0 0 0 0 0 0 0 0 0 0 0 0 0 0 0 0 data 6 0x0 0x0 0x0 0x9 0x1 0x0 oops 0 methods 0
ciMethodData java/lang/String hashCode ()I 2 8626 orig 80 0 0 0 0 0 0 0 0 0 0 0 0 0 0 0 0 0 0 0 0 0 0 0 0 0 0 0 0 0 0 0 0 0 0 0 0 0 0 0 0 0 0 0 0 0 0 0 0 0 0 0 0 0 0 0 0 0 0 0 0 0 0 0 0 0 0 0 0 0 0 0 0 0 0 0 0 0 0 0 0 data 42 0x60007 0x1cf4 0x108 0x4bf 0xd0007 0x3 0xe8 0x4bc 0x110005 0x4bc 0x0 0x0 0x0 0x0 0x0 0x140007 0x0 0x48 0x4bc 0x1b0002 0x4bc 0x1e0003 0x4bc 0x28 0x250002 0x0 0x2a0007 0x4bb 0x38 0x1 0x320003 0x1 0x18 0x0 0x0 0x0 0x0 0x0 0x0 0x9 0x1 0x0 oops 0 methods 0
ciMethodData java/lang/StringLatin1 hashCode ([B)I 2 6150 orig 80 0 0 0 0 0 0 0 0 0 0 0 0 242 1 0 0 0 0 0 0 0 0 0 0 0 0 0 0 0 0 0 0 0 0 0 0 0 0 0 0 0 0 0 0 0 0 0 0 0 0 0 0 0 0 0 0 0 0 0 0 0 0 0 0 0 0 0 0 0 0 0 0 0 0 0 0 0 0 0 0 data 25 0x20008 0x6 0x17f6 0x70 0x1 0x40 0xf 0x58 0x1d0003 0x1 0x40 0x270003 0xf 0x28 0x300002 0x17f6 0x0 0x0 0x0 0x0 0x0 0x0 0x9 0x1 0xffffffffffffffff oops 0 methods 0
ciMethodData java/lang/String equals (Ljava/lang/Object;)Z 2 7087 orig 80 0 0 0 0 0 0 0 0 0 0 0 0 242 1 0 0 0 0 0 0 0 0 0 0 0 0 0 0 0 0 0 0 0 0 0 0 0 0 0 0 0 0 0 0 0 0 0 0 0 0 0 0 0 0 0 0 0 0 0 0 0 0 0 0 0 0 0 0 0 0 0 0 0 0 0 0 0 0 0 0 data 49 0x20007 0x18c6 0x20 0x2e9 0x80104 0x0 0x0 0x1f2713f4e78 0x18c5 0x0 0x0 0xb0007 0x1 0xe0 0x18c5 0xf0004 0x0 0x0 0x1f2713f4e78 0x18c5 0x0 0x0 0x160007 0x0 0x40 0x18c5 0x210007 0x0 0x68 0x18c5 0x2c0002 0x18c5 0x2f0007 0x1816 0x38 0xaf 0x330003 0xaf 0x18 0x0 0x0 0x0 0x0 0x0 0x0 0x9 0x2 0x0 0x0 oops 2 7 java/lang/String 18 java/lang/String methods 0
ciMethodData java/util/Objects requireNonNull (Ljava/lang/Object;)Ljava/lang/Object; 2 610494 orig 80 0 0 0 0 0 0 0 0 0 0 0 0 0 0 0 0 0 0 0 0 0 0 0 0 0 0 0 0 0 0 0 0 0 0 0 0 0 0 0 0 0 0 0 0 0 0 0 0 0 0 0 0 0 0 0 0 0 0 0 0 0 0 0 0 0 0 0 0 0 0 0 0 0 0 0 0 0 0 0 0 data 15 0x10007 0x950bf 0x30 0x0 0x80002 0x0 0x0 0x0 0x0 0x0 0x0 0x0 0x9 0x1 0x0 oops 0 methods 0
ciMethodData java/util/AbstractCollection <init> ()V 2 829065 orig 80 0 0 0 0 0 0 0 0 0 0 0 0 242 1 0 0 0 0 0 0 0 0 0 0 0 0 0 0 0 0 0 0 0 0 0 0 0 0 0 0 0 0 0 0 0 0 0 0 0 0 0 0 0 0 0 0 0 0 0 0 0 0 0 0 0 0 0 0 0 0 0 0 0 0 0 0 0 0 0 0 data 7 0x10002 0xca689 0x0 0x0 0x9 0x1 0x0 oops 0 methods 0
ciMethodData java/lang/String coder ()B 2 762636 orig 80 0 0 0 0 0 0 0 0 0 0 0 0 0 0 0 0 0 0 0 0 0 0 0 0 0 0 0 0 0 0 0 0 0 0 0 0 0 0 0 0 0 0 0 0 0 0 0 0 0 0 0 0 0 0 0 0 0 0 0 0 0 0 0 0 0 0 0 0 0 0 0 0 0 0 0 0 0 0 0 0 data 14 0x30007 0x0 0x38 0xba309 0xa0003 0xba309 0x18 0x0 0x0 0x0 0x0 0x9 0x1 0x0 oops 0 methods 0
ciMethodData java/lang/String length ()I 2 296446 orig 80 0 0 0 0 0 0 0 0 0 0 0 0 0 0 0 0 0 0 0 0 0 0 0 0 0 0 0 0 0 0 0 0 0 0 0 0 0 0 0 0 0 0 0 0 0 0 0 0 0 0 0 0 0 0 0 0 0 0 0 0 0 0 0 0 0 0 0 0 0 0 0 0 0 0 0 0 0 0 0 0 data 16 0x60005 0x485ff 0x0 0x0 0x0 0x0 0x0 0x0 0x0 0x0 0x0 0x0 0x0 0x9 0x1 0x0 oops 0 methods 0
ciMethodData java/lang/String getBytes ([BIB)V 2 5186 orig 80 0 0 0 0 0 0 0 0 0 0 0 0 242 1 0 0 0 0 0 0 0 0 0 0 0 0 0 0 0 0 0 0 0 0 0 0 0 0 0 0 0 0 0 0 0 0 0 0 0 0 0 0 0 0 0 0 0 0 0 0 0 0 0 0 0 0 0 0 0 0 0 0 0 0 0 0 0 0 0 0 data 30 0x10005 0x1442 0x0 0x0 0x0 0x0 0x0 0x50007 0x0 0x48 0x1442 0x160002 0x1442 0x190003 0x1442 0x28 0x280002 0x0 0x0 0x0 0x0 0x0 0x0 0x0 0x9 0x4 0x0 0xffffffffffffffff 0x0 0x0 oops 0 methods 0
ciMethodData java/lang/StringLatin1 inflate ([BI[BII)V 1 0 orig 80 0 0 0 0 0 0 0 0 0 0 0 0 242 1 0 0 0 0 0 0 0 0 0 0 0 0 0 0 0 0 0 0 0 0 0 0 0 0 0 0 0 0 0 0 0 0 0 0 0 0 0 0 0 0 0 0 0 0 0 0 0 0 0 0 0 0 0 0 0 0 0 0 0 0 0 0 0 0 0 0 data 15 0x60002 0x0 0x0 0x0 0x0 0x0 0x0 0x0 0x9 0x5 0x0 0x0 0xffffffffffffffff 0x0 0x0 oops 0 methods 0
ciMethodData java/util/HashMap hash (Ljava/lang/Object;)I 2 443817 orig 80 0 0 0 0 0 0 0 0 0 0 0 0 242 1 0 0 0 0 0 0 0 0 0 0 0 0 0 0 0 0 0 0 0 0 0 0 0 0 0 0 0 0 0 0 0 0 0 0 0 0 0 0 0 0 0 0 0 0 0 0 0 0 0 0 0 0 0 0 0 0 0 0 0 0 0 0 0 0 0 0 data 23 0x10007 0x6c5a7 0x38 0x2 0x50003 0x2 0x50 0x90005 0x17827 0x0 0x1f2713f4e78 0x54b84 0x1f2774882b0 0x1fc 0x0 0x0 0x0 0x0 0x0 0x0 0x9 0x1 0xffffffffffffffff oops 2 10 java/lang/String 12 java/lang/module/ModuleDescriptor methods 0
ciMethodData java/util/HashMap getNode (Ljava/lang/Object;)Ljava/util/HashMap$Node; 2 5221 orig 80 0 0 0 0 0 0 0 0 0 0 0 0 242 1 0 0 0 0 0 0 0 0 0 0 0 0 0 0 0 0 0 0 0 0 0 0 0 0 0 0 0 0 0 0 0 0 0 0 0 0 0 0 0 0 0 0 0 0 0 0 0 0 0 0 0 0 0 0 0 0 0 0 0 0 0 0 0 0 0 0 data 103 0x60007 0x9 0x2e8 0x145c 0xe0007 0x0 0x2c8 0x145c 0x170002 0x145c 0x210007 0xd0 0x298 0x138c 0x2a0007 0x3c2 0xb8 0xfca 0x350007 0xf45 0x98 0x85 0x390007 0x0 0x78 0x85 0x3f0005 0x0 0x0 0x1f2713f4e78 0x85 0x0 0x0 0x420007 0x0 0x20 0x85 0x4e0007 0x3e 0x1c0 0x384 0x520004 0xfffffffffffffc7c 0x0 0x1f2717921c0 0x3 0x0 0x0 0x550007 0x384 0x90 0x0 0x590004 0x0 0x0 0x0 0x0 0x0 0x0 0x5f0005 0x0 0x0 0x0 0x0 0x0 0x0 0x6a0007 0x198 0xb8 0x372 0x760007 0x359 0x98 0x19 0x7a0007 0x0 0x78 0x19 0x800005 0x0 0x0 0x1f2713f4e78 0x19 0x0 0x0 0x830007 0x0 0x20 0x19 0x910007 0x186 0xffffffffffffff48 0x12 0x0 0x0 0x0 0x0 0x0 0x0 0x9 0x2 0x0 0xffffffffffffffff oops 3 29 java/lang/String 44 java/util/HashMap$Node 81 java/lang/String methods 0
ciMethodData java/util/HashMap put (Ljava/lang/Object;Ljava/lang/Object;)Ljava/lang/Object; 2 7332 orig 80 0 0 0 0 0 0 0 0 0 0 0 0 0 0 0 0 0 0 0 0 0 0 0 0 0 0 0 0 0 0 0 0 0 0 0 0 0 0 0 0 0 0 0 0 0 0 0 0 0 0 0 0 0 0 0 0 0 0 0 0 0 0 0 0 0 0 0 0 0 0 0 0 0 0 0 0 0 0 0 0 data 20 0x20002 0x1ca5 0x90005 0x1ca5 0x0 0x0 0x0 0x0 0x0 0x0 0x0 0x0 0x0 0x0 0x0 0x9 0x3 0xffffffffffffffff 0xffffffffffffffff 0xffffffffffffffff oops 0 methods 0
ciMethodData java/util/HashMap get (Ljava/lang/Object;)Ljava/lang/Object; 2 167311 orig 80 0 0 0 0 0 0 0 0 0 0 0 0 0 0 0 0 0 0 0 0 0 0 0 0 0 0 0 0 0 0 0 0 0 0 0 0 0 0 0 0 0 0 0 0 0 0 0 0 0 0 0 0 0 0 0 0 0 0 0 0 0 0 0 0 0 0 0 0 0 0 0 0 0 0 0 0 0 0 0 0 data 24 0x20005 0x28d90 0x0 0x0 0x0 0x0 0x0 0x70007 0x28cd9 0x38 0xb7 0xb0003 0xb7 0x18 0x0 0x0 0x0 0x0 0x0 0x0 0x9 0x2 0x0 0xffffffffffffffff oops 0 methods 0
ciMethodData java/util/HashSet add (Ljava/lang/Object;)Z 2 6169 orig 80 0 0 0 0 0 0 0 0 0 0 0 0 0 0 0 0 0 0 0 0 0 0 0 0 0 0 0 0 0 0 0 0 0 0 0 0 0 0 0 0 0 0 0 0 0 0 0 0 0 0 0 0 0 0 0 0 0 0 0 0 0 0 0 0 0 0 0 0 0 0 0 0 0 0 0 0 0 0 0 0 data 24 0x80005 0x0 0x0 0x1f276790be8 0x3b0 0x1f276790d48 0x146a 0xb0007 0x76a 0x38 0x10b0 0xf0003 0x10b0 0x18 0x0 0x0 0x0 0x0 0x0 0x0 0x9 0x2 0x0 0xffffffffffffffff oops 2 3 java/util/HashMap 5 java/util/LinkedHashMap methods 0
ciMethodData java/util/HashMap containsKey (Ljava/lang/Object;)Z 1 207 orig 80 0 0 0 0 0 0 0 0 0 0 0 0 242 1 0 0 0 0 0 0 0 0 0 0 0 0 0 0 0 0 0 0 0 0 0 0 0 0 0 0 0 0 0 0 0 0 0 0 0 0 0 0 0 0 0 0 0 0 0 0 0 0 0 0 0 0 0 0 0 0 0 0 0 0 0 0 0 0 0 0 data 24 0x20005 0xcf 0x0 0x0 0x0 0x0 0x0 0x50007 0x28 0x38 0xa7 0x90003 0xa7 0x18 0x0 0x0 0x0 0x0 0x0 0x0 0x9 0x2 0x0 0x0 oops 0 methods 0
ciMethodData java/util/AbstractSet <init> ()V 2 126329 orig 80 0 0 0 0 0 0 0 0 0 0 0 0 242 1 0 0 0 0 0 0 0 0 0 0 0 0 0 0 0 0 0 0 0 0 0 0 0 0 0 0 0 0 0 0 0 0 0 0 0 0 0 0 0 0 0 0 0 0 0 0 0 0 0 0 0 0 0 0 0 0 0 0 0 0 0 0 0 0 0 0 data 7 0x10002 0x1ed79 0x0 0x0 0x9 0x1 0x0 oops 0 methods 0
ciMethodData java/util/AbstractMap <init> ()V 2 218970 orig 80 0 0 0 0 0 0 0 0 0 0 0 0 242 1 0 0 0 0 0 0 0 0 0 0 0 0 0 0 0 0 0 0 0 0 0 0 0 0 0 0 0 0 0 0 0 0 0 0 0 0 0 0 0 0 0 0 0 0 0 0 0 0 0 0 0 0 0 0 0 0 0 0 0 0 0 0 0 0 0 0 data 7 0x10002 0x3575a 0x0 0x0 0x9 0x1 0x0 oops 0 methods 0
ciMethodData java/lang/String <init> ([BB)V 2 57466 orig 80 0 0 0 0 0 0 0 0 0 0 0 0 242 1 0 0 0 0 0 0 0 0 0 0 0 0 0 0 0 0 0 0 0 0 0 0 0 0 0 0 0 0 0 0 0 0 0 0 0 0 0 0 0 0 0 0 0 0 0 0 0 0 0 0 0 0 0 0 0 0 0 0 0 0 0 0 0 0 0 0 data 11 0x10002 0xe07a 0x0 0x0 0x0 0x0 0x9 0x3 0xc 0x0 0x0 oops 0 methods 0
ciMethodData java/util/HashMap <init> ()V 2 161194 orig 80 0 0 0 0 0 0 0 0 0 0 0 0 242 1 0 0 0 0 0 0 0 0 0 0 0 0 0 0 0 0 0 0 0 0 0 0 0 0 0 0 0 0 0 0 0 0 0 0 0 0 0 0 0 0 0 0 0 0 0 0 0 0 0 0 0 0 0 0 0 0 0 0 0 0 0 0 0 0 0 0 data 9 0x10002 0x275aa 0x0 0x0 0x0 0x0 0x9 0x1 0x10 oops 0 methods 0
ciMethodData java/util/HashSet <init> ()V 2 31777 orig 80 0 0 0 0 0 0 0 0 0 0 0 0 242 1 0 0 0 0 0 0 0 0 0 0 0 0 0 0 0 0 0 0 0 0 0 0 0 0 0 0 0 0 0 0 0 0 0 0 0 0 0 0 0 0 0 0 0 0 0 0 0 0 0 0 0 0 0 0 0 0 0 0 0 0 0 0 0 0 0 0 data 11 0x10002 0x7c21 0x90002 0x7c21 0x0 0x0 0x0 0x0 0x9 0x1 0x0 oops 0 methods 0
ciMethod java/io/IOException <init> (Ljava/lang/String;)V 4 0 2 0 -1
ciMethodData java/lang/StringConcatHelper newArray (J)[B 2 48492 orig 80 0 0 0 0 0 0 0 0 0 0 0 0 242 1 0 0 0 0 0 0 0 0 0 0 0 0 0 0 0 0 0 0 0 0 0 0 0 0 0 0 0 0 0 0 0 0 0 0 0 0 0 0 0 0 0 0 0 0 0 0 0 0 0 0 0 0 0 0 0 0 0 0 0 0 0 0 0 0 0 0 data 30 0xd0007 0xbd6c 0x30 0x0 0x160002 0x0 0x210005 0xbd6c 0x0 0x0 0x0 0x0 0x0 0x240004 0x0 0x0 0x1f27140ae28 0xbd6c 0x0 0x0 0x0 0x0 0x0 0x0 0x0 0x0 0x9 0x2 0x0 0x0 oops 1 16 [B methods 0
ciMethodData jdk/internal/misc/Unsafe allocateUninitializedArray (Ljava/lang/Class;I)Ljava/lang/Object; 2 48849 orig 80 1 0 0 0 0 0 0 0 0 0 0 0 242 1 0 0 0 0 0 0 4 0 0 0 0 0 0 0 0 0 0 0 0 0 0 0 0 0 0 0 0 0 0 0 0 0 0 0 0 0 0 0 0 0 0 0 0 0 0 0 0 0 0 0 0 0 0 0 0 0 0 0 0 0 0 0 0 0 0 0 data 43 0x10007 0xbed1 0x30 0x0 0xb0002 0x0 0x100005 0xbed1 0x0 0x0 0x0 0x0 0x0 0x130007 0xbed1 0x30 0x0 0x1d0002 0x0 0x220007 0xbed1 0x30 0x0 0x2c0002 0x0 0x8000000400330005 0xbed5 0x0 0x0 0x0 0x0 0x0 0x0 0x0 0x0 0x0 0x0 0x0 0x9 0x3 0x0 0xffffffffffffffff 0x0 oops 0 methods 0
ciMethodData java/lang/StringConcatHelper stringOf (Ljava/lang/Object;)Ljava/lang/String; 2 1540 orig 80 0 0 0 0 0 0 0 0 0 0 0 0 242 1 0 0 0 0 0 0 0 0 0 0 0 0 0 0 0 0 0 0 0 0 0 0 0 0 0 0 0 0 0 0 0 0 0 0 0 0 0 0 0 0 0 0 0 0 0 0 0 0 0 0 0 0 0 0 0 0 0 0 0 0 0 0 0 0 0 0 data 27 0x10007 0x0 0x78 0x604 0x50005 0x3bc 0x0 0x1f2713f4e78 0x248 0x0 0x0 0xa0007 0x604 0x38 0x0 0xf0003 0x0 0x18 0x0 0x0 0x0 0x0 0x0 0x0 0x9 0x1 0xffffffffffffffff oops 1 7 java/lang/String methods 0
ciMethodData java/lang/StringConcatHelper mix (JLjava/lang/String;)J 2 1556 orig 80 0 0 0 0 0 0 0 0 0 0 0 0 242 1 0 0 0 0 0 0 0 0 0 0 0 0 0 0 0 0 0 0 0 0 0 0 0 0 0 0 0 0 0 0 0 0 0 0 0 0 0 0 0 0 0 0 0 0 0 0 0 0 0 0 0 0 0 0 0 0 0 0 0 0 0 0 0 0 0 0 data 31 0x20005 0x614 0x0 0x0 0x0 0x0 0x0 0x90005 0x614 0x0 0x0 0x0 0x0 0x0 0xd0007 0x614 0x20 0x0 0x170002 0x614 0x0 0x0 0x0 0x0 0x0 0x0 0x9 0x3 0x0 0x0 0x0 oops 0 methods 0
ciMethodData java/lang/StringConcatHelper prepend (J[BLjava/lang/String;)J 2 48161 orig 80 0 0 0 0 0 0 0 0 0 0 0 0 242 1 0 0 0 0 0 0 0 0 0 0 0 0 0 0 0 0 0 0 0 0 0 0 0 0 0 0 0 0 0 0 0 0 0 0 0 0 0 0 0 0 0 0 0 0 0 0 0 0 0 0 0 0 0 0 0 0 0 0 0 0 0 0 0 0 0 0 data 40 0x20005 0xbc21 0x0 0x0 0x0 0x0 0x0 0xd0007 0x0 0x70 0xbc21 0x150005 0xbc21 0x0 0x0 0x0 0x0 0x0 0x180003 0xbc21 0x50 0x200005 0x0 0x0 0x0 0x0 0x0 0x0 0x0 0x0 0x0 0x0 0x0 0x0 0x9 0x4 0x0 0x0 0xffffffffffffffff 0x0 oops 0 methods 0
ciMethodData java/util/Arrays copyOf ([Ljava/lang/Object;I)[Ljava/lang/Object; 2 20565 orig 80 0 0 0 0 0 0 0 0 0 0 0 0 242 1 0 0 0 0 0 0 0 0 0 0 0 0 0 0 0 0 0 0 0 0 0 0 0 0 0 0 0 0 0 0 0 0 0 0 0 0 0 0 0 0 0 0 0 0 0 0 0 0 0 0 0 0 0 0 0 0 0 0 0 0 0 0 0 0 0 0 data 19 0x30005 0x5055 0x0 0x0 0x0 0x0 0x0 0x60002 0x5055 0x0 0x0 0x0 0x0 0x0 0x0 0x9 0x2 0x0 0x0 oops 0 methods 0
ciMethodData jdk/internal/util/ArraysSupport newLength (III)I 2 13502 orig 80 0 0 0 0 0 0 0 0 0 0 0 0 242 1 0 0 0 0 0 0 0 0 0 0 0 0 0 0 0 0 0 0 0 0 0 0 0 0 0 0 0 0 0 0 0 0 0 0 0 0 0 0 0 0 0 0 0 0 0 0 0 0 0 0 0 0 0 0 0 0 0 0 0 0 0 0 0 0 0 0 data 23 0x30002 0x34be 0xa0007 0x0 0x40 0x34be 0x100007 0x0 0x20 0x34be 0x170002 0x0 0x0 0x0 0x0 0x0 0x0 0x0 0x9 0x3 0x0 0x0 0x0 oops 0 methods 0
ciMethodData java/lang/Class getComponentType ()Ljava/lang/Class; 2 116339 orig 80 0 0 0 0 0 0 0 0 0 0 0 0 242 1 0 0 0 0 0 0 0 0 0 0 0 0 0 0 0 0 0 0 0 0 0 0 0 0 0 0 0 0 0 0 0 0 0 0 0 0 0 0 0 0 0 0 0 0 0 0 0 0 0 0 0 0 0 0 0 0 0 0 0 0 0 0 0 0 0 0 data 20 0x10005 0x1c673 0x0 0x0 0x0 0x0 0x0 0x40007 0x0 0x20 0x1c673 0x0 0x0 0x0 0x0 0x0 0x0 0x9 0x1 0xffffffffffffffff oops 0 methods 0
ciMethodData java/lang/String valueOf (Ljava/lang/Object;)Ljava/lang/String; 2 44414 orig 80 0 0 0 0 0 0 0 0 0 0 0 0 242 1 0 0 0 0 0 0 0 0 0 0 0 0 0 0 0 0 0 0 0 0 0 0 0 0 0 0 0 0 0 0 0 0 0 0 0 0 0 0 0 0 0 0 0 0 0 0 0 0 0 0 0 0 0 0 0 0 0 0 0 0 0 0 0 0 0 0 data 23 0x10007 0xad7e 0x38 0x0 0x70003 0x0 0x50 0xb0005 0x68 0x0 0x1f2713f4e78 0xacd5 0x1f2715a98a8 0x41 0x0 0x0 0x0 0x0 0x0 0x0 0x9 0x1 0xffffffffffffffff oops 2 10 java/lang/String 12 java/security/Provider$UString methods 0
ciMethod java/util/LinkedHashMap$LinkedKeySet <init> (Ljava/util/LinkedHashMap;Z)V 512 0 11956 0 0
ciMethod java/util/LinkedHashMap$LinkedKeySet size ()I 4 0 2 0 0
ciMethod java/util/LinkedHashMap$LinkedKeySet iterator ()Ljava/util/Iterator; 512 0 11958 0 0
ciMethod java/util/LinkedHashMap$LinkedKeyIterator <init> (Ljava/util/LinkedHashMap;Z)V 512 0 11958 0 -1
ciMethod java/util/LinkedHashMap$LinkedKeyIterator next ()Ljava/lang/Object; 514 0 25793 0 608
ciMethodData java/util/Objects requireNonNull (Ljava/lang/Object;Ljava/lang/String;)Ljava/lang/Object; 2 1779 orig 80 0 0 0 0 0 0 0 0 0 0 0 0 242 1 0 0 0 0 0 0 0 0 0 0 0 0 0 0 0 0 0 0 0 0 0 0 0 0 0 0 0 0 0 0 0 0 0 0 0 0 0 0 0 0 0 0 0 0 0 0 0 0 0 0 0 0 0 0 0 0 0 0 0 0 0 0 0 0 0 0 data 16 0x10007 0x6f3 0x30 0x0 0x90002 0x0 0x0 0x0 0x0 0x0 0x0 0x0 0x9 0x2 0x0 0x0 oops 0 methods 0
ciMethodData java/lang/NullPointerException <init> (Ljava/lang/String;)V 1 0 orig 80 0 0 0 0 0 0 0 0 0 0 0 0 242 1 0 0 0 0 0 0 0 0 0 0 0 0 0 0 0 0 0 0 0 0 0 0 0 0 0 0 0 0 0 0 0 0 0 0 0 0 0 0 0 0 0 0 0 0 0 0 0 0 0 0 0 0 0 0 0 0 0 0 0 0 0 0 0 0 0 0 data 8 0x20002 0x0 0x0 0x0 0x9 0x2 0x1c 0x0 oops 0 methods 0
ciMethodData java/util/ArrayList add (Ljava/lang/Object;)Z 2 92177 orig 80 0 0 0 0 0 0 0 0 0 0 0 0 242 1 0 0 0 0 0 0 0 0 0 0 0 0 0 0 0 0 0 0 0 0 0 0 0 0 0 0 0 0 0 0 0 0 0 0 0 0 0 0 0 0 0 0 0 0 0 0 0 0 0 0 0 0 0 0 0 0 0 0 0 0 0 0 0 0 0 0 data 17 0x140005 0x16811 0x0 0x0 0x0 0x0 0x0 0x0 0x0 0x0 0x0 0x0 0x0 0x9 0x2 0xe 0x0 oops 0 methods 0
ciMethodData java/util/ArrayList add (Ljava/lang/Object;[Ljava/lang/Object;I)V 2 92177 orig 80 0 0 0 0 0 0 0 0 0 0 0 0 242 1 0 0 0 0 0 0 0 0 0 0 0 0 0 0 0 0 0 0 0 0 0 0 0 0 0 0 0 0 0 0 0 0 0 0 0 0 0 0 0 0 0 0 0 0 0 0 0 0 0 0 0 0 0 0 0 0 0 0 0 0 0 0 0 0 0 0 data 30 0x30007 0xfd97 0x58 0x6a7a 0x70005 0x6a7a 0x0 0x0 0x0 0x0 0x0 0xe0004 0x0 0x0 0x1f2713f4e78 0x1b93 0x1f271ba5db8 0x12 0x0 0x0 0x0 0x0 0x0 0x0 0x9 0x4 0xc 0x0 0xffffffffffffffff 0x0 oops 2 14 java/lang/String 16 com/naqqa/elasticsearch/analysis/TokenFilterFactory$2 methods 0
ciMethodData java/util/ArrayList grow ()[Ljava/lang/Object; 2 27258 orig 80 0 0 0 0 0 0 0 0 0 0 0 0 242 1 0 0 0 0 0 0 0 0 0 0 0 0 0 0 0 0 0 0 0 0 0 0 0 0 0 0 0 0 0 0 0 0 0 0 0 0 0 0 0 0 0 0 0 0 0 0 0 0 0 0 0 0 0 0 0 0 0 0 0 0 0 0 0 0 0 0 data 16 0x70005 0x6a7a 0x0 0x0 0x0 0x0 0x0 0x0 0x0 0x0 0x0 0x0 0x0 0x9 0x1 0xc oops 0 methods 0
ciMethodData java/util/ArrayList grow (I)[Ljava/lang/Object; 2 55120 orig 80 0 0 0 0 0 0 0 0 0 0 0 0 242 1 0 0 0 0 0 0 0 0 0 0 0 0 0 0 0 0 0 0 0 0 0 0 0 0 0 0 0 0 0 0 0 0 0 0 0 0 0 0 0 0 0 0 0 0 0 0 0 0 0 0 0 0 0 0 0 0 0 0 0 0 0 0 0 0 0 0 data 24 0x70007 0x2fb2 0x40 0xa79e 0x110007 0xa79d 0x40 0x1 0x1b0002 0x2fb3 0x250002 0x2fb3 0x310002 0xa79d 0x0 0x0 0x0 0x0 0x0 0x0 0x9 0x2 0xc 0x0 oops 0 methods 0
ciMethodData java/lang/StringUTF16 checkBoundsOffCount (II[B)V 2 3892 orig 80 0 0 0 0 0 0 0 0 0 0 0 0 242 1 0 0 0 0 0 0 0 0 0 0 0 0 0 0 0 0 0 0 0 0 0 0 0 0 0 0 0 0 0 0 0 0 0 0 0 0 0 0 0 0 0 0 0 0 0 0 0 0 0 0 0 0 0 0 0 0 0 0 0 0 0 0 0 0 0 0 data 15 0x30002 0xf34 0x60002 0xf34 0x0 0x0 0x0 0x0 0x0 0x0 0x9 0x3 0x0 0x0 0x0 oops 0 methods 0
ciMethodData java/lang/reflect/Array newInstance (Ljava/lang/Class;I)Ljava/lang/Object; 2 79196 orig 80 0 0 0 0 0 0 0 0 0 0 0 0 242 1 0 0 0 0 0 0 0 0 0 0 0 0 0 0 0 0 0 0 0 0 0 0 0 0 0 0 0 0 0 0 0 0 0 0 0 0 0 0 0 0 0 0 0 0 0 0 0 0 0 0 0 0 0 0 0 0 0 0 0 0 0 0 0 0 0 0 data 12 0x20002 0x1355c 0x0 0x0 0x0 0x0 0x0 0x0 0x9 0x2 0x0 0x0 oops 0 methods 0
ciMethodData java/lang/StringConcatHelper newString ([BJ)Ljava/lang/String; 2 47698 orig 80 0 0 0 0 0 0 0 0 0 0 0 0 242 1 0 0 0 0 0 0 0 0 0 0 0 0 0 0 0 0 0 0 0 0 0 0 0 0 0 0 0 0 0 0 0 0 0 0 0 0 0 0 0 0 0 0 0 0 0 0 0 0 0 0 0 0 0 0 0 0 0 0 0 0 0 0 0 0 0 0 data 55 0x30007 0x0 0x30 0xba52 0xc0002 0xba52 0x150007 0x0 0x30 0x0 0x1e0002 0x0 0x2a0002 0x0 0x2f0005 0x0 0x0 0x0 0x0 0x0 0x0 0x340005 0x0 0x0 0x0 0x0 0x0 0x0 0x390005 0x0 0x0 0x0 0x0 0x0 0x0 0x3c0005 0x0 0x0 0x0 0x0 0x0 0x0 0x3f0002 0x0 0x0 0x0 0x0 0x0 0x0 0x0 0x9 0x3 0x0 0x0 0x0 oops 0 methods 0
ciMethodData java/util/ArrayList <init> ()V 2 281963 orig 80 0 0 0 0 0 0 0 0 0 0 0 0 242 1 0 0 0 0 0 0 0 0 0 0 0 0 0 0 0 0 0 0 0 0 0 0 0 0 0 0 0 0 0 0 0 0 0 0 0 0 0 0 0 0 0 0 0 0 0 0 0 0 0 0 0 0 0 0 0 0 0 0 0 0 0 0 0 0 0 0 data 9 0x10002 0x44d6b 0x0 0x0 0x0 0x0 0x9 0x1 0x0 oops 0 methods 0
ciMethodData java/util/AbstractList <init> ()V 2 282090 orig 80 0 0 0 0 0 0 0 0 0 0 0 0 242 1 0 0 0 0 0 0 0 0 0 0 0 0 0 0 0 0 0 0 0 0 0 0 0 0 0 0 0 0 0 0 0 0 0 0 0 0 0 0 0 0 0 0 0 0 0 0 0 0 0 0 0 0 0 0 0 0 0 0 0 0 0 0 0 0 0 0 data 9 0x10002 0x44dea 0x0 0x0 0x0 0x0 0x9 0x1 0x0 oops 0 methods 0
ciMethodData java/util/ArrayList toArray ([Ljava/lang/Object;)[Ljava/lang/Object; 1 83 orig 80 0 0 0 0 0 0 0 0 0 0 0 0 242 1 0 0 0 0 0 0 0 0 0 0 0 0 0 0 0 0 0 0 0 0 0 0 0 0 0 0 0 0 0 0 0 0 0 0 0 0 0 0 0 0 0 0 0 0 0 0 0 0 0 0 0 0 0 0 0 0 0 0 0 0 0 0 0 0 0 0 data 36 0x60007 0x0 0x68 0x53 0x120005 0x53 0x0 0x0 0x0 0x0 0x0 0x150002 0x53 0x240002 0x0 0x2d0007 0x0 0x58 0x0 0x360004 0x0 0x0 0x0 0x0 0x0 0x0 0x0 0x0 0x0 0x0 0x0 0x0 0x9 0x2 0x0 0xffffffffffffffff oops 0 methods 0
ciMethodData java/lang/invoke/DirectMethodHandle allocateInstance (Ljava/lang/Object;)Ljava/lang/Object; 2 283568 orig 80 0 0 0 0 0 0 0 0 0 0 0 0 242 1 0 0 0 0 0 0 0 0 0 0 0 0 0 0 0 0 0 0 0 0 0 0 0 0 0 0 0 0 0 0 0 0 0 0 0 0 0 0 0 0 0 0 0 0 0 0 0 0 0 0 0 0 0 0 0 0 0 0 0 0 0 0 0 0 0 0 data 23 0x10004 0x0 0x0 0x1f276e9d0e8 0xc5b7 0x0 0x0 0xc0005 0x453b0 0x0 0x0 0x0 0x0 0x0 0x0 0x0 0x0 0x0 0x0 0x0 0x9 0x1 0x0 oops 1 3 java/lang/invoke/DirectMethodHandle$Constructor methods 0
ciMethodData java/lang/invoke/DirectMethodHandle constructorMethod (Ljava/lang/Object;)Ljava/lang/Object; 2 283568 orig 80 0 0 0 0 0 0 0 0 0 0 0 0 242 1 0 0 0 0 0 0 0 0 0 0 0 0 0 0 0 0 0 0 0 0 0 0 0 0 0 0 0 0 0 0 0 0 0 0 0 0 0 0 0 0 0 0 0 0 0 0 0 0 0 0 0 0 0 0 0 0 0 0 0 0 0 0 0 0 0 0 data 16 0x10004 0x0 0x0 0x1f276e9d0e8 0xc5b7 0x0 0x0 0x0 0x0 0x0 0x0 0x0 0x0 0x9 0x1 0x0 oops 1 3 java/lang/invoke/DirectMethodHandle$Constructor methods 0
ciMethod java/nio/file/NoSuchFileException <init> (Ljava/lang/String;Ljava/lang/String;Ljava/lang/String;)V 2 0 1 0 -1
ciMethod java/nio/file/FileSystemException <init> (Ljava/lang/String;Ljava/lang/String;Ljava/lang/String;)V 4 0 2 0 -1
ciMethod java/nio/file/FileAlreadyExistsException <init> (Ljava/lang/String;Ljava/lang/String;Ljava/lang/String;)V 2 0 1 0 -1
ciMethodData java/util/Objects checkIndex (II)I 2 84616 orig 80 0 0 0 0 0 0 0 0 0 0 0 0 242 1 0 0 0 0 0 0 0 0 0 0 0 0 0 0 0 0 0 0 0 0 0 0 0 0 0 0 0 0 0 0 0 0 0 0 0 0 0 0 0 0 0 0 0 0 0 0 0 0 0 0 0 0 0 0 0 0 0 0 0 0 0 0 0 0 0 0 data 12 0x30002 0x14a88 0x0 0x0 0x0 0x0 0x0 0x0 0x9 0x2 0x0 0x0 oops 0 methods 0
ciMethodData java/util/ArrayList elementData (I)Ljava/lang/Object; 2 84616 orig 80 0 0 0 0 0 0 0 0 0 0 0 0 242 1 0 0 0 0 0 0 0 0 0 0 0 0 0 0 0 0 0 0 0 0 0 0 0 0 0 0 0 0 0 0 0 0 0 0 0 0 0 0 0 0 0 0 0 0 0 0 0 0 0 0 0 0 0 0 0 0 0 0 0 0 0 0 0 0 0 0 data 8 0x0 0x0 0x0 0x0 0x9 0x2 0x0 0x0 oops 0 methods 0
ciMethodData java/lang/Record <init> ()V 2 631171 orig 80 0 0 0 0 0 0 0 0 0 0 0 0 242 1 0 0 0 0 0 0 0 0 0 0 0 0 0 0 0 0 0 0 0 0 0 0 0 0 0 0 0 0 0 0 0 0 0 0 0 0 0 0 0 0 0 0 0 0 0 0 0 0 0 0 0 0 0 0 0 0 0 0 0 0 0 0 0 0 0 0 data 7 0x10002 0x9a183 0x0 0x0 0x9 0x1 0x0 oops 0 methods 0
ciMethod sun/nio/fs/WindowsException lastError ()I 18 0 9 0 -1
ciMethod sun/nio/fs/WindowsException errorString ()Ljava/lang/String; 0 0 1 0 -1
ciMethod sun/nio/fs/WindowsException translateToIOException (Ljava/lang/String;Ljava/lang/String;)Ljava/io/IOException; 4 0 2 0 -1
ciMethod sun/nio/fs/WindowsException rethrowAsIOException (Lsun/nio/fs/WindowsPath;Lsun/nio/fs/WindowsPath;)V 4 0 2 2 -1
ciMethod sun/nio/fs/WindowsException rethrowAsIOException (Lsun/nio/fs/WindowsPath;)V 4 0 2 2 -1
ciMethod java/nio/file/attribute/FileAttribute name ()Ljava/lang/String; 0 0 1 0 -1
ciMethod java/nio/file/attribute/FileAttribute value ()Ljava/lang/Object; 0 0 1 0 -1
ciMethod sun/nio/fs/WindowsSecurityDescriptor <init> (Ljava/util/List;)V 0 0 1 0 -1
ciMethod sun/nio/fs/WindowsSecurityDescriptor release ()V 164 0 82 0 -1
ciMethod sun/nio/fs/WindowsSecurityDescriptor address ()J 164 0 82 0 -1
ciMethod sun/nio/fs/WindowsSecurityDescriptor fromAttribute ([Ljava/nio/file/attribute/FileAttribute;)Lsun/nio/fs/WindowsSecurityDescriptor; 164 0 82 0 -1
ciMethodData java/util/ArrayList get (I)Ljava/lang/Object; 2 84612 orig 80 0 0 0 0 0 0 0 0 0 0 0 0 242 1 0 0 0 0 0 0 0 0 0 0 0 0 0 0 0 0 0 0 0 0 0 0 0 0 0 0 0 0 0 0 0 0 0 0 0 0 0 0 0 0 0 0 0 0 0 0 0 0 0 0 0 0 0 0 0 0 0 0 0 0 0 0 0 0 0 0 data 19 0x50002 0x14a84 0xb0005 0x0 0x0 0x1f2713f88d8 0x14a84 0x0 0x0 0x0 0x0 0x0 0x0 0x0 0x0 0x9 0x2 0x0 0x0 oops 1 5 java/util/ArrayList methods 0
ciMethod java/lang/UnsupportedOperationException <init> (Ljava/lang/String;)V 0 0 1 0 -1
ciMethod sun/nio/fs/WindowsChannelFactory newFileChannel (Ljava/lang/String;Ljava/lang/String;Ljava/util/Set;J)Ljava/nio/channels/FileChannel; 158 0 79 0 -1
ciMethod sun/nio/fs/WindowsChannelFactory open (Ljava/lang/String;Ljava/lang/String;Lsun/nio/fs/WindowsChannelFactory$Flags;J)Ljava/io/FileDescriptor; 158 0 79 0 -1
ciMethod sun/nio/fs/WindowsChannelFactory$Flags toFlags (Ljava/util/Set;)Lsun/nio/fs/WindowsChannelFactory$Flags; 158 242 79 0 -1
ciMethod sun/nio/ch/FileChannelImpl open (Ljava/io/FileDescriptor;Ljava/lang/String;ZZZLjava/io/Closeable;)Ljava/nio/channels/FileChannel; 158 0 79 0 -1
ciMethod sun/nio/ch/FileChannelImpl setUninterruptible ()V 76 0 38 0 -1
ciMethod java/security/SecureRandom nextBytes ([B)V 6 0 5 0 0
ciMethodData java/lang/RuntimeException <init> (Ljava/lang/String;)V 1 0 orig 80 0 0 0 0 0 0 0 0 0 0 0 0 242 1 0 0 0 0 0 0 0 0 0 0 0 0 0 0 0 0 0 0 0 0 0 0 0 0 0 0 0 0 0 0 0 0 0 0 0 0 0 0 0 0 0 0 0 0 0 0 0 0 0 0 0 0 0 0 0 0 0 0 0 0 0 0 0 0 0 0 data 8 0x20002 0x0 0x0 0x0 0x9 0x2 0x1c 0x0 oops 0 methods 0
ciMethodData java/util/ArrayList$Itr hasNext ()Z 2 6797 orig 80 0 0 0 0 0 0 0 0 0 0 0 0 242 1 0 0 0 0 0 0 0 0 0 0 0 0 0 0 0 0 0 0 0 0 0 0 0 0 0 0 0 0 0 0 0 0 0 0 0 0 0 0 0 0 0 0 0 0 0 0 0 0 0 0 0 0 0 0 0 0 0 0 0 0 0 0 0 0 0 0 data 14 0xb0007 0x5cc 0x38 0x14c1 0xf0003 0x14c1 0x18 0x0 0x0 0x0 0x0 0x9 0x1 0x0 oops 0 methods 0
ciMethod java/security/SecureRandomSpi engineNextBytes ([B)V 0 0 1 0 -1
ciMethodData sun/nio/fs/WindowsPath <init> (Lsun/nio/fs/WindowsFileSystem;Lsun/nio/fs/WindowsPathType;Ljava/lang/String;Ljava/lang/String;)V 2 1965 orig 80 0 0 0 0 0 0 0 0 0 0 0 0 242 1 0 0 0 0 0 0 0 0 0 0 0 0 0 0 0 0 0 0 0 0 0 0 0 0 0 0 0 0 0 0 0 0 0 0 0 0 0 0 0 0 0 0 0 0 0 0 0 0 0 0 0 0 0 0 0 0 0 0 0 0 0 0 0 0 0 0 data 13 0x10002 0x7ad 0x0 0x0 0x0 0x0 0x9 0x5 0x1c 0x0 0x0 0x0 0x0 oops 0 methods 0
ciMethodData sun/nio/fs/WindowsPathParser parse (Ljava/lang/String;Z)Lsun/nio/fs/WindowsPathParser$Result; 1 973 orig 80 0 0 0 0 0 0 0 0 0 0 0 0 242 1 0 0 0 0 0 0 0 0 0 0 0 0 0 0 0 0 0 0 0 0 0 0 0 0 0 0 0 0 0 0 0 0 0 0 0 0 0 0 0 0 0 0 0 0 0 0 0 0 0 0 0 0 0 0 0 0 0 0 0 0 0 0 0 0 0 0 data 356 0x30005 0x3cd 0x0 0x0 0x0 0x0 0x0 0x60007 0x3cd 0x1d0 0x0 0xd0005 0x0 0x0 0x0 0x0 0x0 0x0 0x100007 0x0 0x128 0x0 0x1b0002 0x0 0x200005 0x0 0x0 0x0 0x0 0x0 0x0 0x260005 0x0 0x0 0x0 0x0 0x0 0x0 0x290005 0x0 0x0 0x0 0x0 0x0 0x0 0x2c0005 0x0 0x0 0x0 0x0 0x0 0x0 0x300003 0x0 0x68 0x390005 0x0 0x0 0x0 0x0 0x0 0x0 0x3d0003 0x0 0x18 0x490005 0x3cd 0x0 0x0 0x0 0x0 0x0 0x540007 0x0 0x600 0x3cd 0x590005 0x3cd 0x0 0x0 0x0 0x0 0x0 0x600005 0x3cd 0x0 0x0 0x0 0x0 0x0 0x6d0002 0x3cd 0x700007 0x3cd 0x2d8 0x0 0x750002 0x0 0x780007 0x0 0x2a8 0x0 0x850002 0x0 0x8f0002 0x0 0x980007 0x0 0x30 0x0 0xa20002 0x0 0xab0005 0x0 0x0 0x0 0x0 0x0 0x0 0xb50002 0x0 0xbf0002 0x0 0xc80007 0x0 0x30 0x0 0xd20002 0x0 0xda0002 0x0 0xdf0005 0x0 0x0 0x0 0x0 0x0 0x0 0xe40005 0x0 0x0 0x0 0x0 0x0 0x0 0xe90005 0x0 0x0 0x0 0x0 0x0 0x0 0xf10005 0x0 0x0 0x0 0x0 0x0 0x0 0xf40005 0x0 0x0 0x0 0x0 0x0 0x0 0xf90005 0x0 0x0 0x0 0x0 0x0 0x0 0xfc0005 0x0 0x0 0x0 0x0 0x0 0x0 0x1040003 0x0 0x2a0 0x1090002 0x3cd 0x10c0007 0x4c 0x278 0x381 0x1130007 0x1 0x258 0x380 0x1190007 0x0 0x200 0x380 0x11e0005 0x380 0x0 0x0 0x0 0x0 0x0 0x1240002 0x380 0x1270007 0x0 0x198 0x380 0x12e0007 0x0 0x70 0x380 0x1340005 0x380 0x0 0x0 0x0 0x0 0x0 0x1380003 0x380 0x108 0x13f0002 0x0 0x1450005 0x0 0x0 0x0 0x0 0x0 0x0 0x1480005 0x0 0x0 0x0 0x0 0x0 0x0 0x14d0005 0x0 0x0 0x0 0x0 0x0 0x0 0x1500005 0x0 0x0 0x0 0x0 0x0 0x0 0x15c0003 0x380 0x50 0x1620005 0x0 0x0 0x0 0x0 0x0 0x0 0x1700007 0x380 0xc0 0x4d 0x1750007 0x0 0xa0 0x4d 0x17a0005 0x4d 0x0 0x0 0x0 0x0 0x0 0x17d0002 0x4d 0x1800007 0x4d 0x38 0x0 0x18b0003 0x0 0x18 0x1940007 0x3cd 0xa0 0x0 0x19a0007 0x0 0x80 0x0 0x1a10007 0x0 0x30 0x0 0x1ab0002 0x0 0x1b30007 0x0 0x30 0x0 0x1bd0002 0x0 0x1c20007 0x380 0xc0 0x4d 0x1ca0005 0x4d 0x0 0x0 0x0 0x0 0x0 0x1cd0002 0x4d 0x1d50005 0x4d 0x0 0x0 0x0 0x0 0x0 0x1e50002 0x4d 0x1e80002 0x4d 0x1f40002 0x380 0x0 0x0 0x0 0x0 0x0 0x0 0x0 0x0 0x0 0x0 0x0 0x0 0x0 0x0 0x0 0x0 0x0 0x0 0x9 0x2 0x0 0x0 oops 0 methods 0
ciMethodData sun/nio/fs/WindowsException translateToIOException (Ljava/lang/String;Ljava/lang/String;)Ljava/io/IOException; 1 0 orig 80 0 0 0 0 0 0 0 0 0 0 0 0 242 1 0 0 0 0 0 0 0 0 0 0 0 0 0 0 0 0 0 0 0 0 0 0 0 0 0 0 0 0 0 0 0 0 0 0 0 0 0 0 0 0 0 0 0 0 0 0 0 0 0 0 0 0 0 0 0 0 0 0 0 0 0 0 0 0 0 0 data 101 0x10005 0x0 0x0 0x0 0x0 0x0 0x0 0x40007 0x0 0x68 0x0 0xc0005 0x0 0x0 0x0 0x0 0x0 0x0 0xf0002 0x0 0x140005 0x0 0x0 0x0 0x0 0x0 0x0 0x180007 0x0 0x78 0x0 0x1c0005 0x0 0x0 0x0 0x0 0x0 0x0 0x200007 0x0 0x30 0x0 0x2a0002 0x0 0x2f0005 0x0 0x0 0x0 0x0 0x0 0x0 0x340007 0x0 0x78 0x0 0x380005 0x0 0x0 0x0 0x0 0x0 0x0 0x3e0007 0x0 0x30 0x0 0x480002 0x0 0x4d0005 0x0 0x0 0x0 0x0 0x0 0x0 0x510007 0x0 0x30 0x0 0x5b0002 0x0 0x660005 0x0 0x0 0x0 0x0 0x0 0x0 0x690002 0x0 0x0 0x0 0x0 0x0 0x0 0x0 0x9 0x3 0xffffffffffffffff 0xffffffffffffffff 0xffffffffffffffff oops 0 methods 0
ciMethodData java/lang/invoke/DirectMethodHandle internalMemberName (Ljava/lang/Object;)Ljava/lang/Object; 2 189974 orig 80 0 0 0 0 0 0 0 0 0 0 0 0 242 1 0 0 0 0 0 0 0 0 0 0 0 0 0 0 0 0 0 0 0 0 0 0 0 0 0 0 0 0 0 0 0 0 0 0 0 0 0 0 0 0 0 0 0 0 0 0 0 0 0 0 0 0 0 0 0 0 0 0 0 0 0 0 0 0 0 0 data 16 0x10004 0x0 0x0 0x1f2713f7318 0x2e5ce 0x0 0x0 0x0 0x0 0x0 0x0 0x0 0x0 0x9 0x1 0x0 oops 1 3 java/lang/invoke/DirectMethodHandle methods 0
ciMethodData java/lang/Integer valueOf (I)Ljava/lang/Integer; 2 94798 orig 80 0 0 0 0 0 0 0 0 0 0 0 0 242 1 0 0 0 0 0 0 0 0 0 0 0 0 0 0 0 0 0 0 0 0 0 0 0 0 0 0 0 0 0 0 0 0 0 0 0 0 0 0 0 0 0 0 0 0 0 0 0 0 0 0 0 0 0 0 0 0 0 0 0 0 0 0 0 0 0 0 data 17 0x30007 0x0 0x40 0x1724e 0xa0007 0x16f3d 0x20 0x311 0x1c0002 0x16f3d 0x0 0x0 0x0 0x0 0x9 0x1 0x0 oops 0 methods 0
ciMethodData java/lang/Throwable addSuppressed (Ljava/lang/Throwable;)V 1 0 orig 80 0 0 0 0 0 0 0 0 0 0 0 0 242 1 0 0 0 0 0 0 0 0 0 0 0 0 0 0 0 0 0 0 0 0 0 0 0 0 0 0 0 0 0 0 0 0 0 0 0 0 0 0 0 0 0 0 0 0 0 0 0 0 0 0 0 0 0 0 0 0 0 0 0 0 0 0 0 0 0 0 data 35 0x20007 0x0 0x30 0x0 0xd0002 0x0 0x150002 0x0 0x1d0007 0x0 0x20 0x0 0x280007 0x0 0x30 0x0 0x310002 0x0 0x3c0005 0x0 0x0 0x0 0x0 0x0 0x0 0x0 0x0 0x0 0x0 0x0 0x0 0x9 0x2 0x10 0x0 oops 0 methods 0
ciMethodData java/util/ArrayList$Itr checkForComodification ()V 2 5159 orig 80 0 0 0 0 0 0 0 0 0 0 0 0 242 1 0 0 0 0 0 0 0 0 0 0 0 0 0 0 0 0 0 0 0 0 0 0 0 0 0 0 0 0 0 0 0 0 0 0 0 0 0 0 0 0 0 0 0 0 0 0 0 0 0 0 0 0 0 0 0 0 0 0 0 0 0 0 0 0 0 0 data 13 0xb0007 0x1427 0x30 0x0 0x120002 0x0 0x0 0x0 0x0 0x0 0x9 0x1 0x0 oops 0 methods 0
ciMethodData java/util/ArrayList$Itr next ()Ljava/lang/Object; 2 5159 orig 80 0 0 0 0 0 0 0 0 0 0 0 0 242 1 0 0 0 0 0 0 0 0 0 0 0 0 0 0 0 0 0 0 0 0 0 0 0 0 0 0 0 0 0 0 0 0 0 0 0 0 0 0 0 0 0 0 0 0 0 0 0 0 0 0 0 0 0 0 0 0 0 0 0 0 0 0 0 0 0 0 data 28 0x10005 0x1427 0x0 0x0 0x0 0x0 0x0 0x110007 0x1427 0x30 0x0 0x180002 0x0 0x270007 0x1427 0x30 0x0 0x2e0002 0x0 0x0 0x0 0x0 0x0 0x0 0x0 0x9 0x1 0x6 oops 0 methods 0
ciMethodData java/util/LinkedHashMap$LinkedHashIterator hasNext ()Z 2 6177 orig 80 0 0 0 0 0 0 0 0 0 0 0 0 242 1 0 0 0 0 0 0 0 0 0 0 0 0 0 0 0 0 0 0 0 0 0 0 0 0 0 0 0 0 0 0 0 0 0 0 0 0 0 0 0 0 0 0 0 0 0 0 0 0 0 0 0 0 0 0 0 0 0 0 0 0 0 0 0 0 0 0 data 16 0x40007 0x80a 0x38 0x1017 0x80003 0x1017 0x18 0x0 0x0 0x0 0x0 0x0 0x0 0x9 0x1 0x0 oops 0 methods 0
ciMethodData java/util/LinkedHashMap$LinkedHashIterator nextNode ()Ljava/util/LinkedHashMap$Entry; 2 5744 orig 80 0 0 0 0 0 0 0 0 0 0 0 0 242 1 0 0 0 0 0 0 0 0 0 0 0 0 0 0 0 0 0 0 0 0 0 0 0 0 0 0 0 0 0 0 0 0 0 0 0 0 0 0 0 0 0 0 0 0 0 0 0 0 0 0 0 0 0 0 0 0 0 0 0 0 0 0 0 0 0 0 data 28 0x100007 0x1670 0x30 0x0 0x170002 0x0 0x1c0007 0x1670 0x30 0x0 0x230002 0x0 0x310007 0x1670 0x38 0x0 0x380003 0x0 0x18 0x0 0x0 0x0 0x0 0x0 0x0 0x9 0x1 0xc oops 0 methods 0
ciMethodData java/util/ImmutableCollections$ListItr hasNext ()Z 2 6160 orig 80 0 0 0 0 0 0 0 0 0 0 0 0 242 1 0 0 0 0 0 0 0 0 0 0 0 0 0 0 0 0 0 0 0 0 0 0 0 0 0 0 0 0 0 0 0 0 0 0 0 0 0 0 0 0 0 0 0 0 0 0 0 0 0 0 0 0 0 0 0 0 0 0 0 0 0 0 0 0 0 0 data 14 0x80007 0xb98 0x38 0xc78 0xc0003 0xc78 0x18 0x0 0x0 0x0 0x0 0x9 0x1 0x0 oops 0 methods 0
ciMethodData java/util/ImmutableCollections$List12 get (I)Ljava/lang/Object; 2 13828 orig 80 0 0 0 0 0 0 0 0 0 0 0 0 242 1 0 0 0 0 0 0 0 0 0 0 0 0 0 0 0 0 0 0 0 0 0 0 0 0 0 1 0 0 0 0 0 0 0 0 0 0 0 0 0 0 0 0 0 0 0 0 0 0 0 0 0 0 0 0 0 0 0 0 0 0 0 0 0 0 0 0 data 29 0x8000000600010007 0x13fa 0x20 0x220b 0xb0007 0x0 0x40 0x13fa 0x150007 0x0 0x20 0x13fa 0x1f0005 0x0 0x0 0x0 0x0 0x0 0x0 0x0 0x0 0x0 0x0 0x0 0x0 0x9 0x2 0x0 0x0 oops 0 methods 0
ciMethodData java/util/ImmutableCollections$List12 size ()I 2 208325 orig 80 0 0 0 0 0 0 0 0 0 0 0 0 242 1 0 0 0 0 0 0 0 0 0 0 0 0 0 0 0 0 0 0 0 0 0 0 0 0 0 0 0 0 0 0 0 0 0 0 0 0 0 0 0 0 0 0 0 0 0 0 0 0 0 0 0 0 0 0 0 0 0 0 0 0 0 0 0 0 0 0 data 16 0x70007 0x32d89 0x38 0x3c 0xb0003 0x3c 0x18 0x0 0x0 0x0 0x0 0x0 0x0 0x9 0x1 0x0 oops 0 methods 0
ciMethodData java/util/ImmutableCollections$ListN get (I)Ljava/lang/Object; 2 1266 orig 80 0 0 0 0 0 0 0 0 0 0 0 0 242 1 0 0 0 0 0 0 0 0 0 0 0 0 0 0 0 0 0 0 0 0 0 0 0 0 0 0 0 0 0 0 0 0 0 0 0 0 0 0 0 0 0 0 0 0 0 0 0 0 0 0 0 0 0 0 0 0 0 0 0 0 0 0 0 0 0 0 data 8 0x0 0x0 0x0 0x0 0x9 0x2 0x0 0x0 oops 0 methods 0
ciMethodData java/util/ImmutableCollections$ListItr next ()Ljava/lang/Object; 2 16336 orig 80 1 0 0 0 0 0 0 0 0 0 0 0 242 1 0 0 0 0 0 0 0 0 0 0 0 0 0 0 0 0 0 0 0 0 0 0 0 0 0 0 0 0 0 0 0 0 0 0 0 0 0 0 0 0 0 0 0 0 0 0 0 0 0 0 0 0 0 0 0 0 0 0 0 0 0 0 0 0 0 0 data 18 0xa0005 0x0 0x0 0x1f276790878 0x3580 0x1f276790e60 0xa50 0x1e0002 0x0 0x0 0x0 0x0 0x0 0x0 0x0 0x9 0x1 0x4 oops 2 3 java/util/ImmutableCollections$List12 5 java/util/ImmutableCollections$ListN methods 0
ciMethodData java/util/LinkedHashMap get (Ljava/lang/Object;)Ljava/lang/Object; 2 80459 orig 80 1 0 0 0 0 0 0 0 0 0 0 0 242 1 0 0 0 0 0 0 0 0 0 0 0 0 0 0 0 0 0 0 0 0 0 0 0 0 0 1 0 0 0 0 0 0 0 0 0 0 0 0 0 0 0 0 0 0 0 0 0 0 0 0 0 0 0 0 0 0 0 0 0 0 0 0 0 0 0 0 data 32 0x20005 0x13a4b 0x0 0x0 0x0 0x0 0x0 0x8000000600070007 0x13a26 0x20 0x26 0x100007 0x13a26 0x58 0x0 0x150005 0x0 0x0 0x0 0x0 0x0 0x0 0x0 0x0 0x0 0x0 0x0 0x0 0x9 0x2 0xffffffffffffffff 0xffffffffffffffff oops 0 methods 0
ciMethodData java/util/LinkedHashMap afterNodeAccess (Ljava/util/HashMap$Node;)V 2 59392 orig 80 0 0 0 0 0 0 0 0 0 0 0 0 242 1 0 0 0 0 0 0 0 0 0 0 0 0 0 0 0 0 0 0 0 0 0 0 0 0 0 0 0 0 0 0 0 0 0 0 0 0 0 0 0 0 0 0 0 0 0 0 0 0 0 0 0 0 0 0 0 0 0 0 0 0 0 0 0 0 0 0 data 100 0x50007 0x0 0x60 0xe800 0xc0007 0x0 0x158 0xe800 0x130007 0xe800 0x138 0x0 0x1d0007 0x0 0x118 0x0 0x210004 0x0 0x0 0x0 0x0 0x0 0x0 0x3c0007 0x0 0x38 0x0 0x450003 0x0 0x18 0x510007 0x0 0x38 0x0 0x5b0003 0x0 0x18 0x620007 0x0 0x38 0x0 0x6b0003 0x0 0x18 0x8a0003 0x0 0x138 0x920007 0xe800 0x120 0x0 0x9c0007 0x0 0x100 0x0 0xa00004 0x0 0x0 0x0 0x0 0x0 0x0 0xbb0007 0x0 0x38 0x0 0xc40003 0x0 0x18 0xd00007 0x0 0x38 0x0 0xda0003 0x0 0x18 0xe10007 0x0 0x38 0x0 0xea0003 0x0 0x18 0x0 0x0 0x0 0x0 0x0 0x0 0x0 0x0 0x0 0x0 0x0 0x0 0x0 0x9 0x2 0x0 0x0 oops 0 methods 0
ciMethodData java/util/ImmutableCollections$AbstractImmutableList iterator ()Ljava/util/Iterator; 2 5386 orig 80 0 0 0 0 0 0 0 0 0 0 0 0 242 1 0 0 0 0 0 0 0 0 0 0 0 0 0 0 0 0 0 0 0 0 0 0 0 0 0 0 0 0 0 0 0 0 0 0 0 0 0 0 0 0 0 0 0 0 0 0 0 0 0 0 0 0 0 0 0 0 0 0 0 0 0 0 0 0 0 0 data 18 0x60005 0x0 0x0 0x1f276790e60 0x81a 0x1f276790878 0xcf0 0x90002 0x150a 0x0 0x0 0x0 0x0 0x0 0x0 0x9 0x1 0xffffffffffffffff oops 2 3 java/util/ImmutableCollections$ListN 5 java/util/ImmutableCollections$List12 methods 0
ciMethodData java/util/ImmutableCollections$ListItr <init> (Ljava/util/List;I)V 2 5386 orig 80 0 0 0 0 0 0 0 0 0 0 0 0 242 1 0 0 0 0 0 0 0 0 0 0 0 0 0 0 0 0 0 0 0 0 0 0 0 0 0 0 0 0 0 0 0 0 0 0 0 0 0 0 0 0 0 0 0 0 0 0 0 0 0 0 0 0 0 0 0 0 0 0 0 0 0 0 0 0 0 0 data 11 0x10002 0x150a 0x0 0x0 0x0 0x0 0x9 0x3 0xe 0x0 0x0 oops 0 methods 0
ciMethodData java/lang/String getBytes (Ljava/nio/charset/Charset;)[B 2 455245 orig 80 0 0 0 0 0 0 0 0 0 0 0 0 242 1 0 0 0 0 0 0 0 0 0 0 0 0 0 0 0 0 0 0 0 0 0 0 0 0 0 0 0 0 0 0 0 0 0 0 0 0 0 0 0 0 0 0 0 0 0 0 0 0 0 0 0 0 0 0 0 0 0 0 0 0 0 0 0 0 0 0 data 25 0x10007 0x6f24d 0x30 0x0 0x80002 0x0 0xe0005 0x6f24d 0x0 0x0 0x0 0x0 0x0 0x150002 0x6f24d 0x0 0x0 0x0 0x0 0x0 0x0 0x9 0x2 0x0 0xffffffffffffffff oops 0 methods 0
ciMethodData java/util/LinkedHashMap$LinkedEntryIterator next ()Ljava/lang/Object; 2 5505 orig 80 0 0 0 0 0 0 0 0 0 0 0 0 242 1 0 0 0 0 0 0 0 0 0 0 0 0 0 0 0 0 0 0 0 0 0 0 0 0 0 0 0 0 0 0 0 0 0 0 0 0 0 0 0 0 0 0 0 0 0 0 0 0 0 0 0 0 0 0 0 0 0 0 0 0 0 0 0 0 0 0 data 16 0x10005 0x1581 0x0 0x0 0x0 0x0 0x0 0x0 0x0 0x0 0x0 0x0 0x0 0x9 0x1 0x0 oops 0 methods 0
ciMethodData java/util/LinkedHashMap$LinkedEntryIterator next ()Ljava/util/Map$Entry; 2 5505 orig 80 0 0 0 0 0 0 0 0 0 0 0 0 242 1 0 0 0 0 0 0 0 0 0 0 0 0 0 0 0 0 0 0 0 0 0 0 0 0 0 0 0 0 0 0 0 0 0 0 0 0 0 0 0 0 0 0 0 0 0 0 0 0 0 0 0 0 0 0 0 0 0 0 0 0 0 0 0 0 0 0 data 16 0x10005 0x1581 0x0 0x0 0x0 0x0 0x0 0x0 0x0 0x0 0x0 0x0 0x0 0x9 0x1 0x0 oops 0 methods 0
ciMethodData java/util/LinkedHashMap$LinkedKeyIterator next ()Ljava/lang/Object; 2 25536 orig 80 0 0 0 0 0 0 0 0 0 0 0 0 242 1 0 0 0 0 0 0 0 0 0 0 0 0 0 0 0 0 0 0 0 0 0 0 0 0 0 0 0 0 0 0 0 0 0 0 0 0 0 0 0 0 0 0 0 0 0 0 0 0 0 0 0 0 0 0 0 0 0 0 0 0 0 0 0 0 0 0 data 23 0x10005 0x63c0 0x0 0x0 0x0 0x0 0x0 0x40005 0x63c0 0x0 0x0 0x0 0x0 0x0 0x0 0x0 0x0 0x0 0x0 0x0 0x9 0x1 0xc oops 0 methods 0
ciMethodData java/util/LinkedHashMap$LinkedHashIterator <init> (Ljava/util/LinkedHashMap;Z)V 2 33058 orig 80 0 0 0 0 0 0 0 0 0 0 0 0 242 1 0 0 0 0 0 0 0 0 0 0 0 0 0 0 0 0 0 0 0 0 0 0 0 0 0 0 0 0 0 0 0 0 0 0 0 0 0 0 0 0 0 0 0 0 0 0 0 0 0 0 0 0 0 0 0 0 0 0 0 0 0 0 0 0 0 0 data 18 0x60002 0x8122 0x100007 0x8122 0x38 0x0 0x170003 0x0 0x18 0x0 0x0 0x0 0x0 0x9 0x3 0x1e 0x0 0x0 oops 0 methods 0
ciMethodData java/util/LinkedHashMap <init> ()V 2 128982 orig 80 0 0 0 0 0 0 0 0 0 0 0 0 242 1 0 0 0 0 0 0 0 0 0 0 0 0 0 0 0 0 0 0 0 0 0 0 0 0 0 0 0 0 0 0 0 0 0 0 0 0 0 0 0 0 0 0 0 0 0 0 0 0 0 0 0 0 0 0 0 0 0 0 0 0 0 0 0 0 0 0 data 9 0x10002 0x1f7d6 0x0 0x0 0x0 0x0 0x9 0x1 0x70 oops 0 methods 0
ciMethodData java/util/ArrayList$Itr <init> (Ljava/util/ArrayList;)V 2 49807 orig 80 0 0 0 0 0 0 0 0 0 0 0 0 242 1 0 0 0 0 0 0 0 0 0 0 0 0 0 0 0 0 0 0 0 0 0 0 0 0 0 0 0 0 0 0 0 0 0 0 0 0 0 0 0 0 0 0 0 0 0 0 0 0 0 0 0 0 0 0 0 0 0 0 0 0 0 0 0 0 0 0 data 10 0x60002 0xc28f 0x0 0x0 0x0 0x0 0x9 0x2 0xc 0x0 oops 0 methods 0
ciMethodData java/util/ArrayList iterator ()Ljava/util/Iterator; 2 49807 orig 80 0 0 0 0 0 0 0 0 0 0 0 0 242 1 0 0 0 0 0 0 0 0 0 0 0 0 0 0 0 0 0 0 0 0 0 0 0 0 0 0 0 0 0 0 0 0 0 0 0 0 0 0 0 0 0 0 0 0 0 0 0 0 0 0 0 0 0 0 0 0 0 0 0 0 0 0 0 0 0 0 data 8 0x50002 0xc28f 0x0 0x0 0x0 0x9 0x1 0x0 oops 0 methods 0
ciMethodData java/util/LinkedHashMap entrySet ()Ljava/util/Set; 2 57951 orig 80 0 0 0 0 0 0 0 0 0 0 0 0 242 1 0 0 0 0 0 0 0 0 0 0 0 0 0 0 0 0 0 0 0 0 0 0 0 0 0 0 0 0 0 0 0 0 0 0 0 0 0 0 0 0 0 0 0 0 0 0 0 0 0 0 0 0 0 0 0 0 0 0 0 0 0 0 0 0 0 0 data 16 0x10005 0x0 0x0 0x1f276790d48 0xe25f 0x0 0x0 0x0 0x0 0x0 0x0 0x0 0x0 0x9 0x1 0x0 oops 1 3 java/util/LinkedHashMap methods 0
ciMethodData java/util/LinkedHashMap sequencedEntrySet ()Ljava/util/SequencedSet; 2 57945 orig 80 0 0 0 0 0 0 0 0 0 0 0 0 242 1 0 0 0 0 0 0 0 0 0 0 0 0 0 0 0 0 0 0 0 0 0 0 0 0 0 0 0 0 0 0 0 0 0 0 0 0 0 0 0 0 0 0 0 0 0 0 0 0 0 0 0 0 0 0 0 0 0 0 0 0 0 0 0 0 0 0 data 22 0x60007 0x3672 0x30 0xabe7 0xf0002 0xabe7 0x1b0004 0x0 0x0 0x1f276790f78 0x3672 0x0 0x0 0x0 0x0 0x0 0x0 0x0 0x0 0x9 0x1 0x20 oops 1 9 java/util/LinkedHashMap$LinkedEntrySet methods 0
ciMethodData java/util/LinkedHashMap$LinkedEntrySet <init> (Ljava/util/LinkedHashMap;Z)V 2 44007 orig 80 0 0 0 0 0 0 0 0 0 0 0 0 242 1 0 0 0 0 0 0 0 0 0 0 0 0 0 0 0 0 0 0 0 0 0 0 0 0 0 0 0 0 0 0 0 0 0 0 0 0 0 0 0 0 0 0 0 0 0 0 0 0 0 0 0 0 0 0 0 0 0 0 0 0 0 0 0 0 0 0 data 11 0x60002 0xabe7 0x0 0x0 0x0 0x0 0x9 0x3 0x6 0x0 0x0 oops 0 methods 0
ciMethodData java/util/LinkedHashMap$LinkedEntrySet iterator ()Ljava/util/Iterator; 2 58282 orig 80 0 0 0 0 0 0 0 0 0 0 0 0 242 1 0 0 0 0 0 0 0 0 0 0 0 0 0 0 0 0 0 0 0 0 0 0 0 0 0 0 0 0 0 0 0 0 0 0 0 0 0 0 0 0 0 0 0 0 0 0 0 0 0 0 0 0 0 0 0 0 0 0 0 0 0 0 0 0 0 0 data 9 0xc0002 0xe3aa 0x0 0x0 0x0 0x0 0x9 0x1 0x0 oops 0 methods 0
ciMethodData java/util/LinkedHashMap$LinkedEntryIterator <init> (Ljava/util/LinkedHashMap;Z)V 2 58282 orig 80 0 0 0 0 0 0 0 0 0 0 0 0 242 1 0 0 0 0 0 0 0 0 0 0 0 0 0 0 0 0 0 0 0 0 0 0 0 0 0 0 0 0 0 0 0 0 0 0 0 0 0 0 0 0 0 0 0 0 0 0 0 0 0 0 0 0 0 0 0 0 0 0 0 0 0 0 0 0 0 0 data 9 0x30002 0xe3aa 0x0 0x0 0x9 0x3 0x0 0x0 0x0 oops 0 methods 0
ciMethodData java/lang/invoke/Invokers$Holder linkToTargetMethod (ILjava/lang/Object;)Ljava/lang/Object; 2 330608 orig 80 1 0 0 0 0 0 0 0 0 0 0 0 242 1 0 0 0 0 0 0 0 0 0 0 0 0 0 0 0 0 0 0 0 0 0 4 0 0 0 0 0 0 0 0 0 0 0 0 0 0 0 0 0 0 0 0 0 0 0 0 0 0 0 0 0 0 0 0 0 0 0 0 0 0 0 0 0 0 0 0 data 30 0x10004 0x0 0x0 0x1f276e9db58 0xb7f6 0x1f276e9d0e8 0xc585 0x5000b 0x50b74 0x0 0x0 0x0 0x0 0x0 0x1 0x2 0x800000040001000d 0x1f271e8d4b0 0x0 0x0 0x0 0x0 0x9 0x2 0x0 0x0 0xc 0x2 0x1 0x2 oops 2 3 java/lang/invoke/BoundMethodHandle$Species_LLLL 5 java/lang/invoke/DirectMethodHandle$Constructor methods 1 17 java/lang/invoke/Invokers$Holder linkToTargetMethod (ILjava/lang/Object;)Ljava/lang/Object;
ciMethodData java/lang/invoke/DirectMethodHandle$Holder invokeStatic (Ljava/lang/Object;Ljava/lang/Object;J)Ljava/lang/Object; 2 47091 orig 80 0 0 0 0 0 0 0 0 0 0 0 0 242 1 0 0 0 0 0 0 0 0 0 0 0 0 0 0 0 0 0 0 0 0 0 0 0 0 0 0 0 0 0 0 0 0 0 0 0 0 0 0 0 0 0 0 0 0 0 0 0 0 0 0 0 0 0 0 0 0 0 0 0 0 0 0 0 0 0 0 data 39 0x1000a 0xb7f3 0x3 0x0 0x1f2713f7318 0x1f2713f74c8 0xa0004 0x0 0x0 0x0 0x0 0x0 0x0 0xd000a 0xb7f3 0x5 0x0 0x1f27140ae28 0x3 0x1f2713f74c8 0x1f2713f4e78 0x0 0x0 0x0 0x0 0x0 0x0 0x9 0x4 0x0 0x0 0x0 0x0 0xc 0x4 0x0 0x1f2713f7318 0x1 0x1f27140ae28 oops 7 4 java/lang/invoke/DirectMethodHandle 5 java/lang/invoke/MemberName 17 [B 19 java/lang/invoke/MemberName 20 java/lang/String 36 java/lang/invoke/DirectMethodHandle 38 [B methods 0
ciMethodData java/util/LinkedHashMap keySet ()Ljava/util/Set; 2 11702 orig 80 0 0 0 0 0 0 0 0 0 0 0 0 242 1 0 0 0 0 0 0 0 0 0 0 0 0 0 0 0 0 0 0 0 0 0 0 0 0 0 0 0 0 0 0 0 0 0 0 0 0 0 0 0 0 0 0 0 0 0 0 0 0 0 0 0 0 0 0 0 0 0 0 0 0 0 0 0 0 0 0 data 16 0x10005 0x0 0x0 0x1f276790d48 0x2db6 0x0 0x0 0x0 0x0 0x0 0x0 0x0 0x0 0x9 0x1 0x0 oops 1 3 java/util/LinkedHashMap methods 0
ciMethodData java/util/LinkedHashMap sequencedKeySet ()Ljava/util/SequencedSet; 2 11702 orig 80 0 0 0 0 0 0 0 0 0 0 0 0 242 1 0 0 0 0 0 0 0 0 0 0 0 0 0 0 0 0 0 0 0 0 0 0 0 0 0 0 0 0 0 0 0 0 0 0 0 0 0 0 0 0 0 0 0 0 0 0 0 0 0 0 0 0 0 0 0 0 0 0 0 0 0 0 0 0 0 0 data 22 0x60007 0x2 0x30 0x2db4 0xf0002 0x2db4 0x1b0004 0x0 0x0 0x1f2767914b0 0x2 0x0 0x0 0x0 0x0 0x0 0x0 0x0 0x0 0x9 0x1 0x6 oops 1 9 java/util/LinkedHashMap$LinkedKeySet methods 0
ciMethodData java/util/LinkedHashMap$LinkedKeySet <init> (Ljava/util/LinkedHashMap;Z)V 2 11700 orig 80 0 0 0 0 0 0 0 0 0 0 0 0 242 1 0 0 0 0 0 0 0 0 0 0 0 0 0 0 0 0 0 0 0 0 0 0 0 0 0 0 0 0 0 0 0 0 0 0 0 0 0 0 0 0 0 0 0 0 0 0 0 0 0 0 0 0 0 0 0 0 0 0 0 0 0 0 0 0 0 0 data 11 0x60002 0x2db4 0x0 0x0 0x0 0x0 0x9 0x3 0x6 0x0 0x0 oops 0 methods 0
ciMethodData java/util/LinkedHashMap$LinkedKeySet iterator ()Ljava/util/Iterator; 2 11702 orig 80 0 0 0 0 0 0 0 0 0 0 0 0 242 1 0 0 0 0 0 0 0 0 0 0 0 0 0 0 0 0 0 0 0 0 0 0 0 0 0 0 0 0 0 0 0 0 0 0 0 0 0 0 0 0 0 0 0 0 0 0 0 0 0 0 0 0 0 0 0 0 0 0 0 0 0 0 0 0 0 0 data 9 0xc0002 0x2db6 0x0 0x0 0x0 0x0 0x9 0x1 0x0 oops 0 methods 0
ciMethodData java/lang/invoke/Invokers$Holder linkToTargetMethod (Ljava/lang/Object;Ljava/lang/Object;)Ljava/lang/Object; 1 106 orig 80 0 0 0 0 0 0 0 0 0 0 0 0 242 1 0 0 0 0 0 0 0 0 0 0 0 0 0 0 0 0 0 0 0 0 0 0 0 0 0 0 0 0 0 0 0 0 0 0 0 0 0 0 0 0 0 0 0 0 0 0 0 0 0 0 0 0 0 0 0 0 0 0 0 0 0 0 0 0 0 0 data 34 0x10004 0x0 0x0 0x1f27677f980 0x2 0x1f27677ef70 0x68 0x5000b 0x6a 0x0 0x0 0x0 0x0 0x0 0x3 0x1 0x1f2713f4e78 0x1f2713f4e78 0x0 0x0 0x0 0x0 0x0 0x0 0x9 0x2 0x0 0x0 0xc 0x4 0x0 0x1f2713f4e78 0x1 0x2 oops 5 3 java/lang/invoke/BoundMethodHandle$Species_LL 5 java/lang/invoke/BoundMethodHandle$Species_LLLLL 16 java/lang/String 17 java/lang/String 31 java/lang/String methods 0
ciMethod java/util/zip/CRC32C <init> ()V 132 0 66 0 0
ciMethod java/nio/channels/Channels newOutputStream (Ljava/nio/channels/WritableByteChannel;)Ljava/io/OutputStream; 76 0 38 0 -1
ciMethodData java/util/HashMap computeIfAbsent (Ljava/lang/Object;Ljava/util/function/Function;)Ljava/lang/Object; 2 850241 orig 80 1 0 0 0 0 0 0 0 0 0 0 0 242 1 0 0 0 0 0 0 0 0 0 4 0 0 0 0 0 0 0 0 0 0 0 0 0 0 0 0 0 0 0 0 0 0 0 0 0 0 0 0 0 0 0 0 0 0 0 0 0 0 0 0 0 0 0 0 0 0 0 0 0 0 0 0 0 0 0 0 data 194 0x10007 0xcf941 0x30 0x0 0x80002 0x0 0xd0002 0xcf941 0x220007 0x380 0x60 0xcf5c1 0x2c0007 0xf6c4 0x40 0xbfefd 0x350007 0xbfefd 0x58 0x0 0x390005 0xfa44 0x0 0x0 0x0 0x0 0x0 0x510007 0x2b026 0x268 0xa491b 0x560004 0xfffffffffff5b714 0x0 0x1f2767916c0 0x2be09 0x1f2717921c0 0x26b3e 0x590007 0xa48ec 0xa8 0x2f 0x5e0004 0x0 0x0 0x1f2717941f8 0x2f 0x0 0x0 0x660005 0x23 0x0 0x1f2717941f8 0xc 0x0 0x0 0x6b0003 0x2f 0x108 0x780007 0x28942 0xd0 0x99b4a 0x840007 0x8a6f6 0x98 0xf454 0x880007 0x0 0x90 0xf454 0x8e0005 0x0 0x0 0x1f2713f4e78 0x7a46 0x1f2713f92a8 0x7a0e 0x910007 0x0 0x38 0xf454 0x980003 0x99b4a 0x38 0xa60007 0x1dba0 0xffffffffffffff30 0xada2 0xab0007 0xadb0 0x78 0x99b6b 0xb60007 0x0 0x58 0x99b6b 0xbc0005 0x0 0x0 0x1f276790d48 0x54915 0x1f276790be8 0x45256 0x8000000700ca0005 0xe 0x0 0x1f276ffb4d0 0xf6c1 0x1f276ffb580 0x2670b 0xd70007 0x35dda 0x30 0x0 0xde0002 0x0 0xe40007 0x35dda 0x20 0x0 0xeb0007 0x35dda 0x58 0x0 0xf80005 0x0 0x0 0x0 0x0 0x0 0x0 0x1000007 0x35dcc 0x70 0xe 0x10c0005 0xe 0x0 0x0 0x0 0x0 0x0 0x1100003 0xe 0xe0 0x11e0005 0x0 0x0 0x1f276790be8 0xf6b8 0x1f276790d48 0x26714 0x1210004 0x0 0x0 0x1f2717921c0 0xf6b8 0x1f2767916c0 0x26714 0x1260007 0x35da3 0x58 0x29 0x12d0005 0x29 0x0 0x0 0x0 0x0 0x0 0x1440005 0x0 0x0 0x1f276790be8 0xf6c6 0x1f276790d48 0x26714 0x0 0x0 0x0 0x0 0x0 0x0 0x0 0x0 0x0 0x0 0x0 0x9 0x3 0x0 0x0 0x0 oops 16 34 java/util/LinkedHashMap$Entry 36 java/util/HashMap$Node 45 java/util/HashMap$TreeNode 52 java/util/HashMap$TreeNode 74 java/lang/String 76 java/lang/Integer 100 java/util/LinkedHashMap 102 java/util/HashMap 107  @bci com/naqqa/elasticsearch/index/engine/segment/SegmentWriter addTerm (Ljava/util/Map;Ljava/lang/String;ILcom/naqqa/elasticsearch/index/mapper/IndexedTerm;Z)V 37 <appendix> argL0 ; 109  @bci com/naqqa/elasticsearch/index/engine/segment/SegmentWriter addTerm (Ljava/util/Map;Ljava/lang/String;ILcom/naqqa/elasticsearch/index/mapper/IndexedTerm;Z)V 58 <appendix> argL0 ; 149 java/util/HashMap 151 java/util/LinkedHashMap 156 java/util/HashMap$Node 158 java/util/LinkedHashMap$Entry 174 java/util/HashMap 176 java/util/LinkedHashMap methods 0
ciMethodData java/lang/invoke/DirectMethodHandle$Holder newInvokeSpecial (Ljava/lang/Object;I)Ljava/lang/Object; 2 283122 orig 80 0 0 0 0 0 0 0 0 0 0 0 0 242 1 0 0 0 0 0 0 0 0 0 0 0 0 0 0 0 0 0 0 0 0 0 0 0 0 0 0 0 0 0 0 0 0 0 0 0 0 0 0 0 0 0 0 0 0 0 0 0 0 0 0 0 0 0 0 0 0 0 0 0 0 0 0 0 0 0 0 data 40 0x1000a 0x451f2 0x3 0x0 0x1f276e9d0e8 0x2 0x6000a 0x451f2 0x3 0x0 0x1f276e9d0e8 0x1f2713f74c8 0xd0004 0x0 0x0 0x1f2713f74c8 0x36 0x0 0x0 0x10000a 0x451f2 0x4 0x0 0x2 0x2 0x1f2713f74c8 0x0 0x0 0x0 0x0 0x0 0x0 0x9 0x2 0x0 0x0 0xc 0x2 0x0 0x1f276e9d0e8 oops 6 4 java/lang/invoke/DirectMethodHandle$Constructor 10 java/lang/invoke/DirectMethodHandle$Constructor 11 java/lang/invoke/MemberName 15 java/lang/invoke/MemberName 25 java/lang/invoke/MemberName 39 java/lang/invoke/DirectMethodHandle$Constructor methods 0
ciMethodData java/util/ImmutableCollections$List12 toArray ([Ljava/lang/Object;)[Ljava/lang/Object; 2 46953 orig 80 0 0 0 0 0 0 0 0 0 0 0 0 242 1 0 0 0 0 0 0 0 0 0 0 0 0 0 0 0 0 0 0 0 0 0 0 0 0 0 0 0 0 0 0 0 0 0 0 0 0 0 0 0 0 0 0 0 0 0 0 0 0 0 0 0 0 0 0 0 0 0 0 0 0 0 0 0 0 0 0 data 76 0x10005 0xb769 0x0 0x0 0x0 0x0 0x0 0x80007 0xb769 0x38 0x0 0xc0003 0x0 0xd0 0x100005 0xb769 0x0 0x0 0x0 0x0 0x0 0x130005 0xb769 0x0 0x0 0x0 0x0 0x0 0x170002 0xb769 0x1a0004 0x0 0x0 0x1f276790f10 0xb769 0x0 0x0 0x240004 0x0 0x0 0x1f27140ae28 0xb769 0x0 0x0 0x270007 0xb769 0x58 0x0 0x300004 0x0 0x0 0x0 0x0 0x0 0x0 0x340007 0xb769 0x58 0x0 0x3a0004 0x0 0x0 0x0 0x0 0x0 0x0 0x0 0x0 0x0 0x0 0x0 0x0 0x9 0x2 0x0 0x0 oops 2 33 [[B 40 [B methods 0
ciMethodData java/util/ImmutableCollections$ListN toArray ([Ljava/lang/Object;)[Ljava/lang/Object; 2 31153 orig 80 0 0 0 0 0 0 0 0 0 0 0 0 242 1 0 0 0 0 0 0 0 0 0 0 0 0 0 0 0 0 0 0 0 0 0 0 0 0 0 0 0 0 0 0 0 0 0 0 0 0 0 0 0 0 0 0 0 0 0 0 0 0 0 0 0 0 0 0 0 0 0 0 0 0 0 0 0 0 0 0 data 36 0x90007 0x0 0x68 0x79b1 0x120005 0x79b1 0x0 0x0 0x0 0x0 0x0 0x150002 0x79b1 0x210002 0x0 0x270007 0x0 0x58 0x0 0x2d0004 0x0 0x0 0x0 0x0 0x0 0x0 0x0 0x0 0x0 0x0 0x0 0x0 0x9 0x2 0x0 0x0 oops 0 methods 0
ciMethodData java/lang/invoke/DirectMethodHandle$Holder invokeStatic (Ljava/lang/Object;Ljava/lang/Object;)Ljava/lang/Object; 1 259 orig 80 0 0 0 0 0 0 0 0 0 0 0 0 0 0 0 0 0 0 0 0 0 0 0 0 0 0 0 0 0 0 0 0 0 0 0 0 0 0 0 0 0 0 0 0 0 0 0 0 0 0 0 0 0 0 0 0 0 0 0 0 0 0 0 0 0 0 0 0 0 0 0 0 0 0 0 0 0 0 0 0 data 37 0x1000a 0x103 0x3 0x0 0x1f2713f7318 0x1f2713f74c8 0x70004 0x0 0x0 0x1f2713f74c8 0xf1 0x0 0x0 0xa000a 0x103 0x5 0x0 0x1f2713f4e78 0x1 0x1f2713f74c8 0x1f2713f4e78 0x0 0x0 0x0 0x0 0x0 0x0 0x9 0x2 0x0 0x0 0xc 0x4 0x0 0x1f2713f7318 0x1 0x1f2713f4e78 oops 8 4 java/lang/invoke/DirectMethodHandle 5 java/lang/invoke/MemberName 9 java/lang/invoke/MemberName 17 java/lang/String 19 java/lang/invoke/MemberName 20 java/lang/String 34 java/lang/invoke/DirectMethodHandle 36 java/lang/String methods 0
ciMethodData java/lang/invoke/DirectMethodHandle$Holder invokeStatic (Ljava/lang/Object;JLjava/lang/Object;)J 1 261 orig 80 0 0 0 0 0 0 0 0 0 0 0 0 0 0 0 0 0 0 0 0 0 0 0 0 0 0 0 0 0 0 0 0 0 0 0 0 0 0 0 0 0 0 0 0 0 0 0 0 0 0 0 0 0 0 0 0 0 0 0 0 0 0 0 0 0 0 0 0 0 0 0 0 0 0 0 0 0 0 0 0 data 38 0x1000a 0x105 0x3 0x0 0x1f2713f7318 0x1f2713f74c8 0xa0004 0x0 0x0 0x1f2713f74c8 0xf3 0x0 0x0 0xd000a 0x105 0x4 0x2 0x1f2713f4e78 0x3 0x1f2713f74c8 0x0 0x0 0x0 0x0 0x0 0x0 0x9 0x4 0x0 0x0 0x0 0x0 0xc 0x4 0x0 0x1f2713f7318 0x3 0x1f2713f4e78 oops 7 4 java/lang/invoke/DirectMethodHandle 5 java/lang/invoke/MemberName 9 java/lang/invoke/MemberName 17 java/lang/String 19 java/lang/invoke/MemberName 35 java/lang/invoke/DirectMethodHandle 37 java/lang/String methods 0
ciMethodData java/lang/invoke/DirectMethodHandle$Holder invokeStatic (Ljava/lang/Object;JLjava/lang/Object;Ljava/lang/Object;Ljava/lang/Object;)J 1 261 orig 80 0 0 0 0 0 0 0 0 0 0 0 0 0 0 0 0 0 0 0 0 0 0 0 0 0 0 0 0 0 0 0 0 0 0 0 0 0 0 0 0 0 0 0 0 0 0 0 0 0 0 0 0 0 0 0 0 0 0 0 0 0 0 0 0 0 0 0 0 0 0 0 0 0 0 0 0 0 0 0 0 data 40 0x1000a 0x105 0x3 0x0 0x1f2713f7318 0x1f2713f74c8 0xe0004 0x0 0x0 0x1f2713f74c8 0xf3 0x0 0x0 0x11000a 0x105 0x4 0x2 0x1f27140ae28 0x3 0x1f2713f4e78 0x0 0x0 0x0 0x0 0x0 0x0 0x9 0x6 0x0 0x0 0x0 0x0 0x0 0x0 0xc 0x4 0x0 0x1f2713f7318 0x3 0x1f27140ae28 oops 7 4 java/lang/invoke/DirectMethodHandle 5 java/lang/invoke/MemberName 9 java/lang/invoke/MemberName 17 [B 19 java/lang/String 37 java/lang/invoke/DirectMethodHandle 39 [B methods 0
ciMethodData java/lang/StringConcatHelper prepend (J[BLjava/lang/String;Ljava/lang/String;)J 1 261 orig 80 0 0 0 0 0 0 0 0 0 0 0 0 0 0 0 0 0 0 0 0 0 0 0 0 0 0 0 0 0 0 0 0 0 0 0 0 0 0 0 0 0 0 0 0 0 0 0 0 0 0 0 0 0 0 0 0 0 0 0 0 0 0 0 0 0 0 0 0 0 0 0 0 0 0 0 0 0 0 0 0 data 21 0x30002 0x105 0x90007 0x42 0x30 0xc3 0x100002 0xc3 0x0 0x0 0x0 0x0 0x0 0x0 0x9 0x5 0x0 0x0 0xffffffffffffffff 0x0 0x0 oops 0 methods 0
ciMethodData java/security/SecureRandom nextBytes ([B)V 1 2 orig 80 0 0 0 0 0 0 0 0 0 0 0 0 242 1 0 0 0 0 0 0 0 0 0 0 0 0 0 0 0 0 0 0 0 0 0 0 0 0 0 0 0 0 0 0 0 0 0 0 0 0 0 0 0 0 0 0 0 0 0 0 0 0 0 0 0 0 0 0 0 0 0 0 0 0 0 0 0 0 0 0 data 36 0x10002 0x2 0x90007 0x0 0x70 0x2 0x110005 0x0 0x0 0x1f2774dd7b0 0x2 0x0 0x0 0x140003 0x2 0x68 0x200005 0x0 0x0 0x0 0x0 0x0 0x0 0x250003 0x0 0x18 0x0 0x0 0x0 0x0 0x0 0x0 0x9 0x2 0x0 0x0 oops 1 9 sun/security/provider/DRBG methods 0
ciMethodData java/util/Map of ()Ljava/util/Map; 1 4 orig 80 0 0 0 0 0 0 0 0 0 0 0 0 242 1 0 0 0 0 0 0 0 0 0 0 0 0 0 0 0 0 0 0 0 0 0 0 0 0 0 0 0 0 0 0 0 0 0 0 0 0 0 0 0 0 0 0 0 0 0 0 0 0 0 0 0 0 0 0 0 0 0 0 0 0 0 0 0 0 0 0 data 4 0x0 0x0 0x9 0x0 oops 0 methods 0
ciMethodData java/util/HashMap getOrDefault (Ljava/lang/Object;Ljava/lang/Object;)Ljava/lang/Object; 1 2 orig 80 0 0 0 0 0 0 0 0 0 0 0 0 242 1 0 0 0 0 0 0 0 0 0 0 0 0 0 0 0 0 0 0 0 0 0 0 0 0 0 0 0 0 0 0 0 0 0 0 0 0 0 0 0 0 0 0 0 0 0 0 0 0 0 0 0 0 0 0 0 0 0 0 0 0 0 0 0 0 0 0 data 25 0x20005 0x2 0x0 0x0 0x0 0x0 0x0 0x70007 0x2 0x38 0x0 0xb0003 0x0 0x18 0x0 0x0 0x0 0x0 0x0 0x0 0x9 0x3 0x0 0xffffffffffffffff 0x0 oops 0 methods 0
ciMethodData java/util/TreeSet <init> ()V 1 5 orig 80 0 0 0 0 0 0 0 0 0 0 0 0 242 1 0 0 0 0 0 0 0 0 0 0 0 0 0 0 0 0 0 0 0 0 0 0 0 0 0 0 0 0 0 0 0 0 0 0 0 0 0 0 0 0 0 0 0 0 0 0 0 0 0 0 0 0 0 0 0 0 0 0 0 0 0 0 0 0 0 0 data 10 0x50002 0x5 0x80002 0x5 0x0 0x0 0x0 0x9 0x1 0x0 oops 0 methods 0
ciMethodData java/util/TreeMap <init> ()V 1 5 orig 80 0 0 0 0 0 0 0 0 0 0 0 0 242 1 0 0 0 0 0 0 0 0 0 0 0 0 0 0 0 0 0 0 0 0 0 0 0 0 0 0 0 0 0 0 0 0 0 0 0 0 0 0 0 0 0 0 0 0 0 0 0 0 0 0 0 0 0 0 0 0 0 0 0 0 0 0 0 0 0 0 data 9 0x10002 0x5 0x0 0x0 0x0 0x0 0x9 0x1 0x1c oops 0 methods 0
ciMethodData java/util/TreeSet <init> (Ljava/util/NavigableMap;)V 1 5 orig 80 0 0 0 0 0 0 0 0 0 0 0 0 242 1 0 0 0 0 0 0 0 0 0 0 0 0 0 0 0 0 0 0 0 0 0 0 0 0 0 0 0 0 0 0 0 0 0 0 0 0 0 0 0 0 0 0 0 0 0 0 0 0 0 0 0 0 0 0 0 0 0 0 0 0 0 0 0 0 0 0 data 10 0x10002 0x5 0x0 0x0 0x0 0x0 0x9 0x2 0x0 0x0 oops 0 methods 0
ciMethodData java/util/TreeMap$PrivateEntryIterator hasNext ()Z 1 0 orig 80 0 0 0 0 0 0 0 0 0 0 0 0 242 1 0 0 0 0 0 0 0 0 0 0 0 0 0 0 0 0 0 0 0 0 0 0 0 0 0 0 0 0 0 0 0 0 0 0 0 0 0 0 0 0 0 0 0 0 0 0 0 0 0 0 0 0 0 0 0 0 0 0 0 0 0 0 0 0 0 0 data 16 0x40007 0x0 0x38 0x0 0x80003 0x0 0x18 0x0 0x0 0x0 0x0 0x0 0x0 0x9 0x1 0x0 oops 0 methods 0
ciMethodData java/util/TreeMap$PrivateEntryIterator nextEntry ()Ljava/util/TreeMap$Entry; 1 0 orig 80 0 0 0 0 0 0 0 0 0 0 0 0 242 1 0 0 0 0 0 0 0 0 0 0 0 0 0 0 0 0 0 0 0 0 0 0 0 0 0 0 0 0 0 0 0 0 0 0 0 0 0 0 0 0 0 0 0 0 0 0 0 0 0 0 0 0 0 0 0 0 0 0 0 0 0 0 0 0 0 0 data 23 0x60007 0x0 0x30 0x0 0xd0002 0x0 0x1c0007 0x0 0x30 0x0 0x230002 0x0 0x290002 0x0 0x0 0x0 0x0 0x0 0x0 0x0 0x9 0x1 0xc oops 0 methods 0
ciMethod com/naqqa/elasticsearch/store/Directory createOutput (Ljava/lang/String;Lcom/naqqa/elasticsearch/store/IOContext;)Lcom/naqqa/elasticsearch/store/IndexOutput; 0 0 1 0 -1
ciMethod com/naqqa/elasticsearch/store/FSDirectory createOutput (Ljava/lang/String;Lcom/naqqa/elasticsearch/store/IOContext;)Lcom/naqqa/elasticsearch/store/IndexOutput; 2 0 38 0 0
ciMethod com/naqqa/elasticsearch/store/FSDirectory deletePendingFiles ()V 0 0 1 0 -1
ciMethod com/naqqa/elasticsearch/store/FSDirectory maybeDeletePendingFiles ()V 76 0 38 0 0
ciMethod com/naqqa/elasticsearch/store/FSDirectory privateDeleteFile (Ljava/lang/String;Z)V 0 0 1 0 0
ciMethod com/naqqa/elasticsearch/store/FSDirectory isWindows ()Z 0 0 1 0 -1
ciMethod com/naqqa/elasticsearch/store/BaseDirectory ensureOpen ()V 168 0 84 0 0
ciMethod com/naqqa/elasticsearch/store/AlreadyClosedException <init> (Ljava/lang/String;)V 0 0 1 0 -1
ciMethod com/naqqa/elasticsearch/store/IndexOutput <init> (Ljava/lang/String;Ljava/lang/String;)V 76 0 38 0 0
ciMethod com/naqqa/elasticsearch/store/IndexOutput close ()V 0 0 1 0 -1
ciMethod com/naqqa/elasticsearch/store/IndexOutput getFilePointer ()J 0 0 1 0 -1
ciMethod com/naqqa/elasticsearch/store/DataOutput <init> ()V 518 0 59183 0 0
ciMethod com/naqqa/elasticsearch/store/DataOutput writeByte (B)V 0 0 1 0 -1
ciMethod com/naqqa/elasticsearch/store/DataOutput writeBytes ([BII)V 0 0 1 0 -1
ciMethod com/naqqa/elasticsearch/store/DataOutput writeInt (I)V 0 0 1 0 -1
ciMethod com/naqqa/elasticsearch/store/DataOutput writeLong (J)V 0 0 1 0 -1
ciMethod com/naqqa/elasticsearch/store/DataOutput writeVInt (I)V 1024 16620 695707 0 -1
ciMethod com/naqqa/elasticsearch/store/DataOutput writeVLong (J)V 768 256 164924 0 -1
ciMethod com/naqqa/elasticsearch/store/DataOutput writeString (Ljava/lang/String;)V 164 0 82 0 -1
ciMethod com/naqqa/elasticsearch/store/DataOutput writeMapOfStrings (Ljava/util/Map;)V 32 0 16 0 -1
ciMethod com/naqqa/elasticsearch/store/DataOutput writeSetOfStrings (Ljava/util/Set;)V 4 72 2 0 -1
ciMethod com/naqqa/elasticsearch/store/DataOutput vIntSize (I)I 430 4 612 0 -1
ciMethod com/naqqa/elasticsearch/store/FSDirectory$FSIndexOutput <init> (Ljava/lang/String;Ljava/nio/file/Path;)V 76 0 38 0 0
ciMethod com/naqqa/elasticsearch/store/FSDirectory$FSIndexOutput flushBuffer ()V 324 0 422 0 -1
ciMethod com/naqqa/elasticsearch/store/FSDirectory$FSIndexOutput close ()V 0 0 38 0 0
ciMethod  @bci com/naqqa/elasticsearch/codec/Codec liveDocsFileName (Ljava/lang/String;J)Ljava/lang/String; 7 <appendix> argL2 form vmentry <vmtarget> ; invoke (Ljava/lang/Object;J)Ljava/lang/Object; 218 0 109 0 -1
ciMethod com/naqqa/elasticsearch/index/mapper/IndexedTerm <init> (Ljava/lang/String;III)V 770 0 172632 0 296
ciMethod com/naqqa/elasticsearch/index/mapper/IndexedTerm term ()Ljava/lang/String; 260 0 130 0 -1
ciMethod com/naqqa/elasticsearch/index/mapper/IndexedTerm position ()I 0 0 1 0 0
ciMethod com/naqqa/elasticsearch/index/mapper/IndexedTerm startOffset ()I 0 0 1 0 0
ciMethod com/naqqa/elasticsearch/index/mapper/IndexedTerm endOffset ()I 0 0 1 0 0
ciMethod com/naqqa/elasticsearch/index/mapper/IndexableField storeTermVectors ()Z 1024 0 157510 0 112
ciMethod com/naqqa/elasticsearch/index/mapper/IndexableField name ()Ljava/lang/String; 264 0 132 0 0
ciMethod com/naqqa/elasticsearch/index/mapper/IndexableField kind ()Lcom/naqqa/elasticsearch/index/mapper/IndexableField$Kind; 406 0 203 0 0
ciMethod com/naqqa/elasticsearch/index/mapper/IndexableField norms ()Z 594 0 297 0 0
ciMethod com/naqqa/elasticsearch/index/mapper/IndexableField terms ()Ljava/util/List; 264 0 132 0 0
ciMethod com/naqqa/elasticsearch/index/mapper/IndexableField sortedSetValues ()Ljava/util/List; 264 0 132 0 0
ciMethod com/naqqa/elasticsearch/index/mapper/IndexableField binaryValue ()[B 264 0 132 0 0
ciMethod com/naqqa/elasticsearch/common/json/JsonWriter toJsonBytes (Ljava/lang/Object;Z)[B 772 0 36696 0 -1
ciMethod com/naqqa/elasticsearch/index/mapper/ParsedDocument rootFields ()Ljava/util/List; 262 0 131 0 0
ciMethod com/naqqa/elasticsearch/index/mapper/ParsedDocument source ()Lcom/naqqa/elasticsearch/common/json/JsonObject; 0 0 1 0 -1
ciMethod com/naqqa/elasticsearch/index/engine/BufferedDoc id ()Ljava/lang/String; 382 0 191 0 0
ciMethod com/naqqa/elasticsearch/index/engine/BufferedDoc seqNo ()J 256 0 128 0 0
ciMethod com/naqqa/elasticsearch/index/engine/BufferedDoc primaryTerm ()J 256 0 128 0 0
ciMethod com/naqqa/elasticsearch/index/engine/BufferedDoc version ()J 256 0 128 0 0
ciMethod com/naqqa/elasticsearch/index/engine/BufferedDoc doc ()Lcom/naqqa/elasticsearch/index/mapper/ParsedDocument; 894 0 447 0 0
ciMethodData com/naqqa/elasticsearch/index/mapper/IndexedTerm <init> (Ljava/lang/String;III)V 2 172739 orig 80 0 0 0 0 0 0 0 0 0 0 0 0 242 1 0 0 0 0 0 0 0 0 0 0 0 0 0 0 0 0 0 0 0 0 0 0 0 0 0 0 0 0 0 0 0 0 0 0 0 0 0 0 0 0 0 0 0 0 0 0 0 0 0 0 0 0 0 0 0 0 0 0 0 0 0 0 0 0 0 0 data 13 0x10002 0x2a2c3 0x0 0x0 0x0 0x0 0x9 0x5 0xe 0x0 0x0 0x0 0x0 oops 0 methods 0
ciMethod com/naqqa/elasticsearch/index/engine/segment/SegmentWriter write (Lcom/naqqa/elasticsearch/store/Directory;Ljava/lang/String;Ljava/util/List;)Lcom/naqqa/elasticsearch/codec/segment/SegmentInfo; 2 121390 2 0 -1
ciMethod com/naqqa/elasticsearch/index/engine/segment/SegmentWriter extractSourceBytes (Lcom/naqqa/elasticsearch/index/mapper/ParsedDocument;)[B 460 4140 15779 0 1800
ciMethod com/naqqa/elasticsearch/index/engine/segment/SegmentWriter fieldLengthOf (Ljava/util/Map;Ljava/lang/String;I)I 0 0 157510 0 0
ciMethod com/naqqa/elasticsearch/index/engine/segment/SegmentWriter termVectorsFileName (Ljava/lang/String;Ljava/lang/String;)Ljava/lang/String; 0 0 1 0 0
ciMethod com/naqqa/elasticsearch/index/engine/segment/SegmentWriter flatten (Ljava/util/List;)Ljava/util/List; 2 31558 2 0 -1
ciMethod com/naqqa/elasticsearch/index/engine/segment/SegmentWriter addPoint (Ljava/util/Map;Lcom/naqqa/elasticsearch/index/mapper/IndexableField;I)V 0 0 1 0 -1
ciMethod com/naqqa/elasticsearch/index/engine/segment/SegmentWriter addVector (Ljava/util/Map;Lcom/naqqa/elasticsearch/index/mapper/IndexableField;I)V 0 0 1 0 -1
ciMethod com/naqqa/elasticsearch/index/engine/segment/SegmentWriter addTerm (Ljava/util/Map;Ljava/lang/String;ILcom/naqqa/elasticsearch/index/mapper/IndexedTerm;Z)V 792 0 94674 0 2616
ciMethod com/naqqa/elasticsearch/index/engine/segment/SegmentWriter sortTerms (Ljava/util/Map;)Ljava/util/List; 0 0 10 0 0
ciMethod com/naqqa/elasticsearch/index/engine/segment/SegmentWriter$FlatDoc source ()Lcom/naqqa/elasticsearch/index/engine/BufferedDoc; 256 0 128 0 0
ciMethod com/naqqa/elasticsearch/index/engine/segment/SegmentWriter$FlatDoc fields ()Ljava/util/List; 256 0 128 0 0
ciMethod com/naqqa/elasticsearch/index/engine/segment/SegmentWriter$FlatDoc nested ()Z 260 0 130 0 0
ciMethod com/naqqa/elasticsearch/codec/storedfields/StoredFieldsWriter <init> (Lcom/naqqa/elasticsearch/store/IndexOutput;B)V 2 0 2 0 -1
ciMethod com/naqqa/elasticsearch/codec/storedfields/StoredFieldsWriter addDocument ([B)I 752 0 31502 0 0
ciMethod com/naqqa/elasticsearch/codec/storedfields/StoredFieldsWriter flushBlock ()V 284 36124 247 0 0
ciMethod com/naqqa/elasticsearch/codec/storedfields/StoredFieldsWriter compress ([BB)[B 236 0 247 0 -1
ciMethod com/naqqa/elasticsearch/codec/storedfields/StoredFieldsWriter finish ()V 0 0 2 0 0
ciMethod com/naqqa/elasticsearch/codec/storedfields/StoredFieldsWriter close ()V 0 0 2 0 0
ciMethod com/naqqa/elasticsearch/codec/Codec segmentFileName (Ljava/lang/String;Ljava/lang/String;)Ljava/lang/String; 2 0 16 0 0
ciMethod com/naqqa/elasticsearch/codec/Codec fieldFileName (Ljava/lang/String;Ljava/lang/String;Ljava/lang/String;)Ljava/lang/String; 0 0 60 0 -1
ciMethod com/naqqa/elasticsearch/codec/Codec termsDictFileName (Ljava/lang/String;Ljava/lang/String;)Ljava/lang/String; 0 0 20 0 0
ciMethod com/naqqa/elasticsearch/codec/Codec postingsFileName (Ljava/lang/String;Ljava/lang/String;)Ljava/lang/String; 0 0 20 0 0
ciMethod com/naqqa/elasticsearch/codec/Codec storedFieldsFileName (Ljava/lang/String;)Ljava/lang/String; 2 0 6 0 0
ciMethod com/naqqa/elasticsearch/codec/Codec docValuesFileName (Ljava/lang/String;Ljava/lang/String;)Ljava/lang/String; 0 0 16 0 0
ciMethod com/naqqa/elasticsearch/codec/Codec normsFileName (Ljava/lang/String;Ljava/lang/String;)Ljava/lang/String; 0 0 4 0 0
ciMethod com/naqqa/elasticsearch/codec/Codec liveDocsFileName (Ljava/lang/String;J)Ljava/lang/String; 0 0 4 0 0
ciMethod com/naqqa/elasticsearch/codec/Codec fieldInfosFileName (Ljava/lang/String;)Ljava/lang/String; 0 0 6 0 0
ciMethod com/naqqa/elasticsearch/codec/Codec segmentInfoFileName (Ljava/lang/String;)Ljava/lang/String; 0 0 4 0 0
ciMethod com/naqqa/elasticsearch/codec/Codec vectorsFileName (Ljava/lang/String;Ljava/lang/String;)Ljava/lang/String; 0 0 1 0 0
ciMethod  @bci com/naqqa/elasticsearch/codec/Codec liveDocsFileName (Ljava/lang/String;J)Ljava/lang/String; 7 <appendix> argL1 argL0 form vmentry <vmtarget> ; invoke (Ljava/lang/Object;JLjava/lang/Object;Ljava/lang/Object;)J 126 0 324 0 -1
ciMethodData  @bci com/naqqa/elasticsearch/codec/Codec liveDocsFileName (Ljava/lang/String;J)Ljava/lang/String; 7 <appendix> argL1 argL0 form vmentry <vmtarget> ; invoke (Ljava/lang/Object;JLjava/lang/Object;Ljava/lang/Object;)J 1 261 orig 80 0 0 0 0 0 0 0 0 0 0 0 0 0 0 0 0 0 0 0 0 0 0 0 0 0 0 0 0 0 0 0 0 0 0 0 0 0 0 0 0 0 0 0 0 0 0 0 0 0 0 0 0 0 0 0 0 0 0 0 0 0 0 0 0 0 0 0 0 0 0 0 0 0 0 0 0 0 0 0 0 data 45 0x10004 0x0 0x0 0x1f27677f980 0xf3 0x0 0x0 0x130004 0x0 0x0 0x1f2713f7318 0xf3 0x0 0x0 0x1c000b 0x105 0x0 0x0 0x0 0x0 0x0 0x4 0x3 0x1f27140ae28 0x4 0x1f2713f4e78 0x0 0x0 0x0 0x0 0x0 0x0 0x9 0x5 0x0 0x0 0x0 0x0 0x0 0xc 0x4 0x0 0x1f27677f980 0x3 0x1f27140ae28 oops 6 3 java/lang/invoke/BoundMethodHandle$Species_LL 10 java/lang/invoke/DirectMethodHandle 23 [B 25 java/lang/String 42 java/lang/invoke/BoundMethodHandle$Species_LL 44 [B methods 0
ciMethod  @bci com/naqqa/elasticsearch/store/FSDirectory$FSIndexOutput <init> (Ljava/lang/String;Ljava/nio/file/Path;)V 5 <appendix> argL3 form vmentry <vmtarget> ; invoke (Ljava/lang/Object;Ljava/lang/Object;)J 208 0 104 0 -1
ciMethod  @bci com/naqqa/elasticsearch/store/FSDirectory$FSIndexOutput <init> (Ljava/lang/String;Ljava/nio/file/Path;)V 5 <appendix> form vmentry <vmtarget> ; invoke (Ljava/lang/Object;Ljava/lang/Object;)Ljava/lang/Object; 208 0 104 0 -1
ciMethod com/naqqa/elasticsearch/store/CodecUtil writeHeader (Lcom/naqqa/elasticsearch/store/DataOutput;Ljava/lang/String;I)V 18 0 28 0 -1
ciMethod com/naqqa/elasticsearch/store/CodecUtil writeIndexHeader (Lcom/naqqa/elasticsearch/store/DataOutput;Ljava/lang/String;I[BLjava/lang/String;)V 4 0 2 0 -1
ciMethod com/naqqa/elasticsearch/store/CodecUtil writeFooter (Lcom/naqqa/elasticsearch/store/IndexOutput;)V 16 0 27 0 -1
ciMethod com/naqqa/elasticsearch/store/CodecUtil idToString ([B)Ljava/lang/String; 0 0 1 0 -1
ciMethod  @bci com/naqqa/elasticsearch/index/engine/segment/SegmentWriter write (Lcom/naqqa/elasticsearch/store/Directory;Ljava/lang/String;Ljava/util/List;)Lcom/naqqa/elasticsearch/codec/segment/SegmentInfo; 404 <appendix> member <vmtarget> ; <init> (I)V 1024 0 157510 0 88
ciMethod  @bci com/naqqa/elasticsearch/index/engine/segment/SegmentWriter write (Lcom/naqqa/elasticsearch/store/Directory;Ljava/lang/String;Ljava/util/List;)Lcom/naqqa/elasticsearch/codec/segment/SegmentInfo; 627 <appendix> member <vmtarget> ; <init> (I)V 776 0 126008 0 88
ciMethod com/naqqa/elasticsearch/index/engine/segment/StoredDocCodec encode (Ljava/lang/String;JJJ[BLjava/util/Map;)[B 512 512 31502 0 12368
ciMethod com/naqqa/elasticsearch/store/BytesDataOutput <init> ()V 1452 0 27740 0 -1
ciMethod com/naqqa/elasticsearch/store/BytesDataOutput <init> (I)V 516 0 59145 0 -1
ciMethod com/naqqa/elasticsearch/store/BytesDataOutput ensureCapacity (I)V 408 0 80801 0 -1
ciMethod com/naqqa/elasticsearch/store/BytesDataOutput writeBytes ([BII)V 832 0 78895 0 -1
ciMethod com/naqqa/elasticsearch/store/BytesDataOutput size ()I 496 0 248 0 -1
ciMethod com/naqqa/elasticsearch/store/BytesDataOutput getBytes ()[B 1024 0 512 0 -1
ciMethod com/naqqa/elasticsearch/store/BytesDataOutput toArrayCopy ()[B 558 0 31823 0 -1
ciMethodData com/naqqa/elasticsearch/store/BytesDataOutput ensureCapacity (I)V 2 80597 orig 80 0 0 0 0 0 0 0 0 0 0 0 0 242 1 0 0 0 0 0 0 0 0 0 0 0 0 0 0 0 0 0 0 0 0 0 0 0 0 0 0 0 0 0 0 0 0 0 0 0 0 0 0 0 0 0 0 0 0 0 0 0 0 0 0 0 0 0 0 0 0 0 0 0 0 0 0 0 0 0 0 data 28 0x80007 0x13ad5 0x30 0x0 0x110002 0x0 0x1b0007 0x13a8d 0x60 0x48 0x2c0002 0x48 0x310007 0x48 0x20 0x0 0x3d0002 0x48 0x0 0x0 0x0 0x0 0x0 0x0 0x9 0x2 0xc 0x0 oops 0 methods 0
ciMethodData com/naqqa/elasticsearch/index/engine/segment/SegmentWriter addTerm (Ljava/util/Map;Ljava/lang/String;ILcom/naqqa/elasticsearch/index/mapper/IndexedTerm;Z)V 2 94278 orig 80 0 0 0 0 0 0 0 0 0 0 0 0 242 1 0 0 0 0 0 0 0 0 0 0 0 0 0 0 0 0 0 0 0 0 0 0 0 0 0 0 0 0 0 0 0 0 0 0 0 0 0 0 0 0 0 0 0 0 0 0 0 0 0 0 0 0 0 0 0 0 0 0 0 0 0 0 0 0 0 0 data 87 0x2000a 0x17046 0x1 0x1f2774da9f8 0x70005 0x0 0x0 0x1f276790d48 0x17046 0x0 0x0 0xc0004 0x0 0x0 0x1f276791238 0x17046 0x0 0x0 0x130007 0x132e5 0x20 0x3d61 0x220005 0x17046 0x0 0x0 0x0 0x0 0x0 0x25000a 0x17046 0x1 0x1f276ffb4d0 0x2a0005 0x0 0x0 0x1f276790be8 0x17046 0x0 0x0 0x2f0004 0x0 0x0 0x1f276790d48 0x17046 0x0 0x0 0x370002 0x17046 0x3a000a 0x17046 0x1 0x1f276ffb580 0x3f0005 0x0 0x0 0x1f276790d48 0x17046 0x0 0x0 0x440004 0x0 0x0 0x1f2713f88d8 0x17046 0x0 0x0 0x480005 0x0 0x0 0x1f2713f88d8 0x17046 0x0 0x0 0x0 0x0 0x0 0x0 0x0 0x0 0x9 0x5 0xffffffffffffffff 0xffffffffffffffff 0x0 0xffffffffffffffff 0x0 oops 10 3  @bci com/naqqa/elasticsearch/index/engine/segment/SegmentWriter addTerm (Ljava/util/Map;Ljava/lang/String;ILcom/naqqa/elasticsearch/index/mapper/IndexedTerm;Z)V 2 <appendix> argL0 ; 7 java/util/LinkedHashMap 14 com/naqqa/elasticsearch/index/engine/segment/SegmentWriter$FieldBuild 32  @bci com/naqqa/elasticsearch/index/engine/segment/SegmentWriter addTerm (Ljava/util/Map;Ljava/lang/String;ILcom/naqqa/elasticsearch/index/mapper/IndexedTerm;Z)V 37 <appendix> argL0 ; 36 java/util/HashMap 43 java/util/LinkedHashMap 52  @bci com/naqqa/elasticsearch/index/engine/segment/SegmentWriter addTerm (Ljava/util/Map;Ljava/lang/String;ILcom/naqqa/elasticsearch/index/mapper/IndexedTerm;Z)V 58 <appendix> argL0 ; 56 java/util/LinkedHashMap 63 java/util/ArrayList 70 java/util/ArrayList methods 0
ciMethodData  @bci com/naqqa/elasticsearch/index/engine/segment/SegmentWriter write (Lcom/naqqa/elasticsearch/store/Directory;Ljava/lang/String;Ljava/util/List;)Lcom/naqqa/elasticsearch/codec/segment/SegmentInfo; 627 <appendix> member <vmtarget> ; <init> (I)V 2 125620 orig 80 0 0 0 0 0 0 0 0 0 0 0 0 242 1 0 0 0 0 0 0 0 0 0 0 0 0 0 0 0 0 0 0 0 0 0 0 0 0 0 0 0 0 0 0 0 0 0 0 0 0 0 0 0 0 0 0 0 0 0 0 0 0 0 0 0 0 0 0 0 0 0 0 0 0 0 0 0 0 0 0 data 10 0x10002 0x1eab4 0x0 0x0 0x0 0x0 0x9 0x2 0x6 0x0 oops 0 methods 0
ciMethodData  @bci com/naqqa/elasticsearch/index/engine/segment/SegmentWriter write (Lcom/naqqa/elasticsearch/store/Directory;Ljava/lang/String;Ljava/util/List;)Lcom/naqqa/elasticsearch/codec/segment/SegmentInfo; 404 <appendix> member <vmtarget> ; <init> (I)V 2 156998 orig 80 0 0 0 0 0 0 0 0 0 0 0 0 0 0 0 0 0 0 0 0 0 0 0 0 0 0 0 0 0 0 0 0 0 0 0 0 0 0 0 0 0 0 0 0 0 0 0 0 0 0 0 0 0 0 0 0 0 0 0 0 0 0 0 0 0 0 0 0 0 0 0 0 0 0 0 0 0 0 0 0 data 10 0x10002 0x26547 0x0 0x0 0x0 0x0 0x9 0x2 0x6 0x0 oops 0 methods 0
ciMethodData com/naqqa/elasticsearch/index/mapper/IndexableField storeTermVectors ()Z 2 156998 orig 80 0 0 0 0 0 0 0 0 0 0 0 0 0 0 0 0 0 0 0 0 0 0 0 0 0 0 0 0 0 0 0 0 0 0 0 0 0 0 0 0 0 0 0 0 0 0 0 0 0 0 0 0 0 0 0 0 0 0 0 0 0 0 0 0 0 0 0 0 0 0 0 0 0 0 0 0 0 0 0 0 data 13 0x60007 0x26547 0x38 0x0 0xa0003 0x0 0x18 0x0 0x0 0x0 0x9 0x1 0x0 oops 0 methods 0
ciMethodData com/naqqa/elasticsearch/store/DataOutput writeVInt (I)V 2 695195 orig 80 0 0 0 0 0 0 0 0 0 0 0 0 0 0 0 0 0 0 0 0 0 0 0 0 0 0 0 0 0 0 0 0 0 0 0 0 0 0 0 0 0 0 0 0 0 0 0 0 0 0 0 0 0 0 0 0 0 0 0 0 0 0 0 0 0 0 0 0 0 0 0 0 0 0 0 0 0 0 0 0 data 31 0x40007 0xa9b9c 0x70 0x15817 0x110005 0x14bb0 0x0 0x1f276791400 0x297 0x1f271b5f720 0x9d0 0x190003 0x15817 0xffffffffffffffa8 0x1f0005 0x781bd 0x0 0x1f271b5f720 0x212b 0x1f276791400 0x2f8b4 0x0 0x0 0x0 0x0 0x0 0x0 0x9 0x2 0xffffffffffffffff 0x0 oops 4 7 com/naqqa/elasticsearch/store/FSDirectory$FSIndexOutput 9 com/naqqa/elasticsearch/store/BytesDataOutput 17 com/naqqa/elasticsearch/store/BytesDataOutput 19 com/naqqa/elasticsearch/store/FSDirectory$FSIndexOutput methods 0
ciMethodData com/naqqa/elasticsearch/store/BytesDataOutput writeBytes ([BII)V 2 78479 orig 80 0 0 0 0 0 0 0 0 0 0 0 0 242 1 0 0 0 0 0 0 0 0 0 0 0 0 0 0 0 0 0 0 0 0 0 0 0 0 0 0 0 0 0 0 0 0 0 0 0 0 0 0 0 0 0 0 0 0 0 0 0 0 0 0 0 0 0 0 0 0 0 0 0 0 0 0 0 0 0 0 data 21 0x20005 0x1328f 0x0 0x0 0x0 0x0 0x0 0x100002 0x1328f 0x0 0x0 0x0 0x0 0x0 0x0 0x9 0x4 0xc 0xffffffffffffffff 0x0 0x0 oops 0 methods 0
ciMethodData com/naqqa/elasticsearch/index/engine/segment/SegmentWriter extractSourceBytes (Lcom/naqqa/elasticsearch/index/mapper/ParsedDocument;)[B 2 15549 orig 80 0 0 0 0 0 0 0 0 0 0 0 0 242 1 0 0 0 0 0 0 0 0 0 0 0 0 0 0 0 0 0 0 0 0 0 0 0 0 0 0 0 0 0 0 0 0 0 0 0 0 0 0 0 0 0 0 0 0 0 0 0 0 0 0 0 0 0 0 0 0 0 0 0 0 0 0 0 0 0 0 data 96 0x10005 0x3cbd 0x0 0x0 0x0 0x0 0x0 0x40005 0x0 0x0 0x1f2713f88d8 0x3cbd 0x0 0x0 0xb0005 0x0 0x0 0x1f276790718 0x25f62 0x0 0x0 0x100007 0x0 0x1c8 0x25f62 0x140005 0x0 0x0 0x1f276790718 0x25f62 0x0 0x0 0x190004 0x0 0x0 0x1f2767907c8 0x25f62 0x0 0x0 0x1e0005 0x25f62 0x0 0x0 0x0 0x0 0x0 0x240007 0x1e5e8 0xe8 0x797a 0x2a0005 0x797a 0x0 0x0 0x0 0x0 0x0 0x2d0005 0x797a 0x0 0x0 0x0 0x0 0x0 0x300007 0x3cbd 0x58 0x3cbd 0x340005 0x3cbd 0x0 0x0 0x0 0x0 0x0 0x380003 0x222a5 0xfffffffffffffe18 0x3c0005 0x0 0x0 0x0 0x0 0x0 0x0 0x400002 0x0 0x0 0x0 0x0 0x0 0x0 0x0 0x9 0x1 0x0 oops 4 10 java/util/ArrayList 17 java/util/ArrayList$Itr 28 java/util/ArrayList$Itr 35 com/naqqa/elasticsearch/index/mapper/IndexableField methods 0
ciMethodData com/naqqa/elasticsearch/index/engine/segment/StoredDocCodec encode (Ljava/lang/String;JJJ[BLjava/util/Map;)[B 2 31246 orig 80 0 0 0 0 0 0 0 0 0 0 0 0 242 1 0 0 0 0 0 0 0 0 0 0 0 0 0 0 0 0 0 0 0 0 0 0 0 0 0 0 0 0 0 0 0 0 0 0 0 0 0 0 0 0 0 0 0 0 0 0 0 0 0 0 0 0 0 0 0 0 0 0 0 0 0 0 0 0 0 0 data 203 0xa0002 0x7a0e 0x130005 0x7a0e 0x0 0x0 0x0 0x0 0x0 0x1d0005 0x7a0e 0x0 0x0 0x0 0x0 0x0 0x280005 0x7a0e 0x0 0x0 0x0 0x0 0x0 0x2e0005 0x7a0e 0x0 0x0 0x0 0x0 0x0 0x340005 0x7a0e 0x0 0x0 0x0 0x0 0x0 0x3b0005 0x7a0e 0x0 0x0 0x0 0x0 0x0 0x430005 0x7a0e 0x0 0x0 0x0 0x0 0x0 0x4e0005 0x7a0e 0x0 0x0 0x0 0x0 0x0 0x550005 0x0 0x0 0x1f276790d48 0x7a0e 0x0 0x0 0x5a0005 0x7a0e 0x0 0x0 0x0 0x0 0x0 0x5f0005 0x0 0x0 0x1f276790d48 0x7a0e 0x0 0x0 0x640005 0x0 0x0 0x1f276790f78 0x7a0e 0x0 0x0 0x6d0005 0x0 0x0 0x1f276791028 0xf41c 0x0 0x0 0x720007 0x7a0e 0x2a0 0x7a0e 0x770005 0x0 0x0 0x1f276791028 0x7a0e 0x0 0x0 0x7c0004 0x0 0x0 0x1f2767916c0 0x7a0e 0x0 0x0 0x830005 0x0 0x0 0x1f2767916c0 0x7a0e 0x0 0x0 0x880004 0x0 0x0 0x1f2713f4e78 0x7a0e 0x0 0x0 0x8e0005 0x7a0e 0x0 0x0 0x0 0x0 0x0 0x980005 0x7a0e 0x0 0x0 0x0 0x0 0x0 0xa30005 0x7a0e 0x0 0x0 0x0 0x0 0x0 0xa80005 0x0 0x0 0x1f2767916c0 0x7a0e 0x0 0x0 0xad0004 0x0 0x0 0x1f27140ae28 0x7a0e 0x0 0x0 0xb70005 0x7a0e 0x0 0x0 0x0 0x0 0x0 0xc20005 0x7a0e 0x0 0x0 0x0 0x0 0x0 0xc50003 0x7a0e 0xfffffffffffffd40 0xca0005 0x7a0e 0x0 0x0 0x0 0x0 0x0 0xd60002 0x0 0x0 0x0 0x0 0x0 0x0 0x0 0x9 0x9 0x0 0x0 0x0 0x0 0x0 0x0 0x0 0x0 0x0 oops 10 61 java/util/LinkedHashMap 75 java/util/LinkedHashMap 82 java/util/LinkedHashMap$LinkedEntrySet 89 java/util/LinkedHashMap$LinkedEntryIterator 100 java/util/LinkedHashMap$LinkedEntryIterator 107 java/util/LinkedHashMap$Entry 114 java/util/LinkedHashMap$Entry 121 java/lang/String 149 java/util/LinkedHashMap$Entry 156 [B methods 0
ciMethodData com/naqqa/elasticsearch/store/DataOutput <init> ()V 2 58924 orig 80 0 0 0 0 0 0 0 0 0 0 0 0 242 1 0 0 0 0 0 0 0 0 0 0 0 0 0 0 0 0 0 0 0 0 0 0 0 0 0 0 0 0 0 0 0 0 0 0 0 0 0 0 0 0 0 0 0 0 0 0 0 0 0 0 0 0 0 0 0 0 0 0 0 0 0 0 0 0 0 0 data 7 0x10002 0xe62c 0x0 0x0 0x9 0x1 0x0 oops 0 methods 0
ciMethodData com/naqqa/elasticsearch/codec/storedfields/StoredFieldsWriter addDocument ([B)I 2 31126 orig 80 0 0 0 0 0 0 0 0 0 0 0 0 242 1 0 0 0 0 0 0 0 0 0 0 0 0 0 0 0 0 0 0 0 0 0 0 0 0 0 0 0 0 0 0 0 0 0 0 0 0 0 0 0 0 0 0 0 0 0 0 0 0 0 0 0 0 0 0 0 0 0 0 0 0 0 0 0 0 0 0 data 39 0x50005 0x0 0x0 0x1f2713f88d8 0x7996 0x0 0x0 0x260005 0x0 0x0 0x1f2713f88d8 0x7996 0x0 0x0 0x2e0007 0xf3 0x40 0x78a3 0x370007 0x78a3 0x58 0x0 0x3b0005 0xf3 0x0 0x0 0x0 0x0 0x0 0x0 0x0 0x0 0x0 0x0 0x0 0x9 0x2 0x0 0x0 oops 2 3 java/util/ArrayList 10 java/util/ArrayList methods 0
ciMethodData com/naqqa/elasticsearch/codec/storedfields/StoredFieldsWriter flushBlock ()V 2 105 orig 80 0 0 0 0 0 0 0 0 0 0 0 0 242 1 0 0 0 0 0 0 0 0 0 0 0 0 0 0 0 0 0 0 0 0 0 0 0 0 0 0 0 0 0 0 0 0 0 0 0 0 0 0 0 0 0 0 0 0 0 0 0 0 0 0 0 0 0 0 0 0 0 0 0 0 0 0 0 0 0 0 data 160 0x40005 0x0 0x0 0x1f2713f88d8 0x69 0x0 0x0 0x90007 0x69 0x20 0x0 0x110005 0x0 0x0 0x1f276791400 0x69 0x0 0x0 0x200002 0x69 0x2c0005 0x0 0x0 0x1f2713f88d8 0x69 0x0 0x0 0x310005 0x69 0x0 0x0 0x0 0x0 0x0 0x380005 0x0 0x0 0x1f2713f88d8 0x69 0x0 0x0 0x410005 0x0 0x0 0x1f276790718 0x34e9 0x0 0x0 0x460007 0x69 0x118 0x3480 0x4b0005 0x0 0x0 0x1f276790718 0x3480 0x0 0x0 0x500004 0x0 0x0 0x1f27140ae28 0x3480 0x0 0x0 0x5c0005 0x3480 0x0 0x0 0x0 0x0 0x0 0x660005 0x3480 0x0 0x0 0x0 0x0 0x0 0x690003 0x3480 0xfffffffffffffec8 0x6d0005 0x69 0x0 0x0 0x0 0x0 0x0 0x780002 0x69 0x840005 0x69 0x0 0x0 0x0 0x0 0x0 0x8e0005 0x69 0x0 0x0 0x0 0x0 0x0 0x9b0005 0x0 0x0 0x1f276791400 0x69 0x0 0x0 0xa30002 0x69 0xa60005 0x0 0x0 0x1f2713f88d8 0x69 0x0 0x0 0xb40005 0x0 0x0 0x1f2713f88d8 0x69 0x0 0x0 0xb90002 0x69 0xbc0005 0x0 0x0 0x1f2713f88d8 0x69 0x0 0x0 0xc60005 0x0 0x0 0x1f2713f88d8 0x69 0x0 0x0 0x0 0x0 0x0 0x0 0x0 0x0 0x0 0x0 0x0 0x0 0x0 0x0 0x9 0x1 0x0 oops 12 3 java/util/ArrayList 14 com/naqqa/elasticsearch/store/FSDirectory$FSIndexOutput 23 java/util/ArrayList 37 java/util/ArrayList 44 java/util/ArrayList$Itr 55 java/util/ArrayList$Itr 62 [B 109 com/naqqa/elasticsearch/store/FSDirectory$FSIndexOutput 118 java/util/ArrayList 125 java/util/ArrayList 134 java/util/ArrayList 141 java/util/ArrayList methods 0
ciMethodData com/naqqa/elasticsearch/store/FSDirectory$FSIndexOutput flushBuffer ()V 1 260 orig 80 0 0 0 0 0 0 0 0 0 0 0 0 242 1 0 0 0 0 0 0 0 0 0 0 0 0 0 0 0 0 0 0 0 0 0 0 0 0 0 0 0 0 0 0 0 0 0 0 0 0 0 0 0 0 0 0 0 0 0 0 0 0 0 0 0 0 0 0 0 0 0 0 0 0 0 0 0 0 0 0 data 27 0x40007 0x2 0x90 0x102 0x140005 0x102 0x0 0x0 0x0 0x0 0x0 0x240005 0x0 0x0 0x1f2774e05a8 0x102 0x0 0x0 0x0 0x0 0x0 0x0 0x0 0x0 0x9 0x1 0x18 oops 1 14 sun/nio/ch/ChannelOutputStream methods 0
ciMethodData com/naqqa/elasticsearch/codec/Codec storedFieldsFileName (Ljava/lang/String;)Ljava/lang/String; 1 5 orig 80 0 0 0 0 0 0 0 0 0 0 0 0 242 1 0 0 0 0 0 0 0 0 0 0 0 0 0 0 0 0 0 0 0 0 0 0 0 0 0 0 0 0 0 0 0 0 0 0 0 0 0 0 0 0 0 0 0 0 0 0 0 0 0 0 0 0 0 0 0 0 0 0 0 0 0 0 0 0 0 0 data 11 0x30002 0x5 0x0 0x0 0x0 0x0 0x0 0x0 0x9 0x1 0x0 oops 0 methods 0
ciMethodData com/naqqa/elasticsearch/index/engine/segment/SegmentWriter write (Lcom/naqqa/elasticsearch/store/Directory;Ljava/lang/String;Ljava/util/List;)Lcom/naqqa/elasticsearch/codec/segment/SegmentInfo; 2 1 orig 80 0 0 0 0 0 0 0 0 0 0 0 0 242 1 0 0 0 0 0 0 0 0 0 0 0 0 0 0 0 0 0 0 0 0 0 0 0 0 0 0 0 0 0 0 0 0 0 0 0 0 0 0 0 0 0 0 0 0 0 0 0 0 0 0 0 0 0 0 0 0 0 0 0 0 0 0 0 0 0 0 data 2562 0x10002 0x1 0x60005 0x0 0x0 0x1f2713f88d8 0x1 0x0 0x0 0x110002 0x1 0x1a0002 0x1 0x230002 0x1 0x2c0002 0x1 0x350002 0x1 0x3e0002 0x1 0x470002 0x1 0x500002 0x1 0x590002 0x1 0x640002 0x1 0x6a0005 0x0 0x0 0x1f2767905b8 0x1 0x0 0x0 0x6e0002 0x1 0x7a0007 0x2 0x15f0 0x651b 0x800005 0x0 0x0 0x1f2713f88d8 0x651b 0x0 0x0 0x850004 0x0 0x0 0x1f276790668 0x651b 0x0 0x0 0x8c0005 0x651b 0x0 0x0 0x0 0x0 0x0 0x930005 0x651b 0x0 0x0 0x0 0x0 0x0 0x960007 0x0 0xe8 0x651b 0xa50005 0x651b 0x0 0x0 0x0 0x0 0x0 0xac0005 0x651b 0x0 0x0 0x0 0x0 0x0 0xaf0005 0x651b 0x0 0x0 0x0 0x0 0x0 0xb20002 0x651b 0xb60002 0x651b 0xbb0005 0x651b 0x0 0x0 0x0 0x0 0x0 0xbe0007 0x651b 0x38 0x0 0xc40003 0x0 0x60 0xc90005 0x651b 0x0 0x0 0x0 0x0 0x0 0xcc0002 0x651b 0xd50002 0x651b 0xde0002 0x651b 0xe70002 0x651b 0xee0005 0x651b 0x0 0x0 0x0 0x0 0x0 0xf10005 0x0 0x0 0x1f2713f88d8 0x651b 0x0 0x0 0xfa0005 0x0 0x0 0x1f276790718 0x4bd4d 0x0 0x0 0xff0007 0x651c 0xe88 0x45831 0x1040005 0x0 0x0 0x1f276790718 0x45831 0x0 0x0 0x1090004 0x0 0x0 0x1f2767907c8 0x45831 0x0 0x0 0x1130005 0x45831 0x0 0x0 0x0 0x0 0x0 0x1160005 0x45831 0x0 0x0 0x0 0x0 0x0 0x11a0008 0x10 0x0 0xd70 0x1f98a 0x90 0x0 0x6e0 0x0 0x8c0 0x1946f 0xa10 0x0 0xbd0 0x0 0xbf8 0xca38 0xc20 0x1460005 0x1f98a 0x0 0x0 0x0 0x0 0x0 0x1490005 0x0 0x0 0x1f276790878 0x1f98a 0x0 0x0 0x1520005 0x0 0x0 0x1f276790928 0x3f314 0x0 0x0 0x1570007 0x1f98a 0x128 0x1f98a 0x15c0005 0x0 0x0 0x1f276790928 0x1f98a 0x0 0x0 0x1610004 0x0 0x0 0x1f2767909d8 0x1f98a 0x0 0x0 0x16a0005 0x1f98a 0x0 0x0 0x0 0x0 0x0 0x1730005 0x1f98a 0x0 0x0 0x0 0x0 0x0 0x1760002 0x1f98a 0x1790003 0x1f98a 0xfffffffffffffeb8 0x1800005 0x1f98a 0x0 0x0 0x0 0x0 0x0 0x1830005 0x0 0x0 0x1f276790a88 0x1f98a 0x0 0x0 0x1880007 0x0 0x158 0x1f98a 0x18f0005 0x1f98a 0x0 0x0 0x0 0x0 0x0 0x194000a 0x1f98a 0x1 0x1f276790b38 0x1990005 0x0 0x0 0x1f276790be8 0x1f98a 0x0 0x0 0x19e0004 0x0 0x0 0x1f27140aeb8 0x1f98a 0x0 0x0 0x1a50005 0x1f98a 0x0 0x0 0x0 0x0 0x0 0x1a80005 0x0 0x0 0x1f276790878 0x1f98a 0x0 0x0 0x1b00005 0x1f98a 0x0 0x0 0x0 0x0 0x0 0x1b30007 0x1f98a 0x910 0x0 0x1ba0005 0x0 0x0 0x0 0x0 0x0 0x0 0x1bf000a 0x0 0x1 0x0 0x1c40005 0x0 0x0 0x0 0x0 0x0 0x0 0x1c90004 0x0 0x0 0x0 0x0 0x0 0x0 0x1d60005 0x0 0x0 0x0 0x0 0x0 0x0 0x1d90002 0x0 0x1e40005 0x0 0x0 0x0 0x0 0x0 0x0 0x1e7000a 0x0 0x1 0x0 0x1ec0005 0x0 0x0 0x0 0x0 0x0 0x0 0x1f10004 0x0 0x0 0x0 0x0 0x0 0x0 0x1f60005 0x0 0x0 0x0 0x0 0x0 0x0 0x1f90005 0x0 0x0 0x0 0x0 0x0 0x0 0x1ff0003 0x0 0x6a8 0x2060005 0x0 0x0 0x0 0x0 0x0 0x0 0x20b000a 0x0 0x1 0x0 0x2100005 0x0 0x0 0x0 0x0 0x0 0x0 0x2150004 0x0 0x0 0x0 0x0 0x0 0x0 0x21e0005 0x0 0x0 0x0 0x0 0x0 0x0 0x223000a 0x0 0x1 0x0 0x2280005 0x0 0x0 0x0 0x0 0x0 0x0 0x22d0004 0x0 0x0 0x0 0x0 0x0 0x0 0x2380005 0x0 0x0 0x0 0x0 0x0 0x0 0x2420003 0x0 0x4c8 0x2490005 0x0 0x0 0x0 0x0 0x0 0x0 0x24e000a 0x0 0x1 0x0 0x2530005 0x0 0x0 0x0 0x0 0x0 0x0 0x2580004 0x0 0x0 0x0 0x0 0x0 0x0 0x2630005 0x0 0x0 0x0 0x0 0x0 0x0 0x2660004 0x0 0x0 0x0 0x0 0x0 0x0 0x2670003 0x0 0x378 0x26e0005 0x1946f 0x0 0x0 0x0 0x0 0x0 0x273000a 0x1946f 0x1 0x1f276790c98 0x2780005 0x0 0x0 0x1f276790d48 0x1946f 0x0 0x0 0x27d0004 0x0 0x0 0x1f276790df8 0x1946f 0x0 0x0 0x2880005 0x1946f 0x0 0x0 0x0 0x0 0x0 0x28f0005 0x0 0x0 0x1f276790878 0x12f53 0x1f276790e60 0x651c 0x2940004 0x0 0x0 0x1f276790f10 0x1946f 0x0 0x0 0x2970004 0x0 0x0 0x1f276790f10 0x1946f 0x0 0x0 0x2980003 0x1946f 0x1b8 0x2a10002 0x0 0x2a40003 0x0 0x190 0x2ad0002 0x0 0x2b00003 0x0 0x168 0x2b70005 0xca38 0x0 0x0 0x0 0x0 0x0 0x2ba0005 0xca38 0x0 0x0 0x0 0x0 0x0 0x2bd0007 0x651c 0xe0 0x651c 0x2c40005 0x651c 0x0 0x0 0x0 0x0 0x0 0x2c90005 0x651c 0x0 0x0 0x0 0x0 0x0 0x2cc0005 0x0 0x0 0x1f276790d48 0x651c 0x0 0x0 0x2d20003 0x651c 0x18 0x2d50003 0x45831 0xfffffffffffff158 0x2da0005 0x0 0x0 0x1f276790d48 0x651c 0x0 0x0 0x2df0005 0x0 0x0 0x1f276790f78 0x651c 0x0 0x0 0x2e80005 0x0 0x0 0x1f276791028 0x651c 0x0 0x0 0x2ed0007 0x651c 0x208 0x0 0x2f20005 0x0 0x0 0x0 0x0 0x0 0x0 0x2f70004 0x0 0x0 0x0 0x0 0x0 0x0 0x3000005 0x0 0x0 0x0 0x0 0x0 0x0 0x3050005 0x0 0x0 0x0 0x0 0x0 0x0 0x30a0004 0x0 0x0 0x0 0x0 0x0 0x0 0x3140005 0x0 0x0 0x0 0x0 0x0 0x0 0x3190004 0x0 0x0 0x0 0x0 0x0 0x0 0x31c0002 0x0 0x31f0004 0x0 0x0 0x0 0x0 0x0 0x0 0x3200003 0x0 0xfffffffffffffdd8 0x3250005 0x651c 0x0 0x0 0x0 0x0 0x0 0x32a0005 0x651c 0x0 0x0 0x0 0x0 0x0 0x32f0005 0x651c 0x0 0x0 0x0 0x0 0x0 0x3340005 0x651c 0x0 0x0 0x0 0x0 0x0 0x33b0002 0x651c 0x3440005 0x651c 0x0 0x0 0x0 0x0 0x0 0x34b0003 0x651c 0xffffffffffffea28 0x3500005 0x2 0x0 0x0 0x0 0x0 0x0 0x3570002 0x2 0x3600005 0x0 0x0 0x1f276790d48 0x2 0x0 0x0 0x3650005 0x0 0x0 0x1f2767910d8 0x2 0x0 0x0 0x36f0005 0x0 0x0 0x1f276790d48 0x2 0x0 0x0 0x3740005 0x0 0x0 0x1f2767910d8 0x2 0x0 0x0 0x37e0005 0x0 0x0 0x1f276790d48 0x2 0x0 0x0 0x3830005 0x0 0x0 0x1f2767910d8 0x2 0x0 0x0 0x38d0005 0x0 0x0 0x1f276790d48 0x2 0x0 0x0 0x3920005 0x0 0x0 0x1f2767910d8 0x2 0x0 0x0 0x39c0005 0x0 0x0 0x1f276790d48 0x2 0x0 0x0 0x3a10005 0x0 0x0 0x1f2767910d8 0x2 0x0 0x0 0x3ab0005 0x0 0x0 0x1f276790d48 0x2 0x0 0x0 0x3b00005 0x0 0x0 0x1f2767910d8 0x2 0x0 0x0 0x3ba0005 0x0 0x0 0x1f276790d48 0x2 0x0 0x0 0x3bf0005 0x0 0x0 0x1f2767910d8 0x2 0x0 0x0 0x3c90002 0x2 0x3d10002 0x2 0x3d40005 0x0 0x0 0x1f276790a88 0x2 0x0 0x0 0x3de0002 0x2 0x3ea0002 0x2 0x3f10005 0x0 0x0 0x1f2767910d8 0x2 0x0 0x0 0x3fa0005 0x0 0x0 0x1f276791188 0xe 0x0 0x0 0x3ff0007 0x2 0x768 0xc 0x4040005 0x0 0x0 0x1f276791188 0xc 0x0 0x0 0x4090004 0x0 0x0 0x1f2713f4e78 0xc 0x0 0x0 0x4120005 0x0 0x0 0x1f276790d48 0xc 0x0 0x0 0x4170104 0x0 0x0 0x1f276791238 0xa 0x0 0x0 0x41e0007 0x2 0x38 0xa 0x4220003 0xa 0x18 0x42a0007 0x2 0x58 0xa 0x4320007 0x8 0x38 0x2 0x4360003 0x2 0x18 0x4450005 0x0 0x0 0x1f276790d48 0xc 0x0 0x0 0x44a0007 0xc 0x38 0x0 0x4520003 0x0 0xe0 0x4590005 0x0 0x0 0x1f276790d48 0xc 0x0 0x0 0x45e0007 0xc 0x38 0x0 0x4660003 0x0 0x70 0x46d0005 0x0 0x0 0x1f276790d48 0xc 0x0 0x0 0x4720007 0x4 0x20 0x8 0x4840002 0xc 0x4870005 0x0 0x0 0x1f276790be8 0xc 0x0 0x0 0x4910005 0x0 0x0 0x1f276790d48 0xc 0x0 0x0 0x4960104 0x0 0x0 0x0 0x0 0x0 0x0 0x49d0007 0xc 0x58 0x0 0x4a50007 0x0 0x38 0x0 0x4ad0003 0x0 0x18 0x4b50007 0xc 0x58 0x0 0x4bd0007 0x0 0x38 0x0 0x4c50003 0x0 0x18 0x4cf0002 0xc 0x4d80005 0x0 0x0 0x1f276790d48 0xc 0x0 0x0 0x4dd0104 0x0 0x0 0x0 0x0 0x0 0x0 0x4e40007 0xc 0x148 0x0 0x4f10005 0x0 0x0 0x0 0x0 0x0 0x0 0x4f40005 0x0 0x0 0x0 0x0 0x0 0x0 0x5040005 0x0 0x0 0x0 0x0 0x0 0x0 0x5070005 0x0 0x0 0x0 0x0 0x0 0x0 0x5170002 0x0 0x51a0005 0x0 0x0 0x0 0x0 0x0 0x0 0x5240005 0x0 0x0 0x1f276790d48 0xc 0x0 0x0 0x5290104 0x0 0x0 0x0 0x0 0x0 0x0 0x5300007 0xc 0x68 0x0 0x53d0002 0x0 0x5400005 0x0 0x0 0x0 0x0 0x0 0x0 0x55b0007 0xc 0x38 0x0 0x55f0003 0x0 0x18 0x56c0002 0xc 0x56f0005 0x0 0x0 0x1f2713f88d8 0xc 0x0 0x0 0x5750003 0xc 0xfffffffffffff878 0x57a0002 0x2 0x5800005 0x0 0x0 0x1f2767905b8 0x2 0x0 0x0 0x58d0005 0x0 0x0 0x1f2713f88d8 0x2 0x0 0x0 0x5920004 0x0 0x0 0x1f2767912e8 0x2 0x0 0x0 0x5950002 0x0 0x59a0007 0x0 0x118 0x2 0x59f0005 0x0 0x0 0x1f276791400 0x2 0x0 0x0 0x5a20003 0x2 0xc0 0x5a90007 0x0 0xa8 0x0 0x5ae0005 0x0 0x0 0x0 0x0 0x0 0x0 0x5b10003 0x0 0x50 0x5ba0005 0x0 0x0 0x0 0x0 0x0 0x0 0x5c30002 0x2 0x5c60005 0x0 0x0 0x1f276790a88 0x2 0x0 0x0 0x5ce0005 0x0 0x0 0x1f276790d48 0x2 0x0 0x0 0x5d30005 0x0 0x0 0x1f2767914b0 0x2 0x0 0x0 0x5dc0005 0x0 0x0 0x1f276791560 0xc 0x0 0x0 0x5e10007 0x2 0xe10 0xa 0x5e60005 0x0 0x0 0x1f276791560 0xa 0x0 0x0 0x5eb0004 0x0 0x0 0x1f2713f4e78 0xa 0x0 0x0 0x5f40005 0x0 0x0 0x1f276790d48 0xa 0x0 0x0 0x5f90004 0x0 0x0 0x1f276791238 0xa 0x0 0x0 0x6020005 0x0 0x0 0x1f276790be8 0xa 0x0 0x0 0x6070004 0x0 0x0 0x1f2713f92a8 0xa 0x0 0x0 0x60a0005 0xa 0x0 0x0 0x0 0x0 0x0 0x6120002 0xa 0x61a0002 0xa 0x6250005 0x0 0x0 0x1f2767905b8 0xa 0x0 0x0 0x6340005 0x0 0x0 0x1f2767905b8 0xa 0x0 0x0 0x6370002 0xa 0x6440002 0xa 0x64e0002 0xa 0x6510005 0x0 0x0 0x1f2713f88d8 0xa 0x0 0x0 0x65a0005 0x0 0x0 0x1f276790718 0xf6f2 0x0 0x0 0x65f0007 0xa 0x688 0xf6e8 0x6640005 0x0 0x0 0x1f276790718 0xf6e8 0x0 0x0 0x6690004 0x0 0x0 0x1f276791610 0xf6e8 0x0 0x0 0x6700005 0x0 0x0 0x0 0x0 0x0 0x0 0x6730005 0x0 0x0 0x1f276790d48 0xf6e8 0x0 0x0 0x6780005 0x0 0x0 0x1f276790f78 0xf6e8 0x0 0x0 0x6810005 0x0 0x0 0x1f276791028 0x35e2e 0x0 0x0 0x6860007 0xf6e8 0x458 0x26746 0x68b0005 0x0 0x0 0x1f276791028 0x26746 0x0 0x0 0x6900004 0x0 0x0 0x1f2767916c0 0x26746 0x0 0x0 0x6970005 0x0 0x0 0x1f2767916c0 0x26746 0x0 0x0 0x69c0004 0x0 0x0 0x1f2713f92a8 0x26746 0x0 0x0 0x69f0005 0x26746 0x0 0x0 0x0 0x0 0x0 0x6a60005 0x0 0x0 0x1f2767916c0 0x26746 0x0 0x0 0x6ab0004 0x0 0x0 0x1f2713f88d8 0x26746 0x0 0x0 0x6b70002 0x26746 0x6ba0002 0x26746 0x6c20002 0x0 0x6cd0005 0x0 0x0 0x1f2713f88d8 0x26746 0x0 0x0 0x6d40005 0x0 0x0 0x0 0x0 0x0 0x0 0x6d90005 0x0 0x0 0x1f2713f88d8 0x26746 0x0 0x0 0x6e20005 0x0 0x0 0x1f276790718 0x5499a 0x0 0x0 0x6e70007 0x26746 0x188 0x2e254 0x6ec0005 0x0 0x0 0x1f276790718 0x2e254 0x0 0x0 0x6f10004 0x0 0x0 0x1f2767909d8 0x2e254 0x0 0x0 0x6fa0005 0x2e254 0x0 0x0 0x0 0x0 0x0 0x6ff0005 0x2e254 0x0 0x0 0x0 0x0 0x0 0x7040005 0x2e254 0x0 0x0 0x0 0x0 0x0 0x7080005 0x0 0x0 0x0 0x0 0x0 0x0 0x70b0003 0x2e254 0xfffffffffffffe58 0x70e0003 0x26746 0xfffffffffffffb88 0x7130005 0x0 0x0 0x0 0x0 0x0 0x0 0x71c0005 0x0 0x0 0x0 0x0 0x0 0x0 0x7210005 0x0 0x0 0x0 0x0 0x0 0x0 0x7240003 0xf6e8 0xfffffffffffff958 0x7290005 0x0 0x0 0x0 0x0 0x0 0x0 0x72c0003 0xa 0xa0 0x7330005 0x0 0x0 0x0 0x0 0x0 0x0 0x7360003 0x0 0x50 0x73f0005 0x0 0x0 0x0 0x0 0x0 0x0 0x7470007 0x0 0x118 0xa 0x74c0005 0x0 0x0 0x1f276791400 0xa 0x0 0x0 0x74f0003 0xa 0xc0 0x7560007 0x0 0xa8 0x0 0x75b0005 0x0 0x0 0x0 0x0 0x0 0x0 0x75e0003 0x0 0x50 0x7670005 0x0 0x0 0x0 0x0 0x0 0x0 0x7710005 0x0 0x0 0x1f276790a88 0xa 0x0 0x0 0x77b0005 0x0 0x0 0x1f276790a88 0xa 0x0 0x0 0x7860007 0x8 0x238 0x2 0x7910005 0x0 0x0 0x1f276790be8 0x2 0x0 0x0 0x7960004 0x0 0x0 0x1f27140aeb8 0x2 0x0 0x0 0x79e0002 0x2 0x7a90005 0x0 0x0 0x1f2767905b8 0x2 0x0 0x0 0x7b40002 0x0 0x7b90007 0x0 0x118 0x2 0x7be0005 0x0 0x0 0x1f276791400 0x2 0x0 0x0 0x7c10003 0x2 0xc0 0x7c80007 0x0 0xa8 0x0 0x7cd0005 0x0 0x0 0x0 0x0 0x0 0x0 0x7d00003 0x0 0x50 0x7d90005 0x0 0x0 0x0 0x0 0x0 0x0 0x7e30005 0x0 0x0 0x1f276790a88 0x2 0x0 0x0 0x7e90003 0xa 0xfffffffffffff1d0 0x7ee0005 0x0 0x0 0x1f276790d48 0x2 0x0 0x0 0x7f30005 0x0 0x0 0x1f276790f78 0x2 0x0 0x0 0x7fc0005 0x0 0x0 0x1f276791028 0x2 0x0 0x0 0x8010007 0x2 0x3d8 0x0 0x8060005 0x0 0x0 0x0 0x0 0x0 0x0 0x80b0004 0x0 0x0 0x0 0x0 0x0 0x0 0x8130005 0x0 0x0 0x0 0x0 0x0 0x0 0x8180004 0x0 0x0 0x0 0x0 0x0 0x0 0x81b0002 0x0 0x8260005 0x0 0x0 0x0 0x0 0x0 0x0 0x8310005 0x0 0x0 0x0 0x0 0x0 0x0 0x8360004 0x0 0x0 0x0 0x0 0x0 0x0 0x83d0005 0x0 0x0 0x0 0x0 0x0 0x0 0x8420005 0x0 0x0 0x0 0x0 0x0 0x0 0x8470004 0x0 0x0 0x0 0x0 0x0 0x0 0x84a0002 0x0 0x84f0007 0x0 0x118 0x0 0x8540005 0x0 0x0 0x0 0x0 0x0 0x0 0x8570003 0x0 0xc0 0x85e0007 0x0 0xa8 0x0 0x8630005 0x0 0x0 0x0 0x0 0x0 0x0 0x8660003 0x0 0x50 0x86f0005 0x0 0x0 0x0 0x0 0x0 0x0 0x8790005 0x0 0x0 0x0 0x0 0x0 0x0 0x87f0003 0x0 0xfffffffffffffc08 0x8840005 0x0 0x0 0x1f276790d48 0x2 0x0 0x0 0x8890005 0x0 0x0 0x1f276790f78 0x2 0x0 0x0 0x8920005 0x0 0x0 0x1f276791028 0x2 0x0 0x0 0x8970007 0x2 0x330 0x0 0x89c0005 0x0 0x0 0x0 0x0 0x0 0x0 0x8a10004 0x0 0x0 0x0 0x0 0x0 0x0 0x8a90005 0x0 0x0 0x0 0x0 0x0 0x0 0x8ae0004 0x0 0x0 0x0 0x0 0x0 0x0 0x8b10002 0x0 0x8bc0005 0x0 0x0 0x0 0x0 0x0 0x0 0x8c70005 0x0 0x0 0x0 0x0 0x0 0x0 0x8cc0004 0x0 0x0 0x0 0x0 0x0 0x0 0x8cf0002 0x0 0x8d40007 0x0 0x118 0x0 0x8d90005 0x0 0x0 0x0 0x0 0x0 0x0 0x8dc0003 0x0 0xc0 0x8e30007 0x0 0xa8 0x0 0x8e80005 0x0 0x0 0x0 0x0 0x0 0x0 0x8eb0003 0x0 0x50 0x8f40005 0x0 0x0 0x0 0x0 0x0 0x0 0x8fe0005 0x0 0x0 0x0 0x0 0x0 0x0 0x9040003 0x0 0xfffffffffffffcb0 0x9090005 0x0 0x0 0x1f276790d48 0x2 0x0 0x0 0x90e0005 0x0 0x0 0x1f276790f78 0x2 0x0 0x0 0x9170005 0x0 0x0 0x1f276791028 0xa 0x0 0x0 0x91c0007 0x2 0x330 0x8 0x9210005 0x0 0x0 0x1f276791028 0x8 0x0 0x0 0x9260004 0x0 0x0 0x1f2767916c0 0x8 0x0 0x0 0x92e0005 0x0 0x0 0x1f2767916c0 0x8 0x0 0x0 0x9330004 0x0 0x0 0x1f2713f4e78 0x8 0x0 0x0 0x9360002 0x8 0x9410005 0x0 0x0 0x1f2767905b8 0x8 0x0 0x0 0x94c0005 0x0 0x0 0x1f2767916c0 0x8 0x0 0x0 0x9510004 0x0 0x0 0x1f276790df8 0x8 0x0 0x0 0x9540002 0x0 0x9590007 0x0 0x118 0x8 0x95e0005 0x0 0x0 0x1f276791400 0x8 0x0 0x0 0x9610003 0x8 0xc0 0x9680007 0x0 0xa8 0x0 0x96d0005 0x0 0x0 0x0 0x0 0x0 0x0 0x9700003 0x0 0x50 0x9790005 0x0 0x0 0x0 0x0 0x0 0x0 0x9830005 0x0 0x0 0x1f276790a88 0x8 0x0 0x0 0x9890003 0x8 0xfffffffffffffcb0 0x98e0005 0x0 0x0 0x1f276790d48 0x2 0x0 0x0 0x9930005 0x0 0x0 0x1f276790f78 0x2 0x0 0x0 0x99c0005 0x0 0x0 0x1f276791028 0x2 0x0 0x0 0x9a10007 0x2 0x400 0x0 0x9a60005 0x0 0x0 0x0 0x0 0x0 0x0 0x9ab0004 0x0 0x0 0x0 0x0 0x0 0x0 0x9b20005 0x0 0x0 0x0 0x0 0x0 0x0 0x9b70004 0x0 0x0 0x0 0x0 0x0 0x0 0x9bd0007 0x0 0x38 0x0 0x9c00003 0x0 0xfffffffffffffea8 0x9c60005 0x0 0x0 0x0 0x0 0x0 0x0 0x9cb0004 0x0 0x0 0x0 0x0 0x0 0x0 0x9ce0002 0x0 0x9d90005 0x0 0x0 0x0 0x0 0x0 0x0 0x9e00005 0x0 0x0 0x0 0x0 0x0 0x0 0x9e50004 0x0 0x0 0x0 0x0 0x0 0x0 0x9ed0005 0x0 0x0 0x0 0x0 0x0 0x0 0x9f20007 0x0 0x118 0x0 0x9f70005 0x0 0x0 0x0 0x0 0x0 0x0 0x9fa0003 0x0 0xc0 0xa010007 0x0 0xa8 0x0 0xa060005 0x0 0x0 0x0 0x0 0x0 0x0 0xa090003 0x0 0x50 0xa120005 0x0 0x0 0x0 0x0 0x0 0x0 0xa1c0005 0x0 0x0 0x0 0x0 0x0 0x0 0xa220003 0x0 0xfffffffffffffbe0 0xa270005 0x0 0x0 0x1f276790d48 0x2 0x0 0x0 0xa2c0005 0x0 0x0 0x1f276790f78 0x2 0x0 0x0 0xa350005 0x0 0x0 0x1f276791028 0x2 0x0 0x0 0xa3a0007 0x2 0x1f0 0x0 0xa3f0005 0x0 0x0 0x0 0x0 0x0 0x0 0xa440004 0x0 0x0 0x0 0x0 0x0 0x0 0xa4b0005 0x0 0x0 0x0 0x0 0x0 0x0 0xa500004 0x0 0x0 0x0 0x0 0x0 0x0 0xa580005 0x0 0x0 0x0 0x0 0x0 0x0 0xa5d0004 0x0 0x0 0x0 0x0 0x0 0x0 0xa600002 0x0 0xa790002 0x0 0xa7f0002 0x0 0xa860005 0x0 0x0 0x0 0x0 0x0 0x0 0xa8c0003 0x0 0xfffffffffffffdf0 0xa910005 0x0 0x0 0x1f276790d48 0x2 0x0 0x0 0xa960005 0x0 0x0 0x1f276790f78 0x2 0x0 0x0 0xa9f0005 0x0 0x0 0x1f276791028 0x2 0x0 0x0 0xaa40007 0x2 0x3a0 0x0 0xaa90005 0x0 0x0 0x0 0x0 0x0 0x0 0xaae0004 0x0 0x0 0x0 0x0 0x0 0x0 0xab60005 0x0 0x0 0x0 0x0 0x0 0x0 0xabb0004 0x0 0x0 0x0 0x0 0x0 0x0 0xabe0002 0x0 0xac90005 0x0 0x0 0x0 0x0 0x0 0x0 0xad20005 0x0 0x0 0x0 0x0 0x0 0x0 0xad70004 0x0 0x0 0x0 0x0 0x0 0x0 0xadf0005 0x0 0x0 0x0 0x0 0x0 0x0 0xae40004 0x0 0x0 0x0 0x0 0x0 0x0 0xaea0002 0x0 0xaef0007 0x0 0x118 0x0 0xaf40005 0x0 0x0 0x0 0x0 0x0 0x0 0xaf70003 0x0 0xc0 0xafe0007 0x0 0xa8 0x0 0xb030005 0x0 0x0 0x0 0x0 0x0 0x0 0xb060003 0x0 0x50 0xb0f0005 0x0 0x0 0x0 0x0 0x0 0x0 0xb190005 0x0 0x0 0x0 0x0 0x0 0x0 0xb1f0003 0x0 0xfffffffffffffc40 0xb240002 0x0 0xb2b0002 0x2 0xb360005 0x0 0x0 0x1f2767905b8 0x2 0x0 0x0 0xb400002 0x0 0xb450007 0x0 0x118 0x2 0xb4a0005 0x0 0x0 0x1f276791400 0x2 0x0 0x0 0xb4d0003 0x2 0xc0 0xb540007 0x0 0xa8 0x0 0xb590005 0x0 0x0 0x0 0x0 0x0 0x0 0xb5c0003 0x0 0x50 0xb650005 0x0 0x0 0x0 0x0 0x0 0x0 0xb6f0005 0x0 0x0 0x1f276790a88 0x2 0x0 0x0 0xb800005 0x0 0x0 0x1f276791770 0x2 0x0 0x0 0xb910002 0x2 0xb940002 0x2 0xb980002 0x2 0xb9f0002 0x2 0xba50005 0x0 0x0 0x1f2767905b8 0x2 0x0 0x0 0xbae0002 0x0 0xbb30007 0x0 0x118 0x2 0xbb80005 0x0 0x0 0x1f276791400 0x2 0x0 0x0 0xbbb0003 0x2 0xc0 0xbc20007 0x0 0xa8 0x0 0xbc70005 0x0 0x0 0x0 0x0 0x0 0x0 0xbca0003 0x0 0x50 0xbd30005 0x0 0x0 0x0 0x0 0x0 0x0 0x0 0x0 0x0 0x0 0x0 0x0 0x0 0x0 0x0 0x0 0x0 0x0 0x0 0x0 0x0 0x0 0x0 0x0 0x0 0x0 0x0 0x0 0x0 0x0 0x0 0x0 0x0 0x0 0x0 0x0 0x0 0x9 0x3 0x0 0x0 0x0 oops 132 5 java/util/ArrayList 32 com/naqqa/elasticsearch/store/FSDirectory 45 java/util/ArrayList 52 com/naqqa/elasticsearch/index/engine/segment/SegmentWriter$FlatDoc 138 java/util/ArrayList 145 java/util/ArrayList$Itr 156 java/util/ArrayList$Itr 163 com/naqqa/elasticsearch/index/mapper/IndexableField 209 java/util/ImmutableCollections$List12 216 java/util/ImmutableCollections$ListItr 227 java/util/ImmutableCollections$ListItr 234 com/naqqa/elasticsearch/index/mapper/IndexedTerm 267 java/util/HashSet 285  @bci com/naqqa/elasticsearch/index/engine/segment/SegmentWriter write (Lcom/naqqa/elasticsearch/store/Directory;Ljava/lang/String;Ljava/util/List;)Lcom/naqqa/elasticsearch/codec/segment/SegmentInfo; 404 <appendix> member <vmtarget> ; 289 java/util/HashMap 296 [I 310 java/util/ImmutableCollections$List12 513  @bci com/naqqa/elasticsearch/index/engine/segment/SegmentWriter write (Lcom/naqqa/elasticsearch/store/Directory;Ljava/lang/String;Ljava/util/List;)Lcom/naqqa/elasticsearch/codec/segment/SegmentInfo; 627 <appendix> member <vmtarget> ; 517 java/util/LinkedHashMap 524 [[[B 538 java/util/ImmutableCollections$List12 540 java/util/ImmutableCollections$ListN 545 [[B 552 [[B 604 java/util/LinkedHashMap 617 java/util/LinkedHashMap 624 java/util/LinkedHashMap$LinkedEntrySet 631 java/util/LinkedHashMap$LinkedEntryIterator 752 java/util/LinkedHashMap 759 java/util/TreeSet 766 java/util/LinkedHashMap 773 java/util/TreeSet 780 java/util/LinkedHashMap 787 java/util/TreeSet 794 java/util/LinkedHashMap 801 java/util/TreeSet 808 java/util/LinkedHashMap 815 java/util/TreeSet 822 java/util/LinkedHashMap 829 java/util/TreeSet 836 java/util/LinkedHashMap 843 java/util/TreeSet 854 java/util/HashSet 865 java/util/TreeSet 872 java/util/TreeMap$KeyIterator 883 java/util/TreeMap$KeyIterator 890 java/lang/String 897 java/util/LinkedHashMap 904 com/naqqa/elasticsearch/index/engine/segment/SegmentWriter$FieldBuild 929 java/util/LinkedHashMap 943 java/util/LinkedHashMap 957 java/util/LinkedHashMap 970 java/util/HashMap 977 java/util/LinkedHashMap 1015 java/util/LinkedHashMap 1070 java/util/LinkedHashMap 1106 java/util/ArrayList 1118 com/naqqa/elasticsearch/store/FSDirectory 1125 java/util/ArrayList 1132 [Lcom/naqqa/elasticsearch/codec/fieldinfos/FieldInfo; 1145 com/naqqa/elasticsearch/store/FSDirectory$FSIndexOutput 1178 java/util/HashSet 1185 java/util/LinkedHashMap 1192 java/util/LinkedHashMap$LinkedKeySet 1199 java/util/LinkedHashMap$LinkedKeyIterator 1210 java/util/LinkedHashMap$LinkedKeyIterator 1217 java/lang/String 1224 java/util/LinkedHashMap 1231 com/naqqa/elasticsearch/index/engine/segment/SegmentWriter$FieldBuild 1238 java/util/HashMap 1245 java/lang/Integer 1263 com/naqqa/elasticsearch/store/FSDirectory 1270 com/naqqa/elasticsearch/store/FSDirectory 1283 java/util/ArrayList 1290 java/util/ArrayList$Itr 1301 java/util/ArrayList$Itr 1308 com/naqqa/elasticsearch/index/engine/segment/SegmentWriter$SortedTerm 1322 java/util/LinkedHashMap 1329 java/util/LinkedHashMap$LinkedEntrySet 1336 java/util/LinkedHashMap$LinkedEntryIterator 1347 java/util/LinkedHashMap$LinkedEntryIterator 1354 java/util/LinkedHashMap$Entry 1361 java/util/LinkedHashMap$Entry 1368 java/lang/Integer 1382 java/util/LinkedHashMap$Entry 1389 java/util/ArrayList 1402 java/util/ArrayList 1416 java/util/ArrayList 1423 java/util/ArrayList$Itr 1434 java/util/ArrayList$Itr 1441 com/naqqa/elasticsearch/index/mapper/IndexedTerm 1537 com/naqqa/elasticsearch/store/FSDirectory$FSIndexOutput 1568 java/util/HashSet 1575 java/util/HashSet 1586 java/util/HashMap 1593 [I 1602 com/naqqa/elasticsearch/store/FSDirectory 1615 com/naqqa/elasticsearch/store/FSDirectory$FSIndexOutput 1646 java/util/HashSet 1656 java/util/LinkedHashMap 1663 java/util/LinkedHashMap$LinkedEntrySet 1670 java/util/LinkedHashMap$LinkedEntryIterator 1800 java/util/LinkedHashMap 1807 java/util/LinkedHashMap$LinkedEntrySet 1814 java/util/LinkedHashMap$LinkedEntryIterator 1923 java/util/LinkedHashMap 1930 java/util/LinkedHashMap$LinkedEntrySet 1937 java/util/LinkedHashMap$LinkedEntryIterator 1948 java/util/LinkedHashMap$LinkedEntryIterator 1955 java/util/LinkedHashMap$Entry 1962 java/util/LinkedHashMap$Entry 1969 java/lang/String 1978 com/naqqa/elasticsearch/store/FSDirectory 1985 java/util/LinkedHashMap$Entry 1992 [[[B 2005 com/naqqa/elasticsearch/store/FSDirectory$FSIndexOutput 2036 java/util/HashSet 2046 java/util/LinkedHashMap 2053 java/util/LinkedHashMap$LinkedEntrySet 2060 java/util/LinkedHashMap$LinkedEntryIterator 2195 java/util/LinkedHashMap 2202 java/util/LinkedHashMap$LinkedEntrySet 2209 java/util/LinkedHashMap$LinkedEntryIterator 2278 java/util/LinkedHashMap 2285 java/util/LinkedHashMap$LinkedEntrySet 2292 java/util/LinkedHashMap$LinkedEntryIterator 2419 com/naqqa/elasticsearch/store/FSDirectory 2432 com/naqqa/elasticsearch/store/FSDirectory$FSIndexOutput 2463 java/util/HashSet 2470 java/security/SecureRandom 2485 com/naqqa/elasticsearch/store/FSDirectory 2498 com/naqqa/elasticsearch/store/FSDirectory$FSIndexOutput methods 0
ciMethodData com/naqqa/elasticsearch/codec/Codec segmentFileName (Ljava/lang/String;Ljava/lang/String;)Ljava/lang/String; 1 15 orig 80 0 0 0 0 0 0 0 0 0 0 0 0 242 1 0 0 0 0 0 0 0 0 0 0 0 0 0 0 0 0 0 0 0 0 0 0 0 0 0 0 0 0 0 0 0 0 0 0 0 0 0 0 0 0 0 0 0 0 0 0 0 0 0 0 0 0 0 0 0 0 0 0 0 0 0 0 0 0 0 0 data 14 0x2000a 0xf 0x5 0x0 0x1f2713f4e78 0x1 0x1f2713f4e78 0x1f2713f4e78 0x0 0x0 0x9 0x2 0x0 0x0 oops 3 4 java/lang/String 6 java/lang/String 7 java/lang/String methods 0
ciMethodData com/naqqa/elasticsearch/store/FSDirectory createOutput (Ljava/lang/String;Lcom/naqqa/elasticsearch/store/IOContext;)Lcom/naqqa/elasticsearch/store/IndexOutput; 1 37 orig 80 0 0 0 0 0 0 0 0 0 0 0 0 242 1 0 0 0 0 0 0 0 0 0 0 0 0 0 0 0 0 0 0 0 0 0 0 0 0 0 0 0 0 0 0 0 0 0 0 0 0 0 0 0 0 0 0 0 0 0 0 0 0 0 0 0 0 0 0 0 0 0 0 0 0 0 0 0 0 0 0 data 59 0x10005 0x25 0x0 0x0 0x0 0x0 0x0 0x50005 0x25 0x0 0x0 0x0 0x0 0x0 0xd0005 0x0 0x0 0x1f2774be830 0x25 0x0 0x0 0x120007 0x25 0x90 0x0 0x180005 0x0 0x0 0x0 0x0 0x0 0x0 0x200005 0x0 0x0 0x0 0x0 0x0 0x0 0x300005 0x0 0x0 0x1f2774be8e0 0x25 0x0 0x0 0x350002 0x25 0x0 0x0 0x0 0x0 0x0 0x0 0x9 0x3 0xffffffffffffffff 0xffffffffffffffff 0x0 oops 2 17 java/util/Collections$SynchronizedSet 42 sun/nio/fs/WindowsPath methods 0
ciMethodData com/naqqa/elasticsearch/codec/storedfields/StoredFieldsWriter close ()V 1 2 orig 80 0 0 0 0 0 0 0 0 0 0 0 0 242 1 0 0 0 0 0 0 0 0 0 0 0 0 0 0 0 0 0 0 0 0 0 0 0 0 0 0 0 0 0 0 0 0 0 0 0 0 0 0 0 0 0 0 0 0 0 0 0 0 0 0 0 0 0 0 0 0 0 0 0 0 0 0 0 0 0 0 data 23 0x10005 0x2 0x0 0x0 0x0 0x0 0x0 0x80005 0x0 0x0 0x1f276791400 0x2 0x0 0x0 0x0 0x0 0x0 0x0 0x0 0x0 0x9 0x1 0x0 oops 1 10 com/naqqa/elasticsearch/store/FSDirectory$FSIndexOutput methods 0
ciMethodData com/naqqa/elasticsearch/codec/storedfields/StoredFieldsWriter finish ()V 1 2 orig 80 0 0 0 0 0 0 0 0 0 0 0 0 242 1 0 0 0 0 0 0 0 0 0 0 0 0 0 0 0 0 0 0 0 0 0 0 0 0 0 0 0 0 0 0 0 0 0 0 0 0 0 0 0 0 0 0 0 0 0 0 0 0 0 0 0 0 0 0 0 0 0 0 0 0 0 0 0 0 0 0 data 130 0x40007 0x2 0x20 0x0 0xe0005 0x2 0x0 0x0 0x0 0x0 0x0 0x150005 0x0 0x0 0x1f276791400 0x2 0x0 0x0 0x210005 0x0 0x0 0x1f2713f88d8 0x2 0x0 0x0 0x260005 0x2 0x0 0x0 0x0 0x0 0x0 0x300005 0x0 0x0 0x1f2713f88d8 0xf9 0x0 0x0 0x350007 0x2 0x1f8 0xf7 0x410005 0x0 0x0 0x1f2713f88d8 0xf7 0x0 0x0 0x460004 0x0 0x0 0x1f2713f9338 0xf7 0x0 0x0 0x490005 0xf7 0x0 0x0 0x0 0x0 0x0 0x4c0005 0x0 0x0 0x1f276791400 0xf7 0x0 0x0 0x580005 0x0 0x0 0x1f2713f88d8 0xf7 0x0 0x0 0x5d0004 0x0 0x0 0x1f2713f92a8 0xf7 0x0 0x0 0x600005 0xf7 0x0 0x0 0x0 0x0 0x0 0x630005 0xf7 0x0 0x0 0x0 0x0 0x0 0x690003 0xf7 0xfffffffffffffde8 0x710005 0x0 0x0 0x1f276791400 0x2 0x0 0x0 0x7c0005 0x0 0x0 0x1f276791400 0x2 0x0 0x0 0x830002 0x2 0x0 0x0 0x0 0x0 0x0 0x0 0x0 0x0 0x0 0x9 0x1 0xffffffffffffffff oops 10 14 com/naqqa/elasticsearch/store/FSDirectory$FSIndexOutput 21 java/util/ArrayList 35 java/util/ArrayList 46 java/util/ArrayList 53 java/lang/Long 67 com/naqqa/elasticsearch/store/FSDirectory$FSIndexOutput 74 java/util/ArrayList 81 java/lang/Integer 105 com/naqqa/elasticsearch/store/FSDirectory$FSIndexOutput 112 com/naqqa/elasticsearch/store/FSDirectory$FSIndexOutput methods 0
ciMethodData com/naqqa/elasticsearch/store/FSDirectory$FSIndexOutput close ()V 1 38 orig 80 0 0 0 0 0 0 0 0 0 0 0 0 242 1 0 0 0 0 0 0 0 0 0 0 0 0 0 0 0 0 0 0 0 0 0 0 0 0 0 0 0 0 0 0 0 0 0 0 0 0 0 0 0 0 0 0 0 0 0 0 0 0 0 0 0 0 0 0 0 0 0 0 0 0 0 0 0 0 0 0 data 37 0x40007 0x0 0xe0 0x26 0xd0005 0x26 0x0 0x0 0x0 0x0 0x0 0x140005 0x0 0x0 0x1f2774e05a8 0x26 0x0 0x0 0x170003 0x26 0x50 0x1f0005 0x0 0x0 0x0 0x0 0x0 0x0 0x0 0x0 0x0 0x0 0x0 0x0 0x9 0x1 0x38 oops 1 14 sun/nio/ch/ChannelOutputStream methods 0
ciMethodData com/naqqa/elasticsearch/codec/Codec fieldInfosFileName (Ljava/lang/String;)Ljava/lang/String; 1 6 orig 80 0 0 0 0 0 0 0 0 0 0 0 0 242 1 0 0 0 0 0 0 0 0 0 0 0 0 0 0 0 0 0 0 0 0 0 0 0 0 0 0 0 0 0 0 0 0 0 0 0 0 0 0 0 0 0 0 0 0 0 0 0 0 0 0 0 0 0 0 0 0 0 0 0 0 0 0 0 0 0 0 data 11 0x30002 0x6 0x0 0x0 0x0 0x0 0x0 0x0 0x9 0x1 0x0 oops 0 methods 0
ciMethodData com/naqqa/elasticsearch/codec/Codec postingsFileName (Ljava/lang/String;Ljava/lang/String;)Ljava/lang/String; 1 20 orig 80 0 0 0 0 0 0 0 0 0 0 0 0 242 1 0 0 0 0 0 0 0 0 0 0 0 0 0 0 0 0 0 0 0 0 0 0 0 0 0 0 0 0 0 0 0 0 0 0 0 0 0 0 0 0 0 0 0 0 0 0 0 0 0 0 0 0 0 0 0 0 0 0 0 0 0 0 0 0 0 0 data 12 0x40002 0x14 0x0 0x0 0x0 0x0 0x0 0x0 0x9 0x2 0x0 0x0 oops 0 methods 0
ciMethodData com/naqqa/elasticsearch/codec/Codec fieldFileName (Ljava/lang/String;Ljava/lang/String;Ljava/lang/String;)Ljava/lang/String; 1 60 orig 80 0 0 0 0 0 0 0 0 0 0 0 0 242 1 0 0 0 0 0 0 0 0 0 0 0 0 0 0 0 0 0 0 0 0 0 0 0 0 0 0 0 0 0 0 0 0 0 0 0 0 0 0 0 0 0 0 0 0 0 0 0 0 0 0 0 0 0 0 0 0 0 0 0 0 0 0 0 0 0 0 data 15 0x3000a 0x1e 0x5 0x0 0x1f2713f4e78 0x1 0x1f2713f4e78 0x1f2713f4e78 0x0 0x0 0x9 0x3 0x0 0x0 0x0 oops 3 4 java/lang/String 6 java/lang/String 7 java/lang/String methods 0
ciMethod com/naqqa/elasticsearch/codec/fieldinfos/FieldInfosFormat write (Lcom/naqqa/elasticsearch/store/IndexOutput;[Lcom/naqqa/elasticsearch/codec/fieldinfos/FieldInfo;)V 4 24 2 0 0
ciMethod com/naqqa/elasticsearch/codec/terms/BlockTermDictWriter <init> (Lcom/naqqa/elasticsearch/store/IndexOutput;)V 20 0 10 0 0
ciMethod com/naqqa/elasticsearch/codec/terms/BlockTermDictWriter addTerm ([BLcom/naqqa/elasticsearch/codec/postings/TermStats;)V 8020 0 31660 0 5304
ciMethod com/naqqa/elasticsearch/codec/terms/BlockTermDictWriter compare ([B[B)I 8820 43104 29278 0 -1
ciMethod com/naqqa/elasticsearch/codec/terms/BlockTermDictWriter flushBlock ()V 2100 66880 1984 0 -1
ciMethod com/naqqa/elasticsearch/codec/terms/BlockTermDictWriter finish ()V 20 3968 10 0 -1
ciMethod com/naqqa/elasticsearch/codec/terms/BlockTermDictWriter close ()V 20 0 10 0 0
ciMethodData com/naqqa/elasticsearch/codec/Codec termsDictFileName (Ljava/lang/String;Ljava/lang/String;)Ljava/lang/String; 1 20 orig 80 0 0 0 0 0 0 0 0 0 0 0 0 242 1 0 0 0 0 0 0 0 0 0 0 0 0 0 0 0 0 0 0 0 0 0 0 0 0 0 0 0 0 0 0 0 0 0 0 0 0 0 0 0 0 0 0 0 0 0 0 0 0 0 0 0 0 0 0 0 0 0 0 0 0 0 0 0 0 0 0 data 12 0x40002 0x14 0x0 0x0 0x0 0x0 0x0 0x0 0x9 0x2 0x0 0x0 oops 0 methods 0
ciMethodData com/naqqa/elasticsearch/index/engine/segment/SegmentWriter sortTerms (Ljava/util/Map;)Ljava/util/List; 2 10 orig 80 0 0 0 0 0 0 0 0 0 0 0 0 242 1 0 0 0 0 0 0 0 0 0 0 0 0 0 0 0 0 0 0 0 0 0 0 0 0 0 0 0 0 0 0 0 0 0 0 0 0 0 0 0 0 0 0 0 0 0 0 0 0 0 0 0 0 0 0 0 0 0 0 0 0 0 0 0 0 0 0 data 115 0x50005 0x0 0x0 0x1f276790be8 0xa 0x0 0x0 0xa0002 0xa 0xf0005 0x0 0x0 0x1f276790be8 0xa 0x0 0x0 0x140005 0x0 0x0 0x1f271ea0f00 0xa 0x0 0x0 0x1b0005 0x0 0x0 0x1f271ea0fb0 0xf6f2 0x0 0x0 0x200007 0xa 0x208 0xf6e8 0x240005 0x0 0x0 0x1f271ea0fb0 0xf6e8 0x0 0x0 0x290004 0x0 0x0 0x1f2717921c0 0xf6e8 0x0 0x0 0x330005 0x0 0x0 0x1f2717921c0 0xf6e8 0x0 0x0 0x380004 0x0 0x0 0x1f2713f4e78 0xf6e8 0x0 0x0 0x3e0005 0xf6e8 0x0 0x0 0x0 0x0 0x0 0x420005 0x0 0x0 0x1f2717921c0 0xf6e8 0x0 0x0 0x470004 0x0 0x0 0x1f276790d48 0xf6e8 0x0 0x0 0x4a0002 0xf6e8 0x4d0005 0x0 0x0 0x1f2713f88d8 0xf6e8 0x0 0x0 0x530003 0xf6e8 0xfffffffffffffdd8 0x57000a 0xa 0x1 0x1f271ea1060 0x5c0005 0x0 0x0 0x1f2713f88d8 0xa 0x0 0x0 0x0 0x0 0x0 0x0 0x0 0x0 0x9 0x1 0xffffffffffffffff oops 13 3 java/util/HashMap 12 java/util/HashMap 19 java/util/HashMap$EntrySet 26 java/util/HashMap$EntryIterator 37 java/util/HashMap$EntryIterator 44 java/util/HashMap$Node 51 java/util/HashMap$Node 58 java/lang/String 72 java/util/HashMap$Node 79 java/util/LinkedHashMap 88 java/util/ArrayList 98  @bci com/naqqa/elasticsearch/index/engine/segment/SegmentWriter sortTerms (Ljava/util/Map;)Ljava/util/List; 87 <appendix> argL0 ; 102 java/util/ArrayList methods 0
ciMethodData com/naqqa/elasticsearch/index/engine/segment/SegmentWriter fieldLengthOf (Ljava/util/Map;Ljava/lang/String;I)I 2 157510 orig 80 0 0 0 0 0 0 0 0 0 0 0 0 242 1 0 0 0 0 0 0 0 0 0 0 0 0 0 0 0 0 0 0 0 0 0 0 0 0 0 0 0 0 0 0 0 0 0 0 0 0 0 0 0 0 0 0 0 0 0 0 0 0 0 0 0 0 0 0 0 0 0 0 0 0 0 0 0 0 0 0 data 43 0x20005 0x0 0x0 0x1f276790be8 0x26746 0x0 0x0 0x70004 0x0 0x0 0x1f27140aeb8 0x26746 0x0 0x0 0xc0007 0x0 0x20 0x26746 0x160005 0x0 0x0 0x0 0x0 0x0 0x0 0x190007 0x0 0x38 0x0 0x1d0003 0x0 0x18 0x0 0x0 0x0 0x0 0x0 0x0 0x9 0x3 0xffffffffffffffff 0xffffffffffffffff 0x0 oops 2 3 java/util/HashMap 10 [I methods 0
ciMethodData com/naqqa/elasticsearch/codec/Codec normsFileName (Ljava/lang/String;Ljava/lang/String;)Ljava/lang/String; 1 4 orig 80 0 0 0 0 0 0 0 0 0 0 0 0 242 1 0 0 0 0 0 0 0 0 0 0 0 0 0 0 0 0 0 0 0 0 0 0 0 0 0 0 0 0 0 0 0 0 0 0 0 0 0 0 0 0 0 0 0 0 0 0 0 0 0 0 0 0 0 0 0 0 0 0 0 0 0 0 0 0 0 0 data 12 0x40002 0x4 0x0 0x0 0x0 0x0 0x0 0x0 0x9 0x2 0x0 0x0 oops 0 methods 0
ciMethodData com/naqqa/elasticsearch/codec/Codec docValuesFileName (Ljava/lang/String;Ljava/lang/String;)Ljava/lang/String; 1 16 orig 80 0 0 0 0 0 0 0 0 0 0 0 0 242 1 0 0 0 0 0 0 0 0 0 0 0 0 0 0 0 0 0 0 0 0 0 0 0 0 0 0 0 0 0 0 0 0 0 0 0 0 0 0 0 0 0 0 0 0 0 0 0 0 0 0 0 0 0 0 0 0 0 0 0 0 0 0 0 0 0 0 data 12 0x40002 0x10 0x0 0x0 0x0 0x0 0x0 0x0 0x9 0x2 0x0 0x0 oops 0 methods 0
ciMethodData com/naqqa/elasticsearch/codec/Codec vectorsFileName (Ljava/lang/String;Ljava/lang/String;)Ljava/lang/String; 1 0 orig 80 0 0 0 0 0 0 0 0 0 0 0 0 242 1 0 0 0 0 0 0 0 0 0 0 0 0 0 0 0 0 0 0 0 0 0 0 0 0 0 0 0 0 0 0 0 0 0 0 0 0 0 0 0 0 0 0 0 0 0 0 0 0 0 0 0 0 0 0 0 0 0 0 0 0 0 0 0 0 0 0 data 12 0x40002 0x0 0x0 0x0 0x0 0x0 0x0 0x0 0x9 0x2 0x0 0x0 oops 0 methods 0
ciMethodData com/naqqa/elasticsearch/index/engine/segment/SegmentWriter termVectorsFileName (Ljava/lang/String;Ljava/lang/String;)Ljava/lang/String; 1 0 orig 80 0 0 0 0 0 0 0 0 0 0 0 0 242 1 0 0 0 0 0 0 0 0 0 0 0 0 0 0 0 0 0 0 0 0 0 0 0 0 0 0 0 0 0 0 0 0 0 0 0 0 0 0 0 0 0 0 0 0 0 0 0 0 0 0 0 0 0 0 0 0 0 0 0 0 0 0 0 0 0 0 data 12 0x50002 0x0 0x0 0x0 0x0 0x0 0x0 0x0 0x9 0x2 0x0 0x0 oops 0 methods 0
ciMethodData com/naqqa/elasticsearch/codec/Codec liveDocsFileName (Ljava/lang/String;J)Ljava/lang/String; 1 4 orig 80 0 0 0 0 0 0 0 0 0 0 0 0 242 1 0 0 0 0 0 0 0 0 0 0 0 0 0 0 0 0 0 0 0 0 0 0 0 0 0 0 0 0 0 0 0 0 0 0 0 0 0 0 0 0 0 0 0 0 0 0 0 0 0 0 0 0 0 0 0 0 0 0 0 0 0 0 0 0 0 0 data 21 0x40002 0x4 0x7000a 0x2 0x5 0x0 0x1f2713f4e78 0x1 0x1f2713f4e78 0x1f2713f4e78 0x0 0x0 0x0 0x0 0x0 0x0 0x9 0x3 0x0 0x0 0x0 oops 3 6 java/lang/String 8 java/lang/String 9 java/lang/String methods 0
ciMethodData com/naqqa/elasticsearch/codec/Codec segmentInfoFileName (Ljava/lang/String;)Ljava/lang/String; 1 4 orig 80 0 0 0 0 0 0 0 0 0 0 0 0 242 1 0 0 0 0 0 0 0 0 0 0 0 0 0 0 0 0 0 0 0 0 0 0 0 0 0 0 0 0 0 0 0 0 0 0 0 0 0 0 0 0 0 0 0 0 0 0 0 0 0 0 0 0 0 0 0 0 0 0 0 0 0 0 0 0 0 0 data 11 0x30002 0x4 0x0 0x0 0x0 0x0 0x0 0x0 0x9 0x1 0x0 oops 0 methods 0
ciMethod com/naqqa/elasticsearch/codec/segment/SegmentInfo <init> (Ljava/lang/String;[BILjava/lang/String;Ljava/util/Set;Ljava/util/Map;Ljava/util/Map;Ljava/lang/String;)V 8 0 4 0 0
ciMethod com/naqqa/elasticsearch/codec/segment/SegmentInfo name ()Ljava/lang/String; 4 0 2 0 -1
ciMethod com/naqqa/elasticsearch/codec/segment/SegmentInfo id ()[B 4 0 2 0 -1
ciMethod com/naqqa/elasticsearch/codec/segment/SegmentInfo maxDoc ()I 4 0 2 0 -1
ciMethod com/naqqa/elasticsearch/codec/segment/SegmentInfo codecName ()Ljava/lang/String; 4 0 2 0 -1
ciMethod com/naqqa/elasticsearch/codec/segment/SegmentInfo files ()Ljava/util/Set; 4 0 2 0 -1
ciMethod com/naqqa/elasticsearch/codec/segment/SegmentInfo diagnostics ()Ljava/util/Map; 4 0 2 0 -1
ciMethod com/naqqa/elasticsearch/codec/segment/SegmentInfo attributes ()Ljava/util/Map; 4 0 2 0 -1
ciMethod com/naqqa/elasticsearch/codec/segment/SegmentInfo indexSort ()Ljava/lang/String; 4 0 2 0 -1
ciMethod com/naqqa/elasticsearch/codec/fieldinfos/FieldInfo <init> (Ljava/lang/String;IZIZZZLcom/naqqa/elasticsearch/codec/fieldinfos/DocValuesType;IILjava/util/Map;)V 48 0 24 0 0
ciMethod com/naqqa/elasticsearch/codec/fieldinfos/FieldInfo name ()Ljava/lang/String; 148 0 74 0 -1
ciMethod com/naqqa/elasticsearch/codec/fieldinfos/FieldInfo number ()I 24 0 12 0 -1
ciMethod com/naqqa/elasticsearch/codec/fieldinfos/FieldInfo indexed ()Z 48 0 24 0 -1
ciMethod com/naqqa/elasticsearch/codec/fieldinfos/FieldInfo indexOptions ()I 24 0 12 0 -1
ciMethod com/naqqa/elasticsearch/codec/fieldinfos/FieldInfo hasNorms ()Z 48 0 24 0 -1
ciMethod com/naqqa/elasticsearch/codec/fieldinfos/FieldInfo hasVectors ()Z 48 0 24 0 -1
ciMethod com/naqqa/elasticsearch/codec/fieldinfos/FieldInfo hasPayloads ()Z 24 0 12 0 -1
ciMethod com/naqqa/elasticsearch/codec/fieldinfos/FieldInfo docValuesType ()Lcom/naqqa/elasticsearch/codec/fieldinfos/DocValuesType; 48 0 24 0 -1
ciMethod com/naqqa/elasticsearch/codec/fieldinfos/FieldInfo pointDimensionCount ()I 48 0 24 0 -1
ciMethod com/naqqa/elasticsearch/codec/fieldinfos/FieldInfo pointNumBytes ()I 24 0 12 0 -1
ciMethod com/naqqa/elasticsearch/codec/fieldinfos/FieldInfo attributes ()Ljava/util/Map; 24 0 12 0 -1
ciMethod com/naqqa/elasticsearch/index/engine/segment/SegmentWriter$SortedTerm <init> ([BLjava/util/Map;)V 6030 0 32403 0 -1
ciMethod com/naqqa/elasticsearch/index/engine/segment/SegmentWriter$SortedTerm termBytes ()[B 2052 0 1026 0 0
ciMethod com/naqqa/elasticsearch/index/engine/segment/SegmentWriter$SortedTerm docs ()Ljava/util/Map; 3854 0 1927 0 0
ciMethod com/naqqa/elasticsearch/codec/postings/PostingsWriter <init> (Lcom/naqqa/elasticsearch/store/IndexOutput;I)V 20 0 10 0 0
ciMethod com/naqqa/elasticsearch/codec/postings/PostingsWriter startDoc (IIB)V 8112 0 78895 0 2608
ciMethod com/naqqa/elasticsearch/codec/postings/PostingsWriter addPosition (III[B)V 4780 0 94674 0 1952
ciMethod com/naqqa/elasticsearch/codec/postings/PostingsWriter finishDoc ()V 14310 0 110555 0 -1
ciMethod com/naqqa/elasticsearch/codec/postings/PostingsWriter ensureCapacity (I)V 8018 0 78895 0 -1
ciMethod com/naqqa/elasticsearch/codec/postings/PostingsWriter finishTerm ()Lcom/naqqa/elasticsearch/codec/postings/TermStats; 9132 9130 31661 0 0
ciMethod com/naqqa/elasticsearch/codec/postings/PostingsWriter buildLevel1 (Ljava/util/List;)Ljava/util/List; 0 0 204 0 -1
ciMethod com/naqqa/elasticsearch/codec/postings/PostingsWriter skipDataByteLength (II)I 0 0 204 0 -1
ciMethod com/naqqa/elasticsearch/codec/postings/PostingsWriter serializeSkipData (Ljava/util/List;Ljava/util/List;)[B 0 0 204 0 -1
ciMethod com/naqqa/elasticsearch/codec/postings/PostingsWriter reset ()V 1028 0 27527 0 -1
ciMethod com/naqqa/elasticsearch/codec/SmallFloat intToByte4 (J)B 8936 0 94674 0 176
ciMethod com/naqqa/elasticsearch/codec/postings/PostingsFlags hasFreqs (I)Z 2232 0 106620 0 -1
ciMethod com/naqqa/elasticsearch/codec/postings/PostingsFlags hasPositions (I)Z 7502 0 175374 0 -1
ciMethod com/naqqa/elasticsearch/codec/postings/PostingsFlags hasOffsets (I)Z 1024 0 92796 0 -1
ciMethod com/naqqa/elasticsearch/codec/postings/PostingsFlags hasPayloads (I)Z 1024 0 92796 0 -1
ciMethod com/naqqa/elasticsearch/codec/postings/TermStats <init> (IJJ)V 9284 0 222535 0 -1
ciMethod com/naqqa/elasticsearch/codec/postings/TermStats docFreq ()I 946 0 473 0 -1
ciMethod com/naqqa/elasticsearch/codec/postings/TermStats totalTermFreq ()J 958 0 479 0 -1
ciMethodData com/naqqa/elasticsearch/codec/postings/PostingsWriter addPosition (III[B)V 2 92284 orig 80 0 0 0 0 0 0 0 0 0 0 0 0 0 0 0 0 0 0 0 0 0 0 0 0 0 0 0 0 0 0 0 0 0 0 0 0 0 0 0 0 0 0 0 0 0 0 0 0 0 0 0 0 0 0 0 0 0 0 0 0 0 0 0 0 0 0 0 0 0 0 0 0 0 0 0 0 0 0 0 0 data 83 0x40002 0x1687d 0x70007 0x1687d 0x20 0x0 0x150005 0x1687d 0x0 0x0 0x0 0x0 0x0 0x210002 0x1687d 0x240007 0x0 0x90 0x1687d 0x310005 0x1687d 0x0 0x0 0x0 0x0 0x0 0x3b0005 0x1687d 0x0 0x0 0x0 0x0 0x0 0x470002 0x1687d 0x4a0007 0x1687d 0x100 0x0 0x4f0007 0x0 0x70 0x0 0x570005 0x0 0x0 0x0 0x0 0x0 0x0 0x5a0003 0x0 0x88 0x640005 0x0 0x0 0x0 0x0 0x0 0x0 0x710005 0x0 0x0 0x0 0x0 0x0 0x0 0x0 0x0 0x0 0x0 0x0 0x0 0x0 0x0 0x0 0x9 0x5 0x70 0x0 0x0 0x0 0xffffffffffffffff oops 0 methods 0
ciMethodData com/naqqa/elasticsearch/codec/postings/PostingsWriter finishDoc ()V 2 103400 orig 80 0 0 0 0 0 0 0 0 0 0 0 0 0 0 0 0 0 0 0 0 0 0 0 0 0 0 0 0 0 0 0 0 0 0 0 0 0 0 0 0 0 0 0 0 0 0 0 0 0 0 0 0 0 0 0 0 0 0 0 0 0 0 0 0 0 0 0 0 0 0 0 0 0 0 0 0 0 0 0 0 data 25 0x40007 0x12637 0x20 0x6db2 0xf0005 0x12637 0x0 0x0 0x0 0x0 0x0 0x0 0x0 0x0 0x0 0x0 0x0 0x0 0x0 0x0 0x0 0x0 0x9 0x1 0x39c oops 0 methods 0
ciMethodData com/naqqa/elasticsearch/codec/postings/PostingsWriter finishTerm ()Lcom/naqqa/elasticsearch/codec/postings/TermStats; 2 27095 orig 80 1 0 0 0 0 0 0 0 0 0 0 0 242 1 0 0 0 0 0 0 0 0 0 0 0 0 0 0 0 0 0 0 0 0 0 0 0 0 0 0 0 0 0 0 0 0 0 0 0 0 0 0 0 0 0 0 0 0 0 0 0 0 0 0 0 0 0 0 0 0 0 0 0 0 0 0 0 0 0 0 data 405 0x10005 0x69d7 0x0 0x0 0x0 0x0 0x0 0x80005 0x6765 0x0 0x1f276791400 0x272 0x0 0x0 0x140005 0x69d7 0x0 0x0 0x0 0x0 0x0 0x1f0005 0x69d7 0x0 0x0 0x0 0x0 0x0 0x3a0005 0x69d7 0x0 0x0 0x0 0x0 0x0 0x430005 0x69d7 0x0 0x0 0x0 0x0 0x0 0x4a0002 0x69d7 0x590002 0x69d7 0x720007 0x69d7 0x1a8 0x1d4 0x7f0005 0x1d4 0x0 0x0 0x0 0x0 0x0 0x940007 0x1d4 0x68 0xea00 0xc90002 0xea00 0xda0007 0xe82c 0x20 0x1d4 0xec0003 0xea00 0xffffffffffffffb0 0x10a0002 0x1d4 0x10d0005 0x0 0x0 0x1f2713f88d8 0x1d4 0x0 0x0 0x1170002 0x7a 0x11e0002 0x1d4 0x1210007 0x0 0x30 0x1d4 0x1280002 0x7a 0x1330007 0x1d4 0x38 0xea00 0x1440003 0xea00 0xffffffffffffffe0 0x14a0003 0x1d4 0xfffffffffffffe70 0x15a0007 0x69d7 0xd8 0x75c4 0x16f0005 0x75c4 0x0 0x0 0x0 0x0 0x0 0x17a0002 0x75c4 0x17d0007 0x0 0x58 0x75c4 0x1890005 0x75c4 0x0 0x0 0x0 0x0 0x0 0x18f0003 0x75c4 0xffffffffffffff40 0x1930007 0x6970 0x48 0x67 0x1980002 0x67 0x19b0003 0x67 0x28 0x19e0002 0x6970 0x1a40007 0x6970 0xb8 0x67 0x1a90005 0x0 0x0 0x1f2713f88d8 0x67 0x0 0x0 0x1b00005 0x0 0x0 0x1f2713f88d8 0x67 0x0 0x0 0x1b50002 0x67 0x1b80003 0x67 0x18 0x1c20005 0x6765 0x0 0x1f276791400 0x272 0x0 0x0 0x1cb0002 0x69d7 0x1ce0007 0x0 0x38 0x69d7 0x1d30003 0x69d7 0x18 0x1e00007 0x6970 0x48 0x67 0x1e50002 0x67 0x1eb0003 0x67 0x18 0x1f70005 0x69d7 0x0 0x0 0x0 0x0 0x0 0x2020002 0x69d7 0x2050007 0x0 0x58 0x69d7 0x20e0005 0x0 0x0 0x1f276791400 0x69d7 0x0 0x0 0x2120007 0x6970 0x300 0x67 0x2170005 0x0 0x0 0x1f2713f88d8 0x67 0x0 0x0 0x2200005 0x0 0x0 0x1f276790718 0x23b 0x0 0x0 0x2250007 0x67 0xa8 0x1d4 0x22a0005 0x0 0x0 0x1f276790718 0x1d4 0x0 0x0 0x22f0004 0x0 0x0 0x1f276fa0ef0 0x1d4 0x0 0x0 0x2400003 0x1d4 0xffffffffffffff38 0x2450005 0x0 0x0 0x1f2713f88d8 0x67 0x0 0x0 0x24e0005 0x0 0x0 0x1f276790718 0xe3 0x0 0x0 0x2530007 0x67 0xa8 0x7c 0x2580005 0x0 0x0 0x1f276790718 0x7c 0x0 0x0 0x25d0004 0x0 0x0 0x1f276fa0ef0 0x7c 0x0 0x0 0x26e0003 0x7c 0xffffffffffffff38 0x2750002 0x67 0x27f0007 0x67 0x30 0x0 0x2880002 0x0 0x2930005 0x67 0x0 0x0 0x0 0x0 0x0 0x2a00005 0x0 0x0 0x1f276791400 0x67 0x0 0x0 0x2a90005 0x69d7 0x0 0x0 0x0 0x0 0x0 0x2af0005 0x69d7 0x0 0x0 0x0 0x0 0x0 0x2b20005 0x0 0x0 0x1f276791400 0x69d7 0x0 0x0 0x2b90002 0x69d7 0x2bc0007 0x0 0x138 0x69d7 0x2c70005 0x69d7 0x0 0x0 0x0 0x0 0x0 0x2cb0005 0x69d7 0x0 0x0 0x0 0x0 0x0 0x2d60005 0x69d7 0x0 0x0 0x0 0x0 0x0 0x2de0005 0x69d7 0x0 0x0 0x0 0x0 0x0 0x2e10005 0x0 0x0 0x1f276791400 0x69d7 0x0 0x0 0x2f10005 0x69d8 0x0 0x0 0x0 0x0 0x0 0x2fd0002 0x69d8 0x0 0x0 0x0 0x0 0x0 0x0 0x0 0x0 0x0 0x0 0x0 0x0 0x0 0x0 0x0 0x0 0x0 0x0 0x0 0x0 0x0 0x0 0x0 0x0 0x0 0x0 0x0 0x0 0x0 0x0 0x9 0x1 0x0 oops 17 10 com/naqqa/elasticsearch/store/FSDirectory$FSIndexOutput 75 java/util/ArrayList 144 java/util/ArrayList 151 java/util/ArrayList 163 com/naqqa/elasticsearch/store/FSDirectory$FSIndexOutput 201 com/naqqa/elasticsearch/store/FSDirectory$FSIndexOutput 212 java/util/ArrayList 219 java/util/ArrayList$Itr 230 java/util/ArrayList$Itr 237 com/naqqa/elasticsearch/codec/postings/PostingsWriter$SkipEntry 247 java/util/ArrayList 254 java/util/ArrayList$Itr 265 java/util/ArrayList$Itr 272 com/naqqa/elasticsearch/codec/postings/PostingsWriter$SkipEntry 297 com/naqqa/elasticsearch/store/FSDirectory$FSIndexOutput 318 com/naqqa/elasticsearch/store/FSDirectory$FSIndexOutput 359 com/naqqa/elasticsearch/store/FSDirectory$FSIndexOutput methods 0
ciMethodData com/naqqa/elasticsearch/codec/SmallFloat intToByte4 (J)B 2 90206 orig 80 0 0 0 0 0 0 0 0 0 0 0 0 0 0 0 0 0 0 0 0 0 0 0 0 0 0 0 0 0 0 0 0 0 0 0 0 0 0 0 0 0 0 0 0 0 0 0 0 0 0 0 0 0 0 0 0 0 0 0 0 0 0 0 0 0 0 0 0 0 0 0 0 0 0 0 0 0 0 0 0 data 30 0x30007 0x1605f 0x50 0x0 0xb000a 0x0 0x1 0x1f2713f4e78 0x100002 0x0 0x190007 0x0 0x20 0x1605f 0x230002 0x0 0x2f0007 0x0 0x20 0x0 0x0 0x0 0x0 0x0 0x0 0x0 0x9 0x2 0x0 0x0 oops 1 7 java/lang/String methods 0
ciMethodData com/naqqa/elasticsearch/codec/postings/PostingsWriter startDoc (IIB)V 2 74839 orig 80 0 0 0 0 0 0 0 0 0 0 0 0 0 0 0 0 0 0 0 0 0 0 0 0 0 0 0 0 0 0 0 0 0 0 0 0 0 0 0 0 0 0 0 0 0 0 0 0 0 0 0 0 0 0 0 0 0 0 0 0 0 0 0 0 0 0 0 0 0 0 0 0 0 0 0 0 0 0 0 0 data 28 0x10005 0x12458 0x0 0x0 0x0 0x0 0x0 0xe0002 0x12458 0x110007 0x0 0x38 0x12458 0x150003 0x12458 0x18 0x0 0x0 0x0 0x0 0x0 0x0 0x9 0x4 0x3fc 0x0 0x0 0x0 oops 0 methods 0
ciMethodData com/naqqa/elasticsearch/codec/postings/PostingsWriter ensureCapacity (I)V 2 74886 orig 80 0 0 0 0 0 0 0 0 0 0 0 0 0 0 0 0 0 0 0 0 0 0 0 0 0 0 0 0 0 0 0 0 0 0 0 0 0 0 0 0 0 0 0 0 0 0 0 0 0 0 0 0 0 0 0 0 0 0 0 0 0 0 0 0 0 0 0 0 0 0 0 0 0 0 0 0 0 0 0 0 data 24 0x60007 0x12478 0x60 0xf 0x110002 0xf 0x2e0002 0xf 0x3d0002 0xf 0x4c0002 0xf 0x0 0x0 0x0 0x0 0x0 0x0 0x0 0x0 0x9 0x2 0x380 0x0 oops 0 methods 0
ciMethodData com/naqqa/elasticsearch/codec/terms/BlockTermDictWriter addTerm ([BLcom/naqqa/elasticsearch/codec/postings/TermStats;)V 2 27650 orig 80 0 0 0 0 0 0 0 0 0 0 0 0 0 0 0 0 0 0 0 0 0 0 0 0 0 0 0 0 0 0 0 0 0 0 0 0 0 0 0 0 0 0 0 0 0 0 0 0 0 0 0 0 0 0 0 0 0 0 0 0 0 0 0 0 0 0 0 0 0 0 0 0 0 0 0 0 0 0 0 0 data 84 0x40007 0x4 0x60 0x6bff 0xc0002 0x6bff 0xf0007 0x6bff 0x30 0x0 0x180002 0x0 0x210005 0x0 0x0 0x1f27140ae28 0x6c03 0x0 0x0 0x240004 0x0 0x0 0x1f27140ae28 0x6c03 0x0 0x0 0x270005 0x0 0x0 0x1f2713f88d8 0x6c03 0x0 0x0 0x320005 0x0 0x0 0x1f2713f88d8 0x6c03 0x0 0x0 0x480005 0x6c03 0x0 0x0 0x0 0x0 0x0 0x560005 0x6c03 0x0 0x0 0x0 0x0 0x0 0x660005 0x0 0x0 0x1f2713f88d8 0x6c03 0x0 0x0 0x6d0007 0x68a3 0x58 0x360 0x710005 0x360 0x0 0x0 0x0 0x0 0x0 0x0 0x0 0x0 0x0 0x0 0x0 0x0 0x9 0x3 0xffffffffffffffff 0xffffffffffffffff 0xffffffffffffffff oops 5 15 [B 22 [B 29 java/util/ArrayList 36 java/util/ArrayList 57 java/util/ArrayList methods 0
ciMethodData com/naqqa/elasticsearch/codec/terms/BlockTermDictWriter flushBlock ()V 2 934 orig 80 0 0 0 0 0 0 0 0 0 0 0 0 242 1 0 0 0 0 0 0 0 0 0 0 0 0 0 0 0 0 0 0 0 0 0 0 0 0 0 0 0 0 0 0 0 0 0 0 0 0 0 0 0 0 0 0 0 0 0 0 0 0 0 0 0 0 0 0 0 0 0 0 0 0 0 0 0 0 0 0 data 198 0x40005 0x0 0x0 0x1f2713f88d8 0x3a6 0x0 0x0 0x90007 0x3a6 0x20 0x0 0x110005 0x32d 0x0 0x1f276791400 0x79 0x0 0x0 0x1e0005 0x0 0x0 0x1f2713f88d8 0x3a6 0x0 0x0 0x230004 0x0 0x0 0x1f27140ae28 0x3a6 0x0 0x0 0x260005 0x0 0x0 0x1f2713f88d8 0x3a6 0x0 0x0 0x310002 0x3a6 0x340005 0x0 0x0 0x1f2713f88d8 0x3a6 0x0 0x0 0x420005 0x0 0x0 0x1f2713f88d8 0x3a6 0x0 0x0 0x470005 0x3a6 0x0 0x0 0x0 0x0 0x0 0x570005 0x0 0x0 0x1f2713f88d8 0x77ef 0x0 0x0 0x5c0007 0x3a7 0x320 0x7448 0x650005 0x0 0x0 0x1f2713f88d8 0x7448 0x0 0x0 0x6a0004 0x0 0x0 0x1f27140ae28 0x7448 0x0 0x0 0x720002 0x7448 0x850005 0x7448 0x0 0x0 0x0 0x0 0x0 0x8e0005 0x7448 0x0 0x0 0x0 0x0 0x0 0x9b0005 0x0 0x0 0x1f276791400 0x7448 0x0 0x0 0xa40005 0x0 0x0 0x1f2713f88d8 0x7448 0x0 0x0 0xa90004 0x0 0x0 0x1f27703e740 0x7448 0x0 0x0 0xb40005 0x7448 0x0 0x0 0x0 0x0 0x0 0xb70005 0x7448 0x0 0x0 0x0 0x0 0x0 0xc00005 0x7448 0x0 0x0 0x0 0x0 0x0 0xc30005 0x7448 0x0 0x0 0x0 0x0 0x0 0xcc0005 0x7448 0x0 0x0 0x0 0x0 0x0 0xcf0005 0x7448 0x0 0x0 0x0 0x0 0x0 0xd80003 0x7449 0xfffffffffffffcc0 0xdf0005 0x0 0x0 0x1f2713f88d8 0x3a7 0x0 0x0 0xe80005 0x0 0x0 0x1f2713f88d8 0x3a7 0x0 0x0 0x0 0x0 0x0 0x0 0x0 0x0 0x0 0x0 0x0 0x0 0x0 0x0 0x9 0x1 0x0 oops 15 3 java/util/ArrayList 14 com/naqqa/elasticsearch/store/FSDirectory$FSIndexOutput 21 java/util/ArrayList 28 [B 35 java/util/ArrayList 44 java/util/ArrayList 51 java/util/ArrayList 65 java/util/ArrayList 76 java/util/ArrayList 83 [B 106 com/naqqa/elasticsearch/store/FSDirectory$FSIndexOutput 113 java/util/ArrayList 120 com/naqqa/elasticsearch/codec/postings/TermStats 172 java/util/ArrayList 179 java/util/ArrayList methods 0
ciMethod com/naqqa/elasticsearch/codec/postings/PostingsWriter$SkipEntry <init> (IJIJB)V 1392 0 700 0 -1
ciMethod com/naqqa/elasticsearch/codec/ForUtil encodeBlock ([ILcom/naqqa/elasticsearch/store/DataOutput;)V 382 169216 1380 0 -1
ciMethod com/naqqa/elasticsearch/codec/docvalues/NumericBlockCodec writePacked (Lcom/naqqa/elasticsearch/store/DataOutput;[J)V 4 94674 14 0 -1
ciMethod com/naqqa/elasticsearch/codec/norms/NormsWriter write (Lcom/naqqa/elasticsearch/store/IndexOutput;I[I)V 4 63004 2 0 0
ciMethod com/naqqa/elasticsearch/codec/docvalues/SortedSetDocValuesWriter write (Lcom/naqqa/elasticsearch/store/IndexOutput;I[[[B)V 2 121562 8 0 0
ciMethod com/naqqa/elasticsearch/codec/docvalues/SortedSetDocValuesWriter dedupSorted ([[B)[[B 2 31558 7 0 -1
ciMethod com/naqqa/elasticsearch/codec/docvalues/SimpleTermDictionary write (Lcom/naqqa/elasticsearch/store/DataOutput;[[B)V 2 200 7 0 -1
ciMethod com/naqqa/elasticsearch/codec/docvalues/SimpleTermDictionary lookupOrd ([[B[B)I 6732 0 189180 0 -1
ciMethodData com/naqqa/elasticsearch/codec/docvalues/SortedSetDocValuesWriter write (Lcom/naqqa/elasticsearch/store/IndexOutput;I[[[B)V 2 7 orig 80 0 0 0 0 0 0 0 0 0 0 0 0 242 1 0 0 0 0 0 0 0 0 0 0 0 0 0 0 0 0 0 0 0 0 0 0 0 0 0 0 0 0 0 0 0 0 0 0 0 0 0 0 0 0 0 0 0 0 0 0 0 0 0 0 0 0 0 0 0 0 0 0 0 0 0 0 0 0 0 0 data 196 0x40002 0x7 0x1b0007 0x7 0x78 0x1ae95 0x270007 0x0 0x40 0x1ae95 0x2d0007 0x0 0x20 0x1ae95 0x3c0003 0x1ae95 0xffffffffffffffa0 0x570007 0x6 0xc8 0x182c2 0x630007 0x0 0x90 0x182c2 0x760007 0x182c2 0x70 0x30ee9 0x890004 0x0 0x0 0x1f27140ae28 0x30ee9 0x0 0x0 0x8d0003 0x30ee9 0xffffffffffffffa8 0x930003 0x182c2 0xffffffffffffff50 0x980002 0x6 0xa00002 0x6 0xc60007 0x6 0x200 0x1712a 0xd10007 0x0 0x1c8 0x1712a 0xd70007 0x1712a 0x38 0x0 0xda0003 0x0 0x188 0xec0007 0x3da3 0x48 0x13387 0xfc0002 0x13387 0x10a0003 0x13387 0x140 0x1120007 0x3da3 0x20 0x0 0x1220007 0x3da3 0x48 0x171d2 0x1300002 0x171d2 0x1370003 0x171d2 0xffffffffffffffd0 0x13f0002 0x3da3 0x14c0007 0x3da3 0x78 0x171d2 0x1510007 0x3da3 0x40 0x1342f 0x1600007 0x0 0x20 0x1342f 0x1730003 0x171d2 0xffffffffffffffa0 0x17d0007 0x3da3 0x38 0x171d2 0x1910003 0x171d2 0xffffffffffffffe0 0x1a20003 0x1712a 0xfffffffffffffe18 0x1a70005 0x6 0x0 0x0 0x0 0x0 0x0 0x1ad0005 0x6 0x0 0x0 0x0 0x0 0x0 0x1b30007 0x0 0x38 0x6 0x1b70003 0x6 0x18 0x1c00007 0x0 0x38 0x6 0x1c40003 0x6 0x18 0x1c90005 0x0 0x0 0x1f276791400 0x6 0x0 0x0 0x1ce0007 0x6 0x90 0x0 0x1e40007 0x0 0x70 0x0 0x1f60005 0x0 0x0 0x0 0x0 0x0 0x0 0x2000003 0x0 0xffffffffffffffa8 0x2060002 0x5 0x20f0007 0x0 0x38 0x6 0x2140003 0x6 0x28 0x21b0002 0x0 0x21e0002 0x5 0x2220002 0x6 0x0 0x0 0x0 0x0 0x0 0x0 0x0 0x0 0x0 0x0 0x0 0x0 0x0 0x9 0x3 0x0 0x0 0x0 oops 2 32 [B 141 com/naqqa/elasticsearch/store/FSDirectory$FSIndexOutput methods 0
ciMethodData com/naqqa/elasticsearch/store/CodecUtil writeHeader (Lcom/naqqa/elasticsearch/store/DataOutput;Ljava/lang/String;I)V 1 19 orig 80 0 0 0 0 0 0 0 0 0 0 0 0 242 1 0 0 0 0 0 0 0 0 0 0 0 0 0 0 0 0 0 0 0 0 0 0 0 0 0 0 0 0 0 0 0 0 0 0 0 0 0 0 0 0 0 0 0 0 0 0 0 0 0 0 0 0 0 0 0 0 0 0 0 0 0 0 0 0 0 0 data 62 0x40005 0x13 0x0 0x0 0x0 0x0 0x0 0xb0005 0x13 0x0 0x0 0x0 0x0 0x0 0xe0007 0x0 0x40 0x13 0x160007 0x13 0x60 0x0 0x1e000a 0x0 0x3 0x0 0x0 0x0 0x230002 0x0 0x2a0005 0x0 0x0 0x1f276791400 0x13 0x0 0x0 0x2f0005 0x0 0x0 0x1f276791400 0x13 0x0 0x0 0x340005 0x0 0x0 0x1f276791400 0x13 0x0 0x0 0x0 0x0 0x0 0x0 0x0 0x0 0x9 0x3 0x0 0x0 0x0 oops 3 33 com/naqqa/elasticsearch/store/FSDirectory$FSIndexOutput 40 com/naqqa/elasticsearch/store/FSDirectory$FSIndexOutput 47 com/naqqa/elasticsearch/store/FSDirectory$FSIndexOutput methods 0
ciMethod com/naqqa/elasticsearch/codec/livedocs/FixedBitSet <init> (I)V 4 0 2 0 -1
ciMethod com/naqqa/elasticsearch/codec/livedocs/FixedBitSet length ()I 4 0 2 0 -1
ciMethod com/naqqa/elasticsearch/codec/livedocs/FixedBitSet set (I)V 42942 0 31502 0 -1
ciMethod com/naqqa/elasticsearch/codec/livedocs/FixedBitSet words ()[J 4 0 2 0 -1
ciMethod com/naqqa/elasticsearch/codec/livedocs/FixedBitSet allSet (I)Lcom/naqqa/elasticsearch/codec/livedocs/FixedBitSet; 4 63004 2 0 0
ciMethod com/naqqa/elasticsearch/codec/livedocs/LiveDocsFormat write (Lcom/naqqa/elasticsearch/store/IndexOutput;Lcom/naqqa/elasticsearch/codec/livedocs/FixedBitSet;J)V 4 986 2 0 0
ciMethod com/naqqa/elasticsearch/codec/segment/SegmentInfoFormat write (Lcom/naqqa/elasticsearch/store/IndexOutput;Lcom/naqqa/elasticsearch/codec/segment/SegmentInfo;)V 4 0 2 0 0
compile com/naqqa/elasticsearch/index/engine/segment/SegmentWriter write (Lcom/naqqa/elasticsearch/store/Directory;Ljava/lang/String;Ljava/util/List;)Lcom/naqqa/elasticsearch/codec/segment/SegmentInfo; 248 4 inline 302 0 -1 0 com/naqqa/elasticsearch/index/engine/segment/SegmentWriter write (Lcom/naqqa/elasticsearch/store/Directory;Ljava/lang/String;Ljava/util/List;)Lcom/naqqa/elasticsearch/codec/segment/SegmentInfo; 1 250 0 java/util/ArrayList$Itr hasNext ()Z 1 260 0 java/util/ArrayList$Itr next ()Ljava/lang/Object; 2 1 0 java/util/ArrayList$Itr checkForComodification ()V 1 275 0 com/naqqa/elasticsearch/index/mapper/IndexableField kind ()Lcom/naqqa/elasticsearch/index/mapper/IndexableField$Kind; 1 278 0 java/lang/Enum ordinal ()I 1 695 0 com/naqqa/elasticsearch/index/mapper/IndexableField name ()Ljava/lang/String; 1 698 0 java/lang/String equals (Ljava/lang/Object;)Z 1 708 0 com/naqqa/elasticsearch/index/mapper/IndexableField name ()Ljava/lang/String; 1 713 0 com/naqqa/elasticsearch/index/mapper/IndexableField binaryValue ()[B 1 622 0 com/naqqa/elasticsearch/index/mapper/IndexableField name ()Ljava/lang/String; 1 627 0 java/lang/invoke/Invokers$Holder linkToTargetMethod (ILjava/lang/Object;)Ljava/lang/Object; 2 5 0 java/lang/invoke/DirectMethodHandle$Holder newInvokeSpecial (Ljava/lang/Object;I)Ljava/lang/Object; 3 1 0 java/lang/invoke/DirectMethodHandle allocateInstance (Ljava/lang/Object;)Ljava/lang/Object; 3 6 0 java/lang/invoke/DirectMethodHandle constructorMethod (Ljava/lang/Object;)Ljava/lang/Object; 3 16 0  @bci com/naqqa/elasticsearch/index/engine/segment/SegmentWriter write (Lcom/naqqa/elasticsearch/store/Directory;Ljava/lang/String;Ljava/util/List;)Lcom/naqqa/elasticsearch/codec/segment/SegmentInfo; 627 <appendix> member <vmtarget> ; <init> (I)V 4 1 0 java/lang/Object <init> ()V 1 648 0 com/naqqa/elasticsearch/index/mapper/IndexableField sortedSetValues ()Ljava/util/List; 1 655 0 java/util/ImmutableCollections$List12 toArray ([Ljava/lang/Object;)[Ljava/lang/Object; 2 1 0 java/util/ImmutableCollections$List12 size ()I 2 19 0 java/lang/Class getComponentType ()Ljava/lang/Class; 2 23 0 java/lang/reflect/Array newInstance (Ljava/lang/Class;I)Ljava/lang/Object; 1 655 0 java/util/ImmutableCollections$ListN toArray ([Ljava/lang/Object;)[Ljava/lang/Object; 1 326 0 com/naqqa/elasticsearch/index/mapper/IndexableField terms ()Ljava/util/List; 1 329 0 java/util/ImmutableCollections$AbstractImmutableList iterator ()Ljava/util/Iterator; 2 6 0 java/util/ImmutableCollections$List12 size ()I 2 9 0 java/util/ImmutableCollections$ListItr <init> (Ljava/util/List;I)V 3 1 0 java/lang/Object <init> ()V 1 338 0 java/util/ImmutableCollections$ListItr hasNext ()Z 1 348 0 java/util/ImmutableCollections$ListItr next ()Ljava/lang/Object; 2 10 0 java/util/ImmutableCollections$List12 get (I)Ljava/lang/Object; 2 10 0 java/util/ImmutableCollections$ListN get (I)Ljava/lang/Object; 1 362 0 com/naqqa/elasticsearch/index/mapper/IndexableField name ()Ljava/lang/String; 1 371 0 com/naqqa/elasticsearch/index/mapper/IndexableField norms ()Z 1 384 0 com/naqqa/elasticsearch/index/mapper/IndexableField name ()Ljava/lang/String; 1 387 0 java/util/HashSet add (Ljava/lang/Object;)Z 1 399 0 com/naqqa/elasticsearch/index/mapper/IndexableField name ()Ljava/lang/String; 1 404 0 java/lang/invoke/Invokers$Holder linkToTargetMethod (ILjava/lang/Object;)Ljava/lang/Object; 2 5 0 java/lang/invoke/DirectMethodHandle$Holder newInvokeSpecial (Ljava/lang/Object;I)Ljava/lang/Object; 3 1 0 java/lang/invoke/DirectMethodHandle allocateInstance (Ljava/lang/Object;)Ljava/lang/Object; 3 6 0 java/lang/invoke/DirectMethodHandle constructorMethod (Ljava/lang/Object;)Ljava/lang/Object; 3 16 0  @bci com/naqqa/elasticsearch/index/engine/segment/SegmentWriter write (Lcom/naqqa/elasticsearch/store/Directory;Ljava/lang/String;Ljava/util/List;)Lcom/naqqa/elasticsearch/codec/segment/SegmentInfo; 404 <appendix> member <vmtarget> ; <init> (I)V 4 1 0 java/lang/Object <init> ()V 1 421 0 com/naqqa/elasticsearch/index/mapper/IndexableField terms ()Ljava/util/List; 1 424 0 java/util/ImmutableCollections$List12 size ()I 1 432 0 com/naqqa/elasticsearch/index/mapper/IndexableField storeTermVectors ()Z 1 730 0 java/util/LinkedHashMap entrySet ()Ljava/util/Set; 2 1 0 java/util/LinkedHashMap sequencedEntrySet ()Ljava/util/SequencedSet; 3 15 0 java/util/LinkedHashMap$LinkedEntrySet <init> (Ljava/util/LinkedHashMap;Z)V 4 6 0 java/util/AbstractSet <init> ()V 5 1 0 java/util/AbstractCollection <init> ()V 6 1 0 java/lang/Object <init> ()V 1 735 0 java/util/LinkedHashMap$LinkedEntrySet iterator ()Ljava/util/Iterator; 2 12 0 java/util/LinkedHashMap$LinkedEntryIterator <init> (Ljava/util/LinkedHashMap;Z)V 3 3 0 java/util/LinkedHashMap$LinkedHashIterator <init> (Ljava/util/LinkedHashMap;Z)V 4 6 0 java/lang/Object <init> ()V 1 744 0 java/util/LinkedHashMap$LinkedHashIterator hasNext ()Z 1 805 0 com/naqqa/elasticsearch/index/engine/BufferedDoc id ()Ljava/lang/String; 1 810 0 com/naqqa/elasticsearch/index/engine/BufferedDoc seqNo ()J 1 815 0 com/naqqa/elasticsearch/index/engine/BufferedDoc primaryTerm ()J 1 820 0 com/naqqa/elasticsearch/index/engine/BufferedDoc version ()J 1 836 0 com/naqqa/elasticsearch/codec/storedfields/StoredFieldsWriter addDocument ([B)I 2 5 0 java/util/ArrayList add (Ljava/lang/Object;)Z 3 20 0 java/util/ArrayList add (Ljava/lang/Object;[Ljava/lang/Object;I)V 4 7 0 java/util/ArrayList grow ()[Ljava/lang/Object; 5 7 0 java/util/ArrayList grow (I)[Ljava/lang/Object; 6 27 0 jdk/internal/util/ArraysSupport newLength (III)I 6 37 0 java/util/Arrays copyOf ([Ljava/lang/Object;I)[Ljava/lang/Object; 2 38 0 java/util/ArrayList size ()I 1 128 0 java/util/ArrayList get (I)Ljava/lang/Object; 2 5 0 java/util/Objects checkIndex (II)I 2 11 0 java/util/ArrayList elementData (I)Ljava/lang/Object; 1 140 0 com/naqqa/elasticsearch/index/engine/segment/SegmentWriter$FlatDoc source ()Lcom/naqqa/elasticsearch/index/engine/BufferedDoc; 1 147 0 com/naqqa/elasticsearch/index/engine/segment/SegmentWriter$FlatDoc nested ()Z 1 165 0 com/naqqa/elasticsearch/index/engine/BufferedDoc id ()Ljava/lang/String; 1 172 0 com/naqqa/elasticsearch/index/engine/BufferedDoc id ()Ljava/lang/String; 1 175 0 java/lang/String length ()I 2 6 0 java/lang/String coder ()B 1 178 0 com/naqqa/elasticsearch/index/mapper/IndexedTerm <init> (Ljava/lang/String;III)V 2 1 0 java/lang/Record <init> ()V 3 1 0 java/lang/Object <init> ()V 1 187 0 com/naqqa/elasticsearch/index/engine/segment/SegmentWriter$FlatDoc nested ()Z 1 201 0 com/naqqa/elasticsearch/index/engine/BufferedDoc doc ()Lcom/naqqa/elasticsearch/index/mapper/ParsedDocument; 1 204 0 com/naqqa/elasticsearch/index/engine/segment/SegmentWriter extractSourceBytes (Lcom/naqqa/elasticsearch/index/mapper/ParsedDocument;)[B 2 1 0 com/naqqa/elasticsearch/index/mapper/ParsedDocument rootFields ()Ljava/util/List; 2 4 0 java/util/ArrayList iterator ()Ljava/util/Iterator; 3 5 0 java/util/ArrayList$Itr <init> (Ljava/util/ArrayList;)V 4 6 0 java/lang/Object <init> ()V 2 11 0 java/util/ArrayList$Itr hasNext ()Z 2 20 0 java/util/ArrayList$Itr next ()Ljava/lang/Object; 3 1 0 java/util/ArrayList$Itr checkForComodification ()V 2 30 0 com/naqqa/elasticsearch/index/mapper/IndexableField kind ()Lcom/naqqa/elasticsearch/index/mapper/IndexableField$Kind; 2 42 0 com/naqqa/elasticsearch/index/mapper/IndexableField name ()Ljava/lang/String; 2 45 0 java/lang/String equals (Ljava/lang/Object;)Z 2 52 0 com/naqqa/elasticsearch/index/mapper/IndexableField binaryValue ()[B 1 213 0 java/util/LinkedHashMap <init> ()V 2 1 0 java/util/HashMap <init> ()V 3 1 0 java/util/AbstractMap <init> ()V 4 1 0 java/lang/Object <init> ()V 1 222 0 java/util/LinkedHashMap <init> ()V 2 1 0 java/util/HashMap <init> ()V 3 1 0 java/util/AbstractMap <init> ()V 4 1 0 java/lang/Object <init> ()V 1 231 0 java/util/HashSet <init> ()V 2 1 0 java/util/AbstractSet <init> ()V 3 1 0 java/util/AbstractCollection <init> ()V 4 1 0 java/lang/Object <init> ()V 2 9 0 java/util/HashMap <init> ()V 3 1 0 java/util/AbstractMap <init> ()V 4 1 0 java/lang/Object <init> ()V 1 238 0 com/naqqa/elasticsearch/index/engine/segment/SegmentWriter$FlatDoc fields ()Ljava/util/List; 1 241 0 java/util/ArrayList iterator ()Ljava/util/Iterator; 2 5 0 java/util/ArrayList$Itr <init> (Ljava/util/ArrayList;)V 3 6 0 java/lang/Object <init> ()V 1 848 0 com/naqqa/elasticsearch/codec/storedfields/StoredFieldsWriter close ()V 1 855 0 java/util/TreeSet <init> ()V 2 5 0 java/util/TreeMap <init> ()V 3 1 0 java/util/AbstractMap <init> ()V 4 1 0 java/lang/Object <init> ()V 2 8 0 java/util/TreeSet <init> (Ljava/util/NavigableMap;)V 3 1 0 java/util/AbstractSet <init> ()V 4 1 0 java/util/AbstractCollection <init> ()V 5 1 0 java/lang/Object <init> ()V 1 864 0 java/util/LinkedHashMap keySet ()Ljava/util/Set; 2 1 0 java/util/LinkedHashMap sequencedKeySet ()Ljava/util/SequencedSet; 3 15 0 java/util/LinkedHashMap$LinkedKeySet <init> (Ljava/util/LinkedHashMap;Z)V 4 6 0 java/util/AbstractSet <init> ()V 5 1 0 java/util/AbstractCollection <init> ()V 6 1 0 java/lang/Object <init> ()V 1 869 0 java/util/TreeSet addAll (Ljava/util/Collection;)Z 1 879 0 java/util/LinkedHashMap keySet ()Ljava/util/Set; 2 1 0 java/util/LinkedHashMap sequencedKeySet ()Ljava/util/SequencedSet; 3 15 0 java/util/LinkedHashMap$LinkedKeySet <init> (Ljava/util/LinkedHashMap;Z)V 4 6 0 java/util/AbstractSet <init> ()V 5 1 0 java/util/AbstractCollection <init> ()V 6 1 0 java/lang/Object <init> ()V 1 884 0 java/util/TreeSet addAll (Ljava/util/Collection;)Z 1 894 0 java/util/LinkedHashMap keySet ()Ljava/util/Set; 2 1 0 java/util/LinkedHashMap sequencedKeySet ()Ljava/util/SequencedSet; 3 15 0 java/util/LinkedHashMap$LinkedKeySet <init> (Ljava/util/LinkedHashMap;Z)V 4 6 0 java/util/AbstractSet <init> ()V 5 1 0 java/util/AbstractCollection <init> ()V 6 1 0 java/lang/Object <init> ()V 1 899 0 java/util/TreeSet addAll (Ljava/util/Collection;)Z 1 909 0 java/util/LinkedHashMap keySet ()Ljava/util/Set; 2 1 0 java/util/LinkedHashMap sequencedKeySet ()Ljava/util/SequencedSet; 3 15 0 java/util/LinkedHashMap$LinkedKeySet <init> (Ljava/util/LinkedHashMap;Z)V 4 6 0 java/util/AbstractSet <init> ()V 5 1 0 java/util/AbstractCollection <init> ()V 6 1 0 java/lang/Object <init> ()V 1 914 0 java/util/TreeSet addAll (Ljava/util/Collection;)Z 1 924 0 java/util/LinkedHashMap keySet ()Ljava/util/Set; 2 1 0 java/util/LinkedHashMap sequencedKeySet ()Ljava/util/SequencedSet; 3 15 0 java/util/LinkedHashMap$LinkedKeySet <init> (Ljava/util/LinkedHashMap;Z)V 4 6 0 java/util/AbstractSet <init> ()V 5 1 0 java/util/AbstractCollection <init> ()V 6 1 0 java/lang/Object <init> ()V 1 929 0 java/util/TreeSet addAll (Ljava/util/Collection;)Z 1 939 0 java/util/LinkedHashMap keySet ()Ljava/util/Set; 2 1 0 java/util/LinkedHashMap sequencedKeySet ()Ljava/util/SequencedSet; 3 15 0 java/util/LinkedHashMap$LinkedKeySet <init> (Ljava/util/LinkedHashMap;Z)V 4 6 0 java/util/AbstractSet <init> ()V 5 1 0 java/util/AbstractCollection <init> ()V 6 1 0 java/lang/Object <init> ()V 1 944 0 java/util/TreeSet addAll (Ljava/util/Collection;)Z 1 954 0 java/util/LinkedHashMap keySet ()Ljava/util/Set; 2 1 0 java/util/LinkedHashMap sequencedKeySet ()Ljava/util/SequencedSet; 3 15 0 java/util/LinkedHashMap$LinkedKeySet <init> (Ljava/util/LinkedHashMap;Z)V 4 6 0 java/util/AbstractSet <init> ()V 5 1 0 java/util/AbstractCollection <init> ()V 6 1 0 java/lang/Object <init> ()V 1 959 0 java/util/TreeSet addAll (Ljava/util/Collection;)Z 1 969 0 java/util/HashSet <init> ()V 2 1 0 java/util/AbstractSet <init> ()V 3 1 0 java/util/AbstractCollection <init> ()V 4 1 0 java/lang/Object <init> ()V 2 9 0 java/util/HashMap <init> ()V 3 1 0 java/util/AbstractMap <init> ()V 4 1 0 java/lang/Object <init> ()V 1 977 0 com/naqqa/elasticsearch/codec/Codec storedFieldsFileName (Ljava/lang/String;)Ljava/lang/String; 1 980 0 java/util/HashSet add (Ljava/lang/Object;)Z 1 990 0 java/util/ArrayList <init> ()V 2 1 0 java/util/AbstractList <init> ()V 3 1 0 java/util/AbstractCollection <init> ()V 4 1 0 java/lang/Object <init> ()V 1 1002 0 java/util/HashMap <init> ()V 2 1 0 java/util/AbstractMap <init> ()V 3 1 0 java/lang/Object <init> ()V 1 1009 0 java/util/TreeSet iterator ()Ljava/util/Iterator; 1 1018 0 java/util/TreeMap$PrivateEntryIterator hasNext ()Z 1 1028 0 java/util/TreeMap$KeyIterator next ()Ljava/lang/Object; 1 1042 0 java/util/LinkedHashMap get (Ljava/lang/Object;)Ljava/lang/Object; 2 2 0 java/util/HashMap getNode (Ljava/lang/Object;)Ljava/util/HashMap$Node; 3 23 0 java/util/HashMap hash (Ljava/lang/Object;)I 4 9 0 java/lang/String hashCode ()I 5 17 0 java/lang/String isLatin1 ()Z 1 1093 0 java/util/HashMap containsKey (Ljava/lang/Object;)Z 1 1113 0 java/util/HashMap containsKey (Ljava/lang/Object;)Z 1 1133 0 java/util/HashMap containsKey (Ljava/lang/Object;)Z 1 1156 0 java/lang/Integer valueOf (I)Ljava/lang/Integer; 1 1169 0 java/util/LinkedHashMap get (Ljava/lang/Object;)Ljava/lang/Object; 2 2 0 java/util/HashMap getNode (Ljava/lang/Object;)Ljava/util/HashMap$Node; 3 23 0 java/util/HashMap hash (Ljava/lang/Object;)I 4 9 0 java/lang/String hashCode ()I 5 17 0 java/lang/String isLatin1 ()Z 1 1231 0 java/util/LinkedHashMap <init> ()V 2 1 0 java/util/HashMap <init> ()V 3 1 0 java/util/AbstractMap <init> ()V 4 1 0 java/lang/Object <init> ()V 1 1240 0 java/util/LinkedHashMap get (Ljava/lang/Object;)Ljava/lang/Object; 2 2 0 java/util/HashMap getNode (Ljava/lang/Object;)Ljava/util/HashMap$Node; 3 23 0 java/util/HashMap hash (Ljava/lang/Object;)I 4 9 0 java/lang/String hashCode ()I 5 17 0 java/lang/String isLatin1 ()Z 1 1316 0 java/util/LinkedHashMap get (Ljava/lang/Object;)Ljava/lang/Object; 2 2 0 java/util/HashMap getNode (Ljava/lang/Object;)Ljava/util/HashMap$Node; 3 23 0 java/util/HashMap hash (Ljava/lang/Object;)I 4 9 0 java/lang/String hashCode ()I 5 17 0 java/lang/String isLatin1 ()Z 1 1388 0 com/naqqa/elasticsearch/codec/fieldinfos/FieldInfo <init> (Ljava/lang/String;IZIZZZLcom/naqqa/elasticsearch/codec/fieldinfos/DocValuesType;IILjava/util/Map;)V 2 1 0 java/lang/Object <init> ()V 1 1391 0 java/util/ArrayList add (Ljava/lang/Object;)Z 2 20 0 java/util/ArrayList add (Ljava/lang/Object;[Ljava/lang/Object;I)V 3 7 0 java/util/ArrayList grow ()[Ljava/lang/Object; 4 7 0 java/util/ArrayList grow (I)[Ljava/lang/Object; 5 27 0 jdk/internal/util/ArraysSupport newLength (III)I 5 37 0 java/util/Arrays copyOf ([Ljava/lang/Object;I)[Ljava/lang/Object; 1 1402 0 com/naqqa/elasticsearch/codec/Codec fieldInfosFileName (Ljava/lang/String;)Ljava/lang/String; 1 1408 0 com/naqqa/elasticsearch/store/FSDirectory createOutput (Ljava/lang/String;Lcom/naqqa/elasticsearch/store/IOContext;)Lcom/naqqa/elasticsearch/store/IndexOutput; 2 53 0 com/naqqa/elasticsearch/store/FSDirectory$FSIndexOutput <init> (Ljava/lang/String;Ljava/nio/file/Path;)V 3 5 0 java/lang/invoke/Invokers$Holder linkToTargetMethod (Ljava/lang/Object;Ljava/lang/Object;)Ljava/lang/Object; 4 5 0  @bci com/naqqa/elasticsearch/store/FSDirectory$FSIndexOutput <init> (Ljava/lang/String;Ljava/nio/file/Path;)V 5 <appendix> form vmentry <vmtarget> ; invoke (Ljava/lang/Object;Ljava/lang/Object;)Ljava/lang/Object; 5 15 0 java/lang/invoke/DirectMethodHandle$Holder invokeStatic (Ljava/lang/Object;Ljava/lang/Object;)Ljava/lang/Object; 6 1 0 java/lang/invoke/DirectMethodHandle internalMemberName (Ljava/lang/Object;)Ljava/lang/Object; 5 31 0  @bci com/naqqa/elasticsearch/store/FSDirectory$FSIndexOutput <init> (Ljava/lang/String;Ljava/nio/file/Path;)V 5 <appendix> argL3 form vmentry <vmtarget> ; invoke (Ljava/lang/Object;Ljava/lang/Object;)J 6 23 0 java/lang/invoke/DirectMethodHandle$Holder invokeStatic (Ljava/lang/Object;JLjava/lang/Object;)J 7 1 0 java/lang/invoke/DirectMethodHandle internalMemberName (Ljava/lang/Object;)Ljava/lang/Object; 5 49 0  @bci com/naqqa/elasticsearch/codec/Codec liveDocsFileName (Ljava/lang/String;J)Ljava/lang/String; 7 <appendix> argL2 form vmentry <vmtarget> ; invoke (Ljava/lang/Object;J)Ljava/lang/Object; 6 23 0 java/lang/invoke/DirectMethodHandle$Holder invokeStatic (Ljava/lang/Object;Ljava/lang/Object;J)Ljava/lang/Object; 7 1 0 java/lang/invoke/DirectMethodHandle internalMemberName (Ljava/lang/Object;)Ljava/lang/Object; 7 13 0 java/lang/StringConcatHelper newArrayWithSuffix (Ljava/lang/String;J)[B 8 7 0 java/lang/StringConcatHelper newArray (J)[B 9 33 0 jdk/internal/misc/Unsafe allocateUninitializedArray (Ljava/lang/Class;I)Ljava/lang/Object; 5 70 0  @bci com/naqqa/elasticsearch/codec/Codec liveDocsFileName (Ljava/lang/String;J)Ljava/lang/String; 7 <appendix> argL1 argL0 form vmentry <vmtarget> ; invoke (Ljava/lang/Object;JLjava/lang/Object;Ljava/lang/Object;)J 6 28 0 java/lang/invoke/DirectMethodHandle$Holder invokeStatic (Ljava/lang/Object;JLjava/lang/Object;Ljava/lang/Object;Ljava/lang/Object;)J 7 1 0 java/lang/invoke/DirectMethodHandle internalMemberName (Ljava/lang/Object;)Ljava/lang/Object; 5 90 0 java/lang/invoke/DirectMethodHandle$Holder invokeStatic (Ljava/lang/Object;Ljava/lang/Object;J)Ljava/lang/Object; 6 1 0 java/lang/invoke/DirectMethodHandle internalMemberName (Ljava/lang/Object;)Ljava/lang/Object; 6 13 0 java/lang/StringConcatHelper newString ([BJ)Ljava/lang/String; 7 12 0 java/lang/String <init> ([BB)V 8 1 0 java/lang/Object <init> ()V 3 11 0 com/naqqa/elasticsearch/store/IndexOutput <init> (Ljava/lang/String;Ljava/lang/String;)V 4 1 0 com/naqqa/elasticsearch/store/DataOutput <init> ()V 5 1 0 java/lang/Object <init> ()V 3 19 0 java/util/zip/CRC32C <init> ()V 4 1 0 java/lang/Object <init> ()V 1 1486 0 java/util/LinkedHashMap keySet ()Ljava/util/Set; 1 1546 0 java/lang/Integer intValue ()I 1 1648 0 com/naqqa/elasticsearch/index/engine/segment/SegmentWriter$SortedTerm docs ()Ljava/util/Map; 1 1651 0 java/util/LinkedHashMap entrySet ()Ljava/util/Set; 1 1675 0 java/util/LinkedHashMap$LinkedEntryIterator next ()Ljava/lang/Object; 2 1 0 java/util/LinkedHashMap$LinkedEntryIterator next ()Ljava/util/Map$Entry; 1 1687 0 java/util/HashMap$Node getKey ()Ljava/lang/Object; 1 1695 0 java/lang/Integer intValue ()I 1 1702 0 java/util/HashMap$Node getValue ()Ljava/lang/Object; 1 1741 0 java/util/ArrayList size ()I 1 1786 0 com/naqqa/elasticsearch/index/mapper/IndexedTerm position ()I 1 1791 0 com/naqqa/elasticsearch/index/mapper/IndexedTerm startOffset ()I 1 1796 0 com/naqqa/elasticsearch/index/mapper/IndexedTerm endOffset ()I 1 1820 0 com/naqqa/elasticsearch/index/engine/segment/SegmentWriter$SortedTerm termBytes ()[B 1 2030 0 java/util/LinkedHashMap entrySet ()Ljava/util/Set; 1 2054 0 java/util/LinkedHashMap$LinkedEntryIterator next ()Ljava/lang/Object; 2 1 0 java/util/LinkedHashMap$LinkedEntryIterator next ()Ljava/util/Map$Entry; 1 2067 0 java/util/HashMap$Node getKey ()Ljava/lang/Object; 1 2097 0 java/util/HashMap$Node getValue ()Ljava/lang/Object; 1 2109 0 java/util/HashMap$Node getKey ()Ljava/lang/Object; 1 2180 0 java/util/LinkedHashMap entrySet ()Ljava/util/Set; 1 2204 0 java/util/LinkedHashMap$LinkedEntryIterator next ()Ljava/lang/Object; 2 1 0 java/util/LinkedHashMap$LinkedEntryIterator next ()Ljava/util/Map$Entry; 1 2217 0 java/util/HashMap$Node getKey ()Ljava/lang/Object; 1 2247 0 java/util/HashMap$Node getValue ()Ljava/lang/Object; 1 2313 0 java/util/LinkedHashMap entrySet ()Ljava/util/Set; 1 2337 0 java/util/LinkedHashMap$LinkedEntryIterator next ()Ljava/lang/Object; 2 1 0 java/util/LinkedHashMap$LinkedEntryIterator next ()Ljava/util/Map$Entry; 1 2350 0 java/util/HashMap$Node getKey ()Ljava/lang/Object; 1 2380 0 java/util/HashMap$Node getValue ()Ljava/lang/Object; 1 2446 0 java/util/LinkedHashMap entrySet ()Ljava/util/Set; 1 2470 0 java/util/LinkedHashMap$LinkedEntryIterator next ()Ljava/lang/Object; 2 1 0 java/util/LinkedHashMap$LinkedEntryIterator next ()Ljava/util/Map$Entry; 1 2482 0 java/util/HashMap$Node getValue ()Ljava/lang/Object; 1 2599 0 java/util/LinkedHashMap entrySet ()Ljava/util/Set; 1 2623 0 java/util/LinkedHashMap$LinkedEntryIterator next ()Ljava/lang/Object; 2 1 0 java/util/LinkedHashMap$LinkedEntryIterator next ()Ljava/util/Map$Entry; 1 2635 0 java/util/HashMap$Node getValue ()Ljava/lang/Object; 1 2648 0 java/util/HashMap$Node getKey ()Ljava/lang/Object; 1 2705 0 java/util/LinkedHashMap entrySet ()Ljava/util/Set; 1 2729 0 java/util/LinkedHashMap$LinkedEntryIterator next ()Ljava/lang/Object; 2 1 0 java/util/LinkedHashMap$LinkedEntryIterator next ()Ljava/util/Map$Entry; 1 2742 0 java/util/HashMap$Node getKey ()Ljava/lang/Object; 1 2770 0 java/util/HashMap$Node getValue ()Ljava/lang/Object; 1 2961 0 java/util/Map of ()Ljava/util/Map; 1 2964 0 java/util/Map of ()Ljava/util/Map;
